"ModuleName","ProcedureName","Kind","Visibility","Signature","ReturnType","Parameters","ParameterCount","StartLine","EndLine","CodeLines","CommentLines","CallSiteCount","CallingModules","UsesCurrentDb","UsesExplicitDaoDatabase","UsesPrivateModuleVariables","HasErrorHandling","HasLogging","SideEffects"
"modAddressCockpitService","GetAddressCockpitRecordSource","Function","Public","Public Function GetAddressCockpitRecordSource() As String","String","","0","18","20","2","0","1","modAddressCockpitService","False","False","","False","False",""
"modAddressCockpitService","CreateTemporarySalesOrderWorkspaceArgs","Function","Public","Public Function CreateTemporarySalesOrderWorkspaceArgs(ByVal addressId As Long) As String","String","ByVal addressId As Long","1","22","48","19","0","4","modAddressCockpitService","False","False","","True","True",""
"modAddressRepository","CreateAddress","Function","Public","Public Function CreateAddress(     ByVal addressTypeCode As String,     Optional ByVal CompanyName As String = """",     Optional ByVal FirstName As String = """",     Optional ByVal LastName As String = """",     Optional ByVal street As String = """",     Optional ByVal HouseNo As String = """",     Optional ByVal zipCode As String = """",     Optional ByVal city As String = """",     Optional ByVal countryCode As String = """",     Optional ByVal languageCode As String = """",     Optional ByVal salutationCode As String = """",     Optional ByVal addressingModeCode As String = """",     Optional ByVal preferredName As String = """" ) As Long","Long","ByVal addressTypeCode As String; Optional ByVal CompanyName As String = """"; Optional ByVal FirstName As String = """"; Optional ByVal LastName As String = """"; Optional ByVal street As String = """"; Optional ByVal HouseNo As String = """"; Optional ByVal zipCode As String = """"; Optional ByVal city As String = """"; Optional ByVal countryCode As String = """"; Optional ByVal languageCode As String = """"; Optional ByVal salutationCode As String = """"; Optional ByVal addressingModeCode As String = """"; Optional ByVal preferredName As String = """"","13","33","98","42","0","5","modAddressRepository","False","True","","True","True","DB_MUTATION"
"modAddressRepository","AddressExists","Function","Public","Public Function AddressExists(ByVal addressId As Long) As Boolean","Boolean","ByVal addressId As Long","1","100","130","23","0","6","modAddressCockpitService; modAddressRepository; modDocumentRepository; modOrderRepository","False","True","","True","False",""
"modAddressRepository","GetAddressDisplayName","Function","Public","Public Function GetAddressDisplayName(ByVal addressId As Long, Optional ByVal defaultValue As String = """") As String","String","ByVal addressId As Long; Optional ByVal defaultValue As String = """"","2","132","183","40","0","12","modAddressRepository; modDemoDataSeeder; modDocumentRepository; modOrderRepository","False","True","","True","False",""
"modAddressRepository","CanReadAddresses","Function","Private","Private Function CanReadAddresses() As Boolean","Boolean","","0","185","199","10","0","7","modAddressRepository","False","False","","False","True",""
"modAddressRepository","CanWriteAddresses","Function","Private","Private Function CanWriteAddresses() As Boolean","Boolean","","0","201","203","2","0","2","modAddressRepository","False","False","","False","False",""
"modAddressRepository","TableExists","Function","Private","Private Function TableExists(ByVal tableName As String) As Boolean","Boolean","ByVal tableName As String","1","205","228","19","0","114","modAddressRepository; modAppNavigationService; modArticleGroupService; modBasicModuleSchema; modContactRepository; modDemoDataSeeder; modDocumentCalculationService; modDocumentRepository; modFwComposerService; modFwSetup; modFwTranslationAuditService; modFwTranslationEditService; modFwTranslationRuntime; modFwTranslationTagGeneratorService; modMigrationPaymentTerms; modMigrationTranslations; modNumberRangeRepository; modOrderRepository; modOutputPathService; modTenantRepository; modUserRepository","False","True","","True","False",""
"modAddressRepository","SetRecordsetValue","Sub","Private","Private Sub SetRecordsetValue(ByVal rs As DAO.Recordset, ByVal fieldName As String, ByVal fieldValue As Variant)","","ByVal rs As DAO.Recordset; ByVal fieldName As String; ByVal fieldValue As Variant","3","230","234","4","0","151","modAddressRepository; modContactRepository; modDocumentCalculationService; modDocumentRepository; modOrderCalculationService; modOrderRepository","False","False","","False","False",""
"modAddressRepository","ResolveFieldValue","Function","Private","Private Function ResolveFieldValue(ByVal rs As DAO.Recordset, ByVal fieldName As String, ByVal defaultValue As String) As String","String","ByVal rs As DAO.Recordset; ByVal fieldName As String; ByVal defaultValue As String","3","236","242","6","0","10","modAddressRepository; modContactRepository","False","False","","False","False",""
"modAddressRepository","ResolveCreatedBy","Function","Private","Private Function ResolveCreatedBy() As String","String","","0","244","250","6","0","9","modAddressRepository; modContactRepository; modDocumentRepository","False","False","","False","False",""
"modAddressRepository","GetAddressCountryCode","Function","Public","Public Function GetAddressCountryCode(ByVal addressId As Long, Optional ByVal defaultValue As String = """") As String","String","ByVal addressId As Long; Optional ByVal defaultValue As String = """"","2","252","289","26","0","6","modAddressRepository; modOrderRepository","False","True","","True","False",""
"modAppDashboardService","RefreshDashboard","Function","Public","Public Function RefreshDashboard(ByVal dashboardForm As Access.Form) As Boolean","Boolean","ByVal dashboardForm As Access.Form","1","23","46","17","0","5","modAppDashboardService","False","False","","True","True",""
"modAppDashboardService","ApplyDashboardTranslations","Sub","Private","Private Sub ApplyDashboardTranslations(ByVal dashboardForm As Access.Form)","","ByVal dashboardForm As Access.Form","1","48","58","8","0","1","modAppDashboardService","False","False","","True","False",""
"modAppDashboardService","ResolveTenantStatusText","Function","Private","Private Function ResolveTenantStatusText() As String","String","","0","60","68","6","0","3","modAppDashboardService","False","False","","False","False",""
"modAppDashboardService","ResolveUserStatusText","Function","Private","Private Function ResolveUserStatusText() As String","String","","0","70","78","6","0","3","modAppDashboardService","False","False","","False","False",""
"modAppDashboardService","ResolveBackendStatusText","Function","Private","Private Function ResolveBackendStatusText() As String","String","","0","80","95","13","0","9","modAppDashboardService; modAppShell","False","False","","False","False",""
"modAppDashboardService","ResolveFrameworkStatusText","Function","Private","Private Function ResolveFrameworkStatusText() As String","String","","0","97","109","8","0","2","modAppDashboardService","False","False","","False","False",""
"modAppDashboardService","ComposeDisplayText","Function","Private","Private Function ComposeDisplayText(ByVal primaryValue As String, ByVal secondaryValue As String) As String","String","ByVal primaryValue As String; ByVal secondaryValue As String","2","111","120","8","0","4","modAppDashboardService","False","False","","False","False",""
"modAppDashboardService","SetDisplayValueIfPresent","Sub","Private","Private Sub SetDisplayValueIfPresent(     ByVal formInstance As Access.Form,     ByVal ControlName As String,     ByVal valueText As String)","","ByVal formInstance As Access.Form; ByVal ControlName As String; ByVal valueText As String","3","122","148","17","0","10","modAppDashboardService; modAppShell","False","False","","True","False",""
"modAppDashboardService","SetCaptionIfPresent","Sub","Private","Private Sub SetCaptionIfPresent(     ByVal formInstance As Access.Form,     ByVal ControlName As String,     ByVal translation_key As String,     ByVal fallback_text As String)","","ByVal formInstance As Access.Form; ByVal ControlName As String; ByVal translation_key As String; ByVal fallback_text As String","4","150","168","10","0","19","modAppDashboardService; modAppShell","False","False","","True","False",""
"modAppDashboardService","HasControl","Function","Private","Private Function HasControl(ByVal formInstance As Access.Form, ByVal ControlName As String) As Boolean","Boolean","ByVal formInstance As Access.Form; ByVal ControlName As String","2","170","187","13","0","27","modAppDashboardService; modAppShell; modAppWorkspaceService; modFwTranslationEditService","False","False","","True","False",""
"modAppDashboardService","NzText","Function","Private","Private Function NzText(ByVal Value As String, Optional ByVal defaultValue As String = ""n/a"") As String","String","ByVal Value As String; Optional ByVal defaultValue As String = ""n/a""","2","189","195","6","0","5","modAppDashboardService","False","False","","False","False",""
"modAppNavigationService","EnsureNavigationTables","Function","Public","Public Function EnsureNavigationTables() As Boolean","Boolean","","0","27","42","10","0","6","modAppNavigationService; modAppShell","False","False","","True","True",""
"modAppNavigationService","SeedDefaultNavigation","Function","Public","Public Function SeedDefaultNavigation() As Boolean","Boolean","","0","44","120","35","0","5","modAppNavigationService; modAppShell","False","False","","True","True",""
"modAppNavigationService","GetNavigationRowSource","Function","Public","Public Function GetNavigationRowSource(Optional ByVal role_code As String = """") As String","String","Optional ByVal role_code As String = """"","1","122","130","6","0","2","modAppNavigationService","False","False","","True","False",""
"modAppNavigationService","GetVisibleNavigationRowSource","Function","Public","Public Function GetVisibleNavigationRowSource(Optional ByVal role_code As String = """") As String","String","Optional ByVal role_code As String = """"","1","132","140","6","0","2","modAppNavigationService","False","False","","True","False",""
"modAppNavigationService","ToggleNavigationGroup","Function","Public","Public Function ToggleNavigationGroup(ByVal navigation_id As Long) As Boolean","Boolean","ByVal navigation_id As Long","1","142","183","20","2","4","modAppNavigationService","True","True","","True","False","DB_MUTATION;DB_EXECUTE"
"modAppNavigationService","ExpandNavigationGroup","Function","Public","Public Function ExpandNavigationGroup(ByVal navigation_id As Long) As Boolean","Boolean","ByVal navigation_id As Long","1","184","193","7","0","3","modAppNavigationService","False","False","","True","False",""
"modAppNavigationService","CollapseNavigationGroup","Function","Public","Public Function CollapseNavigationGroup(ByVal navigation_id As Long) As Boolean","Boolean","ByVal navigation_id As Long","1","195","204","7","0","3","modAppNavigationService","False","False","","True","False",""
"modAppNavigationService","CollapseAllNavigationGroups","Function","Public","Public Function CollapseAllNavigationGroups() As Boolean","Boolean","","0","206","224","9","0","4","modAppNavigationService","True","False","","True","True","DB_MUTATION;DB_EXECUTE"
"modAppNavigationService","HandleNavigationClick","Function","Public","Public Function HandleNavigationClick(     ByVal shellForm As Access.Form,     ByVal navigation_id As Long) As Boolean","Boolean","ByVal shellForm As Access.Form; ByVal navigation_id As Long","2","226","291","44","0","7","modAppNavigationService","True","True","","True","True",""
"modAppNavigationService","BuildNavigationRowSource","Function","Private","Private Function BuildNavigationRowSource(ByVal onlyVisibleRows As Boolean, ByVal role_code As String) As String","String","ByVal onlyVisibleRows As Boolean; ByVal role_code As String","2","293","338","38","0","3","modAppNavigationService","False","False","","False","False",""
"modAppNavigationService","EnsureNavigationTable","Sub","Private","Private Sub EnsureNavigationTable()","","","0","340","400","27","0","1","modAppNavigationService","False","False","","False","False","DB_MUTATION"
"modAppNavigationService","EnsureNavigationRoleTable","Sub","Private","Private Sub EnsureNavigationRoleTable()","","","0","402","431","14","0","1","modAppNavigationService","False","False","","False","False",""
"modAppNavigationService","EnsureNavigationEntry","Function","Private","Private Function EnsureNavigationEntry(     ByVal parentNavigationId As Long,     ByVal navigationGroup As String,     ByVal captionKey As String,     ByVal fallbackCaption As String,     ByVal objectName As String,     ByVal objectType As String,     ByVal openMode As String,     ByVal sortOrder As Long,     ByVal isExpanded As Boolean,     ByVal isVisible As Boolean,     ByVal isActive As Boolean,     Optional ByRef createdCount As Long = 0,     Optional ByRef updatedCount As Long = 0) As Long","Long","ByVal parentNavigationId As Long; ByVal navigationGroup As String; ByVal captionKey As String; ByVal fallbackCaption As String; ByVal objectName As String; ByVal objectType As String; ByVal openMode As String; ByVal sortOrder As Long; ByVal isExpanded As Boolean; ByVal isVisible As Boolean; ByVal isActive As Boolean; Optional ByRef createdCount As Long = 0; Optional ByRef updatedCount As Long = 0","13","433","498","29","0","22","modAppNavigationService","False","False","","True","True",""
"modAppNavigationService","NormalizeOpenMode","Function","Private","Private Function NormalizeOpenMode(ByVal openMode As String) As String","String","ByVal openMode As String","1","500","509","8","0","5","modAppNavigationService","False","False","","False","False",""
"modAppNavigationService","ResolveOpenDataMode","Function","Private","Private Function ResolveOpenDataMode(ByVal openMode As String) As AcFormOpenDataMode","AcFormOpenDataMode","ByVal openMode As String","1","511","527","11","0","5","modAppNavigationService","False","False","","False","True",""
"modAppNavigationService","LookupNavigationId","Function","Private","Private Function LookupNavigationId(     ByVal captionKey As String,     ByVal objectType As String,     ByVal objectName As String,     ByVal fallbackCaption As String) As Long","Long","ByVal captionKey As String; ByVal objectType As String; ByVal objectName As String; ByVal fallbackCaption As String","4","529","569","27","0","11","modAppNavigationService","False","False","","True","False",""
"modAppNavigationService","LookupNavigationIdByCriteria","Function","Private","Private Function LookupNavigationIdByCriteria(ByVal criteria As String) As Long","Long","ByVal criteria As String","1","571","587","12","0","7","modAppNavigationService","False","False","","True","False",""
"modAppNavigationService","BuildNavigationLookupCriteria","Function","Private","Private Function BuildNavigationLookupCriteria(     ByVal captionKey As String,     ByVal objectType As String,     ByVal objectName As String) As String","String","ByVal captionKey As String; ByVal objectType As String; ByVal objectName As String","3","589","608","10","0","4","modAppNavigationService","False","False","","False","False",""
"modAppNavigationService","SetNavigationExpandedState","Function","Private","Private Function SetNavigationExpandedState(ByVal navigation_id As Long, ByVal expandedState As Boolean) As Boolean","Boolean","ByVal navigation_id As Long; ByVal expandedState As Boolean","2","610","629","11","0","5","modAppNavigationService","True","False","","True","False","DB_MUTATION;DB_EXECUTE"
"modAppNavigationService","IsGroupNavigation","Function","Private","Private Function IsGroupNavigation(ByVal navigation_id As Long) As Boolean","Boolean","ByVal navigation_id As Long","1","631","642","7","0","5","modAppNavigationService","False","False","","True","False",""
"modAppNavigationService","GetNavigationExpandedState","Function","Private","Private Function GetNavigationExpandedState(ByVal navigation_id As Long) As Boolean","Boolean","ByVal navigation_id As Long","1","644","654","7","0","4","modAppNavigationService","False","False","","True","False",""
"modAppNavigationService","EnsureFieldExists","Sub","Private","Private Sub EnsureFieldExists(ByVal table_name As String, ByVal field_name As String, ByVal ddlType As String)","","ByVal table_name As String; ByVal field_name As String; ByVal ddlType As String","3","656","660","4","0","32","modAppNavigationService; modArticleGroupService","False","False","","False","False",""
"modAppNavigationService","EnsureIndexExists","Sub","Private","Private Sub EnsureIndexExists(ByVal table_name As String, ByVal indexName As String, ByVal createSql As String)","","ByVal table_name As String; ByVal indexName As String; ByVal createSql As String","3","662","666","4","0","12","modAppNavigationService; modArticleGroupService","False","False","","False","False",""
"modAppNavigationService","TableExists","Function","Private","Private Function TableExists(ByVal table_name As String) As Boolean","Boolean","ByVal table_name As String","1","668","686","14","0","114","modAddressRepository; modAppNavigationService; modArticleGroupService; modBasicModuleSchema; modContactRepository; modDemoDataSeeder; modDocumentCalculationService; modDocumentRepository; modFwComposerService; modFwSetup; modFwTranslationAuditService; modFwTranslationEditService; modFwTranslationRuntime; modFwTranslationTagGeneratorService; modMigrationPaymentTerms; modMigrationTranslations; modNumberRangeRepository; modOrderRepository; modOutputPathService; modTenantRepository; modUserRepository","True","True","","True","False",""
"modAppNavigationService","FieldExists","Function","Private","Private Function FieldExists(ByVal table_name As String, ByVal field_name As String) As Boolean","Boolean","ByVal table_name As String; ByVal field_name As String","2","688","709","17","0","51","modAppNavigationService; modArticleGroupService; modBasicModuleSchema; modDemoDataSeeder; modDocumentCalculationService; modFwSetup; modMigrationPaymentTerms; modMigrationTranslations","True","True","","True","False",""
"modAppNavigationService","IndexExists","Function","Private","Private Function IndexExists(ByVal table_name As String, ByVal indexName As String) As Boolean","Boolean","ByVal table_name As String; ByVal indexName As String","2","711","732","17","0","12","modAppNavigationService; modArticleGroupService; modBasicModuleSchema; modMigrationPaymentTerms","True","True","","True","False",""
"modAppNavigationService","ExecuteSql","Sub","Private","Private Sub ExecuteSql(ByVal sqlStatement As String)","","ByVal sqlStatement As String","1","734","736","2","0","9","modAppNavigationService; modArticleGroupService","True","False","","False","False","DB_EXECUTE"
"modAppShell","InitializeAppShell","Function","Public","Public Function InitializeAppShell(ByVal shellForm As Access.Form) As Boolean","Boolean","ByVal shellForm As Access.Form","1","84","120","25","0","5","modAppShell","False","False","","True","True",""
"modAppShell","RefreshShellStatus","Function","Public","Public Function RefreshShellStatus(ByVal shellForm As Access.Form) As Boolean","Boolean","ByVal shellForm As Access.Form","1","122","146","20","0","14","modAppShell; modAppWorkspaceService","False","False","","True","False",""
"modAppShell","UpdateShellCommandBarState","Sub","Public","Public Sub UpdateShellCommandBarState(ByVal shellForm As Access.Form)","","ByVal shellForm As Access.Form","1","148","150","2","0","0","","False","False","","False","False",""
"modAppShell","RefreshWorkspaceCommandBar","Function","Public","Public Function RefreshWorkspaceCommandBar(ByVal shellForm As Access.Form) As Boolean","Boolean","ByVal shellForm As Access.Form","1","152","190","30","0","6","modAppShell","False","False","m_lastWorkspaceFormName","True","False",""
"modAppShell","ExecuteWorkspaceCommandBarSlot","Sub","Public","Public Sub ExecuteWorkspaceCommandBarSlot(ByVal shellForm As Access.Form, ByVal slotName As String)","","ByVal shellForm As Access.Form; ByVal slotName As String","2","192","207","11","0","1","modAppShell","False","False","","True","False",""
"modAppShell","ExecuteWorkspaceQuickSearch","Sub","Public","Public Sub ExecuteWorkspaceQuickSearch(ByVal shellForm As Access.Form, ByVal searchText As String)","","ByVal shellForm As Access.Form; ByVal searchText As String","2","209","224","11","0","2","modAppShell","False","False","","True","False",""
"modAppShell","ClearWorkspaceQuickSearch","Sub","Public","Public Sub ClearWorkspaceQuickSearch(ByVal shellForm As Access.Form)","","ByVal shellForm As Access.Form","1","226","243","12","0","2","modAppShell","False","False","","True","False",""
"modAppShell","ExecuteShellListSearch","Sub","Public","Public Sub ExecuteShellListSearch(ByVal shellForm As Access.Form, ByVal searchText As String)","","ByVal shellForm As Access.Form; ByVal searchText As String","2","245","247","2","0","0","","False","False","","False","False",""
"modAppShell","ExecuteShellListClearSearch","Sub","Public","Public Sub ExecuteShellListClearSearch(ByVal shellForm As Access.Form)","","ByVal shellForm As Access.Form","1","249","251","2","0","0","","False","False","","False","False",""
"modAppShell","ExecuteShellListNew","Sub","Public","Public Sub ExecuteShellListNew(ByVal shellForm As Access.Form)","","ByVal shellForm As Access.Form","1","253","255","2","0","0","","False","False","","False","False",""
"modAppShell","ExecuteShellListEdit","Sub","Public","Public Sub ExecuteShellListEdit(ByVal shellForm As Access.Form)","","ByVal shellForm As Access.Form","1","257","259","2","0","0","","False","False","","False","False",""
"modAppShell","ExecuteShellListRefresh","Sub","Public","Public Sub ExecuteShellListRefresh(ByVal shellForm As Access.Form)","","ByVal shellForm As Access.Form","1","261","263","2","0","0","","False","False","","False","False",""
"modAppShell","LoadDefaultWorkspace","Function","Public","Public Function LoadDefaultWorkspace(ByVal shellForm As Access.Form) As Boolean","Boolean","ByVal shellForm As Access.Form","1","265","274","7","0","6","modAppShell","False","False","","True","False",""
"modAppShell","ResolveShellText","Function","Public","Public Function ResolveShellText(     ByVal translation_key As String,     ByVal fallback_text As String) As String","String","ByVal translation_key As String; ByVal fallback_text As String","2","276","306","23","0","18","modAppDashboardService; modAppNavigationService; modAppShell","False","False","","True","False",""
"modAppShell","LookupShellTranslationQuietly","Function","Private","Private Function LookupShellTranslationQuietly(ByVal translation_key As String) As String","String","ByVal translation_key As String","1","308","342","28","0","7","modAppShell","False","False","","True","False",""
"modAppShell","LookupShellTranslationByLanguage","Function","Private","Private Function LookupShellTranslationByLanguage(     ByVal translation_key As String,     ByVal languageCode As String) As String","String","ByVal translation_key As String; ByVal languageCode As String","2","344","367","14","0","5","modAppShell","False","False","","True","False",""
"modAppShell","GetBaseLanguageCode","Function","Private","Private Function GetBaseLanguageCode(ByVal languageCode As String) As String","String","ByVal languageCode As String","1","369","380","9","0","7","modAppShell; modFwTranslationRuntime","False","False","","False","False",""
"modAppShell","LoadNavigationHost","Sub","Private","Private Sub LoadNavigationHost(ByVal shellForm As Access.Form)","","ByVal shellForm As Access.Form","1","382","397","11","0","3","modAppShell","False","False","","True","True",""
"modAppShell","ApplyShellStaticTranslations","Sub","Private","Private Sub ApplyShellStaticTranslations(ByVal shellForm As Access.Form)","","ByVal shellForm As Access.Form","1","399","418","17","0","1","modAppShell","False","False","","True","False","DB_MUTATION"
"modAppShell","ResolveCurrentUserText","Function","Private","Private Function ResolveCurrentUserText() As String","String","","0","420","426","6","0","3","modAppShell","False","False","","False","False",""
"modAppShell","ResolveCurrentTenantText","Function","Private","Private Function ResolveCurrentTenantText() As String","String","","0","428","437","9","0","4","modAppShell","False","False","","False","False",""
"modAppShell","ResolveCurrentRoleText","Function","Private","Private Function ResolveCurrentRoleText() As String","String","","0","439","445","6","0","3","modAppShell","False","False","","False","False",""
"modAppShell","ResolveBackendStatusText","Function","Private","Private Function ResolveBackendStatusText() As String","String","","0","447","461","11","0","9","modAppDashboardService; modAppShell","False","False","","False","False",""
"modAppShell","ResolveEnvironmentText","Function","Private","Private Function ResolveEnvironmentText() As String","String","","0","463","465","2","0","2","modAppShell","False","False","","False","False",""
"modAppShell","SetDisplayValueIfPresent","Sub","Private","Private Sub SetDisplayValueIfPresent(     ByVal formInstance As Access.Form,     ByVal ControlName As String,     ByVal displayValue As String)","","ByVal formInstance As Access.Form; ByVal ControlName As String; ByVal displayValue As String","3","467","493","17","0","10","modAppDashboardService; modAppShell","False","False","","True","False",""
"modAppShell","SetCaptionIfPresent","Sub","Private","Private Sub SetCaptionIfPresent(     ByVal formInstance As Access.Form,     ByVal ControlName As String,     ByVal translation_key As String,     ByVal fallback_text As String)","","ByVal formInstance As Access.Form; ByVal ControlName As String; ByVal translation_key As String; ByVal fallback_text As String","4","495","513","10","0","19","modAppDashboardService; modAppShell","False","False","","True","False",""
"modAppShell","SetControlEnabledIfPresent","Sub","Private","Private Sub SetControlEnabledIfPresent(     ByVal formInstance As Access.Form,     ByVal ControlName As String,     ByVal isEnabled As Boolean)","","ByVal formInstance As Access.Form; ByVal ControlName As String; ByVal isEnabled As Boolean","3","515","532","10","0","9","modAppShell","False","False","","True","False",""
"modAppShell","SetControlVisibleIfPresent","Sub","Private","Private Sub SetControlVisibleIfPresent(     ByVal formInstance As Access.Form,     ByVal ControlName As String,     ByVal isVisible As Boolean)","","ByVal formInstance As Access.Form; ByVal ControlName As String; ByVal isVisible As Boolean","3","534","551","10","0","8","modAppShell","False","False","","True","False",""
"modAppShell","SetCommandBarVisible","Sub","Private","Private Sub SetCommandBarVisible(ByVal shellForm As Access.Form, ByVal isVisible As Boolean)","","ByVal shellForm As Access.Form; ByVal isVisible As Boolean","2","553","571","15","0","0","","False","False","","True","False",""
"modAppShell","ClearShellSearchText","Sub","Private","Private Sub ClearShellSearchText(ByVal shellForm As Access.Form)","","ByVal shellForm As Access.Form","1","573","585","9","0","0","","False","False","","True","False",""
"modAppShell","ResetWorkspaceCommandBarUi","Sub","Private","Private Sub ResetWorkspaceCommandBarUi(ByVal shellForm As Access.Form)","","ByVal shellForm As Access.Form","1","587","606","16","0","1","modAppShell","False","False","","True","False",""
"modAppShell","ResetCommandBarSlot","Sub","Private","Private Sub ResetCommandBarSlot(ByVal shellForm As Access.Form, ByVal slotName As String)","","ByVal shellForm As Access.Form; ByVal slotName As String","2","608","628","15","0","8","modAppShell","False","False","","True","False",""
"modAppShell","ResolveWorkspaceCommandBarConfig","Function","Private","Private Function ResolveWorkspaceCommandBarConfig(     ByVal workspaceForm As Access.Form,     ByVal supportsWorkspaceBar As Boolean) As Object","Object","ByVal workspaceForm As Access.Form; ByVal supportsWorkspaceBar As Boolean","2","630","654","17","0","4","modAppShell","False","False","","True","False",""
"modAppShell","BuildLegacyListCommandBarConfig","Function","Private","Private Function BuildLegacyListCommandBarConfig(ByVal workspaceForm As Access.Form) As Object","Object","ByVal workspaceForm As Access.Form","1","656","717","47","0","3","modAppShell","False","False","","True","False","DB_MUTATION"
"modAppShell","ApplyWorkspaceCommandBarConfig","Sub","Private","Private Sub ApplyWorkspaceCommandBarConfig(     ByVal shellForm As Access.Form,     ByVal workspaceForm As Access.Form,     ByVal config As Object)","","ByVal shellForm As Access.Form; ByVal workspaceForm As Access.Form; ByVal config As Object","3","719","745","18","0","1","modAppShell","False","False","","True","False",""
"modAppShell","ApplyCommandBarSlot","Sub","Private","Private Sub ApplyCommandBarSlot(     ByVal shellForm As Access.Form,     ByVal workspaceForm As Access.Form,     ByVal config As Object,     ByVal slotName As String)","","ByVal shellForm As Access.Form; ByVal workspaceForm As Access.Form; ByVal config As Object; ByVal slotName As String","4","747","787","28","0","8","modAppShell","False","False","","True","False",""
"modAppShell","ApplyQuickSearchConfig","Sub","Private","Private Sub ApplyQuickSearchConfig(ByVal shellForm As Access.Form, ByVal config As Object)","","ByVal shellForm As Access.Form; ByVal config As Object","2","789","818","24","0","1","modAppShell","False","False","","True","False",""
"modAppShell","WorkspaceCanExecuteCommand","Function","Private","Private Function WorkspaceCanExecuteCommand(ByVal workspaceForm As Access.Form, ByVal commandKey As String) As Boolean","Boolean","ByVal workspaceForm As Access.Form; ByVal commandKey As String","2","820","852","25","0","9","modAppShell","False","False","","True","False",""
"modAppShell","ResolveLegacyCommandAvailability","Function","Private","Private Function ResolveLegacyCommandAvailability(ByVal workspaceForm As Access.Form, ByVal commandKey As String) As Boolean","Boolean","ByVal workspaceForm As Access.Form; ByVal commandKey As String","2","854","867","13","0","6","modAppShell","False","False","","False","False",""
"modAppShell","ExecuteWorkspaceCommandByKey","Sub","Private","Private Sub ExecuteWorkspaceCommandByKey(     ByVal shellForm As Access.Form,     ByVal commandKey As String,     Optional ByVal commandValue As String = """")","","ByVal shellForm As Access.Form; ByVal commandKey As String; Optional ByVal commandValue As String = """"","3","869","906","27","0","8","modAppShell","False","False","","True","True",""
"modAppShell","IsShellManagedCommand","Function","Private","Private Function IsShellManagedCommand(ByVal commandKey As String) As Boolean","Boolean","ByVal commandKey As String","1","908","913","5","0","3","modAppShell","False","False","","False","False",""
"modAppShell","ExecuteShellManagedCommand","Sub","Private","Private Sub ExecuteShellManagedCommand(ByVal shellForm As Access.Form, ByVal commandKey As String)","","ByVal shellForm As Access.Form; ByVal commandKey As String","2","915","922","7","0","1","modAppShell","False","False","","False","False",""
"modAppShell","SupportsWorkspaceCommandBarApi","Function","Private","Private Function SupportsWorkspaceCommandBarApi(ByVal workspaceForm As Access.Form) As Boolean","Boolean","ByVal workspaceForm As Access.Form","1","924","926","2","0","4","modAppShell","False","False","","False","False",""
"modAppShell","ExecuteLegacyWorkspaceCommand","Sub","Private","Private Sub ExecuteLegacyWorkspaceCommand(     ByVal shellForm As Access.Form,     ByVal workspaceForm As Access.Form,     ByVal commandKey As String,     ByVal commandValue As String)","","ByVal shellForm As Access.Form; ByVal workspaceForm As Access.Form; ByVal commandKey As String; ByVal commandValue As String","4","928","949","17","0","1","modAppShell","False","False","","False","False",""
"modAppShell","ResolveSlotCommandKey","Function","Private","Private Function ResolveSlotCommandKey(ByVal shellForm As Access.Form, ByVal slotName As String) As String","String","ByVal shellForm As Access.Form; ByVal slotName As String","2","951","962","9","0","2","modAppShell","False","False","","False","False",""
"modAppShell","ResolveQuickSearchCommandKey","Function","Private","Private Function ResolveQuickSearchCommandKey(ByVal shellForm As Access.Form, ByVal isClearCommand As Boolean) As String","String","ByVal shellForm As Access.Form; ByVal isClearCommand As Boolean","2","964","974","10","0","4","modAppShell","False","False","","False","False",""
"modAppShell","ResolveSlotControlName","Function","Private","Private Function ResolveSlotControlName(ByVal slotName As String) As String","String","ByVal slotName As String","1","976","995","19","0","11","modAppShell","False","False","","False","False",""
"modAppShell","BuildControlCommandTag","Function","Private","Private Function BuildControlCommandTag(ByVal commandKey As String) As String","String","ByVal commandKey As String","1","997","1004","6","0","4","modAppShell","False","False","","False","False",""
"modAppShell","ParseCommandKeyFromTag","Function","Private","Private Function ParseCommandKeyFromTag(ByVal TagValue As String) As String","String","ByVal TagValue As String","1","1006","1025","17","0","4","modAppShell","False","False","","False","False",""
"modAppShell","GetConfigBoolean","Function","Private","Private Function GetConfigBoolean(ByVal config As Object, ByVal keyName As String, ByVal defaultValue As Boolean) As Boolean","Boolean","ByVal config As Object; ByVal keyName As String; ByVal defaultValue As Boolean","3","1027","1044","14","0","8","modAppShell","False","False","","True","False",""
"modAppShell","GetConfigString","Function","Private","Private Function GetConfigString(ByVal config As Object, ByVal keyName As String, ByVal defaultValue As String) As String","String","ByVal config As Object; ByVal keyName As String; ByVal defaultValue As String","3","1046","1063","14","0","9","modAppShell","False","False","","True","False",""
"modAppShell","ClearQuickSearchText","Sub","Private","Private Sub ClearQuickSearchText(ByVal shellForm As Access.Form)","","ByVal shellForm As Access.Form","1","1065","1081","12","0","4","modAppShell","False","False","","True","False",""
"modAppShell","ResolveCurrentWorkspaceForm","Function","Private","Private Function ResolveCurrentWorkspaceForm(ByVal shellForm As Access.Form) As Access.Form","Access.Form","ByVal shellForm As Access.Form","1","1083","1104","15","0","5","modAppShell","False","False","","True","False",""
"modAppShell","TryGetHostedForm","Function","Private","Private Function TryGetHostedForm(ByVal hostControl As Control) As Access.Form","Access.Form","ByVal hostControl As Control","1","1106","1120","10","0","3","modAppShell; modFwDiagnostics","False","False","","True","False",""
"modAppShell","ResolveWorkspaceBooleanCapability","Function","Private","Private Function ResolveWorkspaceBooleanCapability(     ByVal workspaceForm As Access.Form,     ByVal methodName As String,     ByVal defaultValue As Boolean,     Optional ByVal suppressWarningLog As Boolean = False) As Boolean","Boolean","ByVal workspaceForm As Access.Form; ByVal methodName As String; ByVal defaultValue As Boolean; Optional ByVal suppressWarningLog As Boolean = False","4","1122","1149","17","0","10","modAppShell","False","False","","True","True",""
"modAppShell","CallWorkspaceListMethodNoArg","Sub","Private","Private Sub CallWorkspaceListMethodNoArg(ByVal shellForm As Access.Form, ByVal methodName As String)","","ByVal shellForm As Access.Form; ByVal methodName As String","2","1151","1171","15","0","5","modAppShell","False","False","","True","True",""
"modAppShell","CallWorkspaceListMethodWithArg","Sub","Private","Private Sub CallWorkspaceListMethodWithArg(     ByVal shellForm As Access.Form,     ByVal methodName As String,     ByVal argText As String)","","ByVal shellForm As Access.Form; ByVal methodName As String; ByVal argText As String","3","1173","1196","15","0","2","modAppShell","False","False","","True","True",""
"modAppShell","HandleMissingWorkspaceListMethod","Sub","Private","Private Sub HandleMissingWorkspaceListMethod(     ByVal shellForm As Access.Form,     ByVal workspaceForm As Access.Form,     ByVal methodName As String,     ByVal raisedError As ErrObject)","","ByVal shellForm As Access.Form; ByVal workspaceForm As Access.Form; ByVal methodName As String; ByVal raisedError As ErrObject","4","1198","1220","13","0","4","modAppShell","False","False","","True","True",""
"modAppShell","HasControl","Function","Private","Private Function HasControl(ByVal formInstance As Access.Form, ByVal ControlName As String) As Boolean","Boolean","ByVal formInstance As Access.Form; ByVal ControlName As String","2","1222","1239","13","0","27","modAppDashboardService; modAppShell; modAppWorkspaceService; modFwTranslationEditService","False","False","","True","False",""
"modAppShell","ResolveSafeText","Function","Private","Private Function ResolveSafeText(ByVal Value As String) As String","String","ByVal Value As String","1","1241","1247","6","0","6","modAppShell","False","False","","False","False",""
"modAppWorkspaceService","OpenWorkspaceForm","Function","Public","Public Function OpenWorkspaceForm(     ByVal shellForm As Access.Form,     ByVal form_name As String,     Optional ByVal where_condition As String = """",     Optional ByVal data_mode As AcFormOpenDataMode = acFormPropertySettings,     Optional ByVal open_args As String = """",     Optional ByVal track_history As Boolean = True) As Boolean","Boolean","ByVal shellForm As Access.Form; ByVal form_name As String; Optional ByVal where_condition As String = """"; Optional ByVal data_mode As AcFormOpenDataMode = acFormPropertySettings; Optional ByVal open_args As String = """"; Optional ByVal track_history As Boolean = True","6","29","153","78","0","18","modAppNavigationService; modAppWorkspaceService","False","False","m_isRestoringHistory","True","True","FORM_NAVIGATION"
"modAppWorkspaceService","PushWorkspaceState","Function","Public","Public Function PushWorkspaceState(ByVal workspaceForm As Access.Form) As Boolean","Boolean","ByVal workspaceForm As Access.Form","1","155","173","14","0","4","modAppWorkspaceService","False","False","","True","False",""
"modAppWorkspaceService","GoBack","Function","Public","Public Function GoBack(ByVal shellForm As Access.Form) As Boolean","Boolean","ByVal shellForm As Access.Form","1","175","234","44","0","7","modAppShell; modAppWorkspaceService","False","False","m_isRestoringHistory","True","True",""
"modAppWorkspaceService","CanGoBack","Function","Public","Public Function CanGoBack() As Boolean","Boolean","","0","236","239","3","0","5","modAppShell; modAppWorkspaceService; modFwDiagnostics","False","False","m_workspaceHistory","False","False",""
"modAppWorkspaceService","ClearWorkspaceHistory","Sub","Public","Public Sub ClearWorkspaceHistory()","","","0","241","243","2","0","0","","False","False","m_workspaceHistory","False","False",""
"modAppWorkspaceService","PeekWorkspaceHistory","Function","Public","Public Function PeekWorkspaceHistory() As String","String","","0","245","251","5","0","1","modAppWorkspaceService","False","False","m_workspaceHistory","False","False",""
"modAppWorkspaceService","ApplyWorkspaceOpenArgs","Sub","Private","Private Sub ApplyWorkspaceOpenArgs(ByVal workspaceForm As Access.Form, ByVal openArgs As String, ByVal FormName As String)","","ByVal workspaceForm As Access.Form; ByVal openArgs As String; ByVal FormName As String","3","253","280","18","0","8","modAppWorkspaceService","False","False","","True","True",""
"modAppWorkspaceService","CanReplaceWorkspaceContent","Function","Private","Private Function CanReplaceWorkspaceContent(ByVal workspaceHost As Control) As Boolean","Boolean","ByVal workspaceHost As Control","1","282","307","18","0","3","modAppWorkspaceService","False","False","","True","False",""
"modAppWorkspaceService","PreviewWorkspaceReport","Function","Public","Public Function PreviewWorkspaceReport(     ByVal shellForm As Access.Form,     ByVal report_name As String,     Optional ByVal where_condition As String = """") As Boolean","Boolean","ByVal shellForm As Access.Form; ByVal report_name As String; Optional ByVal where_condition As String = """"","3","309","335","16","0","6","modAppNavigationService; modAppWorkspaceService","False","False","","True","True",""
"modAppWorkspaceService","LoadDashboard","Function","Public","Public Function LoadDashboard(ByVal shellForm As Access.Form) As Boolean","Boolean","ByVal shellForm As Access.Form","1","337","346","7","0","4","modAppShell; modAppWorkspaceService","False","False","","True","False",""
"modAppWorkspaceService","ClearWorkspace","Function","Public","Public Function ClearWorkspace(ByVal shellForm As Access.Form) As Boolean","Boolean","ByVal shellForm As Access.Form","1","348","378","22","0","6","modAppWorkspaceService","False","False","","True","True",""
"modAppWorkspaceService","ApplyWorkspaceFormState","Sub","Private","Private Sub ApplyWorkspaceFormState(     ByVal targetForm As Access.Form,     ByVal where_condition As String,     ByVal data_mode As AcFormOpenDataMode)","","ByVal targetForm As Access.Form; ByVal where_condition As String; ByVal data_mode As AcFormOpenDataMode","3","380","414","24","1","2","modAppWorkspaceService","False","False","","True","False","FORM_NAVIGATION"
"modAppWorkspaceService","AppendHistoryItem","Sub","Private","Private Sub AppendHistoryItem(     ByVal historyItemText As String,     Optional ByVal allowDuplicateTopItem As Boolean = False)","","ByVal historyItemText As String; Optional ByVal allowDuplicateTopItem As Boolean = False","2","416","434","13","0","3","modAppWorkspaceService","False","False","m_workspaceHistory","False","False",""
"modAppWorkspaceService","CaptureCurrentWorkspaceHistory","Function","Private","Private Function CaptureCurrentWorkspaceHistory(ByVal workspaceHost As Control) As String","String","ByVal workspaceHost As Control","1","436","453","12","0","2","modAppWorkspaceService","False","False","","True","False",""
"modAppWorkspaceService","EnsureWorkspaceHistory","Sub","Private","Private Sub EnsureWorkspaceHistory()","","","0","455","459","4","0","4","modAppWorkspaceService","False","False","m_workspaceHistory","False","False",""
"modAppWorkspaceService","EscapeHistoryValue","Function","Private","Private Function EscapeHistoryValue(ByVal Value As String) As String","String","ByVal Value As String","1","461","469","8","0","2","modAppWorkspaceService","False","False","","False","False",""
"modAppWorkspaceService","FormExists","Function","Private","Private Function FormExists(ByVal form_name As String) As Boolean","Boolean","ByVal form_name As String","1","471","484","10","0","2","modAppWorkspaceService","False","False","","True","False",""
"modAppWorkspaceService","GetCurrentRecordIdText","Function","Private","Private Function GetCurrentRecordIdText(ByVal workspaceForm As Access.Form) As String","String","ByVal workspaceForm As Access.Form","1","486","495","6","0","2","modAppWorkspaceService","False","False","","True","False",""
"modAppWorkspaceService","GetHistoryValue","Function","Private","Private Function GetHistoryValue(ByVal historyItemText As String, ByVal keyName As String) As String","String","ByVal historyItemText As String; ByVal keyName As String","2","497","518","19","0","8","modAppWorkspaceService","False","False","","False","False",""
"modAppWorkspaceService","GetWorkspaceHostControl","Function","Private","Private Function GetWorkspaceHostControl(ByVal shellForm As Access.Form) As Control","Control","ByVal shellForm As Access.Form","1","520","532","9","0","4","modAppWorkspaceService","False","False","","True","False",""
"modAppWorkspaceService","HasControl","Function","Private","Private Function HasControl(ByVal formInstance As Access.Form, ByVal ControlName As String) As Boolean","Boolean","ByVal formInstance As Access.Form; ByVal ControlName As String","2","534","551","13","0","27","modAppDashboardService; modAppShell; modAppWorkspaceService; modFwTranslationEditService","False","False","","True","False",""
"modAppWorkspaceService","PopHistoryItem","Function","Private","Private Function PopHistoryItem() As String","String","","0","553","562","7","0","2","modAppWorkspaceService","False","False","m_workspaceHistory","False","False",""
"modAppWorkspaceService","ReportExists","Function","Private","Private Function ReportExists(ByVal report_name As String) As Boolean","Boolean","ByVal report_name As String","1","564","577","10","0","7","modAppWorkspaceService; modPdfExportService","False","False","","True","False",""
"modAppWorkspaceService","ResolveHistoryDataMode","Function","Private","Private Function ResolveHistoryDataMode(ByVal historyItemText As String) As AcFormOpenDataMode","AcFormOpenDataMode","ByVal historyItemText As String","1","579","585","6","0","3","modAppWorkspaceService","False","False","","False","False",""
"modAppWorkspaceService","ResolveWorkspaceHostForm","Function","Private","Private Function ResolveWorkspaceHostForm(ByVal shellForm As Access.Form) As Access.Form","Access.Form","ByVal shellForm As Access.Form","1","587","608","16","0","8","modAppWorkspaceService","False","False","","True","False",""
"modAppWorkspaceService","RestoreWorkspaceHistoryState","Sub","Private","Private Sub RestoreWorkspaceHistoryState(     ByVal workspaceForm As Access.Form,     ByVal historyItemText As String)","","ByVal workspaceForm As Access.Form; ByVal historyItemText As String","2","610","643","24","0","3","modAppWorkspaceService","False","False","","True","False",""
"modAppWorkspaceService","SerializeWorkspaceHistoryItem","Function","Private","Private Function SerializeWorkspaceHistoryItem(ByVal workspaceForm As Access.Form) As String","String","ByVal workspaceForm As Access.Form","1","645","688","35","0","4","modAppWorkspaceService","False","False","","True","False",""
"modAppWorkspaceService","SetWorkspaceFocus","Sub","Private","Private Sub SetWorkspaceFocus(ByVal workspaceHost As Control)","","ByVal workspaceHost As Control","1","690","700","7","0","1","modAppWorkspaceService","False","False","","True","False",""
"modAppWorkspaceService","TryGetHostedWorkspaceForm","Function","Private","Private Function TryGetHostedWorkspaceForm(ByVal workspaceHost As Control) As Access.Form","Access.Form","ByVal workspaceHost As Control","1","702","716","10","0","6","modAppWorkspaceService","False","False","","True","False",""
"modAppWorkspaceService","ResolveCurrentWorkspaceSourceObject","Function","Private","Private Function ResolveCurrentWorkspaceSourceObject(ByVal workspaceHost As Control) As String","String","ByVal workspaceHost As Control","1","718","728","7","0","3","modAppWorkspaceService","False","False","","True","False",""
"modAppWorkspaceService","RecoverWorkspaceAfterLoadFailure","Sub","Private","Private Sub RecoverWorkspaceAfterLoadFailure(     ByVal hostForm As Access.Form,     ByVal workspaceHost As Control,     ByVal previousSourceObject As String,     ByVal previousWorkspaceState As String,     ByVal requestedFormName As String)","","ByVal hostForm As Access.Form; ByVal workspaceHost As Control; ByVal previousSourceObject As String; ByVal previousWorkspaceState As String; ByVal requestedFormName As String","5","730","773","28","0","4","modAppWorkspaceService","False","False","","True","True",""
"modAppWorkspaceService","TryGetWorkspaceState","Function","Private","Private Function TryGetWorkspaceState(ByVal workspaceForm As Access.Form) As String","String","ByVal workspaceForm As Access.Form","1","775","784","6","0","2","modAppWorkspaceService","False","False","","True","False",""
"modAppWorkspaceService","TryRestoreWorkspaceState","Sub","Private","Private Sub TryRestoreWorkspaceState(ByVal workspaceForm As Access.Form, ByVal stateText As String)","","ByVal workspaceForm As Access.Form; ByVal stateText As String","2","786","802","11","0","2","modAppWorkspaceService","False","False","","True","True",""
"modAppWorkspaceService","UnescapeHistoryValue","Function","Private","Private Function UnescapeHistoryValue(ByVal Value As String) As String","String","ByVal Value As String","1","804","812","8","0","2","modAppWorkspaceService","False","False","","False","False",""
"modAppWorkspaceService","AddHistoryPair","Function","Private","Private Function AddHistoryPair(     ByVal historyItemText As String,     ByVal keyName As String,     ByVal valueText As String) As String","String","ByVal historyItemText As String; ByVal keyName As String; ByVal valueText As String","3","814","824","5","0","10","modAppWorkspaceService","False","False","","False","False",""
"modArticleGroupService","EnsureArticleGroupTable","Function","Public","Public Function EnsureArticleGroupTable() As Boolean","Boolean","","0","31","74","25","0","5","modArticleGroupService; modDemoDataSeeder","False","False","","True","False",""
"modArticleGroupService","BuildArticleGroupListRowSource","Function","Public","Public Function BuildArticleGroupListRowSource() As String","String","","0","76","94","16","0","1","modArticleGroupService","False","False","","False","False",""
"modArticleGroupService","BuildArticleGroupSearchFilter","Function","Public","Public Function BuildArticleGroupSearchFilter(ByVal searchText As String) As String","String","ByVal searchText As String","1","96","99","3","0","1","modArticleGroupService","False","False","","False","False",""
"modArticleGroupService","ApplyDefaultValues","Sub","Public","Public Sub ApplyDefaultValues(ByVal formInstance As Access.Form)","","ByVal formInstance As Access.Form","1","101","124","18","0","2","modArticleGroupService; modArticleService","False","False","","True","False",""
"modArticleGroupService","ValidateArticleGroupForm","Function","Public","Public Function ValidateArticleGroupForm(ByVal formInstance As Access.Form) As Boolean","Boolean","ByVal formInstance As Access.Form","1","126","166","31","0","3","modArticleGroupService","False","False","","True","False","MESSAGE_BOX;FILE_IO"
"modArticleGroupService","PrepareArticleGroupForSave","Sub","Public","Public Sub PrepareArticleGroupForSave(ByVal formInstance As Access.Form)","","ByVal formInstance As Access.Form","1","168","199","23","0","1","modArticleGroupService","False","False","","True","False",""
"modArticleGroupService","ResolveArticleGroupId","Function","Public","Public Function ResolveArticleGroupId(ByVal formInstance As Access.Form) As Long","Long","ByVal formInstance As Access.Form","1","201","211","9","0","3","modArticleGroupService","False","False","","False","False",""
"modArticleGroupService","ResolveArticleGroupDisplayName","Function","Public","Public Function ResolveArticleGroupDisplayName(ByVal formInstance As Access.Form) As String","String","ByVal formInstance As Access.Form","1","213","229","14","0","3","modArticleGroupService","False","False","","False","False",""
"modArticleGroupService","ArticleGroupCodeExists","Function","Public","Public Function ArticleGroupCodeExists(     ByVal articleGroupCode As String,     Optional ByVal excludeArticleGroupId As Long = 0) As Boolean","Boolean","ByVal articleGroupCode As String; Optional ByVal excludeArticleGroupId As Long = 0","2","231","252","13","0","4","modArticleGroupService","False","False","","True","False",""
"modArticleGroupService","ResolveNextSortOrder","Function","Public","Public Function ResolveNextSortOrder() As Long","Long","","0","254","270","13","0","5","modArticleGroupService","False","False","","True","False",""
"modArticleGroupService","ResolveFieldText","Function","Private","Private Function ResolveFieldText(ByVal formInstance As Access.Form, ByVal fieldName As String) As String","String","ByVal formInstance As Access.Form; ByVal fieldName As String","2","272","289","13","0","23","modArticleGroupService; modArticleService","False","False","","True","False",""
"modArticleGroupService","ConvertFieldNameToPascal","Function","Private","Private Function ConvertFieldNameToPascal(ByVal fieldName As String) As String","String","ByVal fieldName As String","1","291","301","9","0","6","modArticleGroupService; modArticleService","False","False","","False","False",""
"modArticleGroupService","SetFieldValueIfPresent","Sub","Private","Private Sub SetFieldValueIfPresent(ByVal formInstance As Access.Form, ByVal fieldName As String, ByVal fieldValue As Variant)","","ByVal formInstance As Access.Form; ByVal fieldName As String; ByVal fieldValue As Variant","3","303","315","9","0","10","modArticleGroupService; modArticleService","False","False","","True","False",""
"modArticleGroupService","EscapeLikeValue","Function","Private","Private Function EscapeLikeValue(ByVal valueText As String) As String","String","ByVal valueText As String","1","317","324","7","0","4","modArticleGroupService; modArticleService","False","False","","False","False",""
"modArticleGroupService","EnsureFieldExists","Sub","Private","Private Sub EnsureFieldExists(ByVal tableName As String, ByVal fieldName As String, ByVal ddlType As String)","","ByVal tableName As String; ByVal fieldName As String; ByVal ddlType As String","3","326","330","4","0","32","modAppNavigationService; modArticleGroupService","False","False","","False","False",""
"modArticleGroupService","EnsureIndexExists","Sub","Private","Private Sub EnsureIndexExists(ByVal tableName As String, ByVal indexName As String, ByVal createSql As String)","","ByVal tableName As String; ByVal indexName As String; ByVal createSql As String","3","332","336","4","0","12","modAppNavigationService; modArticleGroupService","False","False","","False","False",""
"modArticleGroupService","TableExists","Function","Private","Private Function TableExists(ByVal tableName As String) As Boolean","Boolean","ByVal tableName As String","1","338","355","14","0","114","modAddressRepository; modAppNavigationService; modArticleGroupService; modBasicModuleSchema; modContactRepository; modDemoDataSeeder; modDocumentCalculationService; modDocumentRepository; modFwComposerService; modFwSetup; modFwTranslationAuditService; modFwTranslationEditService; modFwTranslationRuntime; modFwTranslationTagGeneratorService; modMigrationPaymentTerms; modMigrationTranslations; modNumberRangeRepository; modOrderRepository; modOutputPathService; modTenantRepository; modUserRepository","True","True","","True","False",""
"modArticleGroupService","FieldExists","Function","Private","Private Function FieldExists(ByVal tableName As String, ByVal fieldName As String) As Boolean","Boolean","ByVal tableName As String; ByVal fieldName As String","2","357","377","17","0","51","modAppNavigationService; modArticleGroupService; modBasicModuleSchema; modDemoDataSeeder; modDocumentCalculationService; modFwSetup; modMigrationPaymentTerms; modMigrationTranslations","True","True","","True","False",""
"modArticleGroupService","IndexExists","Function","Private","Private Function IndexExists(ByVal tableName As String, ByVal indexName As String) As Boolean","Boolean","ByVal tableName As String; ByVal indexName As String","2","379","399","17","0","12","modAppNavigationService; modArticleGroupService; modBasicModuleSchema; modMigrationPaymentTerms","True","True","","True","False",""
"modArticleGroupService","IsLinkedTable","Function","Private","Private Function IsLinkedTable(ByVal tableName As String) As Boolean","Boolean","ByVal tableName As String","1","401","414","10","0","2","modArticleGroupService","True","True","","True","False",""
"modArticleGroupService","ExecuteSql","Sub","Private","Private Sub ExecuteSql(ByVal sqlStatement As String)","","ByVal sqlStatement As String","1","416","418","2","0","9","modAppNavigationService; modArticleGroupService","True","False","","False","False","DB_EXECUTE"
"modArticleGroupService","HasFormControl","Function","Private","Private Function HasFormControl(ByVal formInstance As Access.Form, ByVal ControlName As String) As Boolean","Boolean","ByVal formInstance As Access.Form; ByVal ControlName As String","2","420","437","13","0","19","modArticleGroupService; modArticleService","False","False","","True","False",""
"modArticleService","BuildArticleListRowSource","Function","Public","Public Function BuildArticleListRowSource() As String","String","","0","48","96","44","0","1","modArticleService","False","False","","False","False",""
"modArticleService","BuildArticleSearchFilter","Function","Public","Public Function BuildArticleSearchFilter(ByVal searchText As String) As String","String","ByVal searchText As String","1","98","101","3","0","1","modArticleService","False","False","","False","False",""
"modArticleService","BuildProductGroupComboRowSource","Function","Public","Public Function BuildProductGroupComboRowSource() As String","String","","0","103","114","9","0","2","modArticleService","False","False","","False","False",""
"modArticleService","BuildArticleTypeComboRowSource","Function","Public","Public Function BuildArticleTypeComboRowSource() As String","String","","0","116","128","10","0","2","modArticleService","False","False","","False","False",""
"modArticleService","BuildUnitComboRowSource","Function","Public","Public Function BuildUnitComboRowSource() As String","String","","0","130","142","10","0","2","modArticleService","False","False","","False","False",""
"modArticleService","BuildVatComboRowSource","Function","Public","Public Function BuildVatComboRowSource() As String","String","","0","144","157","11","0","2","modArticleService","False","False","","False","False",""
"modArticleService","ConfigureArticleDetailCombos","Sub","Public","Public Sub ConfigureArticleDetailCombos(ByVal formInstance As Access.Form)","","ByVal formInstance As Access.Form","1","159","174","12","0","1","modArticleService","False","False","","True","False",""
"modArticleService","ApplyDefaultValues","Sub","Public","Public Sub ApplyDefaultValues(ByVal formInstance As Access.Form)","","ByVal formInstance As Access.Form","1","176","205","23","0","2","modArticleGroupService; modArticleService","False","False","","True","False",""
"modArticleService","ValidateArticleForm","Function","Public","Public Function ValidateArticleForm(ByVal formInstance As Access.Form) As Boolean","Boolean","ByVal formInstance As Access.Form","1","207","289","67","0","3","modArticleService","False","False","","True","False","MESSAGE_BOX"
"modArticleService","PrepareArticleForSave","Sub","Public","Public Sub PrepareArticleForSave(ByVal formInstance As Access.Form)","","ByVal formInstance As Access.Form","1","291","334","35","0","1","modArticleService","False","False","","True","False",""
"modArticleService","ArticleNoExists","Function","Public","Public Function ArticleNoExists(ByVal ArticleNo As String, Optional ByVal excludeArticleId As Long = 0) As Boolean","Boolean","ByVal ArticleNo As String; Optional ByVal excludeArticleId As Long = 0","2","336","354","13","0","5","modArticleService","False","False","","True","False",""
"modArticleService","GenerateNextArticleNo","Function","Public","Public Function GenerateNextArticleNo() As String","String","","0","356","381","21","0","6","modArticleService","False","False","","True","False",""
"modArticleService","ResolveNextArticleNo","Function","Public","Public Function ResolveNextArticleNo() As String","String","","0","383","385","2","0","1","modArticleService","False","False","","False","False",""
"modArticleService","ResolveArticleDisplayName","Function","Public","Public Function ResolveArticleDisplayName(ByVal formInstance As Access.Form) As String","String","ByVal formInstance As Access.Form","1","387","401","12","0","3","modArticleService","False","False","","False","False",""
"modArticleService","ResolveArticleId","Function","Public","Public Function ResolveArticleId(ByVal formInstance As Access.Form) As Long","Long","ByVal formInstance As Access.Form","1","403","417","11","0","3","modArticleService","False","False","","True","False",""
"modArticleService","ConfigureComboIfPresent","Sub","Private","Private Sub ConfigureComboIfPresent(     ByVal formInstance As Access.Form,     ByVal ControlName As String,     ByVal rowSource As String,     ByVal columnCount As Integer,     ByVal columnWidths As String)","","ByVal formInstance As Access.Form; ByVal ControlName As String; ByVal rowSource As String; ByVal columnCount As Integer; ByVal columnWidths As String","5","419","438","11","0","4","modArticleService","False","False","","True","False",""
"modArticleService","ResolveFieldText","Function","Private","Private Function ResolveFieldText(ByVal formInstance As Access.Form, ByVal fieldName As String) As String","String","ByVal formInstance As Access.Form; ByVal fieldName As String","2","440","446","4","0","23","modArticleGroupService; modArticleService","False","False","","True","False",""
"modArticleService","ResolveLongFieldValue","Function","Private","Private Function ResolveLongFieldValue(ByVal formInstance As Access.Form, ByVal fieldName As String) As Long","Long","ByVal formInstance As Access.Form; ByVal fieldName As String","2","448","454","4","0","2","modArticleService","False","False","","True","False",""
"modArticleService","ResolveRawFieldValue","Function","Private","Private Function ResolveRawFieldValue(ByVal formInstance As Access.Form, ByVal fieldName As String) As Variant","Variant","ByVal formInstance As Access.Form; ByVal fieldName As String","2","456","473","13","0","6","modArticleService","False","False","","True","False",""
"modArticleService","ConvertFieldNameToPascal","Function","Private","Private Function ConvertFieldNameToPascal(ByVal fieldName As String) As String","String","ByVal fieldName As String","1","475","485","9","0","6","modArticleGroupService; modArticleService","False","False","","False","False",""
"modArticleService","SetFieldValueIfPresent","Sub","Private","Private Sub SetFieldValueIfPresent(ByVal formInstance As Access.Form, ByVal fieldName As String, ByVal fieldValue As Variant)","","ByVal formInstance As Access.Form; ByVal fieldName As String; ByVal fieldValue As Variant","3","487","499","9","0","10","modArticleGroupService; modArticleService","False","False","","True","False",""
"modArticleService","HasFormControl","Function","Private","Private Function HasFormControl(ByVal formInstance As Access.Form, ByVal ControlName As String) As Boolean","Boolean","ByVal formInstance As Access.Form; ByVal ControlName As String","2","501","518","13","0","19","modArticleGroupService; modArticleService","False","False","","True","False",""
"modArticleService","EscapeLikeValue","Function","Private","Private Function EscapeLikeValue(ByVal valueText As String) As String","String","ByVal valueText As String","1","520","527","7","0","4","modArticleGroupService; modArticleService","False","False","","False","False",""
"modAuditHelper","ApplyAuditFields","Sub","Public","Public Sub ApplyAuditFields(ByVal targetForm As Access.Form)","","ByVal targetForm As Access.Form","1","18","57","30","0","1","modAuditHelper","False","False","","True","False",""
"modAuditHelper","ResolveAuditUserName","Function","Public","Public Function ResolveAuditUserName() As String","String","","0","58","82","21","0","18","modAuditHelper; modFwTranslationEditService; modOrderRepository","False","False","","True","False",""
"modAuditHelper","HasRecordsetField","Function","Public","Public Function HasRecordsetField(ByVal targetForm As Access.Form, ByVal fieldName As String) As Boolean","Boolean","ByVal targetForm As Access.Form; ByVal fieldName As String","2","84","102","14","0","3","modAuditHelper","False","False","","True","False",""
"modAuditHelper","GetRecordsetFieldValue","Function","Public","Public Function GetRecordsetFieldValue(ByVal targetForm As Access.Form, ByVal fieldName As String) As Variant","Variant","ByVal targetForm As Access.Form; ByVal fieldName As String","2","104","112","6","0","1","modAuditHelper","False","False","","True","False",""
"modAuditHelper","SetRecordsetFieldValue","Sub","Public","Public Sub SetRecordsetFieldValue(ByVal targetForm As Access.Form, ByVal fieldName As String, ByVal fieldValue As Variant)","","ByVal targetForm As Access.Form; ByVal fieldName As String; ByVal fieldValue As Variant","3","114","122","6","0","10","modFwTranslationAuditService","False","False","","True","False",""
"modAuditHelper","HasEditableRecordset","Function","Private","Private Function HasEditableRecordset(ByVal targetForm As Access.Form) As Boolean","Boolean","ByVal targetForm As Access.Form","1","124","138","10","0","2","modAuditHelper","False","False","","True","False",""
"modAuditHelper","IsValueEmpty","Function","Private","Private Function IsValueEmpty(ByVal fieldValue As Variant) As Boolean","Boolean","ByVal fieldValue As Variant","1","140","146","6","0","2","modAuditHelper","False","False","","False","False",""
"modAuditHelper","HasBoundControl","Function","Private","Private Function HasBoundControl(ByVal targetForm As Access.Form, ByVal ControlName As String) As Boolean","Boolean","ByVal targetForm As Access.Form; ByVal ControlName As String","2","147","166","15","0","5","modAuditHelper","False","False","","True","False",""
"modBackendLinker","RelinkBackendTables","Function","Public","Public Function RelinkBackendTables() As Boolean","Boolean","","0","15","55","29","0","5","modBackendLinker","False","True","","True","True",""
"modBackendLinker","GetLinkedTableCount","Function","Public","Public Function GetLinkedTableCount() As Long","Long","","0","57","78","16","0","3","modBackendLinker","False","True","","True","False",""
"modBackendLinker","IsLinkedAccessTable","Function","Private","Private Function IsLinkedAccessTable(ByVal tableDef As DAO.tableDef) As Boolean","Boolean","ByVal tableDef As DAO.tableDef","1","80","89","7","0","6","modBackendLinker; modBasicModuleSchema","False","False","","False","False",""
"modBackendLinker","RelinkTable","Function","Private","Private Function RelinkTable(ByVal tableDef As DAO.tableDef, ByVal backendPath As String) As Boolean","Boolean","ByVal tableDef As DAO.tableDef; ByVal backendPath As String","2","91","107","10","0","5","modBackendLinker","False","False","","True","True",""
"modBackendLinker","ShouldSkipTable","Function","Private","Private Function ShouldSkipTable(ByVal tableName As String) As Boolean","Boolean","ByVal tableName As String","1","109","137","22","0","7","modBackendLinker","False","False","","False","False",""
"modBasicModuleSchema","CreateBasicModuleTables","Sub","Public","Public Sub CreateBasicModuleTables(Optional ByVal backendPath As String = vbNullString)","","Optional ByVal backendPath As String = vbNullString","1","17","60","35","0","1","modBasicModuleSchema","False","True","","True","False","MESSAGE_BOX"
"modBasicModuleSchema","EnsureOrderPhase1Schema","Function","Public","Public Function EnsureOrderPhase1Schema(Optional ByVal backendPath As String = vbNullString) As Boolean","Boolean","Optional ByVal backendPath As String = vbNullString","1","62","93","26","0","6","modBasicModuleSchema; modFwSetup; modOrderRepository","True","True","","True","False",""
"modBasicModuleSchema","EnsureTemporaryOrderWorkspaceSchema","Function","Private","Private Function EnsureTemporaryOrderWorkspaceSchema(ByVal db As DAO.Database) As Boolean","Boolean","ByVal db As DAO.Database","1","95","124","23","0","4","modBasicModuleSchema","False","False","","True","False",""
"modBasicModuleSchema","DiagnoseOrderSchema","Sub","Public","Public Sub DiagnoseOrderSchema(Optional ByVal backendPath As String = vbNullString)","","Optional ByVal backendPath As String = vbNullString","1","126","162","31","0","13","modBasicModuleSchema","False","True","","True","True",""
"modBasicModuleSchema","OpenSchemaDatabase","Function","Private","Private Function OpenSchemaDatabase(     ByVal explicitBackendPath As String,     ByRef resolvedDb As DAO.Database,     ByRef shouldCloseDb As Boolean) As Boolean","Boolean","ByVal explicitBackendPath As String; ByRef resolvedDb As DAO.Database; ByRef shouldCloseDb As Boolean","3","164","212","37","0","9","modBasicModuleSchema","True","True","","True","True",""
"modBasicModuleSchema","CreateRefAddressType","Sub","Private","Private Sub CreateRefAddressType(ByVal db As DAO.Database)","","ByVal db As DAO.Database","1","214","230","14","0","1","modBasicModuleSchema","False","False","","False","False",""
"modBasicModuleSchema","CreateRefSalutation","Sub","Private","Private Sub CreateRefSalutation(ByVal db As DAO.Database)","","ByVal db As DAO.Database","1","232","248","14","0","1","modBasicModuleSchema","False","False","","False","False",""
"modBasicModuleSchema","CreateRefAddressingMode","Sub","Private","Private Sub CreateRefAddressingMode(ByVal db As DAO.Database)","","ByVal db As DAO.Database","1","250","266","14","0","1","modBasicModuleSchema","False","False","","False","False",""
"modBasicModuleSchema","CreateRefContactType","Sub","Private","Private Sub CreateRefContactType(ByVal db As DAO.Database)","","ByVal db As DAO.Database","1","268","284","14","0","1","modBasicModuleSchema","False","False","","False","False",""
"modBasicModuleSchema","CreateRefLanguage","Sub","Private","Private Sub CreateRefLanguage(ByVal db As DAO.Database)","","ByVal db As DAO.Database","1","286","309","19","0","1","modBasicModuleSchema","False","False","","False","False",""
"modBasicModuleSchema","CreateTenPaymentTerms","Sub","Private","Private Sub CreateTenPaymentTerms(ByVal db As DAO.Database)","","ByVal db As DAO.Database","1","311","340","24","0","1","modBasicModuleSchema","False","False","","False","False",""
"modBasicModuleSchema","CreateRefVatCodes","Sub","Private","Private Sub CreateRefVatCodes(ByVal db As DAO.Database)","","ByVal db As DAO.Database","1","342","362","18","0","1","modBasicModuleSchema","False","False","","False","False",""
"modBasicModuleSchema","CreateRefUnits","Sub","Private","Private Sub CreateRefUnits(ByVal db As DAO.Database)","","ByVal db As DAO.Database","1","364","380","14","0","1","modBasicModuleSchema","False","False","","False","False",""
"modBasicModuleSchema","EnsureRefLanguageSchema","Function","Private","Private Function EnsureRefLanguageSchema(ByVal db As DAO.Database) As Boolean","Boolean","ByVal db As DAO.Database","1","382","414","24","0","4","modBasicModuleSchema","False","False","","True","False","DB_EXECUTE"
"modBasicModuleSchema","SeedRefLanguageData","Function","Private","Private Function SeedRefLanguageData(ByVal db As DAO.Database) As Boolean","Boolean","ByVal db As DAO.Database","1","416","432","12","0","4","modBasicModuleSchema","False","False","","True","False",""
"modBasicModuleSchema","UpsertRefLanguage","Sub","Private","Private Sub UpsertRefLanguage(     ByVal db As DAO.Database,     ByVal languageCode As String,     ByVal languageName As String,     ByVal isoLanguageCode As String,     ByVal countryCode As String,     ByVal isDefault As Boolean,     ByVal isActive As Boolean,     ByVal sortOrder As Long)","","ByVal db As DAO.Database; ByVal languageCode As String; ByVal languageName As String; ByVal isoLanguageCode As String; ByVal countryCode As String; ByVal isDefault As Boolean; ByVal isActive As Boolean; ByVal sortOrder As Long","8","434","478","30","0","6","modBasicModuleSchema","False","False","","True","False","DB_MUTATION"
"modBasicModuleSchema","EnsureLinkedAccessTable","Function","Private","Private Function EnsureLinkedAccessTable(ByVal frontendDb As DAO.Database, ByVal backendPath As String, ByVal tableName As String) As Boolean","Boolean","ByVal frontendDb As DAO.Database; ByVal backendPath As String; ByVal tableName As String","3","480","522","31","0","5","modBasicModuleSchema","False","False","","True","True","DB_MUTATION"
"modBasicModuleSchema","CreateTblProductGroups","Sub","Private","Private Sub CreateTblProductGroups(ByVal db As DAO.Database)","","ByVal db As DAO.Database","1","528","552","19","0","1","modBasicModuleSchema","False","False","","False","False",""
"modBasicModuleSchema","CreateRefArticleTypeCodes","Sub","Private","Private Sub CreateRefArticleTypeCodes(ByVal db As DAO.Database)","","ByVal db As DAO.Database","1","554","576","18","0","1","modBasicModuleSchema","False","False","","False","False",""
"modBasicModuleSchema","CreateTblArticles","Sub","Private","Private Sub CreateTblArticles(ByVal db As DAO.Database)","","ByVal db As DAO.Database","1","578","610","26","0","1","modBasicModuleSchema","False","False","","False","False",""
"modBasicModuleSchema","CreateTblOrders","Sub","Private","Private Sub CreateTblOrders(ByVal db As DAO.Database)","","ByVal db As DAO.Database","1","612","656","42","0","2","modBasicModuleSchema","False","False","","False","False",""
"modBasicModuleSchema","CreateTblOrderLines","Sub","Private","Private Sub CreateTblOrderLines(ByVal db As DAO.Database)","","ByVal db As DAO.Database","1","658","693","33","0","2","modBasicModuleSchema","False","False","","False","False",""
"modBasicModuleSchema","EnsureSystemLanguageReferenceSchema","Function","Public","Public Function EnsureSystemLanguageReferenceSchema(Optional ByVal sysBackendPath As String = vbNullString) As Boolean","Boolean","Optional ByVal sysBackendPath As String = vbNullString","1","695","728","26","0","6","modBasicModuleSchema; modFwSetup","True","True","","True","False",""
"modBasicModuleSchema","CreateTmpOrders","Sub","Private","Private Sub CreateTmpOrders(ByVal db As DAO.Database)","","ByVal db As DAO.Database","1","730","776","44","0","3","modBasicModuleSchema","False","False","","False","False",""
"modBasicModuleSchema","CreateTmpOrderLines","Sub","Private","Private Sub CreateTmpOrderLines(ByVal db As DAO.Database)","","ByVal db As DAO.Database","1","778","815","35","0","3","modBasicModuleSchema","False","False","","False","False",""
"modBasicModuleSchema","EnsureOrderPhase1SchemaForDatabase","Function","Private","Private Function EnsureOrderPhase1SchemaForDatabase(ByVal db As DAO.Database) As Boolean","Boolean","ByVal db As DAO.Database","1","817","854","29","0","5","modBasicModuleSchema","False","False","","True","False",""
"modBasicModuleSchema","EnsureOrderHeaderSchema","Function","Private","Private Function EnsureOrderHeaderSchema(ByVal db As DAO.Database) As Boolean","Boolean","ByVal db As DAO.Database","1","856","900","41","0","3","modBasicModuleSchema","False","False","","True","False",""
"modBasicModuleSchema","EnsureOrderLineSchema","Function","Private","Private Function EnsureOrderLineSchema(ByVal db As DAO.Database) As Boolean","Boolean","ByVal db As DAO.Database","1","902","937","32","0","3","modBasicModuleSchema","False","False","","True","False",""
"modBasicModuleSchema","EnsureTemporaryOrderHeaderSchema","Function","Private","Private Function EnsureTemporaryOrderHeaderSchema(ByVal db As DAO.Database) As Boolean","Boolean","ByVal db As DAO.Database","1","939","985","43","0","4","modBasicModuleSchema","False","False","","True","False",""
"modBasicModuleSchema","EnsureTemporaryOrderLineSchema","Function","Private","Private Function EnsureTemporaryOrderLineSchema(ByVal db As DAO.Database) As Boolean","Boolean","ByVal db As DAO.Database","1","987","1024","34","0","4","modBasicModuleSchema","False","False","","True","False",""
"modBasicModuleSchema","VerifyRequiredOrderFields","Function","Private","Private Function VerifyRequiredOrderFields(ByVal db As DAO.Database) As Boolean","Boolean","ByVal db As DAO.Database","1","1026","1049","19","0","4","modBasicModuleSchema","False","False","","True","False",""
"modBasicModuleSchema","CleanupLegacyOrderSchema","Function","Private","Private Function CleanupLegacyOrderSchema(ByVal db As DAO.Database) As Boolean","Boolean","ByVal db As DAO.Database","1","1051","1071","15","0","4","modBasicModuleSchema","False","False","","True","False",""
"modBasicModuleSchema","EnsureOrderHeaderIndexes","Function","Private","Private Function EnsureOrderHeaderIndexes(ByVal db As DAO.Database) As Boolean","Boolean","ByVal db As DAO.Database","1","1073","1100","15","0","3","modBasicModuleSchema","False","False","","True","False",""
"modBasicModuleSchema","EnsureOrderLineIndexes","Function","Private","Private Function EnsureOrderLineIndexes(ByVal db As DAO.Database) As Boolean","Boolean","ByVal db As DAO.Database","1","1102","1123","12","0","3","modBasicModuleSchema","False","False","","True","False",""
"modBasicModuleSchema","EnsureTemporaryOrderHeaderIndexes","Function","Private","Private Function EnsureTemporaryOrderHeaderIndexes(ByVal db As DAO.Database) As Boolean","Boolean","ByVal db As DAO.Database","1","1125","1138","8","0","4","modBasicModuleSchema","False","False","","True","False",""
"modBasicModuleSchema","EnsureTemporaryOrderLineIndexes","Function","Private","Private Function EnsureTemporaryOrderLineIndexes(ByVal db As DAO.Database) As Boolean","Boolean","ByVal db As DAO.Database","1","1140","1155","9","0","4","modBasicModuleSchema","False","False","","True","False",""
"modBasicModuleSchema","TableExists","Function","Private","Private Function TableExists(ByVal db As DAO.Database, ByVal tableName As String) As Boolean","Boolean","ByVal db As DAO.Database; ByVal tableName As String","2","1157","1172","12","0","114","modAddressRepository; modAppNavigationService; modArticleGroupService; modBasicModuleSchema; modContactRepository; modDemoDataSeeder; modDocumentCalculationService; modDocumentRepository; modFwComposerService; modFwSetup; modFwTranslationAuditService; modFwTranslationEditService; modFwTranslationRuntime; modFwTranslationTagGeneratorService; modMigrationPaymentTerms; modMigrationTranslations; modNumberRangeRepository; modOrderRepository; modOutputPathService; modTenantRepository; modUserRepository","False","False","","True","False",""
"modBasicModuleSchema","FieldExists","Function","Private","Private Function FieldExists(ByVal db As DAO.Database, ByVal tableName As String, ByVal fieldName As String) As Boolean","Boolean","ByVal db As DAO.Database; ByVal tableName As String; ByVal fieldName As String","3","1174","1192","15","0","51","modAppNavigationService; modArticleGroupService; modBasicModuleSchema; modDemoDataSeeder; modDocumentCalculationService; modFwSetup; modMigrationPaymentTerms; modMigrationTranslations","False","False","","True","False",""
"modBasicModuleSchema","EnsureTextField","Function","Private","Private Function EnsureTextField(ByVal db As DAO.Database, ByVal tableName As String, ByVal fieldName As String, ByVal FieldSize As Long, ByVal defaultValue As String, ByVal updateNullValues As Boolean) As Boolean","Boolean","ByVal db As DAO.Database; ByVal tableName As String; ByVal fieldName As String; ByVal FieldSize As Long; ByVal defaultValue As String; ByVal updateNullValues As Boolean","6","1194","1216","18","0","65","modBasicModuleSchema; modDocumentCalculationService","False","False","","True","True","DB_EXECUTE;DB_MUTATION"
"modBasicModuleSchema","EnsureLongField","Function","Private","Private Function EnsureLongField(ByVal db As DAO.Database, ByVal tableName As String, ByVal fieldName As String, ByVal defaultValue As Long, ByVal updateNullValues As Boolean) As Boolean","Boolean","ByVal db As DAO.Database; ByVal tableName As String; ByVal fieldName As String; ByVal defaultValue As Long; ByVal updateNullValues As Boolean","5","1218","1251","25","0","29","modBasicModuleSchema","False","False","","True","True","DB_EXECUTE;DB_MUTATION"
"modBasicModuleSchema","EnsureDoubleField","Function","Private","Private Function EnsureDoubleField(ByVal db As DAO.Database, ByVal tableName As String, ByVal fieldName As String, ByVal defaultValue As Double, ByVal updateNullValues As Boolean) As Boolean","Boolean","ByVal db As DAO.Database; ByVal tableName As String; ByVal fieldName As String; ByVal defaultValue As Double; ByVal updateNullValues As Boolean","5","1253","1276","18","0","10","modBasicModuleSchema","False","False","","True","True","DB_EXECUTE;DB_MUTATION"
"modBasicModuleSchema","EnsureCurrencyField","Function","Private","Private Function EnsureCurrencyField(ByVal db As DAO.Database, ByVal tableName As String, ByVal fieldName As String, ByVal defaultValue As Currency, ByVal updateNullValues As Boolean) As Boolean","Boolean","ByVal db As DAO.Database; ByVal tableName As String; ByVal fieldName As String; ByVal defaultValue As Currency; ByVal updateNullValues As Boolean","5","1278","1301","18","0","52","modBasicModuleSchema; modDocumentCalculationService","False","False","","True","True","DB_EXECUTE;DB_MUTATION"
"modBasicModuleSchema","EnsureDateField","Function","Private","Private Function EnsureDateField(ByVal db As DAO.Database, ByVal tableName As String, ByVal fieldName As String, ByVal defaultValue As Date, ByVal updateNullValues As Boolean) As Boolean","Boolean","ByVal db As DAO.Database; ByVal tableName As String; ByVal fieldName As String; ByVal defaultValue As Date; ByVal updateNullValues As Boolean","5","1303","1333","24","0","20","modBasicModuleSchema","False","False","","True","True","DB_EXECUTE;DB_MUTATION"
"modBasicModuleSchema","EnsureLongTextField","Function","Private","Private Function EnsureLongTextField(ByVal db As DAO.Database, ByVal tableName As String, ByVal fieldName As String) As Boolean","Boolean","ByVal db As DAO.Database; ByVal tableName As String; ByVal fieldName As String","3","1335","1350","12","0","10","modBasicModuleSchema","False","False","","True","True","DB_EXECUTE"
"modBasicModuleSchema","ApplyFieldDefaultValue","Sub","Private","Private Sub ApplyFieldDefaultValue(ByVal db As DAO.Database, ByVal tableName As String, ByVal fieldName As String, ByVal DefaultValueExpression As String)","","ByVal db As DAO.Database; ByVal tableName As String; ByVal fieldName As String; ByVal DefaultValueExpression As String","4","1352","1356","3","0","7","modBasicModuleSchema; modDocumentCalculationService","False","False","","True","False",""
"modBasicModuleSchema","EnsureRequiredFieldExists","Function","Private","Private Function EnsureRequiredFieldExists(ByVal db As DAO.Database, ByVal tableName As String, ByVal fieldName As String) As Boolean","Boolean","ByVal db As DAO.Database; ByVal tableName As String; ByVal fieldName As String","3","1358","1373","11","0","21","modBasicModuleSchema","False","False","","True","True",""
"modBasicModuleSchema","DropFieldIfExists","Sub","Private","Private Sub DropFieldIfExists(ByVal db As DAO.Database, ByVal tableName As String, ByVal fieldName As String)","","ByVal db As DAO.Database; ByVal tableName As String; ByVal fieldName As String","3","1375","1393","13","0","10","modBasicModuleSchema","False","False","","True","True","DB_EXECUTE"
"modBasicModuleSchema","EnsureIndexWhenFieldExists","Sub","Private","Private Sub EnsureIndexWhenFieldExists(     ByVal db As DAO.Database,     ByVal tableName As String,     ByVal fieldName As String,     ByVal indexName As String,     ByVal SqlText As String)","","ByVal db As DAO.Database; ByVal tableName As String; ByVal fieldName As String; ByVal indexName As String; ByVal SqlText As String","5","1395","1416","11","0","23","modBasicModuleSchema","False","False","","True","True",""
"modBasicModuleSchema","IsLinkedAccessTable","Function","Private","Private Function IsLinkedAccessTable(ByVal db As DAO.Database, ByVal tableName As String) As Boolean","Boolean","ByVal db As DAO.Database; ByVal tableName As String","2","1418","1433","11","0","6","modBackendLinker; modBasicModuleSchema","False","False","","True","False",""
"modBasicModuleSchema","ResolveLinkedTableBackendPath","Function","Private","Private Function ResolveLinkedTableBackendPath(ByVal db As DAO.Database, ByVal tableName As String) As String","String","ByVal db As DAO.Database; ByVal tableName As String","2","1435","1456","16","0","3","modBasicModuleSchema","False","False","","True","False",""
"modBasicModuleSchema","NormalizePath","Function","Private","Private Function NormalizePath(ByVal pathText As String) As String","String","ByVal pathText As String","1","1458","1460","2","0","2","modBasicModuleSchema","False","False","","False","False",""
"modBasicModuleSchema","OpenOrCreateAccessDatabase","Function","Private","Private Function OpenOrCreateAccessDatabase(ByVal databasePath As String) As DAO.Database","DAO.Database","ByVal databasePath As String","1","1462","1475","11","0","5","modBasicModuleSchema","False","False","","True","False",""
"modBasicModuleSchema","ResolveDatabasePath","Function","Private","Private Function ResolveDatabasePath(ByVal db As DAO.Database) As String","String","ByVal db As DAO.Database","1","1477","1489","10","0","8","modBasicModuleSchema","False","False","","True","False",""
"modBasicModuleSchema","RefreshTableDefinition","Sub","Private","Private Sub RefreshTableDefinition(ByVal db As DAO.Database, ByVal tableName As String)","","ByVal db As DAO.Database; ByVal tableName As String","2","1491","1503","9","0","3","modBasicModuleSchema","False","False","","True","False",""
"modBasicModuleSchema","LogTableFieldNames","Sub","Private","Private Sub LogTableFieldNames(ByVal db As DAO.Database, ByVal tableName As String, ByVal SourceProcedure As String)","","ByVal db As DAO.Database; ByVal tableName As String; ByVal SourceProcedure As String","3","1505","1528","17","0","1","modBasicModuleSchema","False","False","","True","True",""
"modBasicModuleSchema","ExecuteCreateIndexIfMissing","Sub","Private","Private Sub ExecuteCreateIndexIfMissing(     ByVal db As DAO.Database,     ByVal tableName As String,     ByVal indexName As String,     ByVal SqlText As String)","","ByVal db As DAO.Database; ByVal tableName As String; ByVal indexName As String; ByVal SqlText As String","4","1530","1547","10","0","18","modBasicModuleSchema","False","False","","True","False",""
"modBasicModuleSchema","IndexExists","Function","Private","Private Function IndexExists(     ByVal db As DAO.Database,     ByVal tableName As String,     ByVal indexName As String) As Boolean","Boolean","ByVal db As DAO.Database; ByVal tableName As String; ByVal indexName As String","3","1549","1573","17","0","12","modAppNavigationService; modArticleGroupService; modBasicModuleSchema; modMigrationPaymentTerms","False","False","","True","False",""
"modBasicModuleSchema","ExecuteDdl","Sub","Private","Private Sub ExecuteDdl(ByVal db As DAO.Database, ByVal SqlText As String)","","ByVal db As DAO.Database; ByVal SqlText As String","2","1575","1593","15","0","17","modBasicModuleSchema","False","False","","True","False","DB_EXECUTE"
"modBasicModuleSchema","SqlText","Function","Private","Private Function SqlText(ByVal valueText As String) As String","String","ByVal valueText As String","1","1595","1597","2","0","356","modAppNavigationService; modAppShell; modArticleGroupService; modArticleService; modBasicModuleSchema; modDemoDataSeeder; modDocumentCalculationService; modDocumentRepository; modFwComposerService; modFwSetup; modFwTranslationAuditService; modFwTranslationEditService; modFwTranslationRuntime; modFwTranslationTagGeneratorService; modMigrationPaymentTerms; modMigrationTranslations; modOrderCalculationService; modOrderRepository; modSqlHelper","False","False","","False","False",""
"modBootstrap","BootstrapApplication","Function","Public","Public Function BootstrapApplication(Optional ByVal IniPath As String = vbNullString) As Boolean","Boolean","Optional ByVal IniPath As String = vbNullString","1","14","61","35","0","15","modBootstrap","False","False","","True","True",""
"modBootstrap","EnsureBootstrapped","Function","Public","Public Function EnsureBootstrapped(Optional ByVal IniPath As String = vbNullString) As Boolean","Boolean","Optional ByVal IniPath As String = vbNullString","1","63","69","6","0","3","modAppShell; modBootstrap","False","False","","False","False",""
"modConfigIni","InitializeConfiguration","Function","Public","Public Function InitializeConfiguration(Optional ByVal IniPath As String = vbNullString) As Boolean","Boolean","Optional ByVal IniPath As String = vbNullString","1","33","54","16","0","5","modBootstrap; modConfigIni","False","False","","True","False",""
"modConfigIni","ResolveConfigPath","Function","Public","Public Function ResolveConfigPath(Optional ByVal IniPath As String = vbNullString) As String","String","Optional ByVal IniPath As String = vbNullString","1","56","76","17","0","5","modConfigIni","False","False","","False","False",""
"modConfigIni","GetIniString","Function","Public","Public Function GetIniString(ByVal SectionName As String, ByVal keyName As String, Optional ByVal defaultValue As String = vbNullString, Optional ByVal IniPath As String = vbNullString) As String","String","ByVal SectionName As String; ByVal keyName As String; Optional ByVal defaultValue As String = vbNullString; Optional ByVal IniPath As String = vbNullString","4","78","104","21","0","9","modConfigIni; modLicenseHandler","False","False","","True","False",""
"modConfigIni","GetConfigValue","Function","Public","Public Function GetConfigValue(ByVal SectionName As String, ByVal keyName As String, Optional ByVal defaultValue As String = vbNullString, Optional ByVal IniPath As String = vbNullString) As String","String","ByVal SectionName As String; ByVal keyName As String; Optional ByVal defaultValue As String = vbNullString; Optional ByVal IniPath As String = vbNullString","4","106","108","2","0","15","modConfigIni; modDb; modFwDiagnostics; modFwTranslationRuntime; modSessionContext; modTenantContext","False","False","","False","False",""
"modConfigIni","GetIniBoolean","Function","Public","Public Function GetIniBoolean(ByVal SectionName As String, ByVal keyName As String, Optional ByVal defaultValue As Boolean = False, Optional ByVal IniPath As String = vbNullString) As Boolean","Boolean","ByVal SectionName As String; ByVal keyName As String; Optional ByVal defaultValue As Boolean = False; Optional ByVal IniPath As String = vbNullString","4","110","123","11","0","7","modConfigIni; modFwDiagnostics; modLicenseHandler","False","False","","False","False",""
"modConfigIni","GetIniLong","Function","Public","Public Function GetIniLong(ByVal SectionName As String, ByVal keyName As String, Optional ByVal defaultValue As Long = 0, Optional ByVal IniPath As String = vbNullString) As Long","Long","ByVal SectionName As String; ByVal keyName As String; Optional ByVal defaultValue As Long = 0; Optional ByVal IniPath As String = vbNullString","4","125","134","8","0","2","modConfigIni","False","False","","False","False",""
"modConfigIni","NormalizeToken","Function","Private","Private Function NormalizeToken(ByVal Value As String) As String","String","ByVal Value As String","1","136","138","2","0","3","modConfigIni","False","False","","False","False",""
"modConfigIni","BoolToIni","Function","Private","Private Function BoolToIni(ByVal Value As Boolean) As String","String","ByVal Value As Boolean","1","140","146","6","0","3","modConfigIni","False","False","","False","False",""
"modConfigIni","NormalizeLogLevel","Function","Private","Private Function NormalizeLogLevel(ByVal Value As String) As String","String","ByVal Value As String","1","148","157","9","0","4","modConfigIni","False","False","","False","False",""
"modContactRepository","CreateContact","Function","Public","Public Function CreateContact(     ByVal addressId As Long,     ByVal contactTypeCode As String,     ByVal ContactValue As String,     Optional ByVal IsPrimary As Boolean = False,     Optional ByVal remarks As String = """" ) As Long","Long","ByVal addressId As Long; ByVal contactTypeCode As String; ByVal ContactValue As String; Optional ByVal IsPrimary As Boolean = False; Optional ByVal remarks As String = """"","5","24","76","36","0","5","modContactRepository","False","True","","True","True","DB_MUTATION"
"modContactRepository","GetPrimaryContactValue","Function","Public","Public Function GetPrimaryContactValue(ByVal addressId As Long, ByVal contactTypeCode As String, Optional ByVal defaultValue As String = """") As String","String","ByVal addressId As Long; ByVal contactTypeCode As String; Optional ByVal defaultValue As String = """"","3","78","127","40","0","4","modContactRepository","False","True","","True","False",""
"modContactRepository","ContactExists","Function","Public","Public Function ContactExists(ByVal ContactId As Long) As Boolean","Boolean","ByVal ContactId As Long","1","129","159","23","0","5","modContactRepository; modDemoDataSeeder","False","True","","True","False",""
"modContactRepository","CanReadContacts","Function","Private","Private Function CanReadContacts() As Boolean","Boolean","","0","161","175","10","0","6","modContactRepository","False","False","","False","True",""
"modContactRepository","CanWriteContacts","Function","Private","Private Function CanWriteContacts() As Boolean","Boolean","","0","177","179","2","0","2","modContactRepository","False","False","","False","False",""
"modContactRepository","TableExists","Function","Private","Private Function TableExists(ByVal tableName As String) As Boolean","Boolean","ByVal tableName As String","1","181","204","19","0","114","modAddressRepository; modAppNavigationService; modArticleGroupService; modBasicModuleSchema; modContactRepository; modDemoDataSeeder; modDocumentCalculationService; modDocumentRepository; modFwComposerService; modFwSetup; modFwTranslationAuditService; modFwTranslationEditService; modFwTranslationRuntime; modFwTranslationTagGeneratorService; modMigrationPaymentTerms; modMigrationTranslations; modNumberRangeRepository; modOrderRepository; modOutputPathService; modTenantRepository; modUserRepository","False","True","","True","False",""
"modContactRepository","SetRecordsetValue","Sub","Private","Private Sub SetRecordsetValue(ByVal rs As DAO.Recordset, ByVal fieldName As String, ByVal fieldValue As Variant)","","ByVal rs As DAO.Recordset; ByVal fieldName As String; ByVal fieldValue As Variant","3","206","210","4","0","151","modAddressRepository; modContactRepository; modDocumentCalculationService; modDocumentRepository; modOrderCalculationService; modOrderRepository","False","False","","False","False",""
"modContactRepository","ResolveFieldValue","Function","Private","Private Function ResolveFieldValue(ByVal rs As DAO.Recordset, ByVal fieldName As String, ByVal defaultValue As String) As String","String","ByVal rs As DAO.Recordset; ByVal fieldName As String; ByVal defaultValue As String","3","212","218","6","0","10","modAddressRepository; modContactRepository","False","False","","False","False",""
"modContactRepository","ResolveCreatedBy","Function","Private","Private Function ResolveCreatedBy() As String","String","","0","220","226","6","0","9","modAddressRepository; modContactRepository; modDocumentRepository","False","False","","False","False",""
"modCurrencyFormatService","FormatCurrencyAmount","Function","Public","Public Function FormatCurrencyAmount(     ByVal Amount As Currency,     ByVal CurrencyCode As String ) As String","String","ByVal Amount As Currency; ByVal CurrencyCode As String","2","30","57","17","0","5","modCurrencyFormatService","False","False","","True","True",""
"modCurrencyFormatService","NormalizeCurrencyCode","Function","Public","Public Function NormalizeCurrencyCode(ByVal CurrencyCode As String) As String","String","ByVal CurrencyCode As String","1","59","75","11","0","9","modCurrencyFormatService","False","False","","True","True",""
"modCurrencyFormatService","GetCurrencyFormat","Function","Private","Private Function GetCurrencyFormat(ByVal CurrencyCode As String) As tCurrencyFormat","tCurrencyFormat","ByVal CurrencyCode As String","1","77","141","37","0","11","modCurrencyFormatService","True","False","","True","True",""
"modCurrencyFormatService","GetCurrencyFormatFallback","Function","Private","Private Function GetCurrencyFormatFallback(ByVal CurrencyCode As String) As tCurrencyFormat","tCurrencyFormat","ByVal CurrencyCode As String","1","143","162","15","0","12","modCurrencyFormatService","False","False","","True","False",""
"modCurrencyFormatService","FormatNumberCustom","Function","Private","Private Function FormatNumberCustom(     ByVal Amount As Currency,     ByRef fmt As tCurrencyFormat ) As String","String","ByVal Amount As Currency; ByRef fmt As tCurrencyFormat","2","164","215","37","0","6","modCurrencyFormatService","False","False","","True","True",""
"modCurrencyFormatService","AddThousands","Function","Private","Private Function AddThousands(ByVal valueText As String, ByVal sep As String) As String","String","ByVal valueText As String; ByVal sep As String","2","217","249","24","0","6","modCurrencyFormatService","False","False","","True","True",""
"modDaoHelper","NzString","Function","Public","Public Function NzString(ByVal Value As Variant, Optional ByVal defaultValue As String = """") As String","String","ByVal Value As Variant; Optional ByVal defaultValue As String = """"","2","14","27","11","0","202","modAddressRepository; modAppNavigationService; modAppShell; modArticleGroupService; modArticleService; modContactRepository; modDaoHelper; modDeepLTranslationService; modDocumentCalculationService; modDocumentRepository; modFormLocalization; modFwComposerService; modFwSetup; modFwTranslationAuditService; modFwTranslationEditService; modFwTranslationRuntime; modFwTranslationTagGeneratorService; modFwValidationRuntime; modNumberingHandler; modNumberRangeRepository; modOrderCalculationService; modOrderRepository; modTenantRepository; modTranslationService; modUserRepository","False","False","","True","False",""
"modDaoHelper","NzLong","Function","Public","Public Function NzLong(ByVal Value As Variant, Optional ByVal defaultValue As Long = 0) As Long","Long","ByVal Value As Variant; Optional ByVal defaultValue As Long = 0","2","29","44","13","0","38","modAddressRepository; modAppNavigationService; modArticleGroupService; modArticleService; modContactRepository; modDaoHelper; modDemoDataSeeder; modDocumentCalculationService; modDocumentRepository; modFwSetup; modFwTranslationAuditService; modFwTranslationTagGeneratorService; modNumberingHandler; modNumberRangeRepository; modOrderCalculationService; modOrderRepository","False","False","","True","False",""
"modDaoHelper","NzBoolean","Function","Public","Public Function NzBoolean(ByVal Value As Variant, Optional ByVal defaultValue As Boolean = False) As Boolean","Boolean","ByVal Value As Variant; Optional ByVal defaultValue As Boolean = False","2","46","66","18","0","17","modAppNavigationService; modContactRepository; modDaoHelper; modFwTranslationTagGeneratorService; modNumberingHandler; modNumberRangeRepository; modOrderRepository; modTranslationService; modUserRepository","False","False","","True","False",""
"modDaoHelper","RecordsetHasField","Function","Public","Public Function RecordsetHasField(ByVal rs As DAO.Recordset, ByVal fieldName As String) As Boolean","Boolean","ByVal rs As DAO.Recordset; ByVal fieldName As String","2","68","90","18","0","77","modAddressRepository; modContactRepository; modDaoHelper; modDemoDataSeeder; modDocumentCalculationService; modDocumentRepository; modFwTranslationAuditService; modFwTranslationEditService; modMigrationTranslations; modNumberingHandler; modNumberRangeRepository; modOrderCalculationService; modOrderRepository; modTenantRepository; modTranslationService; modUserRepository","False","False","","True","False",""
"modDb","GetCurrentDatabase","Function","Public","Public Function GetCurrentDatabase() As DAO.Database","DAO.Database","","0","18","27","7","0","67","modAddressRepository; modBackendLinker; modContactRepository; modDb; modDocumentCalculationService; modDocumentRepository; modNumberingHandler; modNumberRangeRepository; modOrderCalculationService; modOrderRepository; modOutputPathService; modTenantRepository; modTranslationService; modUserRepository","True","False","","True","False",""
"modDb","GetBackendPath","Function","Public","Public Function GetBackendPath() As String","String","","0","29","44","12","0","12","modAppDashboardService; modAppShell; modBackendLinker; modBasicModuleSchema; modDb; modFwDiagnostics","False","False","","True","False",""
"modDb","BackendExists","Function","Public","Public Function BackendExists() As Boolean","Boolean","","0","46","63","13","0","5","modDb","False","False","","True","True",""
"modDb","ValidateBackendConfiguration","Function","Public","Public Function ValidateBackendConfiguration() As Boolean","Boolean","","0","65","100","25","0","31","modAddressRepository; modAppDashboardService; modAppShell; modBackendLinker; modContactRepository; modDb; modDocumentCalculationService; modDocumentPostingHandler; modDocumentRepository; modNumberRangeRepository; modOrderRepository; modOutputPathService; modPdfExportService; modTenantRepository; modUserRepository","False","False","","True","True",""
"modDb","BuildValidationContext","Function","Private","Private Function BuildValidationContext() As String","String","","0","102","118","13","0","2","modDb","False","False","","False","False",""
"modDb","ShouldLogSuccessfulValidation","Function","Private","Private Function ShouldLogSuccessfulValidation(ByVal backendPath As String, ByVal ValidationContext As String) As Boolean","Boolean","ByVal backendPath As String; ByVal ValidationContext As String","2","120","138","14","0","2","modDb","False","False","mLastValidationSucceeded;mLastValidatedBackendPath;mLastValidationContext","False","False",""
"modDb","ResetBackendValidationLogGuard","Sub","Private","Private Sub ResetBackendValidationLogGuard()","","","0","140","144","4","0","3","modDb","False","False","mLastValidatedBackendPath;mLastValidationContext;mLastValidationSucceeded","False","False",""
"modDeepLTranslationService","ResolveDeepLApiKey","Function","Public","Public Function ResolveDeepLApiKey() As String","String","","0","25","34","7","0","4","modDeepLTranslationService","False","False","","True","False",""
"modDeepLTranslationService","ResolveDeepLBaseUrl","Function","Public","Public Function ResolveDeepLBaseUrl() As String","String","","0","36","56","15","0","4","modDeepLTranslationService","False","False","","True","False",""
"modDeepLTranslationService","TranslateText","Function","Public","Public Function TranslateText(     ByVal sourceText As String,     ByVal sourceLang As String,     ByVal targetLang As String,     Optional ByVal contextText As String = """") As String","String","ByVal sourceText As String; ByVal sourceLang As String; ByVal targetLang As String; Optional ByVal contextText As String = """"","4","58","129","49","0","10","modDeepLTranslationService","False","False","","True","True",""
"modDeepLTranslationService","SuggestMissingTranslations","Function","Public","Public Function SuggestMissingTranslations(     ByVal sourceText As String,     Optional ByVal sourceLang As String = LANGUAGE_DE_CH,     Optional ByVal existingEnUs As String = """",     Optional ByVal existingFrFr As String = """",     Optional ByVal contextText As String = """",     Optional ByVal overwriteFilledTargets As Boolean = False) As Object","Object","ByVal sourceText As String; Optional ByVal sourceLang As String = LANGUAGE_DE_CH; Optional ByVal existingEnUs As String = """"; Optional ByVal existingFrFr As String = """"; Optional ByVal contextText As String = """"; Optional ByVal overwriteFilledTargets As Boolean = False","6","131","164","20","0","3","modDeepLTranslationService","False","False","","True","False",""
"modDeepLTranslationService","BuildTranslateRequestBody","Function","Private","Private Function BuildTranslateRequestBody(     ByVal sourceText As String,     ByVal sourceLang As String,     ByVal targetLang As String,     ByVal contextText As String) As String","String","ByVal sourceText As String; ByVal sourceLang As String; ByVal targetLang As String; ByVal contextText As String","4","166","182","9","0","6","modDeepLTranslationService","False","False","","False","False",""
"modDeepLTranslationService","ResolveDeepLLanguageCode","Function","Private","Private Function ResolveDeepLLanguageCode(ByVal languageCode As String, ByVal isTargetLanguage As Boolean) As String","String","ByVal languageCode As String; ByVal isTargetLanguage As Boolean","2","184","203","18","0","8","modDeepLTranslationService","False","False","","False","False",""
"modDeepLTranslationService","ShouldSuggestTarget","Function","Private","Private Function ShouldSuggestTarget(ByVal existingValue As String, ByVal overwriteFilledTargets As Boolean) As Boolean","Boolean","ByVal existingValue As String; ByVal overwriteFilledTargets As Boolean","2","205","208","3","0","3","modDeepLTranslationService","False","False","","False","False",""
"modDeepLTranslationService","ExtractTranslatedText","Function","Private","Private Function ExtractTranslatedText(ByVal responseText As String) As String","String","ByVal responseText As String","1","210","239","23","0","4","modDeepLTranslationService","False","False","","True","False","DB_EXECUTE"
"modDeepLTranslationService","DecodeUtf8ResponseBody","Function","Private","Private Function DecodeUtf8ResponseBody(ByVal responseBody As Variant) As String","String","ByVal responseBody As Variant","1","241","268","23","0","3","modDeepLTranslationService","False","False","","True","False",""
"modDeepLTranslationService","JsonEscape","Function","Private","Private Function JsonEscape(ByVal valueText As String) As String","String","ByVal valueText As String","1","270","282","12","0","5","modDeepLTranslationService","False","False","","False","False",""
"modDeepLTranslationService","JsonUnescape","Function","Private","Private Function JsonUnescape(ByVal valueText As String) As String","String","ByVal valueText As String","1","284","295","11","0","2","modDeepLTranslationService","False","False","","False","False",""
"modDemoDataSeeder","SeedDemoData","Sub","Public","Public Sub SeedDemoData(Optional ByVal TenantCode As String = ""DEMO_CH"")","","Optional ByVal TenantCode As String = ""DEMO_CH""","1","57","59","2","0","0","","False","False","","False","False",""
"modDemoDataSeeder","SeedDemoDataSafe","Sub","Public","Public Sub SeedDemoDataSafe(Optional ByVal TenantCode As String = ""DEMO_CH"")","","Optional ByVal TenantCode As String = ""DEMO_CH""","1","61","101","28","0","3","modDemoDataSeeder","True","True","","True","False","TRANSACTION;MESSAGE_BOX"
"modDemoDataSeeder","ResetAndSeedDemoData","Sub","Public","Public Sub ResetAndSeedDemoData(Optional ByVal TenantCode As String = ""DEMO_CH"")","","Optional ByVal TenantCode As String = ""DEMO_CH""","1","103","149","32","0","2","modDemoDataSeeder","True","True","","True","False","MESSAGE_BOX;TRANSACTION"
"modDemoDataSeeder","SeedProductGroups","Sub","Public","Public Sub SeedProductGroups()","","","0","151","199","35","2","4","modDemoDataSeeder","True","True","","True","True","TRANSACTION;MESSAGE_BOX"
"modDemoDataSeeder","SeedArticles","Sub","Public","Public Sub SeedArticles()","","","0","201","261","46","1","2","modDemoDataSeeder","True","True","","True","True","TRANSACTION;MESSAGE_BOX"
"modDemoDataSeeder","SeedDemoSalesOrder","Sub","Public","Public Sub SeedDemoSalesOrder()","","","0","263","354","55","0","3","modDemoDataSeeder","True","True","mAddressBillingCh;mInsertedCount;mSkippedExistingCount","True","True","TRANSACTION;MESSAGE_BOX"
"modDemoDataSeeder","ValidateRequiredSchema","Sub","Private","Private Sub ValidateRequiredSchema(ByVal db As DAO.Database)","","ByVal db As DAO.Database","1","356","395","36","0","2","modDemoDataSeeder","False","False","","False","False",""
"modDemoDataSeeder","EnsureTenantParameters","Sub","Private","Private Sub EnsureTenantParameters(ByVal db As DAO.Database, ByVal TenantCode As String)","","ByVal db As DAO.Database; ByVal TenantCode As String","2","397","413","15","0","2","modDemoDataSeeder","False","False","","False","False",""
"modDemoDataSeeder","EnsureAddresses","Sub","Private","Private Sub EnsureAddresses(ByVal db As DAO.Database)","","ByVal db As DAO.Database","1","415","421","6","0","3","modDemoDataSeeder","False","False","mAddressBillingCh;mAddressShippingCh;mAddressBillingDe;mAddressShippingFr;mAddressBillingUs","False","False",""
"modDemoDataSeeder","EnsureContacts","Sub","Private","Private Sub EnsureContacts(ByVal db As DAO.Database)","","ByVal db As DAO.Database","1","423","431","7","0","2","modDemoDataSeeder","False","False","mAddressBillingCh;mAddressShippingCh;mAddressBillingDe;mAddressShippingFr;mAddressBillingUs","False","False",""
"modDemoDataSeeder","EnsureDocuments","Sub","Private","Private Sub EnsureDocuments(ByVal db As DAO.Database)","","ByVal db As DAO.Database","1","433","447","7","0","2","modDemoDataSeeder","False","False","mAddressBillingCh;mDocInvoiceCh;mAddressBillingDe;mDocInvoiceEu;mAddressShippingCh;mDocDeliveryNote;mDocCreditNote;mAddressBillingUs;mDocInvoiceUsd;mDocLongInvoice","False","False",""
"modDemoDataSeeder","EnsurePositions","Sub","Private","Private Sub EnsurePositions(ByVal db As DAO.Database)","","ByVal db As DAO.Database","1","449","495","29","0","2","modDemoDataSeeder","False","False","mDocInvoiceCh;mDocInvoiceEu;mDocDeliveryNote;mDocCreditNote;mDocInvoiceUsd;mDocLongInvoice","False","False",""
"modDemoDataSeeder","InsertAddress","Function","Private","Private Function InsertAddress(     ByVal db As DAO.Database,     ByVal addressTypeCode As String,     ByVal CompanyName As String,     ByVal FirstName As String,     ByVal LastName As String,     ByVal street As String,     ByVal HouseNo As String,     ByVal zipCode As String,     ByVal city As String,     ByVal countryCode As String,     ByVal languageCode As String ) As Long","Long","ByVal db As DAO.Database; ByVal addressTypeCode As String; ByVal CompanyName As String; ByVal FirstName As String; ByVal LastName As String; ByVal street As String; ByVal HouseNo As String; ByVal zipCode As String; ByVal city As String; ByVal countryCode As String; ByVal languageCode As String","11","496","534","22","0","2","modDemoDataSeeder","False","False","","False","False","DB_MUTATION"
"modDemoDataSeeder","InsertContact","Sub","Private","Private Sub InsertContact(     ByVal db As DAO.Database,     ByVal addressId As Long,     ByVal contactTypeCode As String,     ByVal ContactValue As String,     ByVal IsPrimary As Boolean,     ByVal remarks As String )","","ByVal db As DAO.Database; ByVal addressId As Long; ByVal contactTypeCode As String; ByVal ContactValue As String; ByVal IsPrimary As Boolean; ByVal remarks As String","6","536","560","14","0","1","modDemoDataSeeder","False","False","","False","False","DB_MUTATION"
"modDemoDataSeeder","InsertDocument","Function","Private","Private Function InsertDocument(     ByVal db As DAO.Database,     ByVal DocumentTypeCode As String,     ByVal DocumentStatusCode As String,     ByVal DocumentNo As String,     ByVal DocumentDate As Date,     ByVal CustomerAddressId As Long,     ByVal CustomerName As String,     ByVal CurrencyCode As String,     ByVal VatMode As String,     ByVal vatRate As Double,     ByVal remarks As String,     Optional ByVal headerDiscountType As String = """",     Optional ByVal headerDiscountValue As Double = 0,     Optional ByVal languageCode As String = """",     Optional ByVal PaymentTermCode As String = """",     Optional ByVal PaymentTermsText As String = """" ) As Long","Long","ByVal db As DAO.Database; ByVal DocumentTypeCode As String; ByVal DocumentStatusCode As String; ByVal DocumentNo As String; ByVal DocumentDate As Date; ByVal CustomerAddressId As Long; ByVal CustomerName As String; ByVal CurrencyCode As String; ByVal VatMode As String; ByVal vatRate As Double; ByVal remarks As String; Optional ByVal headerDiscountType As String = """"; Optional ByVal headerDiscountValue As Double = 0; Optional ByVal languageCode As String = """"; Optional ByVal PaymentTermCode As String = """"; Optional ByVal PaymentTermsText As String = """"","16","562","614","30","0","2","modDemoDataSeeder","False","False","","False","False","DB_MUTATION"
"modDemoDataSeeder","InsertPosition","Sub","Private","Private Sub InsertPosition(     ByVal db As DAO.Database,     ByVal DocumentId As Long,     ByVal LineNo As Long,     ByVal description As String,     ByVal quantity As Double,     ByVal UnitCode As String,     ByVal UnitPrice As Currency,     ByVal vatRate As Double,     Optional ByVal discountType As String = """",     Optional ByVal discountValue As Double = 0 )","","ByVal db As DAO.Database; ByVal DocumentId As Long; ByVal LineNo As Long; ByVal description As String; ByVal quantity As Double; ByVal UnitCode As String; ByVal UnitPrice As Currency; ByVal vatRate As Double; Optional ByVal discountType As String = """"; Optional ByVal discountValue As Double = 0","10","616","670","35","0","1","modDemoDataSeeder","False","False","","False","False","DB_MUTATION"
"modDemoDataSeeder","EnsureAddress","Function","Private","Private Function EnsureAddress(     ByVal db As DAO.Database,     ByVal addressTypeCode As String,     ByVal CompanyName As String,     ByVal FirstName As String,     ByVal LastName As String,     ByVal street As String,     ByVal HouseNo As String,     ByVal zipCode As String,     ByVal city As String,     ByVal countryCode As String,     ByVal languageCode As String ) As Long","Long","ByVal db As DAO.Database; ByVal addressTypeCode As String; ByVal CompanyName As String; ByVal FirstName As String; ByVal LastName As String; ByVal street As String; ByVal HouseNo As String; ByVal zipCode As String; ByVal city As String; ByVal countryCode As String; ByVal languageCode As String","11","672","698","12","0","7","modDemoDataSeeder","False","False","mSkippedExistingCount;mInsertedCount","False","False",""
"modDemoDataSeeder","EnsureContact","Sub","Private","Private Sub EnsureContact(     ByVal db As DAO.Database,     ByVal addressId As Long,     ByVal contactTypeCode As String,     ByVal ContactValue As String,     ByVal IsPrimary As Boolean,     ByVal remarks As String )","","ByVal db As DAO.Database; ByVal addressId As Long; ByVal contactTypeCode As String; ByVal ContactValue As String; ByVal IsPrimary As Boolean; ByVal remarks As String","6","700","717","8","0","5","modDemoDataSeeder","False","False","mSkippedExistingCount;mInsertedCount","False","False",""
"modDemoDataSeeder","EnsureDocument","Function","Private","Private Function EnsureDocument(     ByVal db As DAO.Database,     ByVal DocumentTypeCode As String,     ByVal DocumentStatusCode As String,     ByVal DocumentNo As String,     ByVal DocumentDate As Date,     ByVal CustomerAddressId As Long,     ByVal CustomerName As String,     ByVal CurrencyCode As String,     ByVal VatMode As String,     ByVal vatRate As Double,     ByVal remarks As String,     Optional ByVal headerDiscountType As String = """",     Optional ByVal headerDiscountValue As Double = 0,     Optional ByVal languageCode As String = """",     Optional ByVal PaymentTermCode As String = """",     Optional ByVal PaymentTermsText As String = """" ) As Long","Long","ByVal db As DAO.Database; ByVal DocumentTypeCode As String; ByVal DocumentStatusCode As String; ByVal DocumentNo As String; ByVal DocumentDate As Date; ByVal CustomerAddressId As Long; ByVal CustomerName As String; ByVal CurrencyCode As String; ByVal VatMode As String; ByVal vatRate As Double; ByVal remarks As String; Optional ByVal headerDiscountType As String = """"; Optional ByVal headerDiscountValue As Double = 0; Optional ByVal languageCode As String = """"; Optional ByVal PaymentTermCode As String = """"; Optional ByVal PaymentTermsText As String = """"","16","719","750","12","0","8","modDemoDataSeeder","False","False","mSkippedExistingCount;mInsertedCount","False","False",""
"modDemoDataSeeder","EnsurePosition","Sub","Private","Private Sub EnsurePosition(     ByVal db As DAO.Database,     ByVal DocumentId As Long,     ByVal LineNo As Long,     ByVal description As String,     ByVal quantity As Double,     ByVal UnitCode As String,     ByVal UnitPrice As Currency,     ByVal vatRate As Double,     Optional ByVal discountType As String = """",     Optional ByVal discountValue As Double = 0 )","","ByVal db As DAO.Database; ByVal DocumentId As Long; ByVal LineNo As Long; ByVal description As String; ByVal quantity As Double; ByVal UnitCode As String; ByVal UnitPrice As Currency; ByVal vatRate As Double; Optional ByVal discountType As String = """"; Optional ByVal discountValue As Double = 0","10","752","774","9","0","11","modDemoDataSeeder","False","False","mSkippedExistingCount;mInsertedCount","False","False",""
"modDemoDataSeeder","DeleteDemoDataForReset","Sub","Private","Private Sub DeleteDemoDataForReset(ByVal db As DAO.Database)","","ByVal db As DAO.Database","1","776","803","24","0","1","modDemoDataSeeder","False","False","","False","False",""
"modDemoDataSeeder","UpdateDocumentTotals","Sub","Private","Private Sub UpdateDocumentTotals(ByVal db As DAO.Database)","","ByVal db As DAO.Database","1","805","812","7","0","13","modDemoDataSeeder; modDocumentPostingHandler; modDocumentRepository","False","False","mDocInvoiceCh;mRefreshDocInvoiceChTotals;mDocInvoiceEu;mRefreshDocInvoiceEuTotals;mDocDeliveryNote;mRefreshDocDeliveryNoteTotals;mDocCreditNote;mRefreshDocCreditNoteTotals;mDocInvoiceUsd;mRefreshDocInvoiceUsdTotals;mDocLongInvoice;mRefreshDocLongInvoiceTotals","False","False",""
"modDemoDataSeeder","UpdateOneDocumentTotal","Sub","Private","Private Sub UpdateOneDocumentTotal(ByVal db As DAO.Database, ByVal DocumentId As Long)","","ByVal db As DAO.Database; ByVal DocumentId As Long","2","814","846","17","0","6","modDemoDataSeeder","False","False","","False","False","DB_MUTATION"
"modDemoDataSeeder","EnsureTenantParameter","Sub","Private","Private Sub EnsureTenantParameter(ByVal db As DAO.Database, ByVal TenantCode As String, ByVal ParamKey As String, ByVal ParamValue As String)","","ByVal db As DAO.Database; ByVal TenantCode As String; ByVal ParamKey As String; ByVal ParamValue As String","4","848","894","41","0","13","modDemoDataSeeder","False","False","mInsertedCount;mUpdatedRequiredFieldsCount;mSkippedExistingCount","False","False","DB_MUTATION"
"modDemoDataSeeder","UpsertProductGroup","Sub","Private","Private Sub UpsertProductGroup(     ByVal db As DAO.Database,     ByVal productGroupCode As String,     ByVal productGroupName As String,     ByVal DescriptionText As String,     ByVal sortOrder As Long,     ByVal isActive As Boolean)","","ByVal db As DAO.Database; ByVal productGroupCode As String; ByVal productGroupName As String; ByVal DescriptionText As String; ByVal sortOrder As Long; ByVal isActive As Boolean","6","896","943","32","0","7","modDemoDataSeeder","False","False","mInsertedCount;mUpdatedRequiredFieldsCount;mSkippedExistingCount","False","False","DB_MUTATION"
"modDemoDataSeeder","UpsertArticle","Sub","Private","Private Sub UpsertArticle(     ByVal db As DAO.Database,     ByVal ArticleNo As String,     ByVal articleName As String,     ByVal productGroupCode As String,     ByVal articleTypeCode As String,     ByVal UnitCode As String,     ByVal VatCode As String,     ByVal purchasePrice As Double,     ByVal salesPrice As Double,     ByVal barcode As String,     ByVal DescriptionText As String,     ByVal isActive As Boolean)","","ByVal db As DAO.Database; ByVal ArticleNo As String; ByVal articleName As String; ByVal productGroupCode As String; ByVal articleTypeCode As String; ByVal UnitCode As String; ByVal VatCode As String; ByVal purchasePrice As Double; ByVal salesPrice As Double; ByVal barcode As String; ByVal DescriptionText As String; ByVal isActive As Boolean","12","945","1016","43","0","7","modDemoDataSeeder","False","False","mInsertedCount;mUpdatedRequiredFieldsCount;mSkippedExistingCount","False","False","DB_MUTATION"
"modDemoDataSeeder","ResolveProductGroupIdByCode","Function","Private","Private Function ResolveProductGroupIdByCode(ByVal db As DAO.Database, ByVal productGroupCode As String) As Long","Long","ByVal db As DAO.Database; ByVal productGroupCode As String","2","1018","1042","17","0","3","modDemoDataSeeder","False","False","","True","False",""
"modDemoDataSeeder","UpdateAddressRequiredFields","Function","Private","Private Function UpdateAddressRequiredFields(ByVal db As DAO.Database, ByVal addressId As Long, ByVal FirstName As String, ByVal LastName As String, ByVal languageCode As String) As Boolean","Boolean","ByVal db As DAO.Database; ByVal addressId As Long; ByVal FirstName As String; ByVal LastName As String; ByVal languageCode As String","5","1044","1073","25","0","2","modDemoDataSeeder","False","False","mUpdatedRequiredFieldsCount","True","False","DB_MUTATION"
"modDemoDataSeeder","UpdateDocumentRequiredFields","Function","Private","Private Function UpdateDocumentRequiredFields(     ByVal db As DAO.Database,     ByVal DocumentId As Long,     ByVal CustomerAddressId As Long,     ByVal CustomerName As String,     ByVal CurrencyCode As String,     ByVal VatMode As String,     ByVal vatRate As Double,     ByVal languageCode As String,     ByVal PaymentTermCode As String,     ByVal PaymentTermsText As String) As Boolean","Boolean","ByVal db As DAO.Database; ByVal DocumentId As Long; ByVal CustomerAddressId As Long; ByVal CustomerName As String; ByVal CurrencyCode As String; ByVal VatMode As String; ByVal vatRate As Double; ByVal languageCode As String; ByVal PaymentTermCode As String; ByVal PaymentTermsText As String","10","1075","1119","29","0","2","modDemoDataSeeder","False","False","mUpdatedRequiredFieldsCount","True","False","DB_MUTATION"
"modDemoDataSeeder","ResolveAddressId","Function","Private","Private Function ResolveAddressId(     ByVal db As DAO.Database,     ByVal addressTypeCode As String,     ByVal CompanyName As String,     ByVal street As String,     ByVal HouseNo As String,     ByVal zipCode As String,     ByVal city As String,     ByVal countryCode As String) As Long","Long","ByVal db As DAO.Database; ByVal addressTypeCode As String; ByVal CompanyName As String; ByVal street As String; ByVal HouseNo As String; ByVal zipCode As String; ByVal city As String; ByVal countryCode As String","8","1121","1142","2","0","8","modDemoDataSeeder","False","False","","False","False",""
"modDemoDataSeeder","ResolveDocumentIdByNo","Function","Private","Private Function ResolveDocumentIdByNo(ByVal db As DAO.Database, ByVal DocumentNo As String) As Long","Long","ByVal db As DAO.Database; ByVal DocumentNo As String","2","1144","1150","2","0","8","modDemoDataSeeder","False","False","","False","False",""
"modDemoDataSeeder","ContactExists","Function","Private","Private Function ContactExists(ByVal db As DAO.Database, ByVal addressId As Long, ByVal contactTypeCode As String, ByVal ContactValue As String) As Boolean","Boolean","ByVal db As DAO.Database; ByVal addressId As Long; ByVal contactTypeCode As String; ByVal ContactValue As String","4","1152","1160","2","0","5","modContactRepository; modDemoDataSeeder","False","False","","False","False",""
"modDemoDataSeeder","PositionExists","Function","Private","Private Function PositionExists(ByVal db As DAO.Database, ByVal DocumentId As Long, ByVal LineNo As Long) As Boolean","Boolean","ByVal db As DAO.Database; ByVal DocumentId As Long; ByVal LineNo As Long","3","1162","1169","2","0","2","modDemoDataSeeder","False","False","","False","False",""
"modDemoDataSeeder","DeleteDocumentWithPositions","Sub","Private","Private Sub DeleteDocumentWithPositions(ByVal db As DAO.Database, ByVal DocumentId As Long)","","ByVal db As DAO.Database; ByVal DocumentId As Long","2","1171","1176","4","0","6","modDemoDataSeeder","False","False","mDeletedCount","False","False","DB_MUTATION"
"modDemoDataSeeder","DeleteContactByAddressAndValue","Sub","Private","Private Sub DeleteContactByAddressAndValue(ByVal db As DAO.Database, ByVal addressId As Long, ByVal contactTypeCode As String, ByVal ContactValue As String)","","ByVal db As DAO.Database; ByVal addressId As Long; ByVal contactTypeCode As String; ByVal ContactValue As String","4","1178","1187","4","0","5","modDemoDataSeeder","False","False","mDeletedCount","False","False","DB_MUTATION"
"modDemoDataSeeder","DeleteAddressByNaturalKey","Sub","Private","Private Sub DeleteAddressByNaturalKey(     ByVal db As DAO.Database,     ByVal addressTypeCode As String,     ByVal CompanyName As String,     ByVal street As String,     ByVal HouseNo As String,     ByVal zipCode As String,     ByVal city As String,     ByVal countryCode As String)","","ByVal db As DAO.Database; ByVal addressTypeCode As String; ByVal CompanyName As String; ByVal street As String; ByVal HouseNo As String; ByVal zipCode As String; ByVal city As String; ByVal countryCode As String","8","1189","1209","2","0","5","modDemoDataSeeder","False","False","mDeletedCount","False","False","DB_MUTATION"
"modDemoDataSeeder","LookupLongValue","Function","Private","Private Function LookupLongValue(ByVal db As DAO.Database, ByVal sql As String, ByVal fieldName As String) As Long","Long","ByVal db As DAO.Database; ByVal sql As String; ByVal fieldName As String","3","1211","1221","8","0","8","modDemoDataSeeder","False","False","","False","False",""
"modDemoDataSeeder","SetFieldIfExists","Sub","Private","Private Sub SetFieldIfExists(ByVal rs As DAO.Recordset, ByVal fieldName As String, ByVal Value As Variant)","","ByVal rs As DAO.Recordset; ByVal fieldName As String; ByVal Value As Variant","3","1223","1227","4","0","100","modDemoDataSeeder; modMigrationTranslations","False","False","","False","False",""
"modDemoDataSeeder","SetFieldIfMissing","Function","Private","Private Function SetFieldIfMissing(ByVal rs As DAO.Recordset, ByVal fieldName As String, ByVal Value As Variant) As Boolean","Boolean","ByVal rs As DAO.Recordset; ByVal fieldName As String; ByVal Value As Variant","3","1229","1235","5","0","29","modDemoDataSeeder","False","False","","False","False",""
"modDemoDataSeeder","IsFieldMissingValue","Function","Private","Private Function IsFieldMissingValue(ByVal Value As Variant) As Boolean","Boolean","ByVal Value As Variant","1","1237","1243","6","0","3","modDemoDataSeeder","False","False","","False","False",""
"modDemoDataSeeder","RecordsetHasField","Function","Private","Private Function RecordsetHasField(ByVal rs As DAO.Recordset, ByVal fieldName As String) As Boolean","Boolean","ByVal rs As DAO.Recordset; ByVal fieldName As String","2","1245","1255","8","0","77","modAddressRepository; modContactRepository; modDaoHelper; modDemoDataSeeder; modDocumentCalculationService; modDocumentRepository; modFwTranslationAuditService; modFwTranslationEditService; modMigrationTranslations; modNumberingHandler; modNumberRangeRepository; modOrderCalculationService; modOrderRepository; modTenantRepository; modTranslationService; modUserRepository","False","False","","True","False",""
"modDemoDataSeeder","RequireTable","Sub","Private","Private Sub RequireTable(ByVal db As DAO.Database, ByVal tableName As String)","","ByVal db As DAO.Database; ByVal tableName As String","2","1257","1261","4","0","9","modDemoDataSeeder","False","False","","False","False",""
"modDemoDataSeeder","RequireField","Sub","Private","Private Sub RequireField(ByVal db As DAO.Database, ByVal tableName As String, ByVal fieldName As String)","","ByVal db As DAO.Database; ByVal tableName As String; ByVal fieldName As String","3","1263","1267","4","0","58","modDemoDataSeeder","False","False","","False","False",""
"modDemoDataSeeder","TableExists","Function","Private","Private Function TableExists(ByVal db As DAO.Database, ByVal tableName As String) As Boolean","Boolean","ByVal db As DAO.Database; ByVal tableName As String","2","1269","1285","12","0","114","modAddressRepository; modAppNavigationService; modArticleGroupService; modBasicModuleSchema; modContactRepository; modDemoDataSeeder; modDocumentCalculationService; modDocumentRepository; modFwComposerService; modFwSetup; modFwTranslationAuditService; modFwTranslationEditService; modFwTranslationRuntime; modFwTranslationTagGeneratorService; modMigrationPaymentTerms; modMigrationTranslations; modNumberRangeRepository; modOrderRepository; modOutputPathService; modTenantRepository; modUserRepository","False","False","","True","False",""
"modDemoDataSeeder","FieldExists","Function","Private","Private Function FieldExists(ByVal db As DAO.Database, ByVal tableName As String, ByVal fieldName As String) As Boolean","Boolean","ByVal db As DAO.Database; ByVal tableName As String; ByVal fieldName As String","3","1287","1297","8","0","51","modAppNavigationService; modArticleGroupService; modBasicModuleSchema; modDemoDataSeeder; modDocumentCalculationService; modFwSetup; modMigrationPaymentTerms; modMigrationTranslations","False","False","","True","False",""
"modDemoDataSeeder","ExecSql","Sub","Private","Private Sub ExecSql(ByVal db As DAO.Database, ByVal sql As String)","","ByVal db As DAO.Database; ByVal sql As String","2","1299","1302","3","0","10","modDemoDataSeeder; modMigrationPaymentTerms","False","False","","False","False","DB_EXECUTE"
"modDemoDataSeeder","ExecuteDelete","Function","Private","Private Function ExecuteDelete(ByVal db As DAO.Database, ByVal sql As String) As Long","Long","ByVal db As DAO.Database; ByVal sql As String","2","1304","1308","4","0","5","modDemoDataSeeder","False","False","","False","False","DB_EXECUTE"
"modDemoDataSeeder","MarkDocumentTotalsDirty","Sub","Private","Private Sub MarkDocumentTotalsDirty(ByVal DocumentId As Long)","","ByVal DocumentId As Long","1","1310","1326","15","0","1","modDemoDataSeeder","False","False","mDocInvoiceCh;mRefreshDocInvoiceChTotals;mDocInvoiceEu;mRefreshDocInvoiceEuTotals;mDocDeliveryNote;mRefreshDocDeliveryNoteTotals;mDocCreditNote;mRefreshDocCreditNoteTotals;mDocInvoiceUsd;mRefreshDocInvoiceUsdTotals;mDocLongInvoice;mRefreshDocLongInvoiceTotals","False","False",""
"modDemoDataSeeder","SqlText","Function","Private","Private Function SqlText(ByVal Value As String) As String","String","ByVal Value As String","1","1328","1330","2","0","356","modAppNavigationService; modAppShell; modArticleGroupService; modArticleService; modBasicModuleSchema; modDemoDataSeeder; modDocumentCalculationService; modDocumentRepository; modFwComposerService; modFwSetup; modFwTranslationAuditService; modFwTranslationEditService; modFwTranslationRuntime; modFwTranslationTagGeneratorService; modMigrationPaymentTerms; modMigrationTranslations; modOrderCalculationService; modOrderRepository; modSqlHelper","False","False","","False","False",""
"modDemoDataSeeder","SqlNumber","Function","Private","Private Function SqlNumber(ByVal Value As Variant) As String","String","ByVal Value As Variant","1","1332","1338","6","0","11","modDemoDataSeeder; modMigrationPaymentTerms","False","False","","False","False",""
"modDemoDataSeeder","SqlDate","Function","Private","Private Function SqlDate(ByVal Value As Variant) As String","String","ByVal Value As Variant","1","1340","1346","6","0","6","modDemoDataSeeder; modMigrationPaymentTerms","False","False","","False","False",""
"modDemoDataSeeder","NullIfEmpty","Function","Private","Private Function NullIfEmpty(ByVal Value As String) As Variant","Variant","ByVal Value As String","1","1348","1354","6","0","14","modDemoDataSeeder; modFwTranslationTagGeneratorService","False","False","","False","False",""
"modDemoDataSeeder","ResetSeedRunCounters","Sub","Private","Private Sub ResetSeedRunCounters()","","","0","1356","1381","22","0","2","modDemoDataSeeder","False","False","mInsertedCount;mSkippedExistingCount;mUpdatedRequiredFieldsCount;mDeletedCount;mAddressBillingCh;mAddressShippingCh;mAddressBillingDe;mAddressShippingFr;mAddressBillingUs;mDocInvoiceCh;mDocInvoiceEu;mDocDeliveryNote;mDocCreditNote;mDocInvoiceUsd;mDocLongInvoice;mRefreshDocInvoiceChTotals;mRefreshDocInvoiceEuTotals;mRefreshDocDeliveryNoteTotals;mRefreshDocCreditNoteTotals;mRefreshDocInvoiceUsdTotals;mRefreshDocLongInvoiceTotals","False","False",""
"modDemoDataSeeder","LogSeedSummary","Sub","Private","Private Sub LogSeedSummary(ByVal operationName As String, ByVal TenantCode As String)","","ByVal operationName As String; ByVal TenantCode As String","2","1383","1390","2","0","2","modDemoDataSeeder","False","False","mInsertedCount;mSkippedExistingCount;mUpdatedRequiredFieldsCount;mDeletedCount","False","True",""
"modDemoDataSeeder","DemoCityZurich","Function","Private","Private Function DemoCityZurich() As String","String","","0","1392","1394","2","0","2","modDemoDataSeeder","False","False","","False","False",""
"modDemoDataSeeder","DemoCityGeneva","Function","Private","Private Function DemoCityGeneva() As String","String","","0","1396","1398","2","0","4","modDemoDataSeeder","False","False","","False","False",""
"modDemoDataSeeder","DemoCityMunich","Function","Private","Private Function DemoCityMunich() As String","String","","0","1400","1402","2","0","4","modDemoDataSeeder","False","False","","False","False",""
"modDemoDataSeeder","DemoDeliveryNoteRemarks","Function","Private","Private Function DemoDeliveryNoteRemarks() As String","String","","0","1404","1406","2","0","2","modDemoDataSeeder","False","False","","False","False",""
"modDemoDataSeeder","DemoExportInvoiceRemarks","Function","Private","Private Function DemoExportInvoiceRemarks() As String","String","","0","1408","1410","2","0","2","modDemoDataSeeder","False","False","","False","False",""
"modDemoDataSeeder","DemoLongInvoiceRemarks","Function","Private","Private Function DemoLongInvoiceRemarks() As String","String","","0","1412","1414","2","0","2","modDemoDataSeeder","False","False","","False","False",""
"modDemoDataSeeder","DemoLongPositionDescription","Function","Private","Private Function DemoLongPositionDescription(ByVal LineNo As Long) As String","String","ByVal LineNo As Long","1","1416","1420","2","0","2","modDemoDataSeeder","False","False","","False","False",""
"modDemoDataSeeder","ResolveOrderIdByExternalReference","Function","Private","Private Function ResolveOrderIdByExternalReference(ByVal db As DAO.Database, ByVal ExternalReference As String) As Long","Long","ByVal db As DAO.Database; ByVal ExternalReference As String","2","1422","1428","2","0","2","modDemoDataSeeder","False","False","","False","False",""
"modDemoDataSeeder","ResolveArticleIdByNo","Function","Private","Private Function ResolveArticleIdByNo(ByVal db As DAO.Database, ByVal ArticleNo As String) As Long","Long","ByVal db As DAO.Database; ByVal ArticleNo As String","2","1430","1438","3","0","2","modDemoDataSeeder","False","False","","False","False",""
"modDemoDataSeeder","SalesOrderLineExists","Function","Private","Private Function SalesOrderLineExists(ByVal db As DAO.Database, ByVal OrderId As Long, ByVal LineNo As Long) As Boolean","Boolean","ByVal db As DAO.Database; ByVal OrderId As Long; ByVal LineNo As Long","3","1440","1447","2","0","2","modDemoDataSeeder","False","False","","False","False",""
"modDemoDataSeeder","EnsureDemoSalesOrderLine","Sub","Private","Private Sub EnsureDemoSalesOrderLine(     ByVal db As DAO.Database,     ByVal OrderId As Long,     ByVal LineNo As Long,     ByVal ArticleNo As String,     ByVal DescriptionText As String,     ByVal quantity As Double,     ByVal UnitCode As String,     ByVal UnitPrice As Currency,     ByVal VatCode As String,     ByVal vatRate As Double)","","ByVal db As DAO.Database; ByVal OrderId As Long; ByVal LineNo As Long; ByVal ArticleNo As String; ByVal DescriptionText As String; ByVal quantity As Double; ByVal UnitCode As String; ByVal UnitPrice As Currency; ByVal VatCode As String; ByVal vatRate As Double","10","1449","1490","14","0","3","modDemoDataSeeder","False","False","mSkippedExistingCount;mInsertedCount","False","False",""
"modDemoDataSeeder","UpdateOrderStatusCode","Sub","Private","Private Sub UpdateOrderStatusCode(ByVal db As DAO.Database, ByVal OrderId As Long, ByVal OrderStatusCode As String)","","ByVal db As DAO.Database; ByVal OrderId As Long; ByVal OrderStatusCode As String","3","1492","1499","3","0","1","modDemoDataSeeder","False","False","","False","False","DB_MUTATION"
"modDocumentCalculationService","EnsureDocumentCalculationSchema","Function","Public","Public Function EnsureDocumentCalculationSchema() As Boolean","Boolean","","0","56","112","42","0","10","modDocumentCalculationService","False","True","","True","True","DB_MUTATION"
"modDocumentCalculationService","CalculateAdjustmentAmount","Function","Public","Public Function CalculateAdjustmentAmount(     ByVal baseAmount As Currency,     ByVal AdjustmentType As String,     ByVal AdjustmentValue As Currency ) As Currency","Currency","ByVal baseAmount As Currency; ByVal AdjustmentType As String; ByVal AdjustmentValue As Currency","3","114","151","23","0","12","modDocumentCalculationService; modOrderCalculationService","False","False","","True","True",""
"modDocumentCalculationService","CalculatePositionAmounts","Function","Public","Public Function CalculatePositionAmounts(ByVal DocumentPositionId As Long) As Boolean","Boolean","ByVal DocumentPositionId As Long","1","153","253","82","0","6","modDocumentCalculationService","False","True","","True","True","DB_MUTATION"
"modDocumentCalculationService","CalculateDocumentTotals","Function","Public","Public Function CalculateDocumentTotals(ByVal DocumentId As Long) As Boolean","Boolean","ByVal DocumentId As Long","1","255","353","80","0","7","modDocumentCalculationService","False","True","","True","True","DB_MUTATION"
"modDocumentCalculationService","RecalculateDocument","Function","Public","Public Function RecalculateDocument(ByVal DocumentId As Long) As Boolean","Boolean","ByVal DocumentId As Long","1","355","413","46","0","5","modDocumentCalculationService","False","True","","True","True",""
"modDocumentCalculationService","NormalizeAdjustmentType","Function","Private","Private Function NormalizeAdjustmentType(ByVal AdjustmentType As String) As String","String","ByVal AdjustmentType As String","1","415","417","2","0","2","modDocumentCalculationService","False","False","","False","False",""
"modDocumentCalculationService","ResolveGrossAmount","Function","Private","Private Function ResolveGrossAmount(ByVal NetAmount As Currency, ByVal VatAmount As Currency, ByVal vatRate As Double, ByVal VatMode As String) As Currency","Currency","ByVal NetAmount As Currency; ByVal VatAmount As Currency; ByVal vatRate As Double; ByVal VatMode As String","4","419","432","11","0","8","modDocumentCalculationService; modOrderCalculationService","False","False","","False","False",""
"modDocumentCalculationService","ResolveDocumentVatMode","Function","Private","Private Function ResolveDocumentVatMode(ByVal DocumentId As Long, ByVal defaultValue As String) As String","String","ByVal DocumentId As Long; ByVal defaultValue As String","2","434","470","28","0","5","modDocumentCalculationService","False","True","","True","False",""
"modDocumentCalculationService","GetPositionNetAmount","Function","Private","Private Function GetPositionNetAmount(ByVal rsPosition As DAO.Recordset) As Currency","Currency","ByVal rsPosition As DAO.Recordset","1","472","478","6","0","3","modDocumentCalculationService","False","False","","False","False",""
"modDocumentCalculationService","GetPositionVatAmount","Function","Private","Private Function GetPositionVatAmount(ByVal rsPosition As DAO.Recordset) As Currency","Currency","ByVal rsPosition As DAO.Recordset","1","480","486","6","0","3","modDocumentCalculationService","False","False","","False","False",""
"modDocumentCalculationService","GetPositionGrossAmount","Function","Private","Private Function GetPositionGrossAmount(ByVal rsPosition As DAO.Recordset) As Currency","Currency","ByVal rsPosition As DAO.Recordset","1","488","494","6","0","3","modDocumentCalculationService","False","False","","False","False",""
"modDocumentCalculationService","DocumentExists","Function","Private","Private Function DocumentExists(ByVal DocumentId As Long) As Boolean","Boolean","ByVal DocumentId As Long","1","496","528","25","0","12","modDocumentCalculationService; modDocumentPostingHandler; modDocumentRepository; modOutputPathService; modPdfExportService","False","True","","True","False",""
"modDocumentCalculationService","EnsureTextField","Function","Private","Private Function EnsureTextField(ByVal db As DAO.Database, ByVal tableName As String, ByVal fieldName As String, ByVal FieldSize As Long, ByVal defaultValue As String) As Boolean","Boolean","ByVal db As DAO.Database; ByVal tableName As String; ByVal fieldName As String; ByVal FieldSize As Long; ByVal defaultValue As String","5","530","548","13","0","65","modBasicModuleSchema; modDocumentCalculationService","False","False","","True","True","DB_EXECUTE;DB_MUTATION"
"modDocumentCalculationService","EnsureCurrencyField","Function","Private","Private Function EnsureCurrencyField(ByVal db As DAO.Database, ByVal tableName As String, ByVal fieldName As String, ByVal defaultValue As Currency) As Boolean","Boolean","ByVal db As DAO.Database; ByVal tableName As String; ByVal fieldName As String; ByVal defaultValue As Currency","4","550","568","13","0","52","modBasicModuleSchema; modDocumentCalculationService","False","False","","True","True","DB_EXECUTE;DB_MUTATION"
"modDocumentCalculationService","ApplyFieldDefaultValue","Sub","Private","Private Sub ApplyFieldDefaultValue(ByVal db As DAO.Database, ByVal tableName As String, ByVal fieldName As String, ByVal DefaultValueExpression As String)","","ByVal db As DAO.Database; ByVal tableName As String; ByVal fieldName As String; ByVal DefaultValueExpression As String","4","570","574","3","0","7","modBasicModuleSchema; modDocumentCalculationService","False","False","","True","False",""
"modDocumentCalculationService","TableExists","Function","Private","Private Function TableExists(ByVal db As DAO.Database, ByVal tableName As String) As Boolean","Boolean","ByVal db As DAO.Database; ByVal tableName As String","2","576","592","13","0","114","modAddressRepository; modAppNavigationService; modArticleGroupService; modBasicModuleSchema; modContactRepository; modDemoDataSeeder; modDocumentCalculationService; modDocumentRepository; modFwComposerService; modFwSetup; modFwTranslationAuditService; modFwTranslationEditService; modFwTranslationRuntime; modFwTranslationTagGeneratorService; modMigrationPaymentTerms; modMigrationTranslations; modNumberRangeRepository; modOrderRepository; modOutputPathService; modTenantRepository; modUserRepository","False","False","","True","False",""
"modDocumentCalculationService","FieldExists","Function","Private","Private Function FieldExists(ByVal db As DAO.Database, ByVal tableName As String, ByVal fieldName As String) As Boolean","Boolean","ByVal db As DAO.Database; ByVal tableName As String; ByVal fieldName As String","3","594","613","15","0","51","modAppNavigationService; modArticleGroupService; modBasicModuleSchema; modDemoDataSeeder; modDocumentCalculationService; modFwSetup; modMigrationPaymentTerms; modMigrationTranslations","False","False","","True","False",""
"modDocumentCalculationService","GetRecordsetStringValue","Function","Private","Private Function GetRecordsetStringValue(ByVal rs As DAO.Recordset, ByVal fieldName As String, ByVal defaultValue As String) As String","String","ByVal rs As DAO.Recordset; ByVal fieldName As String; ByVal defaultValue As String","3","615","621","6","0","21","modDocumentCalculationService; modOrderCalculationService; modOrderRepository","False","False","","False","False",""
"modDocumentCalculationService","GetRecordsetCurrencyValue","Function","Private","Private Function GetRecordsetCurrencyValue(ByVal rs As DAO.Recordset, ByVal fieldName As String, ByVal defaultValue As Currency) As Currency","Currency","ByVal rs As DAO.Recordset; ByVal fieldName As String; ByVal defaultValue As Currency","3","623","636","12","0","25","modDocumentCalculationService; modOrderCalculationService","False","False","","False","False",""
"modDocumentCalculationService","GetRecordsetDoubleValue","Function","Private","Private Function GetRecordsetDoubleValue(ByVal rs As DAO.Recordset, ByVal fieldName As String, ByVal defaultValue As Double) As Double","Double","ByVal rs As DAO.Recordset; ByVal fieldName As String; ByVal defaultValue As Double","3","638","651","12","0","15","modDocumentCalculationService; modOrderCalculationService; modOrderRepository","False","False","","False","False",""
"modDocumentCalculationService","GetRecordsetLongValue","Function","Private","Private Function GetRecordsetLongValue(ByVal rs As DAO.Recordset, ByVal fieldName As String, ByVal defaultValue As Long) As Long","Long","ByVal rs As DAO.Recordset; ByVal fieldName As String; ByVal defaultValue As Long","3","653","659","6","0","16","modDocumentCalculationService; modOrderCalculationService; modOrderRepository","False","False","","False","False",""
"modDocumentCalculationService","SetRecordsetValue","Sub","Private","Private Sub SetRecordsetValue(ByVal rs As DAO.Recordset, ByVal fieldName As String, ByVal fieldValue As Variant)","","ByVal rs As DAO.Recordset; ByVal fieldName As String; ByVal fieldValue As Variant","3","661","665","4","0","151","modAddressRepository; modContactRepository; modDocumentCalculationService; modDocumentRepository; modOrderCalculationService; modOrderRepository","False","False","","False","False",""
"modDocumentCalculationService","RoundCurrency","Function","Private","Private Function RoundCurrency(ByVal Amount As Currency) As Currency","Currency","ByVal Amount As Currency","1","667","669","2","0","25","modDocumentCalculationService; modDocumentService; modOrderCalculationService; modVatHandler","False","False","","False","False",""
"modDocumentExportHandler","ExportDocumentToPdfLegacy","Function","Public","Public Function ExportDocumentToPdfLegacy(ByVal DocumentId As Long, Optional ByVal OutputPath As String = """") As Boolean","Boolean","ByVal DocumentId As Long; Optional ByVal OutputPath As String = """"","2","14","44","22","0","6","modDocumentExportHandler","False","False","","True","True",""
"modDocumentPostingHandler","PostDocument","Function","Public","Public Function PostDocument(ByVal DocumentId As Long) As Boolean","Boolean","ByVal DocumentId As Long","1","16","85","48","0","14","modDocumentPostingHandler","False","False","","True","True",""
"modDocumentRepository","CreateDocumentHeader","Function","Public","Public Function CreateDocumentHeader(     ByVal DocumentTypeCode As String,     Optional ByVal DocumentDate As Date = 0,     Optional ByVal CustomerName As String = """",     Optional ByVal totalNet As Currency = 0,     Optional ByVal totalVat As Currency = 0,     Optional ByVal totalGross As Currency = 0,     Optional ByVal remarks As String = """",     Optional ByVal CustomerAddressId As Long = 0 ) As Long","Long","ByVal DocumentTypeCode As String; Optional ByVal DocumentDate As Date = 0; Optional ByVal CustomerName As String = """"; Optional ByVal totalNet As Currency = 0; Optional ByVal totalVat As Currency = 0; Optional ByVal totalGross As Currency = 0; Optional ByVal remarks As String = """"; Optional ByVal CustomerAddressId As Long = 0","8","48","137","62","0","9","modDocumentRepository","False","True","","True","True","DB_MUTATION"
"modDocumentRepository","DeleteDocumentPositions","Function","Public","Public Function DeleteDocumentPositions(ByVal DocumentId As Long) As Boolean","Boolean","ByVal DocumentId As Long","1","139","181","29","0","7","modDocumentRepository","False","True","","True","True","DB_MUTATION;DB_EXECUTE"
"modDocumentRepository","CreateDocumentPosition","Function","Public","Public Function CreateDocumentPosition(     ByVal DocumentId As Long,     ByVal LineNo As Long,     ByVal description As String,     ByVal quantity As Double,     ByVal UnitPrice As Currency,     Optional ByVal UnitCode As String = """",     Optional ByVal vatRate As Double = -1,     Optional ByVal VatMode As String = """" ) As Boolean","Boolean","ByVal DocumentId As Long; ByVal LineNo As Long; ByVal description As String; ByVal quantity As Double; ByVal UnitPrice As Currency; Optional ByVal UnitCode As String = """"; Optional ByVal vatRate As Double = -1; Optional ByVal VatMode As String = """"","8","183","270","60","0","7","modDocumentRepository","False","True","","True","True","DB_MUTATION"
"modDocumentRepository","UpdateDocumentTotals","Function","Public","Public Function UpdateDocumentTotals(ByVal DocumentId As Long) As Boolean","Boolean","ByVal DocumentId As Long","1","272","368","69","0","13","modDemoDataSeeder; modDocumentPostingHandler; modDocumentRepository","False","True","","True","True","DB_MUTATION"
"modDocumentRepository","DocumentExists","Function","Public","Public Function DocumentExists(ByVal DocumentId As Long) As Boolean","Boolean","ByVal DocumentId As Long","1","370","408","29","0","12","modDocumentCalculationService; modDocumentPostingHandler; modDocumentRepository; modOutputPathService; modPdfExportService","False","True","","True","True",""
"modDocumentRepository","GetDocumentStatus","Function","Public","Public Function GetDocumentStatus(ByVal DocumentId As Long, Optional ByVal defaultValue As String = """") As String","String","ByVal DocumentId As Long; Optional ByVal defaultValue As String = """"","2","410","419","7","0","4","modDocumentPostingHandler; modDocumentRepository","False","False","","True","False",""
"modDocumentRepository","GetDocumentNumber","Function","Public","Public Function GetDocumentNumber(ByVal DocumentId As Long, Optional ByVal defaultValue As String = """") As String","String","ByVal DocumentId As Long; Optional ByVal defaultValue As String = """"","2","421","430","7","0","5","modDocumentPostingHandler; modDocumentRepository; modOutputPathService","False","False","","True","False",""
"modDocumentRepository","GetDocumentCustomerDisplayName","Function","Public","Public Function GetDocumentCustomerDisplayName(ByVal DocumentId As Long, Optional ByVal defaultValue As String = """") As String","String","ByVal DocumentId As Long; Optional ByVal defaultValue As String = """"","2","432","458","20","0","6","modDocumentRepository","False","False","","True","False",""
"modDocumentRepository","GetDocumentCustomerName","Function","Public","Public Function GetDocumentCustomerName(ByVal DocumentId As Long, Optional ByVal defaultValue As String = """") As String","String","ByVal DocumentId As Long; Optional ByVal defaultValue As String = """"","2","460","469","7","0","4","modDocumentRepository; modOutputPathService","False","False","","True","False",""
"modDocumentRepository","AssignDocumentNumber","Function","Public","Public Function AssignDocumentNumber(ByVal DocumentId As Long) As Boolean","Boolean","ByVal DocumentId As Long","1","471","555","61","0","13","modDocumentPostingHandler; modDocumentRepository","False","True","","True","True","DB_MUTATION"
"modDocumentRepository","SetDocumentStatus","Function","Public","Public Function SetDocumentStatus(ByVal DocumentId As Long, ByVal StatusCode As String) As Boolean","Boolean","ByVal DocumentId As Long; ByVal StatusCode As String","2","557","605","36","0","6","modDocumentPostingHandler; modDocumentRepository","False","True","","True","True","DB_MUTATION"
"modDocumentRepository","CountDocumentPositions","Function","Public","Public Function CountDocumentPositions(ByVal DocumentId As Long) As Long","Long","ByVal DocumentId As Long","1","607","648","32","0","5","modDocumentPostingHandler; modDocumentRepository","False","True","","True","True",""
"modDocumentRepository","TableExists","Function","Private","Private Function TableExists(ByVal tableName As String) As Boolean","Boolean","ByVal tableName As String","1","650","674","19","0","114","modAddressRepository; modAppNavigationService; modArticleGroupService; modBasicModuleSchema; modContactRepository; modDemoDataSeeder; modDocumentCalculationService; modDocumentRepository; modFwComposerService; modFwSetup; modFwTranslationAuditService; modFwTranslationEditService; modFwTranslationRuntime; modFwTranslationTagGeneratorService; modMigrationPaymentTerms; modMigrationTranslations; modNumberRangeRepository; modOrderRepository; modOutputPathService; modTenantRepository; modUserRepository","False","True","","True","False",""
"modDocumentRepository","SetRecordsetValue","Sub","Private","Private Sub SetRecordsetValue(ByVal rs As DAO.Recordset, ByVal fieldName As String, ByVal fieldValue As Variant)","","ByVal rs As DAO.Recordset; ByVal fieldName As String; ByVal fieldValue As Variant","3","676","680","4","0","151","modAddressRepository; modContactRepository; modDocumentCalculationService; modDocumentRepository; modOrderCalculationService; modOrderRepository","False","False","","False","False",""
"modDocumentRepository","ResolveCurrencyCode","Function","Private","Private Function ResolveCurrencyCode() As String","String","","0","682","684","2","0","7","modDocumentRepository; modOrderRepository","False","False","","False","False",""
"modDocumentRepository","ResolveCreatedBy","Function","Private","Private Function ResolveCreatedBy() As String","String","","0","686","692","6","0","9","modAddressRepository; modContactRepository; modDocumentRepository","False","False","","False","False",""
"modDocumentRepository","ResolveDocumentFieldValue","Function","Private","Private Function ResolveDocumentFieldValue(ByVal DocumentId As Long, ByVal fieldName As String, ByVal defaultValue As String) As String","String","ByVal DocumentId As Long; ByVal fieldName As String; ByVal defaultValue As String","3","694","738","34","0","7","modDocumentRepository","False","True","","True","False",""
"modDocumentRepository","ResolveDocumentLongValue","Function","Private","Private Function ResolveDocumentLongValue(ByVal DocumentId As Long, ByVal fieldName As String, ByVal defaultValue As Long) As Long","Long","ByVal DocumentId As Long; ByVal fieldName As String; ByVal defaultValue As Long","3","740","784","34","0","5","modDocumentRepository","False","True","","True","False",""
"modDocumentService","CalculateDocumentLineNet","Function","Public","Public Function CalculateDocumentLineNet(ByVal quantity As Double, ByVal UnitPrice As Currency) As Currency","Currency","ByVal quantity As Double; ByVal UnitPrice As Currency","2","21","30","7","0","6","modDocumentRepository; modDocumentService","False","False","","True","False",""
"modDocumentService","CalculateDocumentLineGross","Function","Public","Public Function CalculateDocumentLineGross(ByVal quantity As Double, ByVal UnitPrice As Currency, ByVal vatRate As Double, ByVal VatMode As String) As Currency","Currency","ByVal quantity As Double; ByVal UnitPrice As Currency; ByVal vatRate As Double; ByVal VatMode As String","4","32","54","18","0","6","modDocumentRepository; modDocumentService","False","False","","True","False",""
"modDocumentService","CalculateDocumentLineVat","Function","Public","Public Function CalculateDocumentLineVat(ByVal quantity As Double, ByVal UnitPrice As Currency, ByVal vatRate As Double, ByVal VatMode As String) As Currency","Currency","ByVal quantity As Double; ByVal UnitPrice As Currency; ByVal vatRate As Double; ByVal VatMode As String","4","56","68","9","0","4","modDocumentRepository; modDocumentService","False","False","","True","False",""
"modDocumentService","ValidateDocumentType","Function","Public","Public Function ValidateDocumentType(ByVal DocumentTypeCode As String) As Boolean","Boolean","ByVal DocumentTypeCode As String","1","70","85","12","0","4","modDocumentRepository; modDocumentService","False","False","","False","True",""
"modDocumentService","CalculateDocumentTotalsFromPositions","Function","Public","Public Function CalculateDocumentTotalsFromPositions(ByVal NetSum As Currency, ByVal VatSum As Currency, ByVal GrossSum As Currency) As Boolean","Boolean","ByVal NetSum As Currency; ByVal VatSum As Currency; ByVal GrossSum As Currency","3","87","100","11","0","5","modDocumentRepository; modDocumentService","False","False","","True","False",""
"modDocumentService","RoundCurrency","Function","Private","Private Function RoundCurrency(ByVal Amount As Currency) As Currency","Currency","ByVal Amount As Currency","1","102","104","2","0","25","modDocumentCalculationService; modDocumentService; modOrderCalculationService; modVatHandler","False","False","","False","False",""
"modErrorHandler","HandleError","Function","Public","Public Function HandleError(ByVal moduleName As String, ByVal ProcedureName As String, ByVal SourceError As ErrObject) As String","String","ByVal moduleName As String; ByVal ProcedureName As String; ByVal SourceError As ErrObject","3","14","31","13","0","328","modAddressCockpitService; modAddressRepository; modAppDashboardService; modAppNavigationService; modAppShell; modAppWorkspaceService; modArticleGroupService; modArticleService; modAuditHelper; modBackendLinker; modBasicModuleSchema; modBootstrap; modConfigIni; modContactRepository; modCurrencyFormatService; modDaoHelper; modDb; modDeepLTranslationService; modDemoDataSeeder; modDocumentCalculationService; modDocumentExportHandler; modDocumentPostingHandler; modDocumentRepository; modDocumentService; modErrorHandler; modFormLocalization; modFormRuntime; modFwComposerService; modFwControlNamingTool; modFwSetup; modFwTranslationAuditService; modFwTranslationEditService; modFwTranslationRuntime; modFwTranslationTagGeneratorService; modFwValidationRuntime; modLicenseHandler; modModuleManager; modNumberingHandler; modNumberRangeRepository; modOrderCalculationService; modOrderRepository; modOutputPathService; modPdfExportService; modSecurityHandler; modSessionContext; modTenantContext; modTenantRepository; modTranslationService; modUserRepository; modVatHandler","False","False","","False","True",""
"modErrorHandler","ExecuteSafely","Function","Public","Public Function ExecuteSafely(ByVal ProcedureName As String) As Boolean","Boolean","ByVal ProcedureName As String","1","33","43","8","0","3","modErrorHandler","False","False","","True","False",""
"modExportHelper","ExportAllModulesUtf8","Sub","Public","Public Sub ExportAllModulesUtf8()","","","0","5","41","27","5","0","","False","False","","False","False","FILE_IO;MESSAGE_BOX"
"modFormLocalization","LocalizeForm","Sub","Public","Public Sub LocalizeForm(ByVal formInstance As Access.Form)","","ByVal formInstance As Access.Form","1","14","51","29","0","3","modFormLocalization; modFormRuntime","False","False","","True","True",""
"modFormLocalization","SetFormCaption","Sub","Public","Public Sub SetFormCaption(ByVal formInstance As Access.Form, ByVal translationKey As String, Optional ByVal Fallback As String = """")","","ByVal formInstance As Access.Form; ByVal translationKey As String; Optional ByVal Fallback As String = """"","3","53","69","12","0","2","modFormLocalization","False","False","","True","False",""
"modFormLocalization","LocalizeControl","Sub","Public","Public Sub LocalizeControl(ByVal ControlInstance As Control, ByVal translationKey As String, Optional ByVal Fallback As String = """")","","ByVal ControlInstance As Control; ByVal translationKey As String; Optional ByVal Fallback As String = """"","3","71","91","15","0","2","modFormLocalization","False","False","","True","False",""
"modFormLocalization","SupportsCaptionLocalization","Function","Private","Private Function SupportsCaptionLocalization(ByVal ControlInstance As Control) As Boolean","Boolean","ByVal ControlInstance As Control","1","93","109","13","0","5","modFormLocalization","False","False","","True","False",""
"modFormLocalization","ApplyCaptionToControl","Sub","Private","Private Sub ApplyCaptionToControl(ByVal ControlInstance As Control, ByVal CaptionValue As String)","","ByVal ControlInstance As Control; ByVal CaptionValue As String","2","111","126","12","0","2","modFormLocalization","False","False","","True","False",""
"modFormLocalization","GetControlFallbackCaption","Function","Private","Private Function GetControlFallbackCaption(ByVal ControlInstance As Control) As String","String","ByVal ControlInstance As Control","1","128","143","12","0","4","modFormLocalization","False","False","","True","False",""
"modFormLocalization","LocalizeTabPages","Function","Private","Private Function LocalizeTabPages(ByVal TabControlInstance As Control) As Long","Long","ByVal TabControlInstance As Control","1","145","172","22","0","3","modFormLocalization","False","False","","True","False",""
"modFormLocalization","NzString","Function","Private","Private Function NzString(ByVal Value As Variant, Optional ByVal defaultValue As String = """") As String","String","ByVal Value As Variant; Optional ByVal defaultValue As String = """"","2","174","180","6","0","202","modAddressRepository; modAppNavigationService; modAppShell; modArticleGroupService; modArticleService; modContactRepository; modDaoHelper; modDeepLTranslationService; modDocumentCalculationService; modDocumentRepository; modFormLocalization; modFwComposerService; modFwSetup; modFwTranslationAuditService; modFwTranslationEditService; modFwTranslationRuntime; modFwTranslationTagGeneratorService; modFwValidationRuntime; modNumberingHandler; modNumberRangeRepository; modOrderCalculationService; modOrderRepository; modTenantRepository; modTranslationService; modUserRepository","False","False","","False","False",""
"modFormRuntime","InitializeForm","Sub","Public","Public Sub InitializeForm(ByVal formInstance As Access.Form)","","ByVal formInstance As Access.Form","1","33","107","53","0","7","modAppShell; modFormRuntime","False","False","","True","True","FORM_NAVIGATION"
"modFormRuntime","ValidateRequiredFields","Function","Public","Public Function ValidateRequiredFields(ByVal formInstance As Access.Form) As Boolean","Boolean","ByVal formInstance As Access.Form","1","109","175","47","0","4","modFormRuntime","False","False","","True","True",""
"modFormRuntime","ValidateFormPolicies","Function","Public","Public Function ValidateFormPolicies(ByVal formInstance As Access.Form) As Boolean","Boolean","ByVal formInstance As Access.Form","1","177","262","63","0","4","modFormRuntime","False","False","","True","True",""
"modFormRuntime","ShouldValidateControl","Function","Private","Private Function ShouldValidateControl(ByVal ControlInstance As Control) As Boolean","Boolean","ByVal ControlInstance As Control","1","264","292","21","0","3","modFormRuntime","False","False","","True","False",""
"modFormRuntime","GetFormName","Function","Private","Private Function GetFormName(ByVal formInstance As Access.Form) As String","String","ByVal formInstance As Access.Form","1","294","307","11","0","12","modFormRuntime","False","False","","True","False",""
"modFormRuntime","ParseTagTokens","Function","Private","Private Function ParseTagTokens(ByVal TagValue As String) As Object","Object","ByVal TagValue As String","1","309","361","43","0","16","modFormRuntime; modFwValidationRuntime","False","False","","True","False",""
"modFormRuntime","ApplyInitialFocusPolicy","Sub","Private","Private Sub ApplyInitialFocusPolicy(ByVal formInstance As Access.Form)","","ByVal formInstance As Access.Form","1","363","401","29","0","4","modFormRuntime","False","False","","True","True",""
"modFormRuntime","IsControlRequired","Function","Private","Private Function IsControlRequired(ByVal controlTokens As Object) As Boolean","Boolean","ByVal controlTokens As Object","1","403","416","10","0","7","modFormRuntime","False","False","","True","False",""
"modFormRuntime","IsControlNumericTag","Function","Private","Private Function IsControlNumericTag(ByVal controlTokens As Object) As Boolean","Boolean","ByVal controlTokens As Object","1","418","431","10","0","7","modFormRuntime","False","False","","True","False",""
"modFormRuntime","IsControlDateTag","Function","Private","Private Function IsControlDateTag(ByVal controlTokens As Object) As Boolean","Boolean","ByVal controlTokens As Object","1","433","446","10","0","5","modFormRuntime","False","False","","True","False",""
"modFormRuntime","IsControlIntegerTag","Function","Private","Private Function IsControlIntegerTag(ByVal controlTokens As Object) As Boolean","Boolean","ByVal controlTokens As Object","1","448","461","10","0","5","modFormRuntime","False","False","","True","False",""
"modFormRuntime","ApplyControlPolicies","Sub","Private","Private Sub ApplyControlPolicies(ByVal formInstance As Access.Form)","","ByVal formInstance As Access.Form","1","463","537","56","0","3","modFormRuntime","False","False","","True","True",""
"modFormRuntime","TryApplyLockedPolicy","Function","Private","Private Function TryApplyLockedPolicy(ByVal ControlInstance As Control) As Boolean","Boolean","ByVal ControlInstance As Control","1","539","550","8","0","2","modFormRuntime","False","False","","True","False",""
"modFormRuntime","TryApplyDisabledPolicy","Function","Private","Private Function TryApplyDisabledPolicy(ByVal ControlInstance As Control) As Boolean","Boolean","ByVal ControlInstance As Control","1","552","563","8","0","2","modFormRuntime","False","False","","True","False",""
"modFormRuntime","TryApplyRolePolicy","Function","Private","Private Function TryApplyRolePolicy(ByVal ControlInstance As Control, ByVal controlTokens As Object, ByVal CurrentUserRoles As Collection) As Boolean","Boolean","ByVal ControlInstance As Control; ByVal controlTokens As Object; ByVal CurrentUserRoles As Collection","3","565","591","19","0","2","modFormRuntime","False","False","","True","False",""
"modFormRuntime","IsRoleAllowed","Function","Private","Private Function IsRoleAllowed(ByVal AllowedRoles As String, ByVal CurrentUserRoles As Collection) As Boolean","Boolean","ByVal AllowedRoles As String; ByVal CurrentUserRoles As Collection","2","593","622","25","0","5","modFormRuntime","False","False","","True","False",""
"modFormRuntime","TrySetInitialFocus","Function","Private","Private Function TrySetInitialFocus(ByVal ControlInstance As Control) As Boolean","Boolean","ByVal ControlInstance As Control","1","624","635","8","0","2","modFormRuntime","False","False","","True","False",""
"modFormRuntime","TryApplyHiddenPolicy","Function","Private","Private Function TryApplyHiddenPolicy(ByVal ControlInstance As Control) As Boolean","Boolean","ByVal ControlInstance As Control","1","637","652","11","0","2","modFormRuntime","False","False","","True","False",""
"modFormRuntime","TryApplyRequiredPolicy","Function","Private","Private Function TryApplyRequiredPolicy(ByVal formInstance As Access.Form, ByVal ControlInstance As Control) As Boolean","Boolean","ByVal formInstance As Access.Form; ByVal ControlInstance As Control","2","654","682","21","0","2","modFormRuntime","False","False","","True","False",""
"modFormRuntime","IsControlValueMissing","Function","Private","Private Function IsControlValueMissing(ByVal ControlInstance As Control) As Boolean","Boolean","ByVal ControlInstance As Control","1","684","705","15","0","6","modFormRuntime","False","False","","True","False",""
"modFormRuntime","IsControlValueInvalidForPolicies","Function","Private","Private Function IsControlValueInvalidForPolicies(ByVal ControlInstance As Control, ByVal controlTokens As Object) As Boolean","Boolean","ByVal ControlInstance As Control; ByVal controlTokens As Object","2","707","790","66","0","10","modFormRuntime","False","False","","True","False",""
"modFormRuntime","GetMinValue","Function","Private","Private Function GetMinValue(ByVal controlTokens As Object, ByRef minValue As Double) As Boolean","Boolean","ByVal controlTokens As Object; ByRef minValue As Double","2","792","818","19","0","3","modFormRuntime","False","False","","True","False",""
"modFormRuntime","GetMaxValue","Function","Private","Private Function GetMaxValue(ByVal controlTokens As Object, ByRef maxValue As Double) As Boolean","Boolean","ByVal controlTokens As Object; ByRef maxValue As Double","2","820","846","19","0","3","modFormRuntime","False","False","","True","False",""
"modFormRuntime","IsControlValueNumericValid","Function","Private","Private Function IsControlValueNumericValid(ByVal ControlInstance As Control) As Boolean","Boolean","ByVal ControlInstance As Control","1","848","874","18","0","5","modFormRuntime","False","False","","True","False",""
"modFormRuntime","IsControlValueIntegerValid","Function","Private","Private Function IsControlValueIntegerValid(ByVal ControlInstance As Control) As Boolean","Boolean","ByVal ControlInstance As Control","1","876","909","24","0","5","modFormRuntime","False","False","","True","False",""
"modFormRuntime","IsControlValueMinValid","Function","Private","Private Function IsControlValueMinValid(ByVal ControlInstance As Control, ByVal minValue As Double) As Boolean","Boolean","ByVal ControlInstance As Control; ByVal minValue As Double","2","911","942","22","0","5","modFormRuntime","False","False","","True","False",""
"modFormRuntime","IsControlValueMaxValid","Function","Private","Private Function IsControlValueMaxValid(ByVal ControlInstance As Control, ByVal maxValue As Double) As Boolean","Boolean","ByVal ControlInstance As Control; ByVal maxValue As Double","2","944","975","22","0","5","modFormRuntime","False","False","","True","False",""
"modFormRuntime","IsControlValueDateValid","Function","Private","Private Function IsControlValueDateValid(ByVal ControlInstance As Control) As Boolean","Boolean","ByVal ControlInstance As Control","1","977","1003","18","0","4","modFormRuntime","False","False","","True","False",""
"modFormRuntime","GetAssociatedLabel","Function","Private","Private Function GetAssociatedLabel(ByVal formInstance As Access.Form, ByVal ControlInstance As Control) As Control","Control","ByVal formInstance As Access.Form; ByVal ControlInstance As Control","2","1005","1056","42","0","6","modFormRuntime","False","False","","True","False",""
"modFormRuntime","TryFocusControl","Function","Private","Private Function TryFocusControl(ByVal ControlInstance As Control) As Boolean","Boolean","ByVal ControlInstance As Control","1","1058","1069","8","0","4","modFormRuntime; modFwValidationRuntime","False","False","","True","False",""
"modFormRuntime","GetDisplayNameForRequiredControl","Function","Private","Private Function GetDisplayNameForRequiredControl(ByVal formInstance As Access.Form, ByVal ControlInstance As Control) As String","String","ByVal formInstance As Access.Form; ByVal ControlInstance As Control","2","1071","1100","23","0","7","modFormRuntime","False","False","","True","False",""
"modFormRuntime","GetControlName","Function","Private","Private Function GetControlName(ByVal ControlInstance As Control) As String","String","ByVal ControlInstance As Control","1","1102","1115","10","0","7","modFormRuntime","False","False","","True","False",""
"modFormRuntime","ApplyReadOnlyPolicy","Sub","Private","Private Sub ApplyReadOnlyPolicy(ByVal formInstance As Access.Form)","","ByVal formInstance As Access.Form","1","1117","1142","19","0","2","modFormRuntime","False","False","","True","False",""
"modFormRuntime","TryShowMissingModuleMessage","Sub","Private","Private Sub TryShowMissingModuleMessage(ByVal RequiredModule As String, ByVal FormName As String)","","ByVal RequiredModule As String; ByVal FormName As String","2","1144","1163","14","0","1","modFormRuntime","False","False","","True","False","MESSAGE_BOX"
"modFormRuntime","TryShowRoleDeniedMessage","Sub","Private","Private Sub TryShowRoleDeniedMessage(ByVal FormName As String)","","ByVal FormName As String","1","1165","1182","13","0","1","modFormRuntime","False","False","","True","False","FILE_IO;MESSAGE_BOX"
"modFormRuntime","TryShowRequiredFieldsMessage","Sub","Private","Private Sub TryShowRequiredFieldsMessage(ByVal MissingFieldNames As Collection, ByVal FormName As String)","","ByVal MissingFieldNames As Collection; ByVal FormName As String","2","1184","1220","28","0","1","modFormRuntime","False","False","","True","False","MESSAGE_BOX"
"modFormRuntime","TryShowInvalidFieldsMessage","Sub","Private","Private Sub TryShowInvalidFieldsMessage(ByVal InvalidFieldNames As Collection, ByVal FormName As String)","","ByVal InvalidFieldNames As Collection; ByVal FormName As String","2","1222","1258","28","0","0","","False","False","","True","False","MESSAGE_BOX"
"modFormRuntime","TryShowValidationSummaryMessage","Sub","Private","Private Sub TryShowValidationSummaryMessage(ByVal MissingFieldNames As Collection, ByVal InvalidFieldNames As Collection, ByVal FormName As String)","","ByVal MissingFieldNames As Collection; ByVal InvalidFieldNames As Collection; ByVal FormName As String","3","1260","1300","32","0","1","modFormRuntime","False","False","","True","False","MESSAGE_BOX"
"modFormRuntime","BuildValidationFieldList","Function","Private","Private Function BuildValidationFieldList(ByVal FieldNames As Collection) As String","String","ByVal FieldNames As Collection","1","1302","1327","18","0","5","modFormRuntime","False","False","","True","False",""
"modFormRuntime","GetMinLenValue","Function","Private","Private Function GetMinLenValue(ByVal controlTokens As Object, ByRef minLenValue As Long) As Boolean","Boolean","ByVal controlTokens As Object; ByRef minLenValue As Long","2","1329","1347","12","0","3","modFormRuntime","False","False","","True","False",""
"modFormRuntime","GetMaxLenValue","Function","Private","Private Function GetMaxLenValue(ByVal controlTokens As Object, ByRef maxLenValue As Long) As Boolean","Boolean","ByVal controlTokens As Object; ByRef maxLenValue As Long","2","1349","1367","12","0","3","modFormRuntime","False","False","","True","False",""
"modFormRuntime","IsControlValueMinLenValid","Function","Private","Private Function IsControlValueMinLenValid(ByVal ControlInstance As Control, ByVal minLenValue As Long) As Boolean","Boolean","ByVal ControlInstance As Control; ByVal minLenValue As Long","2","1369","1390","13","0","4","modFormRuntime","False","False","","True","False",""
"modFormRuntime","IsControlValueMaxLenValid","Function","Private","Private Function IsControlValueMaxLenValid(ByVal ControlInstance As Control, ByVal maxLenValue As Long) As Boolean","Boolean","ByVal ControlInstance As Control; ByVal maxLenValue As Long","2","1392","1413","13","0","4","modFormRuntime","False","False","","True","False",""
"modFormRuntime","BuildControlValidationMessage","Function","Private","Private Function BuildControlValidationMessage(     ByVal ControlInstance As Control,     ByVal controlTokens As Object) As String","String","ByVal ControlInstance As Control; ByVal controlTokens As Object","2","1415","1490","56","6","9","modFormRuntime","False","False","","True","False",""
"modFormRuntime","HighlightInvalidControl","Sub","Private","Private Sub HighlightInvalidControl(ByVal ControlInstance As Control)","","ByVal ControlInstance As Control","1","1492","1521","21","0","3","modFormRuntime","False","False","mValidationOriginalColors","True","False",""
"modFormRuntime","ClearValidationHighlights","Sub","Private","Private Sub ClearValidationHighlights(ByVal formInstance As Access.Form)","","ByVal formInstance As Access.Form","1","1523","1553","23","0","2","modFormRuntime","False","False","mValidationOriginalColors","True","False",""
"modFormRuntime","CanHighlightControl","Function","Private","Private Function CanHighlightControl(ByVal ControlInstance As Control) As Boolean","Boolean","ByVal ControlInstance As Control","1","1554","1567","10","0","3","modFormRuntime","False","False","","True","False",""
"modFormRuntime","EnsureValidationColorStore","Sub","Private","Private Sub EnsureValidationColorStore()","","","0","1568","1573","5","0","3","modFormRuntime","False","False","mValidationOriginalColors","False","False",""
"modFormRuntime","GetValidationColorKey","Function","Private","Private Function GetValidationColorKey(ByVal ControlInstance As Control) As String","String","ByVal ControlInstance As Control","1","1575","1587","9","0","4","modFormRuntime","False","False","","True","False",""
"modFormRuntime","GetParentFormName","Function","Private","Private Function GetParentFormName(ByVal ControlInstance As Control) As String","String","ByVal ControlInstance As Control","1","1589","1601","9","0","3","modFormRuntime","False","False","","True","False",""
"modFormRuntime","ClearStoredValidationColorsForForm","Sub","Private","Private Sub ClearStoredValidationColorsForForm(ByVal formInstance As Access.Form)","","ByVal formInstance As Access.Form","1","1602","1630","21","0","1","modFormRuntime","False","False","mValidationOriginalColors","True","False",""
"modFwComposerService","GetComposerObjectList","Function","Public","Public Function GetComposerObjectList(ByVal objectType As String) As Collection","Collection","ByVal objectType As String","1","28","64","30","0","2","modFwComposerService","False","False","","True","False",""
"modFwComposerService","GetComposerControlList","Function","Public","Public Function GetComposerControlList(     ByVal objectType As String,     ByVal objectName As String,     Optional ByVal OnlyNamedPrefix As String = """" ) As Collection","Collection","ByVal objectType As String; ByVal objectName As String; Optional ByVal OnlyNamedPrefix As String = """"","3","66","119","38","0","4","modFwComposerService","False","False","","True","False",""
"modFwComposerService","GetFormControlMetadata","Function","Public","Public Function GetFormControlMetadata(     ByVal objectName As String,     Optional ByVal includeHidden As Boolean = False) As Collection","Collection","ByVal objectName As String; Optional ByVal includeHidden As Boolean = False","2","121","172","40","0","7","modFwComposerService; modFwSetup; modFwTranslationTagGeneratorService","False","False","","True","False",""
"modFwComposerService","SaveControlTagsToObject","Function","Public","Public Function SaveControlTagsToObject(     ByVal objectType As String,     ByVal objectName As String,     ByVal controlTagMap As Object,     Optional ByRef updatedCount As Long = 0) As Boolean","Boolean","ByVal objectType As String; ByVal objectName As String; ByVal controlTagMap As Object; Optional ByRef updatedCount As Long = 0","4","174","231","42","0","8","modFwComposerService; modFwSetup; modFwTranslationTagGeneratorService","False","False","","True","True",""
"modFwComposerService","SuggestTranslationKey","Function","Public","Public Function SuggestTranslationKey(     ByVal objectType As String,     ByVal objectName As String,     ByVal ControlName As String ) As String","String","ByVal objectType As String; ByVal objectName As String; ByVal ControlName As String","3","233","259","18","0","4","modFwComposerService","False","False","","True","False",""
"modFwComposerService","GetControlTagValue","Function","Public","Public Function GetControlTagValue(     ByVal objectType As String,     ByVal objectName As String,     ByVal ControlName As String ) As String","String","ByVal objectType As String; ByVal objectName As String; ByVal ControlName As String","3","261","274","7","0","3","modFwComposerService","False","False","","True","False",""
"modFwComposerService","GetControlCaptionValue","Function","Public","Public Function GetControlCaptionValue(     ByVal objectType As String,     ByVal objectName As String,     ByVal ControlName As String ) As String","String","ByVal objectType As String; ByVal objectName As String; ByVal ControlName As String","3","276","289","7","0","2","modFwComposerService","False","False","","True","False",""
"modFwComposerService","GetControlTranslationKeyValue","Function","Public","Public Function GetControlTranslationKeyValue(     ByVal objectType As String,     ByVal objectName As String,     ByVal ControlName As String ) As String","String","ByVal objectType As String; ByVal objectName As String; ByVal ControlName As String","3","291","305","7","0","2","modFwComposerService","False","False","","True","False",""
"modFwComposerService","EnsureTranslationPlaceholders","Function","Public","Public Function EnsureTranslationPlaceholders(ByVal translationKey As String) As Long","Long","ByVal translationKey As String","1","307","346","29","0","4","modFwComposerService","True","True","","True","True",""
"modFwComposerService","ValidateTranslationsReady","Function","Public","Public Function ValidateTranslationsReady(     Optional ByVal objectType As String = """",     Optional ByVal objectName As String = """" ) As Boolean","Boolean","Optional ByVal objectType As String = """"; Optional ByVal objectName As String = """"","2","348","380","20","0","4","modFwComposerService","True","True","","True","True",""
"modFwComposerService","ApplyTranslationTagsToObject","Function","Public","Public Function ApplyTranslationTagsToObject(     ByVal objectType As String,     ByVal objectName As String,     Optional ByRef AppliedCount As Long = 0,     Optional ByRef SkippedCount As Long = 0 ) As Boolean","Boolean","ByVal objectType As String; ByVal objectName As String; Optional ByRef AppliedCount As Long = 0; Optional ByRef SkippedCount As Long = 0","4","382","485","73","0","5","modFwComposerService","False","False","","True","True",""
"modFwComposerService","GetControlStringProperty","Function","Private","Private Function GetControlStringProperty(     ByVal objectType As String,     ByVal objectName As String,     ByVal ControlName As String,     ByVal propertyName As String ) As String","String","ByVal objectType As String; ByVal objectName As String; ByVal ControlName As String; ByVal propertyName As String","4","487","528","28","0","7","modFwComposerService","False","False","","True","False",""
"modFwComposerService","NormalizeObjectType","Function","Private","Private Function NormalizeObjectType(ByVal objectType As String) As String","String","ByVal objectType As String","1","530","542","9","0","31","modFwComposerService; modFwControlNamingTool","False","False","","False","False",""
"modFwComposerService","IsComposerInternalObject","Function","Private","Private Function IsComposerInternalObject(ByVal objectName As String) As Boolean","Boolean","ByVal objectName As String","1","544","553","7","0","7","modFwComposerService","False","False","","False","False",""
"modFwComposerService","NormalizeTranslationName","Function","Private","Private Function NormalizeTranslationName(ByVal Value As String) As String","String","ByVal Value As String","1","555","619","53","0","3","modFwComposerService","False","False","","False","False",""
"modFwComposerService","IsAsciiUpper","Function","Private","Private Function IsAsciiUpper(ByVal Value As String) As Boolean","Boolean","ByVal Value As String","1","621","630","7","0","4","modFwComposerService","False","False","","False","False",""
"modFwComposerService","IsAsciiLower","Function","Private","Private Function IsAsciiLower(ByVal Value As String) As Boolean","Boolean","ByVal Value As String","1","632","641","7","0","4","modFwComposerService","False","False","","False","False",""
"modFwComposerService","IsAsciiDigit","Function","Private","Private Function IsAsciiDigit(ByVal Value As String) As Boolean","Boolean","ByVal Value As String","1","643","652","7","0","5","modFwComposerService","False","False","","False","False",""
"modFwComposerService","IsAsciiLetter","Function","Private","Private Function IsAsciiLetter(ByVal Value As String) As Boolean","Boolean","ByVal Value As String","1","654","656","2","0","3","modFwComposerService","False","False","","False","False",""
"modFwComposerService","IsAsciiLetterOrDigit","Function","Private","Private Function IsAsciiLetterOrDigit(ByVal Value As String) As Boolean","Boolean","ByVal Value As String","1","658","660","2","0","2","modFwComposerService","False","False","","False","False",""
"modFwComposerService","StripPrefix","Function","Private","Private Function StripPrefix(ByVal Value As String, ByVal Prefix As String) As String","String","ByVal Value As String; ByVal Prefix As String","2","670","676","6","0","4","modFwComposerService","False","False","","False","False",""
"modFwComposerService","ObjectExists","Function","Private","Private Function ObjectExists(ByVal objectType As String, ByVal objectName As String) As Boolean","Boolean","ByVal objectType As String; ByVal objectName As String","2","678","708","24","0","9","modFwComposerService; modFwControlNamingTool","False","False","","True","False",""
"modFwComposerService","OpenObjectHiddenDesign","Function","Private","Private Function OpenObjectHiddenDesign(ByVal objectType As String, ByVal objectName As String) As Boolean","Boolean","ByVal objectType As String; ByVal objectName As String","2","710","738","22","0","8","modFwComposerService","False","False","","True","False","FORM_NAVIGATION"
"modFwComposerService","CloseObjectNoSave","Sub","Private","Private Sub CloseObjectNoSave(ByVal objectType As String, ByVal objectName As String)","","ByVal objectType As String; ByVal objectName As String","2","740","758","16","0","6","modFwComposerService","False","False","","True","False","FORM_NAVIGATION"
"modFwComposerService","IsObjectLoaded","Function","Private","Private Function IsObjectLoaded(ByVal objectType As String, ByVal objectName As String) As Boolean","Boolean","ByVal objectType As String; ByVal objectName As String","2","760","771","9","0","7","modFwComposerService; modFwControlNamingTool","False","False","","True","False",""
"modFwComposerService","GetObjectVisible","Function","Private","Private Function GetObjectVisible(ByVal objectType As String, ByVal objectName As String) As Boolean","Boolean","ByVal objectType As String; ByVal objectName As String","2","773","783","8","0","5","modFwComposerService; modFwControlNamingTool","False","False","","True","False",""
"modFwComposerService","OpenObjectForUpdate","Function","Private","Private Function OpenObjectForUpdate(ByVal objectType As String, ByVal objectName As String) As Boolean","Boolean","ByVal objectType As String; ByVal objectName As String","2","785","810","21","0","6","modFwComposerService","False","False","","True","False","FORM_NAVIGATION"
"modFwComposerService","SaveOpenedObject","Sub","Private","Private Sub SaveOpenedObject(ByVal objectType As String, ByVal objectName As String)","","ByVal objectType As String; ByVal objectName As String","2","812","826","12","0","5","modFwComposerService; modFwControlNamingTool","False","False","","True","False",""
"modFwComposerService","RestoreObjectState","Sub","Private","Private Sub RestoreObjectState(     ByVal objectType As String,     ByVal objectName As String,     ByVal WasLoaded As Boolean,     ByVal WasVisible As Boolean)","","ByVal objectType As String; ByVal objectName As String; ByVal WasLoaded As Boolean; ByVal WasVisible As Boolean","4","828","855","19","0","3","modFwComposerService","False","False","","True","False","FORM_NAVIGATION"
"modFwComposerService","CollectionAddSorted","Sub","Private","Private Sub CollectionAddSorted(ByVal target As Collection, ByVal itemValue As String)","","ByVal target As Collection; ByVal itemValue As String","2","857","912","43","0","4","modFwComposerService","False","False","","True","False",""
"modFwComposerService","ControlExists","Function","Private","Private Function ControlExists(ByVal objectType As String, ByVal objectName As String, ByVal ControlName As String) As Boolean","Boolean","ByVal objectType As String; ByVal objectName As String; ByVal ControlName As String","3","914","941","22","0","4","modFwComposerService","False","False","","True","False",""
"modFwComposerService","GetObjectPropertySafely","Function","Private","Private Function GetObjectPropertySafely(ByVal Obj As Object, ByVal propertyName As String) As String","String","ByVal Obj As Object; ByVal propertyName As String","2","943","951","6","0","12","modFwComposerService","False","False","","True","False",""
"modFwComposerService","GetControlCaptionForLoadedObject","Function","Private","Private Function GetControlCaptionForLoadedObject(     ByVal objectType As String,     ByVal objectName As String,     ByVal ControlName As String ) As String","String","ByVal objectType As String; ByVal objectName As String; ByVal ControlName As String","3","953","970","11","0","4","modFwComposerService","False","False","","True","False",""
"modFwComposerService","GetAttachedLabelCaptionSafely","Function","Private","Private Function GetAttachedLabelCaptionSafely(ByVal ctl As Object) As String","String","ByVal ctl As Object","1","972","991","14","0","4","modFwComposerService","False","False","","True","False",""
"modFwComposerService","GetControlVisibleSafely","Function","Private","Private Function GetControlVisibleSafely(ByVal ctl As Control) As Boolean","Boolean","ByVal ctl As Control","1","993","1005","9","0","3","modFwComposerService","False","False","","True","False",""
"modFwComposerService","GetControlTagSafely","Function","Private","Private Function GetControlTagSafely(ByVal ctl As Control) As String","String","ByVal ctl As Control","1","1007","1019","9","0","5","modFwComposerService; modFwTranslationAuditService","False","False","","True","False",""
"modFwComposerService","ResolveControlSourceText","Function","Private","Private Function ResolveControlSourceText(ByVal ctl As Control) As String","String","ByVal ctl As Control","1","1021","1038","14","0","4","modFwComposerService","False","False","","False","False",""
"modFwComposerService","ResolveControlTypeName","Function","Private","Private Function ResolveControlTypeName(ByVal controlTypeId As Long) As String","String","ByVal controlTypeId As Long","1","1040","1065","25","0","12","modFwComposerService","False","False","","False","False",""
"modFwComposerService","GetControlTagForLoadedObject","Function","Private","Private Function GetControlTagForLoadedObject(     ByVal objectType As String,     ByVal objectName As String,     ByVal ControlName As String ) As String","String","ByVal objectType As String; ByVal objectName As String; ByVal ControlName As String","3","1067","1084","11","0","4","modFwComposerService","False","False","","True","False",""
"modFwComposerService","SetControlCaptionForLoadedObject","Function","Private","Private Function SetControlCaptionForLoadedObject(     ByVal objectType As String,     ByVal objectName As String,     ByVal ControlName As String,     ByVal CaptionValue As String ) As Boolean","Boolean","ByVal objectType As String; ByVal objectName As String; ByVal ControlName As String; ByVal CaptionValue As String","4","1086","1106","12","0","3","modFwComposerService","False","False","","True","False",""
"modFwComposerService","SetControlTagForLoadedObject","Function","Private","Private Function SetControlTagForLoadedObject(     ByVal objectType As String,     ByVal objectName As String,     ByVal ControlName As String,     ByVal TagValue As String ) As Boolean","Boolean","ByVal objectType As String; ByVal objectName As String; ByVal ControlName As String; ByVal TagValue As String","4","1108","1128","12","0","4","modFwComposerService","False","False","","True","False",""
"modFwComposerService","ResolveReadableFallbackCaption","Function","Private","Private Function ResolveReadableFallbackCaption(     ByVal translationKey As String,     ByVal currentCaption As String,     ByVal ControlName As String) As String","String","ByVal translationKey As String; ByVal currentCaption As String; ByVal ControlName As String","3","1130","1144","9","0","8","modFwComposerService","False","False","","False","False",""
"modFwComposerService","BuildReadableCaptionFromControlName","Function","Private","Private Function BuildReadableCaptionFromControlName(ByVal ControlName As String) As String","String","ByVal ControlName As String","1","1146","1157","9","0","5","modFwComposerService","False","False","","False","False",""
"modFwComposerService","EnsureTranslationPlaceholderRow","Function","Private","Private Function EnsureTranslationPlaceholderRow(     ByVal db As DAO.Database,     ByVal translationKey As String,     ByVal languageCode As String ) As Boolean","Boolean","ByVal db As DAO.Database; ByVal translationKey As String; ByVal languageCode As String","3","1159","1198","27","0","3","modFwComposerService","False","False","","True","False","DB_MUTATION"
"modFwComposerService","TranslationRowExists","Function","Private","Private Function TranslationRowExists(     ByVal db As DAO.Database,     ByVal translationKey As String,     ByVal languageCode As String ) As Boolean","Boolean","ByVal db As DAO.Database; ByVal translationKey As String; ByVal languageCode As String","3","1200","1227","15","0","6","modFwComposerService; modFwTranslationAuditService","False","False","","True","False",""
"modFwComposerService","SetRecordsetFieldIfExists","Sub","Private","Private Sub SetRecordsetFieldIfExists(     ByVal rs As DAO.Recordset,     ByVal fieldName As String,     ByVal fieldValue As Variant )","","ByVal rs As DAO.Recordset; ByVal fieldName As String; ByVal fieldValue As Variant","3","1229","1250","13","0","3","modFwComposerService","False","False","","True","False",""
"modFwComposerService","GetTranslationModuleCode","Function","Private","Private Function GetTranslationModuleCode(ByVal translationKey As String) As String","String","ByVal translationKey As String","1","1252","1262","9","0","4","modFwComposerService","False","False","","False","False",""
"modFwComposerService","BuildMissingTranslationWhereClause","Function","Private","Private Function BuildMissingTranslationWhereClause(     ByVal objectType As String,     ByVal objectName As String ) As String","String","ByVal objectType As String; ByVal objectName As String","2","1264","1277","7","0","4","modFwComposerService","False","False","","False","False",""
"modFwComposerService","BuildMissingTranslationValueWhereClause","Function","Private","Private Function BuildMissingTranslationValueWhereClause() As String","String","","0","1279","1284","2","0","2","modFwComposerService","False","False","","False","False",""
"modFwComposerService","BuildTranslationScopeWhereClause","Function","Private","Private Function BuildTranslationScopeWhereClause(     ByVal objectType As String,     ByVal objectName As String ) As String","String","ByVal objectType As String; ByVal objectName As String","2","1286","1317","20","0","5","modFwComposerService","False","False","","False","False",""
"modFwComposerService","CountTranslationsByWhereClause","Function","Private","Private Function CountTranslationsByWhereClause(     ByVal db As DAO.Database,     ByVal whereClause As String ) As Long","Long","ByVal db As DAO.Database; ByVal whereClause As String","2","1319","1347","20","0","3","modFwComposerService","False","False","","True","False",""
"modFwComposerService","BuildValidationScopeDescription","Function","Private","Private Function BuildValidationScopeDescription(     ByVal objectType As String,     ByVal objectName As String ) As String","String","ByVal objectType As String; ByVal objectName As String","2","1349","1368","14","0","5","modFwComposerService","False","False","","False","False",""
"modFwComposerService","TableExists","Function","Private","Private Function TableExists(ByVal db As DAO.Database, ByVal tableName As String) As Boolean","Boolean","ByVal db As DAO.Database; ByVal tableName As String","2","1370","1390","15","0","114","modAddressRepository; modAppNavigationService; modArticleGroupService; modBasicModuleSchema; modContactRepository; modDemoDataSeeder; modDocumentCalculationService; modDocumentRepository; modFwComposerService; modFwSetup; modFwTranslationAuditService; modFwTranslationEditService; modFwTranslationRuntime; modFwTranslationTagGeneratorService; modMigrationPaymentTerms; modMigrationTranslations; modNumberRangeRepository; modOrderRepository; modOutputPathService; modTenantRepository; modUserRepository","False","False","","True","False",""
"modFwControlNamingTool","PreviewNormalizeControls","Sub","Public","Public Sub PreviewNormalizeControls(ByVal objectName As String, Optional ByVal objectType As String = OBJECT_TYPE_FORM)","","ByVal objectName As String; Optional ByVal objectType As String = OBJECT_TYPE_FORM","2","23","25","2","0","0","","False","False","","False","False",""
"modFwControlNamingTool","ApplyNormalizeControls","Sub","Public","Public Sub ApplyNormalizeControls(ByVal objectName As String, Optional ByVal objectType As String = OBJECT_TYPE_FORM)","","ByVal objectName As String; Optional ByVal objectType As String = OBJECT_TYPE_FORM","2","27","29","2","0","0","","False","False","","False","False",""
"modFwControlNamingTool","PascalCaseFromSnake","Function","Public","Public Function PascalCaseFromSnake(ByVal fieldName As String) As String","String","ByVal fieldName As String","1","31","63","26","0","3","modFwControlNamingTool","False","False","","False","False",""
"modFwControlNamingTool","IsGenericAccessLabelName","Function","Public","Public Function IsGenericAccessLabelName(ByVal controlName As String) As Boolean","Boolean","ByVal controlName As String","1","65","75","6","0","2","modFwControlNamingTool","False","False","","False","False",""
"modFwControlNamingTool","GetExpectedControlPrefix","Function","Public","Public Function GetExpectedControlPrefix(ByVal ctl As Access.Control) As String","String","ByVal ctl As Access.Control","1","77","86","9","0","4","modFwControlNamingTool","False","False","","False","False",""
"modFwControlNamingTool","GetAttachedLabel","Function","Public","Public Function GetAttachedLabel(ByVal ctl As Access.Control) As Object","Object","ByVal ctl As Access.Control","1","88","94","4","0","3","modFwControlNamingTool","False","False","","True","False",""
"modFwControlNamingTool","NormalizeControlsInternal","Sub","Private","Private Sub NormalizeControlsInternal(ByVal objectName As String, ByVal objectType As String, ByVal applyChanges As Boolean)","","ByVal objectName As String; ByVal objectType As String; ByVal applyChanges As Boolean","3","96","162","52","0","5","modFwControlNamingTool","False","False","","True","False",""
"modFwControlNamingTool","BuildRenamePlan","Function","Private","Private Function BuildRenamePlan(ByVal target As Object) As Collection","Collection","ByVal target As Object","1","164","255","75","0","3","modFwControlNamingTool","False","False","","True","False",""
"modFwControlNamingTool","ApplyRenamePlan","Function","Private","Private Function ApplyRenamePlan(ByVal target As Object, ByVal plan As Object) As Boolean","Boolean","ByVal target As Object; ByVal plan As Object","2","257","297","32","0","3","modFwControlNamingTool","False","False","","True","False",""
"modFwControlNamingTool","CreateRenamePlan","Function","Private","Private Function CreateRenamePlan() As Object","Object","","0","299","314","14","0","2","modFwControlNamingTool","False","False","","False","False",""
"modFwControlNamingTool","AppendSkipReason","Sub","Private","Private Sub AppendSkipReason(ByVal plan As Object, ByVal reasonText As String)","","ByVal plan As Object; ByVal reasonText As String","2","316","322","6","0","1","modFwControlNamingTool","False","False","","False","False",""
"modFwControlNamingTool","LogRenamePlan","Sub","Private","Private Sub LogRenamePlan(ByVal plan As Object)","","ByVal plan As Object","1","324","349","20","0","1","modFwControlNamingTool","False","False","","False","False",""
"modFwControlNamingTool","ReadableCaptionFromFieldName","Function","Private","Private Function ReadableCaptionFromFieldName(ByVal fieldName As String) As String","String","ByVal fieldName As String","1","351","379","24","0","2","modFwControlNamingTool","False","False","","False","False",""
"modFwControlNamingTool","IsGenericLabelCaption","Function","Private","Private Function IsGenericLabelCaption(ByVal captionText As String, ByVal labelName As String) As Boolean","Boolean","ByVal captionText As String; ByVal labelName As String","2","381","393","7","0","3","modFwControlNamingTool","False","False","","False","False",""
"modFwControlNamingTool","GetControlSourceValue","Function","Private","Private Function GetControlSourceValue(ByVal ctl As Control) As String","String","ByVal ctl As Control","1","395","401","4","0","2","modFwControlNamingTool","False","False","","True","False",""
"modFwControlNamingTool","GetCaptionValue","Function","Private","Private Function GetCaptionValue(ByVal ctl As Object) As String","String","ByVal ctl As Object","1","403","409","4","0","6","modFwControlNamingTool; modFwTranslationRuntime","False","False","","True","False",""
"modFwControlNamingTool","NameExistsOnObject","Function","Private","Private Function NameExistsOnObject(ByVal target As Object, ByVal candidateName As String, Optional ByVal ignoreName As String = """") As Boolean","Boolean","ByVal target As Object; ByVal candidateName As String; Optional ByVal ignoreName As String = """"","3","411","426","12","0","3","modFwControlNamingTool","False","False","","True","False",""
"modFwControlNamingTool","NormalizeObjectType","Function","Private","Private Function NormalizeObjectType(ByVal objectType As String) As String","String","ByVal objectType As String","1","428","438","8","0","31","modFwComposerService; modFwControlNamingTool","False","False","","False","False",""
"modFwControlNamingTool","ObjectExists","Function","Private","Private Function ObjectExists(ByVal objectType As String, ByVal objectName As String) As Boolean","Boolean","ByVal objectType As String; ByVal objectName As String","2","440","464","20","0","9","modFwComposerService; modFwControlNamingTool","False","False","","True","False",""
"modFwControlNamingTool","IsObjectLoaded","Function","Private","Private Function IsObjectLoaded(ByVal objectType As String, ByVal objectName As String) As Boolean","Boolean","ByVal objectType As String; ByVal objectName As String","2","466","477","9","0","7","modFwComposerService; modFwControlNamingTool","False","False","","True","False",""
"modFwControlNamingTool","GetObjectVisible","Function","Private","Private Function GetObjectVisible(ByVal objectType As String, ByVal objectName As String) As Boolean","Boolean","ByVal objectType As String; ByVal objectName As String","2","479","489","8","0","5","modFwComposerService; modFwControlNamingTool","False","False","","True","False",""
"modFwControlNamingTool","OpenObjectForNaming","Function","Private","Private Function OpenObjectForNaming(ByVal objectType As String, ByVal objectName As String) As Boolean","Boolean","ByVal objectType As String; ByVal objectName As String","2","491","516","20","0","6","modFwControlNamingTool","False","False","","True","False","FORM_NAVIGATION"
"modFwControlNamingTool","GetLoadedObject","Function","Private","Private Function GetLoadedObject(ByVal objectType As String, ByVal objectName As String) As Object","Object","ByVal objectType As String; ByVal objectName As String","2","518","533","13","0","3","modFwControlNamingTool","False","False","","True","False",""
"modFwControlNamingTool","SaveOpenedObject","Sub","Private","Private Sub SaveOpenedObject(ByVal objectType As String, ByVal objectName As String)","","ByVal objectType As String; ByVal objectName As String","2","535","549","12","0","5","modFwComposerService; modFwControlNamingTool","False","False","","True","False",""
"modFwControlNamingTool","CloseOpenedObject","Sub","Private","Private Sub CloseOpenedObject(ByVal objectType As String, ByVal objectName As String, ByVal saveChanges As Boolean)","","ByVal objectType As String; ByVal objectName As String; ByVal saveChanges As Boolean","3","551","564","12","0","1","modFwControlNamingTool","False","False","","True","False","FORM_NAVIGATION"
"modFwControlNamingTool","LogToolInfo","Sub","Private","Private Sub LogToolInfo(ByVal category As String, ByVal messageText As String)","","ByVal category As String; ByVal messageText As String","2","566","570","4","0","3","modFwControlNamingTool","False","False","","True","True",""
"modFwControlNamingTool","LogToolWarning","Sub","Private","Private Sub LogToolWarning(ByVal category As String, ByVal messageText As String)","","ByVal category As String; ByVal messageText As String","2","572","576","4","0","1","modFwControlNamingTool","False","False","","True","True",""
"modFwDiagnostics","LogSystemSnapshot","Sub","Public","Public Sub LogSystemSnapshot(ByVal contextName As String)","","ByVal contextName As String","1","20","44","6","0","3","modAppWorkspaceService; modBootstrap; modFwDiagnostics","False","False","","True","False",""
"modFwDiagnostics","LogOpenForms","Sub","Public","Public Sub LogOpenForms(ByVal contextName As String)","","ByVal contextName As String","1","46","75","14","0","2","modFwDiagnostics","False","False","","True","False",""
"modFwDiagnostics","LogWorkspaceState","Sub","Public","Public Sub LogWorkspaceState(ByVal contextName As String, Optional ByVal shellForm As Variant)","","ByVal contextName As String; Optional ByVal shellForm As Variant","2","77","98","11","0","3","modAppWorkspaceService; modFwDiagnostics","False","False","","True","False",""
"modFwDiagnostics","LogTranslationRuntimeState","Sub","Public","Public Sub LogTranslationRuntimeState(ByVal contextName As String)","","ByVal contextName As String","1","100","142","29","0","2","modBootstrap; modFwDiagnostics","False","False","","True","False",""
"modFwDiagnostics","LogFormDiagnostics","Sub","Public","Public Sub LogFormDiagnostics(ByVal contextName As String, ByVal formInstance As Access.Form)","","ByVal contextName As String; ByVal formInstance As Access.Form","2","144","186","26","0","3","modFwDiagnostics; modFwTranslationRuntime","False","False","","True","False",""
"modFwDiagnostics","LogCommandBarState","Sub","Public","Public Sub LogCommandBarState(ByVal contextName As String, ByVal shellForm As Access.Form)","","ByVal contextName As String; ByVal shellForm As Access.Form","2","188","219","18","0","4","modFwDiagnostics","False","False","","True","False",""
"modFwDiagnostics","DiagnosticsEnabled","Function","Public","Public Function DiagnosticsEnabled() As Boolean","Boolean","","0","221","239","14","0","9","modFwDiagnostics","False","False","","True","False",""
"modFwDiagnostics","LogCommandBarControl","Sub","Private","Private Sub LogCommandBarControl(ByVal contextName As String, ByVal shellForm As Access.Form, ByVal ControlName As String)","","ByVal contextName As String; ByVal shellForm As Access.Form; ByVal ControlName As String","3","241","251","3","0","8","modFwDiagnostics","False","False","","True","False",""
"modFwDiagnostics","ResolveShellForm","Function","Private","Private Function ResolveShellForm(Optional ByVal shellForm As Variant) As Access.Form","Access.Form","Optional ByVal shellForm As Variant","1","253","268","13","0","4","modFwDiagnostics","False","False","","True","False",""
"modFwDiagnostics","ResolveShellSourceObject","Function","Private","Private Function ResolveShellSourceObject(ByVal ControlName As String) As String","String","ByVal ControlName As String","1","270","277","5","0","3","modFwDiagnostics","False","False","","True","False",""
"modFwDiagnostics","ResolveActiveFormName","Function","Private","Private Function ResolveActiveFormName() As String","String","","0","279","283","3","0","2","modFwDiagnostics","False","False","","True","False",""
"modFwDiagnostics","ResolveCurrentUserName","Function","Private","Private Function ResolveCurrentUserName() As String","String","","0","285","291","5","0","2","modFwDiagnostics","False","False","","True","False",""
"modFwDiagnostics","ResolveCurrentUserId","Function","Private","Private Function ResolveCurrentUserId() As String","String","","0","293","299","5","0","2","modFwDiagnostics","False","False","","True","False",""
"modFwDiagnostics","ResolveSessionStartedAt","Function","Private","Private Function ResolveSessionStartedAt() As String","String","","0","301","309","7","0","2","modFwDiagnostics","False","False","","True","False",""
"modFwDiagnostics","ResolveTenantCode","Function","Private","Private Function ResolveTenantCode() As String","String","","0","311","317","5","0","9","modFwDiagnostics; modTenantRepository; modUserRepository","False","False","","True","False",""
"modFwDiagnostics","ResolveUserLanguageCode","Function","Private","Private Function ResolveUserLanguageCode() As String","String","","0","319","325","5","0","2","modFwDiagnostics","False","False","","True","False",""
"modFwDiagnostics","ResolveTranslationCount","Function","Private","Private Function ResolveTranslationCount() As Long","Long","","0","327","341","12","0","2","modFwDiagnostics","True","True","","True","False",""
"modFwDiagnostics","ResolveRecordsetState","Function","Private","Private Function ResolveRecordsetState(ByVal formInstance As Access.Form) As String","String","ByVal formInstance As Access.Form","1","343","356","10","0","3","modFwDiagnostics","False","False","","True","False",""
"modFwDiagnostics","ResolveHostSourceObject","Function","Private","Private Function ResolveHostSourceObject(ByVal formInstance As Access.Form) As String","String","ByVal formInstance As Access.Form","1","358","376","15","0","2","modFwDiagnostics","False","False","","True","False",""
"modFwDiagnostics","TryGetHostedForm","Function","Private","Private Function TryGetHostedForm(ByVal hostControl As Control) As Access.Form","Access.Form","ByVal hostControl As Control","1","378","390","9","0","3","modAppShell; modFwDiagnostics","False","False","","True","False",""
"modFwDiagnostics","ResolveControlCaptionText","Function","Private","Private Function ResolveControlCaptionText(ByVal ctl As Control) As String","String","ByVal ctl As Control","1","392","399","6","0","4","modFwDiagnostics","False","False","","True","False",""
"modFwDiagnostics","GetOpenFormsCount","Function","Private","Private Function GetOpenFormsCount() As Long","Long","","0","401","405","3","0","3","modFwDiagnostics","False","False","","True","False",""
"modFwDiagnostics","FormIsOpen","Function","Private","Private Function FormIsOpen(ByVal FormName As String) As Boolean","Boolean","ByVal FormName As String","1","407","418","9","0","2","modFwDiagnostics","False","False","","True","False",""
"modFwDiagnostics","ResolveFormName","Function","Private","Private Function ResolveFormName(ByVal formInstance As Access.Form) As String","String","ByVal formInstance As Access.Form","1","420","426","5","0","2","modFwDiagnostics","False","False","","True","False",""
"modFwDiagnostics","GetControlPropertyText","Function","Private","Private Function GetControlPropertyText(ByVal formInstance As Access.Form, ByVal ControlName As String, ByVal propertyName As String) As String","String","ByVal formInstance As Access.Form; ByVal ControlName As String; ByVal propertyName As String","3","428","436","6","0","9","modFwDiagnostics","False","False","","True","False",""
"modFwDiagnostics","GetControlPropertyBoolean","Function","Private","Private Function GetControlPropertyBoolean(ByVal formInstance As Access.Form, ByVal ControlName As String, ByVal propertyName As String) As Boolean","Boolean","ByVal formInstance As Access.Form; ByVal ControlName As String; ByVal propertyName As String","3","438","446","6","0","5","modFwDiagnostics","False","False","","True","False",""
"modFwDiagnostics","TryGetPropertyText","Function","Private","Private Function TryGetPropertyText(ByVal TargetObject As Object, ByVal propertyName As String) As String","String","ByVal TargetObject As Object; ByVal propertyName As String","2","448","461","10","0","10","modFwDiagnostics","False","False","","True","False",""
"modFwDiagnostics","TryGetPropertyBoolean","Function","Private","Private Function TryGetPropertyBoolean(ByVal TargetObject As Object, ByVal propertyName As String) As Boolean","Boolean","ByVal TargetObject As Object; ByVal propertyName As String","2","463","476","10","0","5","modFwDiagnostics","False","False","","True","False",""
"modFwDiagnostics","TryGetPropertyLong","Function","Private","Private Function TryGetPropertyLong(ByVal TargetObject As Object, ByVal propertyName As String) As Long","Long","ByVal TargetObject As Object; ByVal propertyName As String","2","478","491","10","0","2","modFwDiagnostics","False","False","","True","False",""
"modFwDiagnostics","BoolText","Function","Private","Private Function BoolText(ByVal Value As Boolean) As String","String","ByVal Value As Boolean","1","493","499","6","0","11","modFwDiagnostics","False","False","","False","False",""
"modFwDiagnostics","SafeToken","Function","Private","Private Function SafeToken(ByVal valueText As String) As String","String","ByVal valueText As String","1","501","510","9","0","47","modFwDiagnostics","False","False","","False","False",""
"modFwDiagnostics","AppendNote","Function","Private","Private Function AppendNote(ByVal noteText As String, ByVal notePart As String) As String","String","ByVal noteText As String; ByVal notePart As String","2","512","521","9","0","7","modFwDiagnostics","False","False","","False","False",""
"modFwDiagnostics","SafeLogInfo","Sub","Private","Private Sub SafeLogInfo(ByVal sourceName As String, ByVal messageText As String)","","ByVal sourceName As String; ByVal messageText As String","2","523","526","3","0","10","modFwDiagnostics","False","False","","True","True",""
"modFwSetup","EnsureOrderSchema","Function","Public","Public Function EnsureOrderSchema() As Boolean","Boolean","","0","19","44","18","0","7","modBootstrap; modFwSetup","False","False","","True","True",""
"modFwSetup","EnsureBasicModuleSchema","Function","Public","Public Function EnsureBasicModuleSchema() As Boolean","Boolean","","0","46","48","2","0","1","modFwSetup","False","False","","False","False",""
"modFwSetup","SeedTranslations","Sub","Public","Public Sub SeedTranslations()","","","0","50","118","54","4","0","","True","True","","True","False","FILE_IO;MESSAGE_BOX"
"modFwSetup","EnsureTranslationTagGeneratorTags","Sub","Public","Public Sub EnsureTranslationTagGeneratorTags()","","","0","120","166","33","0","4","modFwSetup","False","False","","True","True",""
"modFwSetup","EnsureTranslationTagGeneratorTranslations","Sub","Public","Public Sub EnsureTranslationTagGeneratorTranslations(Optional ByVal db As DAO.Database = Nothing)","","Optional ByVal db As DAO.Database = Nothing","1","168","272","96","0","3","modFwSetup","True","True","","True","True",""
"modFwSetup","EnsureAddressCockpitTranslations","Sub","Public","Public Sub EnsureAddressCockpitTranslations(Optional ByVal db As DAO.Database = Nothing)","","Optional ByVal db As DAO.Database = Nothing","1","274","381","99","0","3","modFwSetup","True","True","","True","True","FILE_IO"
"modFwSetup","EnsureAddressCockpitTags","Sub","Public","Public Sub EnsureAddressCockpitTags()","","","0","383","435","37","0","5","modFwSetup","False","False","","True","True",""
"modFwSetup","EnsureOrderDetailTranslations","Sub","Public","Public Sub EnsureOrderDetailTranslations(Optional ByVal db As DAO.Database = Nothing)","","Optional ByVal db As DAO.Database = Nothing","1","437","539","93","0","3","modFwSetup","True","True","","True","True",""
"modFwSetup","EnsureOrderLinesTranslations","Sub","Public","Public Sub EnsureOrderLinesTranslations(Optional ByVal db As DAO.Database = Nothing)","","Optional ByVal db As DAO.Database = Nothing","1","541","607","60","0","3","modFwSetup","True","True","","True","True",""
"modFwSetup","EnsureOrderLinesTags","Sub","Public","Public Sub EnsureOrderLinesTags()","","","0","609","661","37","0","5","modFwSetup","False","False","","True","True",""
"modFwSetup","BuildTagGeneratorTranslationKey","Function","Private","Private Function BuildTagGeneratorTranslationKey(ByVal ControlName As String) As String","String","ByVal ControlName As String","1","663","666","3","0","2","modFwSetup","False","False","","False","False",""
"modFwSetup","BuildAddressCockpitTranslationKey","Function","Private","Private Function BuildAddressCockpitTranslationKey(ByVal ControlName As String) As String","String","ByVal ControlName As String","1","668","671","3","0","2","modFwSetup","False","False","","False","False",""
"modFwSetup","BuildOrderLinesTranslationKey","Function","Private","Private Function BuildOrderLinesTranslationKey(ByVal ControlName As String) As String","String","ByVal ControlName As String","1","673","676","3","0","2","modFwSetup","False","False","","False","False",""
"modFwSetup","FormObjectExists","Function","Private","Private Function FormObjectExists(ByVal FormName As String) As Boolean","Boolean","ByVal FormName As String","1","678","691","10","0","3","modFwSetup","False","False","","True","False",""
"modFwSetup","SeedShellTranslations","Sub","Public","Public Sub SeedShellTranslations()","","","0","693","705","9","0","0","","True","True","","True","False","MESSAGE_BOX"
"modFwSetup","SeedVatCodeReference","Sub","Public","Public Sub SeedVatCodeReference()","","","0","707","726","14","0","0","","True","True","","True","False","DB_MUTATION;DB_EXECUTE;MESSAGE_BOX"
"modFwSetup","SeedUnitReference","Sub","Public","Public Sub SeedUnitReference()","","","0","728","749","16","0","0","","True","True","","True","False","DB_MUTATION;DB_EXECUTE;MESSAGE_BOX"
"modFwSetup","SeedAddressTypeReference","Sub","Public","Public Sub SeedAddressTypeReference()","","","0","751","773","17","0","0","","True","True","","True","False","DB_MUTATION;DB_EXECUTE;MESSAGE_BOX"
"modFwSetup","SeedAddressPersonalizationReference","Sub","Public","Public Sub SeedAddressPersonalizationReference()","","","0","775","799","18","0","0","","True","True","","True","False","DB_MUTATION;DB_EXECUTE;MESSAGE_BOX"
"modFwSetup","SeedContactTypeReference","Sub","Public","Public Sub SeedContactTypeReference()","","","0","801","822","16","0","0","","True","True","","True","False","DB_MUTATION;DB_EXECUTE;MESSAGE_BOX"
"modFwSetup","InsertTranslation","Sub","Private","Private Sub InsertTranslation(     ByVal db As DAO.Database,     ByVal languageCode As String,     ByVal translationKey As String,     ByVal TranslationValue As String,     ByVal isActive As Boolean,     Optional ByVal moduleCode As String = """",     Optional ByVal sortOrder As Long = 0)","","ByVal db As DAO.Database; ByVal languageCode As String; ByVal translationKey As String; ByVal TranslationValue As String; ByVal isActive As Boolean; Optional ByVal moduleCode As String = """"; Optional ByVal sortOrder As Long = 0","7","824","853","8","0","178","modFwSetup","False","False","","False","False","DB_EXECUTE"
"modFwSetup","SeedArticleTypeReference","Sub","Public","Public Sub SeedArticleTypeReference()","","","0","855","907","40","0","0","","True","True","","True","False","MESSAGE_BOX"
"modFwSetup","InsertAddressType","Sub","Private","Private Sub InsertAddressType(     ByVal db As DAO.Database,     ByVal addressTypeCode As String,     ByVal translationKey As String,     ByVal sortOrder As Long,     ByVal isActive As Boolean)","","ByVal db As DAO.Database; ByVal addressTypeCode As String; ByVal translationKey As String; ByVal sortOrder As Long; ByVal isActive As Boolean","5","909","928","4","0","7","modFwSetup","False","False","","False","False","DB_EXECUTE"
"modFwSetup","InsertSalutation","Sub","Private","Private Sub InsertSalutation(     ByVal db As DAO.Database,     ByVal salutationCode As String,     ByVal translationKey As String,     ByVal sortOrder As Long,     ByVal isActive As Boolean)","","ByVal db As DAO.Database; ByVal salutationCode As String; ByVal translationKey As String; ByVal sortOrder As Long; ByVal isActive As Boolean","5","930","949","4","0","4","modFwSetup","False","False","","False","False","DB_EXECUTE"
"modFwSetup","InsertAddressingMode","Sub","Private","Private Sub InsertAddressingMode(     ByVal db As DAO.Database,     ByVal addressingModeCode As String,     ByVal translationKey As String,     ByVal sortOrder As Long,     ByVal isActive As Boolean)","","ByVal db As DAO.Database; ByVal addressingModeCode As String; ByVal translationKey As String; ByVal sortOrder As Long; ByVal isActive As Boolean","5","951","970","4","0","2","modFwSetup","False","False","","False","False","DB_EXECUTE"
"modFwSetup","InsertContactType","Sub","Private","Private Sub InsertContactType(     ByVal db As DAO.Database,     ByVal contactTypeCode As String,     ByVal translationKey As String,     ByVal sortOrder As Long,     ByVal isActive As Boolean)","","ByVal db As DAO.Database; ByVal contactTypeCode As String; ByVal translationKey As String; ByVal sortOrder As Long; ByVal isActive As Boolean","5","972","991","4","0","6","modFwSetup","False","False","","False","False","DB_EXECUTE"
"modFwSetup","InsertUnit","Sub","Private","Private Sub InsertUnit(     ByVal db As DAO.Database,     ByVal UnitCode As String,     ByVal translationKey As String,     ByVal sortOrder As Long,     ByVal isActive As Boolean)","","ByVal db As DAO.Database; ByVal UnitCode As String; ByVal translationKey As String; ByVal sortOrder As Long; ByVal isActive As Boolean","5","993","1012","4","0","6","modFwSetup","False","False","","False","False","DB_EXECUTE"
"modFwSetup","InsertArticleType","Sub","Private","Private Sub InsertArticleType(     ByVal db As DAO.Database,     ByVal articleTypeCode As String,     ByVal articleTypeName As String,     ByVal translationKey As String,     ByVal DescriptionText As String,     ByVal sortOrder As Long,     ByVal isActive As Boolean)","","ByVal db As DAO.Database; ByVal articleTypeCode As String; ByVal articleTypeName As String; ByVal translationKey As String; ByVal DescriptionText As String; ByVal sortOrder As Long; ByVal isActive As Boolean","7","1014","1037","4","0","1","modFwSetup","False","False","","False","False","DB_EXECUTE"
"modFwSetup","EnsureArticleTypeSeed","Sub","Private","Private Sub EnsureArticleTypeSeed(     ByVal db As DAO.Database,     ByVal articleTypeCode As String,     ByVal articleTypeName As String,     ByVal translationKey As String,     ByVal DescriptionText As String,     ByVal sortOrder As Long,     ByVal isActive As Boolean)","","ByVal db As DAO.Database; ByVal articleTypeCode As String; ByVal articleTypeName As String; ByVal translationKey As String; ByVal DescriptionText As String; ByVal sortOrder As Long; ByVal isActive As Boolean","7","1039","1072","14","0","9","modFwSetup","False","False","","True","False","DB_MUTATION;DB_EXECUTE"
"modFwSetup","InsertVatCode","Sub","Private","Private Sub InsertVatCode(     ByVal db As DAO.Database,     ByVal VatCode As String,     ByVal translationKey As String,     ByVal vatRate As Double,     ByVal countryCode As String,     ByVal validFrom As Date,     ByVal validTo As Variant,     ByVal sortOrder As Long,     ByVal isActive As Boolean)","","ByVal db As DAO.Database; ByVal VatCode As String; ByVal translationKey As String; ByVal vatRate As Double; ByVal countryCode As String; ByVal validFrom As Date; ByVal validTo As Variant; ByVal sortOrder As Long; ByVal isActive As Boolean","9","1074","1101","4","0","4","modFwSetup","False","False","","False","False","DB_EXECUTE"
"modFwSetup","InsertAddressTypeTranslations","Sub","Private","Private Sub InsertAddressTypeTranslations(ByVal db As DAO.Database)","","ByVal db As DAO.Database","1","1103","1145","36","0","2","modFwSetup","False","False","","False","False",""
"modFwSetup","InsertSalutationTranslations","Sub","Private","Private Sub InsertSalutationTranslations(ByVal db As DAO.Database)","","ByVal db As DAO.Database","1","1147","1171","21","0","2","modFwSetup","False","False","","False","False",""
"modFwSetup","InsertAddressingModeTranslations","Sub","Private","Private Sub InsertAddressingModeTranslations(ByVal db As DAO.Database)","","ByVal db As DAO.Database","1","1173","1185","11","0","2","modFwSetup","False","False","","False","False",""
"modFwSetup","InsertContactTypeTranslations","Sub","Private","Private Sub InsertContactTypeTranslations(ByVal db As DAO.Database)","","ByVal db As DAO.Database","1","1187","1223","31","0","2","modFwSetup","False","False","","False","False",""
"modFwSetup","InsertUnitTranslations","Sub","Private","Private Sub InsertUnitTranslations(ByVal db As DAO.Database)","","ByVal db As DAO.Database","1","1225","1261","31","0","2","modFwSetup","False","False","","False","False",""
"modFwSetup","InsertVatCodeTranslations","Sub","Private","Private Sub InsertVatCodeTranslations(ByVal db As DAO.Database)","","ByVal db As DAO.Database","1","1263","1287","21","0","2","modFwSetup","False","False","","False","False",""
"modFwSetup","InsertShellTranslations","Sub","Private","Private Sub InsertShellTranslations(ByVal db As DAO.Database)","","ByVal db As DAO.Database","1","1289","1648","343","0","2","modFwSetup","False","False","","True","False","DB_MUTATION;FILE_IO"
"modFwSetup","EnsureTranslationSeed","Sub","Private","Private Sub EnsureTranslationSeed(     ByVal db As DAO.Database,     ByVal languageCode As String,     ByVal translationKey As String,     ByVal TranslationValue As String,     ByVal moduleCode As String,     ByVal sortOrder As Long)","","ByVal db As DAO.Database; ByVal languageCode As String; ByVal translationKey As String; ByVal TranslationValue As String; ByVal moduleCode As String; ByVal sortOrder As Long","6","1650","1663","5","0","666","modFwSetup","False","False","","False","False",""
"modFwSetup","UpdateTranslationSeed","Sub","Private","Private Sub UpdateTranslationSeed(     ByVal db As DAO.Database,     ByVal languageCode As String,     ByVal translationKey As String,     ByVal TranslationValue As String,     ByVal isActive As Boolean,     ByVal moduleCode As String,     ByVal sortOrder As Long)","","ByVal db As DAO.Database; ByVal languageCode As String; ByVal translationKey As String; ByVal TranslationValue As String; ByVal isActive As Boolean; ByVal moduleCode As String; ByVal sortOrder As Long","7","1665","1689","5","0","0","","False","False","","False","False","DB_MUTATION;DB_EXECUTE"
"modFwSetup","TranslationSeedExists","Function","Private","Private Function TranslationSeedExists(     ByVal db As DAO.Database,     ByVal languageCode As String,     ByVal translationKey As String) As Boolean","Boolean","ByVal db As DAO.Database; ByVal languageCode As String; ByVal translationKey As String","3","1691","1718","15","0","4","modFwSetup","False","False","","True","False",""
"modFwSetup","NormalizeSeedLanguageCode","Function","Private","Private Function NormalizeSeedLanguageCode(ByVal languageCode As String) As String","String","ByVal languageCode As String","1","1720","1722","2","0","6","modFwSetup","False","False","","False","False",""
"modFwSetup","NormalizeLanguageCodeData","Sub","Public","Public Sub NormalizeLanguageCodeData()","","","0","1724","1757","23","0","3","modFwSetup","True","True","","True","True","TRANSACTION"
"modFwSetup","NormalizeLanguageCodesForTable","Sub","Private","Private Sub NormalizeLanguageCodesForTable(     ByVal db As DAO.Database,     ByVal tableName As String,     ByVal languageFieldName As String,     ByVal keyFields As Variant)","","ByVal db As DAO.Database; ByVal tableName As String; ByVal languageFieldName As String; ByVal keyFields As Variant","4","1759","1824","49","0","5","modFwSetup","False","False","","True","True","DB_MUTATION"
"modFwSetup","NormalizeFwTranslationLanguageCodes","Sub","Private","Private Sub NormalizeFwTranslationLanguageCodes(ByVal db As DAO.Database)","","ByVal db As DAO.Database","1","1826","1904","58","0","3","modFwSetup","False","False","","True","True",""
"modFwSetup","NormalizeFwTranslationGroup","Sub","Private","Private Sub NormalizeFwTranslationGroup(     ByVal db As DAO.Database,     ByVal groupRows As Collection,     ByRef updatedCount As Long,     ByRef deletedDuplicateCount As Long,     ByRef unchangedCount As Long,     ByRef unresolvedConflictCount As Long)","","ByVal db As DAO.Database; ByVal groupRows As Collection; ByRef updatedCount As Long; ByRef deletedDuplicateCount As Long; ByRef unchangedCount As Long; ByRef unresolvedConflictCount As Long","6","1906","1967","45","0","4","modFwSetup","False","False","","True","True",""
"modFwSetup","CollectFwTranslationCandidates","Function","Private","Private Function CollectFwTranslationCandidates(     ByVal groupRows As Collection,     ByVal targetLanguageCode As String) As Collection","Collection","ByVal groupRows As Collection; ByVal targetLanguageCode As String","2","1969","1986","11","0","2","modFwSetup","False","False","","False","False",""
"modFwSetup","CountFwTranslationCanonicalRows","Function","Private","Private Function CountFwTranslationCanonicalRows(     ByVal candidates As Collection,     ByVal targetLanguageCode As String) As Long","Long","ByVal candidates As Collection; ByVal targetLanguageCode As String","2","1988","1999","7","0","2","modFwSetup","False","False","","False","False",""
"modFwSetup","SelectFwTranslationKeeper","Function","Private","Private Function SelectFwTranslationKeeper(     ByVal candidates As Collection,     ByVal targetLanguageCode As String) As Object","Object","ByVal candidates As Collection; ByVal targetLanguageCode As String","2","2001","2029","21","0","2","modFwSetup","False","False","","False","False",""
"modFwSetup","MapFwTranslationLanguageCode","Function","Private","Private Function MapFwTranslationLanguageCode(ByVal languageCode As String) As String","String","ByVal languageCode As String","1","2031","2046","13","0","5","modFwSetup","False","False","","False","False",""
"modFwSetup","GetFwTranslationLanguagePriority","Function","Private","Private Function GetFwTranslationLanguagePriority(     ByVal languageCode As String,     ByVal targetLanguageCode As String) As Long","Long","ByVal languageCode As String; ByVal targetLanguageCode As String","2","2048","2103","50","0","16","modFwSetup","False","False","","False","False",""
"modFwSetup","UpdateFwTranslationLanguageCode","Sub","Private","Private Sub UpdateFwTranslationLanguageCode(     ByVal db As DAO.Database,     ByVal translationId As Long,     ByVal targetLanguageCode As String)","","ByVal db As DAO.Database; ByVal translationId As Long; ByVal targetLanguageCode As String","3","2105","2115","2","0","1","modFwSetup","False","False","","False","False","DB_MUTATION;DB_EXECUTE"
"modFwSetup","DeleteFwTranslationRow","Sub","Private","Private Sub DeleteFwTranslationRow(     ByVal db As DAO.Database,     ByVal translationId As Long)","","ByVal db As DAO.Database; ByVal translationId As Long","2","2117","2125","2","0","1","modFwSetup","False","False","","False","False","DB_MUTATION;DB_EXECUTE"
"modFwSetup","SeedTagHelp","Sub","Public","Public Sub SeedTagHelp()","","","0","2127","2236","25","0","0","","True","True","","True","False","DB_MUTATION;DB_EXECUTE;MESSAGE_BOX"
"modFwSetup","InsertTagHelp","Sub","Private","Private Sub InsertTagHelp(     ByVal db As DAO.Database,     ByVal TokenKey As String,     ByVal Category As String,     ByVal SyntaxText As String,     ByVal DescriptionText As String,     ByVal ExampleText As String,     ByVal NotesText As String,     ByVal sortOrder As Long,     ByVal isActive As Boolean)","","ByVal db As DAO.Database; ByVal TokenKey As String; ByVal Category As String; ByVal SyntaxText As String; ByVal DescriptionText As String; ByVal ExampleText As String; ByVal NotesText As String; ByVal sortOrder As Long; ByVal isActive As Boolean","9","2238","2265","4","0","16","modFwSetup","False","False","","False","False","DB_EXECUTE"
"modFwTranslationAuditService","EnsureTranslationAuditTable","Sub","Public","Public Sub EnsureTranslationAuditTable()","","","0","65","97","12","0","4","modFwTranslationAuditService","True","True","","True","True","DB_EXECUTE"
"modFwTranslationAuditService","EnsureTranslationExpectedTable","Sub","Public","Public Sub EnsureTranslationExpectedTable()","","","0","99","129","12","0","4","modFwTranslationAuditService","True","True","","True","True","DB_EXECUTE"
"modFwTranslationAuditService","BuildTranslationAuditData","Sub","Public","Public Sub BuildTranslationAuditData()","","","0","131","168","27","0","2","modFwTranslationAuditService","True","True","","True","True","DB_MUTATION;DB_EXECUTE"
"modFwTranslationAuditService","EnsureMissingTranslationRows","Sub","Public","Public Sub EnsureMissingTranslationRows()","","","0","170","214","30","0","2","modFwTranslationAuditService","True","True","","True","True",""
"modFwTranslationAuditService","GetTranslationCoverageSummary","Function","Public","Public Function GetTranslationCoverageSummary() As String","String","","0","216","259","29","0","4","modFwTranslationAuditService","True","True","","True","False",""
"modFwTranslationAuditService","CollectFormExpectedKeys","Function","Private","Private Function CollectFormExpectedKeys(ByVal db As DAO.Database, ByRef expectedKeys As Collection) As Long","Long","ByVal db As DAO.Database; ByRef expectedKeys As Collection","2","261","311","42","0","4","modFwTranslationAuditService","False","False","","True","True",""
"modFwTranslationAuditService","CollectRegistryExpectedKeys","Function","Private","Private Function CollectRegistryExpectedKeys(ByVal db As DAO.Database, ByRef expectedKeys As Collection) As Long","Long","ByVal db As DAO.Database; ByRef expectedKeys As Collection","2","313","360","37","0","3","modFwTranslationAuditService","False","False","","True","False",""
"modFwTranslationAuditService","CollectNavigationExpectedKeys","Function","Private","Private Function CollectNavigationExpectedKeys(ByVal db As DAO.Database, ByRef expectedKeys As Collection) As Long","Long","ByVal db As DAO.Database; ByRef expectedKeys As Collection","2","362","407","35","0","3","modFwTranslationAuditService","False","False","","True","False",""
"modFwTranslationAuditService","CollectReferenceExpectedKeys","Function","Private","Private Function CollectReferenceExpectedKeys(     ByVal db As DAO.Database,     ByRef expectedKeys As Collection,     ByVal tableName As String,     ByVal preferredNameField As String,     ByVal fallbackCodeFieldName As String) As Long","Long","ByVal db As DAO.Database; ByRef expectedKeys As Collection; ByVal tableName As String; ByVal preferredNameField As String; ByVal fallbackCodeFieldName As String","5","409","455","34","0","9","modFwTranslationAuditService","False","False","","True","False",""
"modFwTranslationAuditService","AppendExpectedAuditRows","Sub","Private","Private Sub AppendExpectedAuditRows(     ByVal db As DAO.Database,     ByVal scopeCode As String,     ByVal translationKey As String,     ByVal sourceType As String,     ByVal sourceObject As String,     ByVal sourceControl As String,     ByVal fallbackText As String)","","ByVal db As DAO.Database; ByVal scopeCode As String; ByVal translationKey As String; ByVal sourceType As String; ByVal sourceObject As String; ByVal sourceControl As String; ByVal fallbackText As String","7","457","488","18","0","5","modFwTranslationAuditService","False","False","","False","False",""
"modFwTranslationAuditService","AppendOrphanAuditRows","Function","Private","Private Function AppendOrphanAuditRows(ByVal db As DAO.Database, ByRef expectedKeys As Collection) As Long","Long","ByVal db As DAO.Database; ByRef expectedKeys As Collection","2","490","540","39","0","3","modFwTranslationAuditService","False","False","","True","False",""
"modFwTranslationAuditService","EnsureRegistryExpectedKeysFromActiveTranslations","Sub","Private","Private Sub EnsureRegistryExpectedKeysFromActiveTranslations()","","","0","542","591","30","0","2","modFwTranslationAuditService","True","True","","True","False",""
"modFwTranslationAuditService","EnsureExpectedRegistryRow","Sub","Private","Private Sub EnsureExpectedRegistryRow(     ByVal db As DAO.Database,     ByVal scopeCode As String,     ByVal translationKey As String,     ByVal sourceObject As String,     ByVal fallbackText As String)","","ByVal db As DAO.Database; ByVal scopeCode As String; ByVal translationKey As String; ByVal sourceObject As String; ByVal fallbackText As String","5","593","626","15","0","2","modFwTranslationAuditService","False","False","","True","False","DB_EXECUTE"
"modFwTranslationAuditService","TryGetTranslationValue","Function","Private","Private Function TryGetTranslationValue(     ByVal db As DAO.Database,     ByVal translationKey As String,     ByVal languageCode As String,     ByRef TranslationValue As Variant) As Boolean","Boolean","ByVal db As DAO.Database; ByVal translationKey As String; ByVal languageCode As String; ByRef TranslationValue As Variant","4","628","662","21","0","3","modFwTranslationAuditService","False","False","","True","False",""
"modFwTranslationAuditService","TranslationRowExists","Function","Private","Private Function TranslationRowExists(ByVal db As DAO.Database, ByVal translationKey As String, ByVal languageCode As String) As Boolean","Boolean","ByVal db As DAO.Database; ByVal translationKey As String; ByVal languageCode As String","3","664","678","9","0","6","modFwComposerService; modFwTranslationAuditService","False","False","","True","False",""
"modFwTranslationAuditService","InsertMissingTranslationRow","Sub","Private","Private Sub InsertMissingTranslationRow(     ByVal db As DAO.Database,     ByVal translationKey As String,     ByVal languageCode As String,     ByVal scopeCode As String)","","ByVal db As DAO.Database; ByVal translationKey As String; ByVal languageCode As String; ByVal scopeCode As String","4","680","715","27","0","2","modFwTranslationAuditService","False","False","","True","False","DB_MUTATION"
"modFwTranslationAuditService","InsertAuditRow","Sub","Private","Private Sub InsertAuditRow(     ByVal db As DAO.Database,     ByVal scopeCode As String,     ByVal translationKey As String,     ByVal languageCode As String,     ByVal auditStatus As String,     ByVal sourceType As String,     ByVal sourceObject As String,     ByVal sourceControl As String,     ByVal fallbackText As String,     ByVal TranslationValue As Variant,     ByVal existsInTranslation As Boolean)","","ByVal db As DAO.Database; ByVal scopeCode As String; ByVal translationKey As String; ByVal languageCode As String; ByVal auditStatus As String; ByVal sourceType As String; ByVal sourceObject As String; ByVal sourceControl As String; ByVal fallbackText As String; ByVal TranslationValue As Variant; ByVal existsInTranslation As Boolean","11","717","749","4","0","2","modFwTranslationAuditService","False","False","","False","False","DB_EXECUTE"
"modFwTranslationAuditService","ResolveReadableFieldName","Function","Private","Private Function ResolveReadableFieldName(     ByVal rs As DAO.Recordset,     ByVal preferredNameField As String,     ByVal fallbackCodeFieldName As String) As String","String","ByVal rs As DAO.Recordset; ByVal preferredNameField As String; ByVal fallbackCodeFieldName As String","3","751","768","12","0","3","modFwTranslationAuditService","False","False","","False","False",""
"modFwTranslationAuditService","ResolveRecordsetFallbackText","Function","Private","Private Function ResolveRecordsetFallbackText(     ByVal rs As DAO.Recordset,     ByVal fieldName As String,     ByVal defaultValue As String) As String","String","ByVal rs As DAO.Recordset; ByVal fieldName As String; ByVal defaultValue As String","3","770","784","9","0","4","modFwTranslationAuditService","False","False","","False","False",""
"modFwTranslationAuditService","NormalizeExpectedKey","Function","Private","Private Function NormalizeExpectedKey(ByVal translationKey As String) As String","String","ByVal translationKey As String","1","786","800","10","0","9","modFwTranslationAuditService","False","False","","False","True",""
"modFwTranslationAuditService","RequiredLanguages","Function","Private","Private Function RequiredLanguages() As Variant","Variant","","0","802","804","2","0","2","modFwTranslationAuditService","False","False","","False","False",""
"modFwTranslationAuditService","ResolveScopeCodeFromKey","Function","Private","Private Function ResolveScopeCodeFromKey(ByVal translationKey As String) As String","String","ByVal translationKey As String","1","806","844","28","0","17","modFwTranslationAuditService","False","False","","False","False",""
"modFwTranslationAuditService","ResolveLegacyAuditStatus","Function","Private","Private Function ResolveLegacyAuditStatus(ByVal translationKey As String) As String","String","ByVal translationKey As String","1","846","852","6","0","3","modFwTranslationAuditService","False","False","","False","False",""
"modFwTranslationAuditService","IsLegacyTranslationKey","Function","Private","Private Function IsLegacyTranslationKey(ByVal translationKey As String) As Boolean","Boolean","ByVal translationKey As String","1","854","872","13","0","4","modFwTranslationAuditService","False","False","","False","False",""
"modFwTranslationAuditService","BuildExpectedKeyToken","Function","Private","Private Function BuildExpectedKeyToken(ByVal translationKey As String) As String","String","ByVal translationKey As String","1","874","876","2","0","3","modFwTranslationAuditService","False","False","","False","False",""
"modFwTranslationAuditService","AddExpectedKey","Function","Private","Private Function AddExpectedKey(ByRef expectedKeys As Collection, ByVal translationKey As String) As Boolean","Boolean","ByRef expectedKeys As Collection; ByVal translationKey As String","2","878","890","10","0","6","modFwTranslationAuditService","False","False","","False","False",""
"modFwTranslationAuditService","CollectionContains","Function","Private","Private Function CollectionContains(ByVal items As Collection, ByVal itemKey As String) As Boolean","Boolean","ByVal items As Collection; ByVal itemKey As String","2","892","903","8","0","4","modFwTranslationAuditService","False","False","","True","False",""
"modFwTranslationAuditService","SetRecordsetFieldValue","Sub","Private","Private Sub SetRecordsetFieldValue(ByVal rs As DAO.Recordset, ByVal fieldName As String, ByVal fieldValue As Variant)","","ByVal rs As DAO.Recordset; ByVal fieldName As String; ByVal fieldValue As Variant","3","905","909","4","0","10","modFwTranslationAuditService","False","False","","False","False",""
"modFwTranslationAuditService","ResolveAuditUser","Function","Private","Private Function ResolveAuditUser() As String","String","","0","911","921","9","0","8","modFwTranslationAuditService","False","False","","True","False",""
"modFwTranslationAuditService","SqlLongText","Function","Private","Private Function SqlLongText(ByVal fieldValue As Variant) As String","String","ByVal fieldValue As Variant","1","923","929","6","0","3","modFwTranslationAuditService","False","False","","False","False",""
"modFwTranslationAuditService","TableExists","Function","Private","Private Function TableExists(ByVal db As DAO.Database, ByVal tableName As String) As Boolean","Boolean","ByVal db As DAO.Database; ByVal tableName As String","2","931","946","12","0","114","modAddressRepository; modAppNavigationService; modArticleGroupService; modBasicModuleSchema; modContactRepository; modDemoDataSeeder; modDocumentCalculationService; modDocumentRepository; modFwComposerService; modFwSetup; modFwTranslationAuditService; modFwTranslationEditService; modFwTranslationRuntime; modFwTranslationTagGeneratorService; modMigrationPaymentTerms; modMigrationTranslations; modNumberRangeRepository; modOrderRepository; modOutputPathService; modTenantRepository; modUserRepository","False","False","","True","False",""
"modFwTranslationAuditService","OpenFormHiddenDesignIfNeeded","Function","Private","Private Function OpenFormHiddenDesignIfNeeded(ByVal FormName As String, Optional ByVal wasAlreadyOpen As Boolean = False) As Boolean","Boolean","ByVal FormName As String; Optional ByVal wasAlreadyOpen As Boolean = False","2","948","959","9","0","3","modFwTranslationAuditService","False","False","","True","False","FORM_NAVIGATION"
"modFwTranslationAuditService","CloseFormNoSave","Sub","Private","Private Sub CloseFormNoSave(ByVal FormName As String)","","ByVal FormName As String","1","961","966","5","0","1","modFwTranslationAuditService","False","False","","True","False","FORM_NAVIGATION"
"modFwTranslationAuditService","ResolveScannableFormInstance","Function","Private","Private Function ResolveScannableFormInstance(ByVal FormName As String) As Access.Form","Access.Form","ByVal FormName As String","1","968","980","9","0","3","modFwTranslationAuditService","False","False","","True","False",""
"modFwTranslationAuditService","IsProjectFormLoaded","Function","Private","Private Function IsProjectFormLoaded(ByVal FormName As String) As Boolean","Boolean","ByVal FormName As String","1","982","991","7","0","6","modFwTranslationAuditService","False","False","","True","False",""
"modFwTranslationAuditService","IsFormLoadedAnywhere","Function","Private","Private Function IsFormLoadedAnywhere(ByVal FormName As String) As Boolean","Boolean","ByVal FormName As String","1","993","1010","14","0","3","modFwTranslationAuditService","False","False","","True","False",""
"modFwTranslationAuditService","TryResolveLoadedFormInstance","Function","Private","Private Function TryResolveLoadedFormInstance(ByVal FormName As String, ByRef resolvedForm As Access.Form) As Boolean","Boolean","ByVal FormName As String; ByRef resolvedForm As Access.Form","2","1012","1026","11","0","2","modFwTranslationAuditService","False","False","","True","False",""
"modFwTranslationAuditService","TryFindLoadedFormInstance","Function","Private","Private Function TryFindLoadedFormInstance(     ByVal currentForm As Access.Form,     ByVal targetFormName As String,     ByRef resolvedForm As Access.Form) As Boolean","Boolean","ByVal currentForm As Access.Form; ByVal targetFormName As String; ByRef resolvedForm As Access.Form","3","1028","1065","28","0","5","modFwTranslationAuditService","False","False","","True","False",""
"modFwTranslationAuditService","IsFormOpenByName","Function","Private","Private Function IsFormOpenByName(ByVal FormName As String) As Boolean","Boolean","ByVal FormName As String","1","1067","1081","11","0","1","modFwTranslationAuditService","False","False","","True","False",""
"modFwTranslationAuditService","GetTagTextSafely","Function","Private","Private Function GetTagTextSafely(ByVal TagValue As Variant) As String","String","ByVal TagValue As Variant","1","1083","1085","2","0","2","modFwTranslationAuditService","False","False","","False","False",""
"modFwTranslationAuditService","GetControlTagSafely","Function","Private","Private Function GetControlTagSafely(ByVal ctl As Control) As String","String","ByVal ctl As Control","1","1087","1091","4","0","5","modFwComposerService; modFwTranslationAuditService","False","False","","True","False",""
"modFwTranslationAuditService","NzCaptionTextSafely","Function","Private","Private Function NzCaptionTextSafely(ByVal formInstance As Access.Form, ByVal defaultValue As String) As String","String","ByVal formInstance As Access.Form; ByVal defaultValue As String","2","1093","1100","7","0","4","modFwTranslationAuditService","False","False","","True","False",""
"modFwTranslationAuditService","GetControlFallbackText","Function","Private","Private Function GetControlFallbackText(ByVal ctl As Control, ByVal defaultValue As String) As String","String","ByVal ctl As Control; ByVal defaultValue As String","2","1102","1116","12","0","5","modFwTranslationAuditService","False","False","","True","False",""
"modFwTranslationEditService","LoadTranslationEditContext","Sub","Public","Public Sub LoadTranslationEditContext(ByVal targetForm As Access.Form, ByVal translationKey As String)","","ByVal targetForm As Access.Form; ByVal translationKey As String","2","38","82","34","0","3","modFwTranslationEditService","True","True","","True","True","DB_MUTATION"
"modFwTranslationEditService","EnsureRequiredLanguageRows","Sub","Public","Public Sub EnsureRequiredLanguageRows(ByVal translationKey As String, Optional ByVal scopeCode As String = """")","","ByVal translationKey As String; Optional ByVal scopeCode As String = """"","2","84","111","20","0","3","modFwTranslationEditService","True","True","","True","False",""
"modFwTranslationEditService","SaveTranslationValues","Sub","Public","Public Sub SaveTranslationValues(ByVal targetForm As Access.Form, ByVal translationKey As String)","","ByVal targetForm As Access.Form; ByVal translationKey As String","2","113","148","25","0","3","modFwTranslationEditService","True","True","","True","True",""
"modFwTranslationEditService","ResolveAuditMetadata","Function","Public","Public Function ResolveAuditMetadata(ByVal translationKey As String) As String","String","ByVal translationKey As String","1","150","203","38","0","5","modFwTranslationEditService","True","True","","True","False",""
"modFwTranslationEditService","EnsureSingleLanguageRow","Sub","Private","Private Sub EnsureSingleLanguageRow(ByVal db As DAO.Database, ByVal translationKey As String, ByVal languageCode As String, ByVal scopeCode As String)","","ByVal db As DAO.Database; ByVal translationKey As String; ByVal languageCode As String; ByVal scopeCode As String","4","205","234","21","0","2","modFwTranslationEditService","False","False","","True","False","DB_MUTATION"
"modFwTranslationEditService","SaveSingleTranslationValue","Sub","Private","Private Sub SaveSingleTranslationValue(     ByVal db As DAO.Database,     ByVal translationKey As String,     ByVal languageCode As String,     ByVal TranslationValue As String,     ByVal scopeCode As String)","","ByVal db As DAO.Database; ByVal translationKey As String; ByVal languageCode As String; ByVal TranslationValue As String; ByVal scopeCode As String","5","236","286","35","0","4","modFwTranslationEditService","False","False","","True","False","DB_MUTATION"
"modFwTranslationEditService","SetAuditRecordFields","Sub","Private","Private Sub SetAuditRecordFields(ByVal rs As DAO.Recordset, ByVal isInsert As Boolean)","","ByVal rs As DAO.Recordset; ByVal isInsert As Boolean","2","288","316","23","0","3","modFwTranslationEditService","False","False","","False","False",""
"modFwTranslationEditService","LookupTranslationValue","Function","Private","Private Function LookupTranslationValue(ByVal db As DAO.Database, ByVal translationKey As String, ByVal languageCode As String) As String","String","ByVal db As DAO.Database; ByVal translationKey As String; ByVal languageCode As String","3","318","341","15","0","5","modFwTranslationEditService","False","False","","True","False",""
"modFwTranslationEditService","RequiredLanguageCodes","Function","Private","Private Function RequiredLanguageCodes() As Variant","Variant","","0","343","345","2","0","2","modFwTranslationEditService","False","False","","False","False",""
"modFwTranslationEditService","ResolveScopeFromTranslationKey","Function","Private","Private Function ResolveScopeFromTranslationKey(ByVal translationKey As String) As String","String","ByVal translationKey As String","1","347","363","14","0","8","modFwTranslationEditService","False","False","","False","False",""
"modFwTranslationEditService","NormalizeTranslationKey","Function","Private","Private Function NormalizeTranslationKey(ByVal translationKey As String) As String","String","ByVal translationKey As String","1","365","371","6","0","14","modFwTranslationEditService; modFwTranslationRuntime","False","False","","False","False",""
"modFwTranslationEditService","AddMetadataPair","Function","Private","Private Function AddMetadataPair(ByVal metadataText As String, ByVal keyName As String, ByVal valueText As String) As String","String","ByVal metadataText As String; ByVal keyName As String; ByVal valueText As String","3","373","379","5","0","9","modFwTranslationEditService","False","False","","False","False",""
"modFwTranslationEditService","ResolveMetadataValue","Function","Private","Private Function ResolveMetadataValue(ByVal metadataText As String, ByVal keyName As String) As String","String","ByVal metadataText As String; ByVal keyName As String","2","381","402","19","0","7","modFwTranslationEditService","False","False","","False","False",""
"modFwTranslationEditService","EscapeMetadataValue","Function","Private","Private Function EscapeMetadataValue(ByVal valueText As String) As String","String","ByVal valueText As String","1","404","409","5","0","2","modFwTranslationEditService","False","False","","False","False",""
"modFwTranslationEditService","UnescapeMetadataValue","Function","Private","Private Function UnescapeMetadataValue(ByVal valueText As String) As String","String","ByVal valueText As String","1","411","416","5","0","2","modFwTranslationEditService","False","False","","False","False",""
"modFwTranslationEditService","GetControlText","Function","Private","Private Function GetControlText(ByVal targetForm As Access.Form, ByVal ControlName As String) As String","String","ByVal targetForm As Access.Form; ByVal ControlName As String","2","418","426","6","0","5","modFwTranslationEditService","False","False","","True","False",""
"modFwTranslationEditService","SetControlValueIfPresent","Sub","Private","Private Sub SetControlValueIfPresent(ByVal targetForm As Access.Form, ByVal ControlName As String, ByVal controlValue As Variant)","","ByVal targetForm As Access.Form; ByVal ControlName As String; ByVal controlValue As Variant","3","428","436","6","0","10","modFwTranslationEditService","False","False","","True","False",""
"modFwTranslationEditService","HasControl","Function","Private","Private Function HasControl(ByVal targetForm As Access.Form, ByVal ControlName As String) As Boolean","Boolean","ByVal targetForm As Access.Form; ByVal ControlName As String","2","438","455","13","0","27","modAppDashboardService; modAppShell; modAppWorkspaceService; modFwTranslationEditService","False","False","","True","False",""
"modFwTranslationEditService","TableExists","Function","Private","Private Function TableExists(ByVal db As DAO.Database, ByVal tableName As String) As Boolean","Boolean","ByVal db As DAO.Database; ByVal tableName As String","2","457","471","11","0","114","modAddressRepository; modAppNavigationService; modArticleGroupService; modBasicModuleSchema; modContactRepository; modDemoDataSeeder; modDocumentCalculationService; modDocumentRepository; modFwComposerService; modFwSetup; modFwTranslationAuditService; modFwTranslationEditService; modFwTranslationRuntime; modFwTranslationTagGeneratorService; modMigrationPaymentTerms; modMigrationTranslations; modNumberRangeRepository; modOrderRepository; modOutputPathService; modTenantRepository; modUserRepository","False","False","","True","False",""
"modFwTranslationRuntime","ApplyTranslations","Sub","Public","Public Sub ApplyTranslations(ByVal TargetObject As Object)","","ByVal TargetObject As Object","1","28","87","43","4","2","modFwTranslationRuntime","False","False","","True","True",""
"modFwTranslationRuntime","ResolveTranslation","Function","Public","Public Function ResolveTranslation(ByVal translationKey As String, Optional ByVal languageCode As String = """") As String","String","ByVal translationKey As String; Optional ByVal languageCode As String = """"","2","89","153","52","0","11","modFwTranslationRuntime","True","True","","True","True",""
"modFwTranslationRuntime","ResolveCaptionText","Function","Public","Public Function ResolveCaptionText(     ByVal fallbackCaption As String,     ByVal tagText As String,     Optional ByVal languageCode As String = """") As String","String","ByVal fallbackCaption As String; ByVal tagText As String; Optional ByVal languageCode As String = """"","3","155","183","20","0","9","modFwComposerService; modFwTranslationRuntime; modFwValidationRuntime","False","False","","True","False",""
"modFwTranslationRuntime","ResolveText","Function","Public","Public Function ResolveText(     ByVal translationKey As String,     ByVal fallbackText As String,     Optional ByVal languageCode As String = """") As String","String","ByVal translationKey As String; ByVal fallbackText As String; Optional ByVal languageCode As String = """"","3","185","246","48","0","27","modArticleGroupService; modArticleService; modFwTranslationRuntime","True","True","","True","False",""
"modFwTranslationRuntime","GetCurrentLanguageCode","Function","Public","Public Function GetCurrentLanguageCode() As String","String","","0","248","257","7","0","12","modAppShell; modFwDiagnostics; modFwTranslationRuntime; modFwValidationRuntime; modOrderRepository","False","False","","True","False",""
"modFwTranslationRuntime","ResolveCurrentLanguageCode","Function","Public","Public Function ResolveCurrentLanguageCode() As String","String","","0","259","285","18","0","5","modFwTranslationRuntime; modTranslationService","False","False","","True","False",""
"modFwTranslationRuntime","GetTranslationKeyFromTag","Function","Public","Public Function GetTranslationKeyFromTag(ByVal tagText As String) As String","String","ByVal tagText As String","1","287","311","20","0","11","modFormLocalization; modFwComposerService; modFwTranslationAuditService; modFwTranslationRuntime","False","False","","False","False",""
"modFwTranslationRuntime","SetTranslationKeyInTag","Function","Public","Public Function SetTranslationKeyInTag(ByVal tagText As String, ByVal translationKey As String) As String","String","ByVal tagText As String; ByVal translationKey As String","2","313","327","12","0","8","modFwComposerService; modFwSetup; modFwTranslationRuntime; modFwTranslationTagGeneratorService","False","False","","False","False",""
"modFwTranslationRuntime","RemoveTranslationKeyFromTag","Function","Public","Public Function RemoveTranslationKeyFromTag(ByVal tagText As String) As String","String","ByVal tagText As String","1","329","361","25","0","3","modFwTranslationRuntime; modFwTranslationTagGeneratorService","False","False","","False","False",""
"modFwTranslationRuntime","BuildTranslatedReferenceRowSource","Function","Public","Public Function BuildTranslatedReferenceRowSource(     ByVal referenceTableName As String,     ByVal codeFieldName As String,     Optional ByVal languageCode As String = """") As String","String","ByVal referenceTableName As String; ByVal codeFieldName As String; Optional ByVal languageCode As String = """"","3","363","399","28","0","2","modFwTranslationRuntime","False","False","","True","False",""
"modFwTranslationRuntime","LookupTranslation","Function","Private","Private Function LookupTranslation(     ByVal db As DAO.Database,     ByVal translationKey As String,     ByVal languageCode As String) As String","String","ByVal db As DAO.Database; ByVal translationKey As String; ByVal languageCode As String","3","401","435","20","0","15","modFwTranslationRuntime; modTranslationService","False","False","","True","False",""
"modFwTranslationRuntime","ResolveCurrentUserLanguageCode","Function","Private","Private Function ResolveCurrentUserLanguageCode() As String","String","","0","437","457","15","0","4","modFwTranslationRuntime","False","False","","True","False",""
"modFwTranslationRuntime","ResolveIniLanguageCode","Function","Private","Private Function ResolveIniLanguageCode() As String","String","","0","459","468","7","0","4","modFwTranslationRuntime","False","False","","True","False",""
"modFwTranslationRuntime","ResolveTranslationKeyFromMetadata","Function","Private","Private Function ResolveTranslationKeyFromMetadata(     ByVal fallbackCaption As String,     ByVal tagText As String) As String","String","ByVal fallbackCaption As String; ByVal tagText As String","2","470","482","8","0","4","modFwTranslationRuntime","False","False","","False","False",""
"modFwTranslationRuntime","NormalizeTranslationKey","Function","Private","Private Function NormalizeTranslationKey(ByVal translationKey As String) As String","String","ByVal translationKey As String","1","484","496","10","0","14","modFwTranslationEditService; modFwTranslationRuntime","False","False","","False","False",""
"modFwTranslationRuntime","NormalizeLanguageCode","Function","Private","Private Function NormalizeLanguageCode(ByVal languageCode As String) As String","String","ByVal languageCode As String","1","498","514","13","0","17","modFwTranslationRuntime; modTranslationService","False","False","","False","False",""
"modFwTranslationRuntime","ResolveSupportedLanguageCode","Function","Private","Private Function ResolveSupportedLanguageCode(ByVal languageCode As String) As String","String","ByVal languageCode As String","1","516","525","7","0","4","modFwTranslationRuntime","False","False","","False","False",""
"modFwTranslationRuntime","GetSupportedTranslationLanguages","Function","Public","Public Function GetSupportedTranslationLanguages() As Variant","Variant","","0","527","532","2","0","3","modFwSetup; modFwTranslationAuditService; modFwTranslationRuntime","False","False","","False","False",""
"modFwTranslationRuntime","GetKnownLanguageCodes","Function","Public","Public Function GetKnownLanguageCodes() As Variant","Variant","","0","534","540","2","0","1","modFwTranslationRuntime","False","False","","False","False",""
"modFwTranslationRuntime","IsSupportedTranslationLanguage","Function","Public","Public Function IsSupportedTranslationLanguage(ByVal languageCode As String) As Boolean","Boolean","ByVal languageCode As String","1","542","547","5","0","1","modFwTranslationRuntime","False","False","","False","False",""
"modFwTranslationRuntime","NormalizeProjectLanguageCode","Function","Public","Public Function NormalizeProjectLanguageCode(ByVal languageCode As String) As String","String","ByVal languageCode As String","1","549","551","2","0","2","modFwSetup; modFwTranslationRuntime","False","False","","False","False",""
"modFwTranslationRuntime","NormalizeLegacyLanguageAlias","Function","Private","Private Function NormalizeLegacyLanguageAlias(ByVal normalizedLanguageCode As String) As String","String","ByVal normalizedLanguageCode As String","1","553","570","17","0","8","modFwTranslationRuntime","False","False","","False","False",""
"modFwTranslationRuntime","GetBaseLanguageCode","Function","Private","Private Function GetBaseLanguageCode(ByVal languageCode As String) As String","String","ByVal languageCode As String","1","572","584","10","0","7","modAppShell; modFwTranslationRuntime","False","False","","False","False",""
"modFwTranslationRuntime","HasAnyTranslationMarker","Function","Private","Private Function HasAnyTranslationMarker(ByVal CaptionValue As String, ByVal tagText As String) As Boolean","Boolean","ByVal CaptionValue As String; ByVal tagText As String","2","586","588","2","0","3","modFwTranslationRuntime","False","False","","False","False",""
"modFwTranslationRuntime","HasTranslationPrefix","Function","Private","Private Function HasTranslationPrefix(ByVal CaptionValue As String) As Boolean","Boolean","ByVal CaptionValue As String","1","590","597","6","0","3","modFwTranslationRuntime","False","False","","False","False",""
"modFwTranslationRuntime","IsResolvedTranslationValue","Function","Private","Private Function IsResolvedTranslationValue(     ByVal translatedValue As String,     ByVal translationKey As String) As Boolean","Boolean","ByVal translatedValue As String; ByVal translationKey As String","2","599","623","16","0","2","modFwTranslationRuntime","False","False","","False","False",""
"modFwTranslationRuntime","GetCaptionValue","Function","Private","Private Function GetCaptionValue(ByVal target As Object) As String","String","ByVal target As Object","1","625","633","6","0","6","modFwControlNamingTool; modFwTranslationRuntime","False","False","","True","False",""
"modFwTranslationRuntime","GetTagValue","Function","Private","Private Function GetTagValue(ByVal target As Object) As String","String","ByVal target As Object","1","635","643","6","0","9","modFwTranslationRuntime; modFwValidationRuntime","False","False","","True","False",""
"modFwTranslationRuntime","SetCaptionValue","Function","Private","Private Function SetCaptionValue(ByVal target As Object, ByVal CaptionValue As String) As Boolean","Boolean","ByVal target As Object; ByVal CaptionValue As String","2","645","654","7","0","4","modFwTranslationRuntime","False","False","","True","False",""
"modFwTranslationRuntime","GetTargetObjectName","Function","Private","Private Function GetTargetObjectName(ByVal TargetObject As Object) As String","String","ByVal TargetObject As Object","1","656","664","6","0","3","modFwTranslationRuntime","False","False","","True","False",""
"modFwTranslationRuntime","GetTargetObjectKind","Function","Private","Private Function GetTargetObjectKind(ByVal TargetObject As Object) As String","String","ByVal TargetObject As Object","1","666","679","11","0","4","modFwTranslationRuntime","False","False","","False","False",""
"modFwTranslationRuntime","TableExists","Function","Private","Private Function TableExists(ByVal db As DAO.Database, ByVal tableName As String) As Boolean","Boolean","ByVal db As DAO.Database; ByVal tableName As String","2","681","701","15","0","114","modAddressRepository; modAppNavigationService; modArticleGroupService; modBasicModuleSchema; modContactRepository; modDemoDataSeeder; modDocumentCalculationService; modDocumentRepository; modFwComposerService; modFwSetup; modFwTranslationAuditService; modFwTranslationEditService; modFwTranslationRuntime; modFwTranslationTagGeneratorService; modMigrationPaymentTerms; modMigrationTranslations; modNumberRangeRepository; modOrderRepository; modOutputPathService; modTenantRepository; modUserRepository","False","False","","True","False",""
"modFwTranslationRuntime","NzString","Function","Private","Private Function NzString(ByVal Value As Variant, Optional ByVal defaultValue As String = """") As String","String","ByVal Value As Variant; Optional ByVal defaultValue As String = """"","2","703","709","6","0","202","modAddressRepository; modAppNavigationService; modAppShell; modArticleGroupService; modArticleService; modContactRepository; modDaoHelper; modDeepLTranslationService; modDocumentCalculationService; modDocumentRepository; modFormLocalization; modFwComposerService; modFwSetup; modFwTranslationAuditService; modFwTranslationEditService; modFwTranslationRuntime; modFwTranslationTagGeneratorService; modFwValidationRuntime; modNumberingHandler; modNumberRangeRepository; modOrderCalculationService; modOrderRepository; modTenantRepository; modTranslationService; modUserRepository","False","False","","False","False",""
"modFwTranslationTagGeneratorService","EnsureTranslationTagGeneratorTable","Sub","Public","Public Sub EnsureTranslationTagGeneratorTable()","","","0","37","72","12","0","8","modFwTranslationTagGeneratorService","True","True","","True","True","DB_EXECUTE"
"modFwTranslationTagGeneratorService","LoadFormControlRows","Function","Public","Public Function LoadFormControlRows(     ByVal sessionId As String,     ByVal FormName As String,     Optional ByVal includeHidden As Boolean = False) As Long","Long","ByVal sessionId As String; ByVal FormName As String; Optional ByVal includeHidden As Boolean = False","3","74","147","60","0","2","modFwTranslationTagGeneratorService","True","True","","True","False","DB_MUTATION"
"modFwTranslationTagGeneratorService","RegenerateSuggestions","Function","Public","Public Function RegenerateSuggestions(ByVal sessionId As String) As Long","Long","ByVal sessionId As String","1","149","193","31","0","2","modFwTranslationTagGeneratorService","True","True","","True","False","DB_MUTATION"
"modFwTranslationTagGeneratorService","SetMissingKeys","Function","Public","Public Function SetMissingKeys(ByVal sessionId As String) As Long","Long","ByVal sessionId As String","1","195","231","26","0","2","modFwTranslationTagGeneratorService","True","True","","True","False",""
"modFwTranslationTagGeneratorService","SetKeyForControl","Function","Public","Public Function SetKeyForControl(ByVal sessionId As String, ByVal ControlName As String) As Boolean","Boolean","ByVal sessionId As String; ByVal ControlName As String","2","233","267","24","0","2","modFwTranslationTagGeneratorService","True","True","","True","False",""
"modFwTranslationTagGeneratorService","RemoveKeyFromControl","Function","Public","Public Function RemoveKeyFromControl(ByVal sessionId As String, ByVal ControlName As String) As Boolean","Boolean","ByVal sessionId As String; ByVal ControlName As String","2","269","315","34","0","2","modFwTranslationTagGeneratorService","True","True","","True","False","DB_MUTATION"
"modFwTranslationTagGeneratorService","SaveTagChanges","Function","Public","Public Function SaveTagChanges(     ByVal sessionId As String,     ByVal FormName As String,     Optional ByRef updatedCount As Long = 0) As Boolean","Boolean","ByVal sessionId As String; ByVal FormName As String; Optional ByRef updatedCount As Long = 0","3","317","389","47","0","3","modFwTranslationTagGeneratorService","True","True","","True","False","DB_MUTATION"
"modFwTranslationTagGeneratorService","HasPendingChanges","Function","Public","Public Function HasPendingChanges(ByVal sessionId As String) As Boolean","Boolean","ByVal sessionId As String","1","391","416","17","0","2","modFwTranslationTagGeneratorService","True","True","","True","False",""
"modFwTranslationTagGeneratorService","ClearSession","Sub","Public","Public Sub ClearSession(ByVal sessionId As String)","","ByVal sessionId As String","1","418","439","15","0","2","modFwTranslationTagGeneratorService","True","True","","True","False","DB_MUTATION;DB_EXECUTE"
"modFwTranslationTagGeneratorService","ApplySuggestedKeyToRow","Function","Private","Private Function ApplySuggestedKeyToRow(ByVal rs As DAO.Recordset) As Boolean","Boolean","ByVal rs As DAO.Recordset","1","441","475","26","0","4","modFwTranslationTagGeneratorService","False","False","","True","False","DB_MUTATION"
"modFwTranslationTagGeneratorService","IsRelevantControl","Function","Private","Private Function IsRelevantControl(ByVal metadata As Variant) As Boolean","Boolean","ByVal metadata As Variant","1","477","496","15","0","4","modFwTranslationTagGeneratorService","False","False","","False","False",""
"modFwTranslationTagGeneratorService","ResolveTagStatus","Function","Private","Private Function ResolveTagStatus(     ByVal isRelevant As Boolean,     ByVal hasTranslationMarker As Boolean,     ByVal currentTranslationKey As String) As String","String","ByVal isRelevant As Boolean; ByVal hasTranslationMarker As Boolean; ByVal currentTranslationKey As String","3","498","514","11","0","6","modFwTranslationTagGeneratorService","False","False","","False","False",""
"modFwTranslationTagGeneratorService","BuildTranslationKey","Function","Private","Private Function BuildTranslationKey(ByVal FormName As String, ByVal ControlName As String) As String","String","ByVal FormName As String; ByVal ControlName As String","2","516","525","7","0","6","modFwTranslationTagGeneratorService; modTranslationService","False","False","","False","False",""
"modFwTranslationTagGeneratorService","ResolveSuggestedTranslationKey","Function","Private","Private Function ResolveSuggestedTranslationKey(ByVal isRelevant As Boolean, ByVal suggestedTranslationKey As String) As String","String","ByVal isRelevant As Boolean; ByVal suggestedTranslationKey As String","2","527","533","6","0","4","modFwTranslationTagGeneratorService","False","False","","False","False",""
"modFwTranslationTagGeneratorService","ResolveStoredSourceText","Function","Private","Private Function ResolveStoredSourceText(ByVal sourceText As String, ByVal ControlName As String) As String","String","ByVal sourceText As String; ByVal ControlName As String","2","535","543","7","0","3","modFwTranslationTagGeneratorService","False","False","","False","False",""
"modFwTranslationTagGeneratorService","NullIfEmpty","Function","Private","Private Function NullIfEmpty(ByVal valueText As String) As Variant","Variant","ByVal valueText As String","1","545","553","7","0","14","modDemoDataSeeder; modFwTranslationTagGeneratorService","False","False","","False","False",""
"modFwTranslationTagGeneratorService","TableExists","Function","Private","Private Function TableExists(ByVal db As DAO.Database, ByVal tableName As String) As Boolean","Boolean","ByVal db As DAO.Database; ByVal tableName As String","2","555","575","15","0","114","modAddressRepository; modAppNavigationService; modArticleGroupService; modBasicModuleSchema; modContactRepository; modDemoDataSeeder; modDocumentCalculationService; modDocumentRepository; modFwComposerService; modFwSetup; modFwTranslationAuditService; modFwTranslationEditService; modFwTranslationRuntime; modFwTranslationTagGeneratorService; modMigrationPaymentTerms; modMigrationTranslations; modNumberRangeRepository; modOrderRepository; modOutputPathService; modTenantRepository; modUserRepository","False","False","","True","False",""
"modFwValidationRuntime","ValidateForm","Function","Public","Public Function ValidateForm(ByVal frm As Form) As Boolean","Boolean","ByVal frm As Form","1","20","48","22","0","6","modArticleGroupService; modArticleService; modFwValidationRuntime","False","False","","True","False",""
"modFwValidationRuntime","ValidateControl","Function","Public","Public Function ValidateControl(ByVal ctl As Control) As Boolean","Boolean","ByVal ctl As Control","1","50","151","85","0","10","modFwValidationRuntime","False","False","","True","False",""
"modFwValidationRuntime","ParseTagTokens","Function","Private","Private Function ParseTagTokens(ByVal TagValue As String) As Object","Object","ByVal TagValue As String","1","153","206","43","0","16","modFormRuntime; modFwValidationRuntime","False","False","","True","True",""
"modFwValidationRuntime","HasTag","Function","Private","Private Function HasTag(ByVal tagTokens As Object, ByVal TagName As String) As Boolean","Boolean","ByVal tagTokens As Object; ByVal TagName As String","2","208","218","7","0","7","modFwValidationRuntime","False","False","","True","False",""
"modFwValidationRuntime","GetTagValue","Function","Private","Private Function GetTagValue(ByVal tagTokens As Object, ByVal TagName As String) As String","String","ByVal tagTokens As Object; ByVal TagName As String","2","220","232","9","0","9","modFwTranslationRuntime; modFwValidationRuntime","False","False","","True","False",""
"modFwValidationRuntime","GetControlDisplayName","Function","Private","Private Function GetControlDisplayName(ByVal ctl As Control) As String","String","ByVal ctl As Control","1","234","269","28","0","7","modFwValidationRuntime","False","False","","True","False",""
"modFwValidationRuntime","ResolveDisplayCaption","Function","Private","Private Function ResolveDisplayCaption(ByVal CaptionValue As String, Optional ByVal tagText As String = """") As String","String","ByVal CaptionValue As String; Optional ByVal tagText As String = """"","2","271","282","6","0","4","modFwValidationRuntime","False","False","","False","False",""
"modFwValidationRuntime","GetAttachedLabelCaption","Function","Private","Private Function GetAttachedLabelCaption(ByVal ctl As Control) As String","String","ByVal ctl As Control","1","284","298","11","0","3","modFwValidationRuntime","False","False","","True","False",""
"modFwValidationRuntime","GetAttachedLabelTag","Function","Private","Private Function GetAttachedLabelTag(ByVal ctl As Control) As String","String","ByVal ctl As Control","1","300","314","11","0","3","modFwValidationRuntime","False","False","","True","False",""
"modFwValidationRuntime","GetCaptionPropertySafely","Function","Private","Private Function GetCaptionPropertySafely(ByVal ctl As Control) As String","String","ByVal ctl As Control","1","316","328","9","0","5","modFwValidationRuntime","False","False","","True","False",""
"modFwValidationRuntime","GetTagPropertySafely","Function","Private","Private Function GetTagPropertySafely(ByVal ctl As Control) As String","String","ByVal ctl As Control","1","330","342","9","0","5","modFwValidationRuntime","False","False","","True","False",""
"modFwValidationRuntime","ControlSupportsValidation","Function","Private","Private Function ControlSupportsValidation(ByVal ctl As Control) As Boolean","Boolean","ByVal ctl As Control","1","344","357","10","0","3","modFwValidationRuntime","False","False","","True","False",""
"modFwValidationRuntime","GetControlValue","Function","Private","Private Function GetControlValue(ByVal ctl As Control) As Variant","Variant","ByVal ctl As Control","1","359","372","10","0","4","modFwValidationRuntime","False","False","","True","False",""
"modFwValidationRuntime","IsMissingValue","Function","Private","Private Function IsMissingValue(ByVal ctl As Control, ByVal rawValue As Variant) As Boolean","Boolean","ByVal ctl As Control; ByVal rawValue As Variant","2","374","385","10","0","3","modFwValidationRuntime","False","False","","False","False",""
"modFwValidationRuntime","TryParseLong","Function","Private","Private Function TryParseLong(     ByVal textValue As String,     ByRef ParsedValue As Long,     ByVal ControlName As String,     ByVal TagName As String) As Boolean","Boolean","ByVal textValue As String; ByRef ParsedValue As Long; ByVal ControlName As String; ByVal TagName As String","4","387","413","16","0","6","modFwValidationRuntime","False","False","","True","True",""
"modFwValidationRuntime","ShowValidationFailure","Sub","Private","Private Sub ShowValidationFailure(ByVal ctl As Control, ByVal messageText As String)","","ByVal ctl As Control; ByVal messageText As String","2","415","419","3","0","7","modFwValidationRuntime","False","False","","False","True","MESSAGE_BOX"
"modFwValidationRuntime","TryFocusControl","Sub","Private","Private Sub TryFocusControl(ByVal ctl As Control)","","ByVal ctl As Control","1","421","431","7","0","4","modFormRuntime; modFwValidationRuntime","False","False","","True","False",""
"modFwValidationRuntime","NzString","Function","Private","Private Function NzString(ByVal Value As Variant, Optional ByVal defaultValue As String = """") As String","String","ByVal Value As Variant; Optional ByVal defaultValue As String = """"","2","433","439","6","0","202","modAddressRepository; modAppNavigationService; modAppShell; modArticleGroupService; modArticleService; modContactRepository; modDaoHelper; modDeepLTranslationService; modDocumentCalculationService; modDocumentRepository; modFormLocalization; modFwComposerService; modFwSetup; modFwTranslationAuditService; modFwTranslationEditService; modFwTranslationRuntime; modFwTranslationTagGeneratorService; modFwValidationRuntime; modNumberingHandler; modNumberRangeRepository; modOrderCalculationService; modOrderRepository; modTenantRepository; modTranslationService; modUserRepository","False","False","","False","False",""
"modGlobals","ResetApplicationState","Sub","Public","Public Sub ResetApplicationState()","","","0","102","112","9","0","1","modBootstrap","False","False","mIsBootstrapped;mConfigFilePath;mCurrentLanguage;mCurrentEnvironment;mLogLevel;mFeatureLicenses","False","False",""
"modGlobals","NormalizeFeatureCode","Function","Public","Public Function NormalizeFeatureCode(ByVal FeatureCode As String) As String","String","ByVal FeatureCode As String","1","114","116","2","0","5","modGlobals; modLicenseHandler","False","False","","False","False",""
"modLicenseHandler","InitializeLicenses","Sub","Public","Public Sub InitializeLicenses()","","","0","20","31","8","0","3","modBootstrap; modLicenseHandler","False","False","","True","True",""
"modLicenseHandler","IsFeatureLicensed","Function","Public","Public Function IsFeatureLicensed(ByVal featureName As String) As Boolean","Boolean","ByVal featureName As String","1","33","50","13","0","8","modLicenseHandler; modModuleManager","False","False","","True","False",""
"modLicenseHandler","GetLicensedFeatures","Function","Public","Public Function GetLicensedFeatures() As Collection","Collection","","0","52","70","13","0","4","modLicenseHandler; modModuleManager","False","False","","True","False",""
"modLicenseHandler","RequireFeature","Sub","Public","Public Sub RequireFeature(ByVal featureName As String, Optional ByVal RaiseError As Boolean = True)","","ByVal featureName As String; Optional ByVal RaiseError As Boolean = True","2","72","107","27","0","5","modLicenseHandler","False","False","","True","True","FILE_IO"
"modLicenseHandler","InitializeLicensing","Function","Public","Public Function InitializeLicensing(Optional ByVal IniPath As String = vbNullString) As Boolean","Boolean","Optional ByVal IniPath As String = vbNullString","1","109","121","9","0","4","modLicenseHandler","False","False","","True","True",""
"modLicenseHandler","IsFeatureEnabled","Function","Public","Public Function IsFeatureEnabled(ByVal featureName As String) As Boolean","Boolean","ByVal featureName As String","1","123","125","2","0","1","modLicenseHandler","False","False","","False","False",""
"modLicenseHandler","LoadRuntimeLicenses","Sub","Private","Private Sub LoadRuntimeLicenses(Optional ByVal IniPath As String = vbNullString)","","Optional ByVal IniPath As String = vbNullString","1","127","156","20","0","3","modLicenseHandler","False","False","","True","False",""
"modLicenseHandler","LoadFeatureList","Sub","Private","Private Sub LoadFeatureList(ByVal FeatureList As String)","","ByVal FeatureList As String","1","158","182","19","0","2","modLicenseHandler","False","False","","True","False",""
"modLicenseHandler","AddLicensedFeature","Sub","Private","Private Sub AddLicensedFeature(ByVal featureName As String)","","ByVal featureName As String","1","184","203","14","0","6","modLicenseHandler","False","False","","True","False",""
"modLicenseHandler","ClearLicenseStore","Sub","Private","Private Sub ClearLicenseStore()","","","0","205","214","7","0","2","modLicenseHandler","False","False","","True","False",""
"modLicenseHandler","GetLicenseStore","Function","Private","Private Function GetLicenseStore() As Object","Object","","0","216","218","2","0","8","modLicenseHandler","False","False","","False","False",""
"modLoggingHandler","LogInfo","Sub","Public","Public Sub LogInfo(ByVal SourceProcedure As String, ByVal Message As String)","","ByVal SourceProcedure As String; ByVal Message As String","2","17","19","2","0","127","modAddressRepository; modAppDashboardService; modAppNavigationService; modAppShell; modAppWorkspaceService; modBackendLinker; modBasicModuleSchema; modBootstrap; modContactRepository; modCurrencyFormatService; modDb; modDeepLTranslationService; modDemoDataSeeder; modDocumentCalculationService; modDocumentPostingHandler; modDocumentRepository; modFormLocalization; modFormRuntime; modFwComposerService; modFwControlNamingTool; modFwDiagnostics; modFwSetup; modFwTranslationAuditService; modFwTranslationEditService; modFwTranslationRuntime; modFwTranslationTagGeneratorService; modFwValidationRuntime; modLicenseHandler; modModuleManager; modNumberRangeRepository; modOrderRepository; modPdfExportService; modSessionContext; modTenantContext; modTranslationService","False","False","","False","False",""
"modLoggingHandler","LogWarning","Sub","Public","Public Sub LogWarning(ByVal SourceProcedure As String, ByVal Message As String)","","ByVal SourceProcedure As String; ByVal Message As String","2","21","23","2","0","128","modAddressCockpitService; modAddressRepository; modAppNavigationService; modAppShell; modAppWorkspaceService; modBasicModuleSchema; modContactRepository; modDb; modDeepLTranslationService; modDocumentCalculationService; modDocumentExportHandler; modDocumentPostingHandler; modDocumentRepository; modDocumentService; modFormRuntime; modFwComposerService; modFwControlNamingTool; modFwSetup; modFwTranslationAuditService; modFwTranslationRuntime; modFwValidationRuntime; modLicenseHandler; modModuleManager; modNumberingHandler; modNumberRangeRepository; modOrderCalculationService; modOrderRepository; modOutputPathService; modPdfExportService; modSecurityHandler; modTenantContext; modTenantRepository; modTranslationService; modUserRepository; modVatHandler","False","False","","False","False",""
"modLoggingHandler","LogError","Sub","Public","Public Sub LogError(ByVal SourceProcedure As String, ByVal Message As String, Optional ByVal errorNumber As Long = 0)","","ByVal SourceProcedure As String; ByVal Message As String; Optional ByVal errorNumber As Long = 0","3","25","34","7","0","22","modBackendLinker; modBasicModuleSchema; modCurrencyFormatService; modDb; modDocumentPostingHandler; modDocumentRepository; modErrorHandler; modPdfExportService","False","False","","False","False",""
"modLoggingHandler","WriteLog","Sub","Public","Public Sub WriteLog(ByVal EntryLevel As String, ByVal SourceProcedure As String, ByVal Message As String)","","ByVal EntryLevel As String; ByVal SourceProcedure As String; ByVal Message As String","3","36","51","7","1","3","modLoggingHandler","False","False","","True","False",""
"modLoggingHandler","ShouldSkipLog","Function","Private","Private Function ShouldSkipLog(ByVal EntryLevel As String) As Boolean","Boolean","ByVal EntryLevel As String","1","53","68","13","0","4","modLoggingHandler","False","False","","False","False",""
"modMigrationPaymentTerms","ApplyPaymentTermsMigration","Sub","Public","Public Sub ApplyPaymentTermsMigration()","","","0","43","77","25","0","0","","True","True","","True","False","MESSAGE_BOX"
"modMigrationPaymentTerms","EnsureDocDocumentFields","Sub","Private","Private Sub EnsureDocDocumentFields(ByVal db As DAO.Database)","","ByVal db As DAO.Database","1","79","108","22","0","3","modMigrationPaymentTerms","False","False","","True","False",""
"modMigrationPaymentTerms","EnsureTenPaymentTermTable","Sub","Private","Private Sub EnsureTenPaymentTermTable(ByVal db As DAO.Database)","","ByVal db As DAO.Database","1","110","147","31","0","2","modMigrationPaymentTerms","False","False","","True","False",""
"modMigrationPaymentTerms","EnsureTenPaymentTermIndexes","Sub","Private","Private Sub EnsureTenPaymentTermIndexes(ByVal db As DAO.Database)","","ByVal db As DAO.Database","1","149","180","21","0","2","modMigrationPaymentTerms","False","False","","True","False",""
"modMigrationPaymentTerms","SeedDefaultPaymentTerms","Sub","Private","Private Sub SeedDefaultPaymentTerms(ByVal db As DAO.Database)","","ByVal db As DAO.Database","1","182","219","19","0","2","modMigrationPaymentTerms","False","False","","True","False",""
"modMigrationPaymentTerms","EnsurePaymentTerm","Sub","Private","Private Sub EnsurePaymentTerm(     ByVal db As DAO.Database,     ByVal PaymentTermCode As String,     ByVal languageCode As String,     ByVal Title As String,     ByVal TermsText As String,     ByVal DaysNet As Variant,     ByVal DiscountDays As Variant,     ByVal DiscountPercent As Variant,     ByVal IsDefault As Boolean,     ByVal isActive As Boolean,     ByVal sortOrder As Variant)","","ByVal db As DAO.Database; ByVal PaymentTermCode As String; ByVal languageCode As String; ByVal Title As String; ByVal TermsText As String; ByVal DaysNet As Variant; ByVal DiscountDays As Variant; ByVal DiscountPercent As Variant; ByVal IsDefault As Boolean; ByVal isActive As Boolean; ByVal sortOrder As Variant","11","221","277","40","0","8","modMigrationPaymentTerms","False","False","","True","False",""
"modMigrationPaymentTerms","PaymentTermExists","Function","Private","Private Function PaymentTermExists(     ByVal db As DAO.Database,     ByVal PaymentTermCode As String,     ByVal languageCode As String) As Boolean","Boolean","ByVal db As DAO.Database; ByVal PaymentTermCode As String; ByVal languageCode As String","3","279","319","26","0","5","modMigrationPaymentTerms","False","False","","True","False",""
"modMigrationPaymentTerms","GetBackendPathForLinkedTable","Function","Private","Private Function GetBackendPathForLinkedTable(ByVal db As DAO.Database, ByVal linkedTableName As String) As String","String","ByVal db As DAO.Database; ByVal linkedTableName As String","2","321","367","30","0","9","modMigrationPaymentTerms","False","False","","True","False",""
"modMigrationPaymentTerms","EnsureLinkedBackendTable","Sub","Private","Private Sub EnsureLinkedBackendTable(     ByVal frontendDb As DAO.Database,     ByVal backendPath As String,     ByVal tableName As String)","","ByVal frontendDb As DAO.Database; ByVal backendPath As String; ByVal tableName As String","3","369","411","28","0","3","modMigrationPaymentTerms","False","False","","True","False","DB_MUTATION"
"modMigrationPaymentTerms","TableExists","Function","Private","Private Function TableExists(ByVal db As DAO.Database, ByVal tableName As String) As Boolean","Boolean","ByVal db As DAO.Database; ByVal tableName As String","2","413","433","15","0","114","modAddressRepository; modAppNavigationService; modArticleGroupService; modBasicModuleSchema; modContactRepository; modDemoDataSeeder; modDocumentCalculationService; modDocumentRepository; modFwComposerService; modFwSetup; modFwTranslationAuditService; modFwTranslationEditService; modFwTranslationRuntime; modFwTranslationTagGeneratorService; modMigrationPaymentTerms; modMigrationTranslations; modNumberRangeRepository; modOrderRepository; modOutputPathService; modTenantRepository; modUserRepository","False","False","","True","False",""
"modMigrationPaymentTerms","FieldExists","Function","Private","Private Function FieldExists(ByVal db As DAO.Database, ByVal tableName As String, ByVal fieldName As String) As Boolean","Boolean","ByVal db As DAO.Database; ByVal tableName As String; ByVal fieldName As String","3","435","462","20","0","51","modAppNavigationService; modArticleGroupService; modBasicModuleSchema; modDemoDataSeeder; modDocumentCalculationService; modFwSetup; modMigrationPaymentTerms; modMigrationTranslations","False","False","","True","False",""
"modMigrationPaymentTerms","IndexExists","Function","Private","Private Function IndexExists(ByVal db As DAO.Database, ByVal tableName As String, ByVal indexName As String) As Boolean","Boolean","ByVal db As DAO.Database; ByVal tableName As String; ByVal indexName As String","3","464","491","20","0","12","modAppNavigationService; modArticleGroupService; modBasicModuleSchema; modMigrationPaymentTerms","False","False","","True","False",""
"modMigrationPaymentTerms","ExecSql","Sub","Private","Private Sub ExecSql(ByVal db As DAO.Database, ByVal sql As String)","","ByVal db As DAO.Database; ByVal sql As String","2","493","496","3","0","10","modDemoDataSeeder; modMigrationPaymentTerms","False","False","","False","False","DB_EXECUTE"
"modMigrationPaymentTerms","SqlDate","Function","Private","Private Function SqlDate(ByVal v As Variant) As String","String","ByVal v As Variant","1","498","508","8","0","6","modDemoDataSeeder; modMigrationPaymentTerms","False","False","","False","False",""
"modMigrationPaymentTerms","SqlBool","Function","Private","Private Function SqlBool(ByVal v As Variant) As String","String","ByVal v As Variant","1","510","518","8","0","5","modMigrationPaymentTerms","False","False","","False","False",""
"modMigrationPaymentTerms","SqlNumber","Function","Private","Private Function SqlNumber(ByVal v As Variant) As String","String","ByVal v As Variant","1","520","526","6","0","11","modDemoDataSeeder; modMigrationPaymentTerms","False","False","","False","False",""
"modMigrationTranslations","ApplyTranslationSeed","Sub","Public","Public Sub ApplyTranslationSeed()","","","0","27","66","25","0","1","modMigrationTranslations","True","True","mInsertedCount;mSkippedCount","True","False","MESSAGE_BOX"
"modMigrationTranslations","SeedDocumentTranslations","Sub","Private","Private Sub SeedDocumentTranslations(ByVal db As DAO.Database)","","ByVal db As DAO.Database","1","68","84","13","0","1","modMigrationTranslations","False","False","","False","False",""
"modMigrationTranslations","SeedReportTranslations","Sub","Private","Private Sub SeedReportTranslations(ByVal db As DAO.Database)","","ByVal db As DAO.Database","1","86","186","76","0","1","modMigrationTranslations","False","False","","False","False",""
"modMigrationTranslations","EnsureTranslation","Sub","Private","Private Sub EnsureTranslation(     ByVal db As DAO.Database,     ByVal translationKey As String,     ByVal languageCode As String,     ByVal TranslationValue As String,     Optional ByVal moduleCode As String = ""REPORT"",     Optional ByVal sortOrder As Long = 0)","","ByVal db As DAO.Database; ByVal translationKey As String; ByVal languageCode As String; ByVal TranslationValue As String; Optional ByVal moduleCode As String = ""REPORT""; Optional ByVal sortOrder As Long = 0","6","188","235","34","0","89","modMigrationTranslations","False","False","mSkippedCount;mInsertedCount","True","False","DB_MUTATION"
"modMigrationTranslations","TranslationExists","Function","Private","Private Function TranslationExists(     ByVal db As DAO.Database,     ByVal translationKey As String,     ByVal languageCode As String ) As Boolean","Boolean","ByVal db As DAO.Database; ByVal translationKey As String; ByVal languageCode As String","3","237","264","15","0","3","modMigrationTranslations","False","False","","True","False",""
"modMigrationTranslations","TableExists","Function","Private","Private Function TableExists(ByVal db As DAO.Database, ByVal tableName As String) As Boolean","Boolean","ByVal db As DAO.Database; ByVal tableName As String","2","266","286","15","0","114","modAddressRepository; modAppNavigationService; modArticleGroupService; modBasicModuleSchema; modContactRepository; modDemoDataSeeder; modDocumentCalculationService; modDocumentRepository; modFwComposerService; modFwSetup; modFwTranslationAuditService; modFwTranslationEditService; modFwTranslationRuntime; modFwTranslationTagGeneratorService; modMigrationPaymentTerms; modMigrationTranslations; modNumberRangeRepository; modOrderRepository; modOutputPathService; modTenantRepository; modUserRepository","False","False","","True","False",""
"modMigrationTranslations","FieldExists","Function","Private","Private Function FieldExists(ByVal db As DAO.Database, ByVal tableName As String, ByVal fieldName As String) As Boolean","Boolean","ByVal db As DAO.Database; ByVal tableName As String; ByVal fieldName As String","3","288","315","20","0","51","modAppNavigationService; modArticleGroupService; modBasicModuleSchema; modDemoDataSeeder; modDocumentCalculationService; modFwSetup; modMigrationPaymentTerms; modMigrationTranslations","False","False","","True","False",""
"modMigrationTranslations","SetFieldIfExists","Sub","Private","Private Sub SetFieldIfExists(ByVal rs As DAO.Recordset, ByVal fieldName As String, ByVal Value As Variant)","","ByVal rs As DAO.Recordset; ByVal fieldName As String; ByVal Value As Variant","3","317","321","4","0","100","modDemoDataSeeder; modMigrationTranslations","False","False","","False","False",""
"modModuleManager","InitializeModules","Sub","Public","Public Sub InitializeModules()","","","0","22","46","17","0","3","modBootstrap; modModuleManager","False","False","","True","True",""
"modModuleManager","IsModuleActive","Function","Public","Public Function IsModuleActive(ByVal moduleName As String) As Boolean","Boolean","ByVal moduleName As String","1","48","66","14","0","6","modFormRuntime; modModuleManager","False","False","mActiveModules","True","False",""
"modModuleManager","GetActiveModules","Function","Public","Public Function GetActiveModules() As Collection","Collection","","0","68","87","14","0","3","modModuleManager","False","False","mActiveModules","True","False",""
"modModuleManager","RequireModule","Sub","Public","Public Sub RequireModule(ByVal moduleName As String, Optional ByVal RaiseError As Boolean = True)","","ByVal moduleName As String; Optional ByVal RaiseError As Boolean = True","2","89","124","27","0","5","modModuleManager","False","False","","True","True","FILE_IO"
"modModuleManager","ResetModuleState","Sub","Public","Public Sub ResetModuleState()","","","0","126","138","9","0","3","modBootstrap; modModuleManager","False","False","mActiveModules","True","True",""
"modModuleManager","ActivateModule","Sub","Private","Private Sub ActivateModule(ByVal moduleName As String)","","ByVal moduleName As String","1","140","165","18","0","3","modModuleManager","False","False","mActiveModules","True","False",""
"modModuleManager","EnsureModuleStore","Sub","Private","Private Sub EnsureModuleStore()","","","0","167","180","10","0","7","modModuleManager","False","False","mActiveModules","True","False",""
"modModuleManager","NormalizeModuleName","Function","Private","Private Function NormalizeModuleName(ByVal moduleName As String) As String","String","ByVal moduleName As String","1","182","184","2","0","4","modModuleManager","False","False","","False","False",""
"modModuleManager","BuildActiveModulesSummary","Function","Private","Private Function BuildActiveModulesSummary() As String","String","","0","186","212","20","0","5","modModuleManager","False","False","mActiveModules","True","False",""
"modNumberingHandler","GetNextDocumentNumber","Function","Public","Public Function GetNextDocumentNumber(ByVal DocumentTypeCode As String, Optional ByVal DocumentDate As Date = 0) As String","String","ByVal DocumentTypeCode As String; Optional ByVal DocumentDate As Date = 0","2","21","53","24","0","6","modDocumentRepository; modNumberingHandler; modOrderRepository","False","False","","True","True",""
"modNumberingHandler","BuildFormattedDocumentNumber","Function","Public","Public Function BuildFormattedDocumentNumber(     ByVal Prefix As String,     ByVal FiscalYear As Long,     ByVal NumberValue As Long,     Optional ByVal FormatMask As String = """" ) As String","String","ByVal Prefix As String; ByVal FiscalYear As Long; ByVal NumberValue As Long; Optional ByVal FormatMask As String = """"","4","55","106","36","0","4","modNumberingHandler","False","False","","True","False",""
"modNumberingHandler","ResolveFiscalYear","Function","Private","Private Function ResolveFiscalYear(ByVal DocumentDate As Date) As Long","Long","ByVal DocumentDate As Date","1","108","114","6","0","3","modNumberingHandler","False","False","","False","False",""
"modNumberingHandler","ResolvePrefix","Function","Private","Private Function ResolvePrefix(ByVal DocumentTypeCode As String, ByVal FiscalYear As Long) As String","String","ByVal DocumentTypeCode As String; ByVal FiscalYear As Long","2","116","143","20","0","4","modNumberingHandler","False","True","","True","False",""
"modNumberingHandler","ResolveFormatMask","Function","Private","Private Function ResolveFormatMask(ByVal DocumentTypeCode As String, ByVal FiscalYear As Long) As String","String","ByVal DocumentTypeCode As String; ByVal FiscalYear As Long","2","145","172","20","0","4","modNumberingHandler","False","True","","True","False",""
"modNumberingHandler","ResolveTextField","Function","Private","Private Function ResolveTextField(ByVal rs As DAO.Recordset, ByVal DocumentTypeCode As String, ByVal FiscalYear As Long, ByVal fieldName As String, ByVal defaultValue As String) As String","String","ByVal rs As DAO.Recordset; ByVal DocumentTypeCode As String; ByVal FiscalYear As Long; ByVal fieldName As String; ByVal defaultValue As String","5","174","216","30","0","6","modNumberingHandler","False","False","","True","False",""
"modNumberRangeRepository","GetCurrentNumberValue","Function","Public","Public Function GetCurrentNumberValue(ByVal DocumentTypeCode As String, ByVal FiscalYear As Long) As Long","Long","ByVal DocumentTypeCode As String; ByVal FiscalYear As Long","2","22","48","20","0","3","modNumberRangeRepository","False","True","","True","False",""
"modNumberRangeRepository","IncrementNumberValue","Function","Public","Public Function IncrementNumberValue(ByVal DocumentTypeCode As String, ByVal FiscalYear As Long) As Long","Long","ByVal DocumentTypeCode As String; ByVal FiscalYear As Long","2","50","91","30","0","6","modNumberingHandler; modNumberRangeRepository","False","True","","True","True","DB_MUTATION"
"modNumberRangeRepository","NumberRangeExists","Function","Public","Public Function NumberRangeExists(ByVal DocumentTypeCode As String, ByVal FiscalYear As Long) As Boolean","Boolean","ByVal DocumentTypeCode As String; ByVal FiscalYear As Long","2","93","119","20","0","5","modNumberingHandler; modNumberRangeRepository","False","True","","True","False",""
"modNumberRangeRepository","CanReadNumberRanges","Function","Private","Private Function CanReadNumberRanges() As Boolean","Boolean","","0","121","135","10","0","6","modNumberRangeRepository","False","False","","False","True",""
"modNumberRangeRepository","TableExists","Function","Private","Private Function TableExists(ByVal tableName As String) As Boolean","Boolean","ByVal tableName As String","1","137","160","19","0","114","modAddressRepository; modAppNavigationService; modArticleGroupService; modBasicModuleSchema; modContactRepository; modDemoDataSeeder; modDocumentCalculationService; modDocumentRepository; modFwComposerService; modFwSetup; modFwTranslationAuditService; modFwTranslationEditService; modFwTranslationRuntime; modFwTranslationTagGeneratorService; modMigrationPaymentTerms; modMigrationTranslations; modNumberRangeRepository; modOrderRepository; modOutputPathService; modTenantRepository; modUserRepository","False","True","","True","False",""
"modNumberRangeRepository","FindNumberRangeRow","Function","Private","Private Function FindNumberRangeRow(ByVal rs As DAO.Recordset, ByVal DocumentTypeCode As String, ByVal FiscalYear As Long) As Boolean","Boolean","ByVal rs As DAO.Recordset; ByVal DocumentTypeCode As String; ByVal FiscalYear As Long","3","162","208","33","0","10","modNumberRangeRepository; modOrderRepository","False","False","","True","True",""
"modNumberRangeRepository","ResolveCurrentValue","Function","Private","Private Function ResolveCurrentValue(ByVal rs As DAO.Recordset, ByVal DocumentTypeCode As String, ByVal FiscalYear As Long) As Long","Long","ByVal rs As DAO.Recordset; ByVal DocumentTypeCode As String; ByVal FiscalYear As Long","3","210","221","9","0","4","modNumberRangeRepository","False","False","","True","False",""
"modOrderCalculationService","EnsureOrderCalculationSchema","Function","Public","Public Function EnsureOrderCalculationSchema() As Boolean","Boolean","","0","53","55","2","0","1","modOrderCalculationService","False","False","","False","False",""
"modOrderCalculationService","CalculateOrderLineAmounts","Function","Public","Public Function CalculateOrderLineAmounts(ByVal OrderLineId As Long) As Boolean","Boolean","ByVal OrderLineId As Long","1","57","65","2","0","3","modOrderCalculationService; modOrderRepository","False","False","","False","False",""
"modOrderCalculationService","CalculateTemporaryOrderLineAmounts","Function","Public","Public Function CalculateTemporaryOrderLineAmounts(ByVal tmpOrderLineId As Long) As Boolean","Boolean","ByVal tmpOrderLineId As Long","1","67","75","2","0","2","modOrderCalculationService","False","False","","False","False",""
"modOrderCalculationService","CalculateOrderLineAmountsByOrderAndLineNo","Function","Public","Public Function CalculateOrderLineAmountsByOrderAndLineNo(ByVal OrderId As Long, ByVal lineNo As Long) As Boolean","Boolean","ByVal OrderId As Long; ByVal lineNo As Long","2","77","84","2","0","1","modOrderCalculationService","False","False","","False","False",""
"modOrderCalculationService","CalculateTemporaryOrderLineAmountsByOrderAndLineNo","Function","Public","Public Function CalculateTemporaryOrderLineAmountsByOrderAndLineNo(ByVal tmpOrderId As Long, ByVal lineNo As Long) As Boolean","Boolean","ByVal tmpOrderId As Long; ByVal lineNo As Long","2","86","93","2","0","1","modOrderCalculationService","False","False","","False","False",""
"modOrderCalculationService","CalculateOrderTotals","Function","Public","Public Function CalculateOrderTotals(ByVal OrderId As Long) As Boolean","Boolean","ByVal OrderId As Long","1","95","102","2","0","3","modOrderCalculationService; modOrderRepository","False","False","","False","False",""
"modOrderCalculationService","CalculateTemporaryOrderTotals","Function","Public","Public Function CalculateTemporaryOrderTotals(ByVal tmpOrderId As Long) As Boolean","Boolean","ByVal tmpOrderId As Long","1","104","111","2","0","1","modOrderCalculationService","False","False","","False","False",""
"modOrderCalculationService","RecalculateOrder","Function","Public","Public Function RecalculateOrder(ByVal OrderId As Long) As Boolean","Boolean","ByVal OrderId As Long","1","113","121","2","0","3","modDemoDataSeeder; modOrderCalculationService; modOrderRepository","False","False","","False","False",""
"modOrderCalculationService","RecalculateTemporaryOrder","Function","Public","Public Function RecalculateTemporaryOrder(ByVal tmpOrderId As Long) As Boolean","Boolean","ByVal tmpOrderId As Long","1","123","131","2","0","1","modOrderCalculationService","False","False","","False","False",""
"modOrderCalculationService","CalculateLineAmountsForContext","Function","Private","Private Function CalculateLineAmountsForContext(     ByVal lineId As Long,     ByVal headerTableName As String,     ByVal lineTableName As String,     ByVal headerKeyField As String,     ByVal lineKeyField As String,     ByVal lineParentField As String) As Boolean","Boolean","ByVal lineId As Long; ByVal headerTableName As String; ByVal lineTableName As String; ByVal headerKeyField As String; ByVal lineKeyField As String; ByVal lineParentField As String","6","133","246","92","0","7","modOrderCalculationService","False","True","","True","False","DB_MUTATION"
"modOrderCalculationService","CalculateLineAmountsByParentAndLineNo","Function","Private","Private Function CalculateLineAmountsByParentAndLineNo(     ByVal parentId As Long,     ByVal lineNo As Long,     ByVal lineTableName As String,     ByVal lineParentField As String,     ByVal lineKeyField As String) As Boolean","Boolean","ByVal parentId As Long; ByVal lineNo As Long; ByVal lineTableName As String; ByVal lineParentField As String; ByVal lineKeyField As String","5","248","277","19","0","6","modOrderCalculationService","False","False","","True","False",""
"modOrderCalculationService","ResolveLineIdByParentAndLineNo","Function","Private","Private Function ResolveLineIdByParentAndLineNo(     ByVal parentId As Long,     ByVal lineNo As Long,     ByVal lineTableName As String,     ByVal lineParentField As String,     ByVal lineKeyField As String) As Long","Long","ByVal parentId As Long; ByVal lineNo As Long; ByVal lineTableName As String; ByVal lineParentField As String; ByVal lineKeyField As String","5","279","297","6","0","3","modOrderCalculationService","False","False","","True","False",""
"modOrderCalculationService","CalculateTotalsForContext","Function","Private","Private Function CalculateTotalsForContext(     ByVal headerId As Long,     ByVal headerTableName As String,     ByVal lineTableName As String,     ByVal headerKeyField As String,     ByVal lineParentField As String) As Boolean","Boolean","ByVal headerId As Long; ByVal headerTableName As String; ByVal lineTableName As String; ByVal headerKeyField As String; ByVal lineParentField As String","5","299","383","65","0","7","modOrderCalculationService","False","True","","True","True","DB_MUTATION"
"modOrderCalculationService","RecalculateForContext","Function","Private","Private Function RecalculateForContext(     ByVal headerId As Long,     ByVal headerTableName As String,     ByVal lineTableName As String,     ByVal headerKeyField As String,     ByVal lineKeyField As String,     ByVal lineParentField As String) As Boolean","Boolean","ByVal headerId As Long; ByVal headerTableName As String; ByVal lineTableName As String; ByVal headerKeyField As String; ByVal lineKeyField As String; ByVal lineParentField As String","6","385","439","39","0","6","modOrderCalculationService","False","True","","True","False",""
"modOrderCalculationService","HeaderAdjustmentsAreInactive","Function","Private","Private Function HeaderAdjustmentsAreInactive(     ByVal headerDiscountType As String,     ByVal headerDiscountValue As Currency,     ByVal headerSurchargeType As String,     ByVal headerSurchargeValue As Currency) As Boolean","Boolean","ByVal headerDiscountType As String; ByVal headerDiscountValue As Currency; ByVal headerSurchargeType As String; ByVal headerSurchargeValue As Currency","4","441","449","2","0","2","modOrderCalculationService","False","False","","False","False",""
"modOrderCalculationService","ResolveGrossAmount","Function","Private","Private Function ResolveGrossAmount(ByVal NetAmount As Currency, ByVal VatAmount As Currency, ByVal vatRate As Double, ByVal VatMode As String) As Currency","Currency","ByVal NetAmount As Currency; ByVal VatAmount As Currency; ByVal vatRate As Double; ByVal VatMode As String","4","451","460","9","0","8","modDocumentCalculationService; modOrderCalculationService","False","False","","False","False",""
"modOrderCalculationService","ResolveOrderVatModeForContext","Function","Private","Private Function ResolveOrderVatModeForContext(     ByVal headerId As Long,     ByVal headerTableName As String,     ByVal headerKeyField As String,     ByVal defaultValue As String) As String","String","ByVal headerId As Long; ByVal headerTableName As String; ByVal headerKeyField As String; ByVal defaultValue As String","4","462","502","28","0","5","modOrderCalculationService","False","True","","True","False",""
"modOrderCalculationService","GetRecordsetStringValue","Function","Private","Private Function GetRecordsetStringValue(ByVal rs As DAO.Recordset, ByVal fieldName As String, ByVal defaultValue As String) As String","String","ByVal rs As DAO.Recordset; ByVal fieldName As String; ByVal defaultValue As String","3","504","510","6","0","21","modDocumentCalculationService; modOrderCalculationService; modOrderRepository","False","False","","False","False",""
"modOrderCalculationService","GetRecordsetCurrencyValue","Function","Private","Private Function GetRecordsetCurrencyValue(ByVal rs As DAO.Recordset, ByVal fieldName As String, ByVal defaultValue As Currency) As Currency","Currency","ByVal rs As DAO.Recordset; ByVal fieldName As String; ByVal defaultValue As Currency","3","512","525","12","0","25","modDocumentCalculationService; modOrderCalculationService","False","False","","False","False",""
"modOrderCalculationService","GetRecordsetDoubleValue","Function","Private","Private Function GetRecordsetDoubleValue(ByVal rs As DAO.Recordset, ByVal fieldName As String, ByVal defaultValue As Double) As Double","Double","ByVal rs As DAO.Recordset; ByVal fieldName As String; ByVal defaultValue As Double","3","527","540","12","0","15","modDocumentCalculationService; modOrderCalculationService; modOrderRepository","False","False","","False","False",""
"modOrderCalculationService","GetRecordsetLongValue","Function","Private","Private Function GetRecordsetLongValue(ByVal rs As DAO.Recordset, ByVal fieldName As String, ByVal defaultValue As Long) As Long","Long","ByVal rs As DAO.Recordset; ByVal fieldName As String; ByVal defaultValue As Long","3","542","548","6","0","16","modDocumentCalculationService; modOrderCalculationService; modOrderRepository","False","False","","False","False",""
"modOrderCalculationService","SetRecordsetValue","Sub","Private","Private Sub SetRecordsetValue(ByVal rs As DAO.Recordset, ByVal fieldName As String, ByVal fieldValue As Variant)","","ByVal rs As DAO.Recordset; ByVal fieldName As String; ByVal fieldValue As Variant","3","550","554","4","0","151","modAddressRepository; modContactRepository; modDocumentCalculationService; modDocumentRepository; modOrderCalculationService; modOrderRepository","False","False","","False","False",""
"modOrderCalculationService","RoundCurrency","Function","Private","Private Function RoundCurrency(ByVal Amount As Currency) As Currency","Currency","ByVal Amount As Currency","1","556","558","2","0","25","modDocumentCalculationService; modDocumentService; modOrderCalculationService; modVatHandler","False","False","","False","False",""
"modOrderRepository","EnsureOrderRepositoryReady","Function","Public","Public Function EnsureOrderRepositoryReady() As Boolean","Boolean","","0","99","125","18","0","12","modDemoDataSeeder; modOrderRepository","False","False","","True","True",""
"modOrderRepository","EnsureSalesOrderNumberRange","Function","Public","Public Function EnsureSalesOrderNumberRange(Optional ByVal FiscalYear As Long = 0) As Boolean","Boolean","Optional ByVal FiscalYear As Long = 0","1","127","218","73","0","11","modBasicModuleSchema; modFwSetup; modOrderRepository","False","True","","True","True","DB_MUTATION"
"modOrderRepository","GetNextSalesOrderNumber","Function","Public","Public Function GetNextSalesOrderNumber(Optional ByVal OrderDate As Date = 0) As String","String","Optional ByVal OrderDate As Date = 0","1","220","241","16","0","5","modOrderRepository","False","False","","True","False",""
"modOrderRepository","CreateSalesOrderHeader","Function","Public","Public Function CreateSalesOrderHeader(     Optional ByVal CustomerAddressId As Long = 0,     Optional ByVal InvoiceAddressId As Long = 0,     Optional ByVal DeliveryAddressId As Long = 0,     Optional ByVal OrderDate As Date = 0,     Optional ByVal CustomerName As String = """",     Optional ByVal DeliveryDate As Date = 0,     Optional ByVal ValidUntil As Date = 0,     Optional ByVal ReferenceText As String = """",     Optional ByVal ExternalReference As String = """",     Optional ByVal languageCode As String = """",     Optional ByVal CurrencyCode As String = """",     Optional ByVal PaymentTermCode As String = """",     Optional ByVal VatMode As String = """",     Optional ByVal VatCode As String = """",     Optional ByVal vatRate As Double = -1,     Optional ByVal NotesText As String = """",     Optional ByVal InternalNotesText As String = """" ) As Long","Long","Optional ByVal CustomerAddressId As Long = 0; Optional ByVal InvoiceAddressId As Long = 0; Optional ByVal DeliveryAddressId As Long = 0; Optional ByVal OrderDate As Date = 0; Optional ByVal CustomerName As String = """"; Optional ByVal DeliveryDate As Date = 0; Optional ByVal ValidUntil As Date = 0; Optional ByVal ReferenceText As String = """"; Optional ByVal ExternalReference As String = """"; Optional ByVal languageCode As String = """"; Optional ByVal CurrencyCode As String = """"; Optional ByVal PaymentTermCode As String = """"; Optional ByVal VatMode As String = """"; Optional ByVal VatCode As String = """"; Optional ByVal vatRate As Double = -1; Optional ByVal NotesText As String = """"; Optional ByVal InternalNotesText As String = """"","17","243","370","84","0","7","modDemoDataSeeder; modOrderRepository","False","True","","True","True","DB_MUTATION"
"modOrderRepository","DeleteOrderLines","Function","Public","Public Function DeleteOrderLines(ByVal OrderId As Long) As Boolean","Boolean","ByVal OrderId As Long","1","372","400","20","0","4","modOrderRepository","False","True","","True","False","DB_MUTATION;DB_EXECUTE"
"modOrderRepository","CreateOrderLine","Function","Public","Public Function CreateOrderLine(     ByVal OrderId As Long,     ByVal LineNo As Long,     ByVal DescriptionText As String,     ByVal quantity As Double,     ByVal UnitPrice As Currency,     Optional ByVal ArticleId As Long = 0,     Optional ByVal ArticleNo As String = """",     Optional ByVal LineTypeCode As String = """",     Optional ByVal UnitCode As String = """",     Optional ByVal VatCode As String = """",     Optional ByVal vatRate As Double = -1 ) As Long","Long","ByVal OrderId As Long; ByVal LineNo As Long; ByVal DescriptionText As String; ByVal quantity As Double; ByVal UnitPrice As Currency; Optional ByVal ArticleId As Long = 0; Optional ByVal ArticleNo As String = """"; Optional ByVal LineTypeCode As String = """"; Optional ByVal UnitCode As String = """"; Optional ByVal VatCode As String = """"; Optional ByVal vatRate As Double = -1","11","402","491","64","0","7","modDemoDataSeeder; modOrderRepository","False","True","","True","False","DB_MUTATION"
"modOrderRepository","GetNewSalesOrderDefaults","Function","Public","Public Function GetNewSalesOrderDefaults(ByVal CustomerAddressId As Long) As Object","Object","ByVal CustomerAddressId As Long","1","493","532","32","0","4","modOrderRepository","False","False","","True","False",""
"modOrderRepository","CreateTemporarySalesOrderForAddress","Function","Public","Public Function CreateTemporarySalesOrderForAddress(ByVal addressId As Long) As Long","Long","ByVal addressId As Long","1","534","596","52","0","5","modAddressCockpitService; modOrderRepository","False","True","","True","False","DB_MUTATION"
"modOrderRepository","TemporaryOrderExists","Function","Public","Public Function TemporaryOrderExists(ByVal tmpOrderId As Long) As Boolean","Boolean","ByVal tmpOrderId As Long","1","598","625","20","0","4","modOrderRepository","False","True","","True","False",""
"modOrderRepository","DeleteTemporaryOrder","Function","Public","Public Function DeleteTemporaryOrder(ByVal tmpOrderId As Long) As Boolean","Boolean","ByVal tmpOrderId As Long","1","627","648","16","0","6","modOrderRepository","False","True","","True","False","DB_MUTATION;DB_EXECUTE"
"modOrderRepository","PersistTemporaryOrder","Function","Public","Public Function PersistTemporaryOrder(ByVal tmpOrderId As Long) As Long","Long","ByVal tmpOrderId As Long","1","650","797","126","0","4","modOrderRepository","False","True","","True","False","DB_MUTATION"
"modOrderRepository","GetDefaultVatContextForOrder","Function","Public","Public Function GetDefaultVatContextForOrder(     Optional ByVal CustomerAddressId As Long = 0,     Optional ByVal DeliveryAddressId As Long = 0) As Object","Object","Optional ByVal CustomerAddressId As Long = 0; Optional ByVal DeliveryAddressId As Long = 0","2","799","848","39","0","6","modOrderRepository","False","False","","True","False",""
"modOrderRepository","GetOrderHeaderVatContext","Function","Public","Public Function GetOrderHeaderVatContext(ByVal OrderId As Long) As Object","Object","ByVal OrderId As Long","1","850","897","34","0","4","modOrderRepository","False","True","","True","False",""
"modOrderRepository","ApplyDefaultVatContextToOrder","Function","Public","Public Function ApplyDefaultVatContextToOrder(ByVal OrderId As Long) As Boolean","Boolean","ByVal OrderId As Long","1","899","950","39","0","4","modOrderRepository","False","True","","True","False","DB_MUTATION"
"modOrderRepository","GetAddressRowSourceSql","Function","Public","Public Function GetAddressRowSourceSql() As String","String","","0","952","961","2","0","1","modOrderRepository","False","False","","False","False",""
"modOrderRepository","GetVatCodeRowSourceSql","Function","Public","Public Function GetVatCodeRowSourceSql() As String","String","","0","963","971","2","0","1","modOrderRepository","False","False","","False","False",""
"modOrderRepository","ResolveVatRateByCode","Function","Public","Public Function ResolveVatRateByCode(ByVal VatCode As String, Optional ByVal defaultValue As Double = 0) As Double","Double","ByVal VatCode As String; Optional ByVal defaultValue As Double = 0","2","973","1006","24","0","7","modOrderRepository","False","True","","True","False",""
"modOrderRepository","OrderExists","Function","Public","Public Function OrderExists(ByVal OrderId As Long) As Boolean","Boolean","ByVal OrderId As Long","1","1008","1037","23","0","3","modOrderRepository","False","True","","True","False",""
"modOrderRepository","CopyHeaderField","Sub","Private","Private Sub CopyHeaderField(ByVal rsSource As DAO.Recordset, ByVal rsTarget As DAO.Recordset, ByVal fieldName As String)","","ByVal rsSource As DAO.Recordset; ByVal rsTarget As DAO.Recordset; ByVal fieldName As String","3","1039","1043","4","0","29","modOrderRepository","False","False","","False","False",""
"modOrderRepository","CopyLineField","Sub","Private","Private Sub CopyLineField(ByVal rsSource As DAO.Recordset, ByVal rsTarget As DAO.Recordset, ByVal fieldName As String)","","ByVal rsSource As DAO.Recordset; ByVal rsTarget As DAO.Recordset; ByVal fieldName As String","3","1045","1049","4","0","20","modOrderRepository","False","False","","False","False",""
"modOrderRepository","ResolveCurrencyCode","Function","Private","Private Function ResolveCurrencyCode(ByVal explicitValue As String) As String","String","ByVal explicitValue As String","1","1051","1056","5","0","7","modDocumentRepository; modOrderRepository","False","False","","False","False",""
"modOrderRepository","ResolveLanguageCode","Function","Private","Private Function ResolveLanguageCode(ByVal explicitValue As String) As String","String","ByVal explicitValue As String","1","1058","1063","5","0","5","modOrderRepository","False","False","","False","False",""
"modOrderRepository","ResolveTemporarySessionId","Function","Private","Private Function ResolveTemporarySessionId() As String","String","","0","1065","1073","8","0","6","modOrderRepository","False","False","","False","False",""
"modOrderRepository","ResolveAddressLanguageCode","Function","Private","Private Function ResolveAddressLanguageCode(ByVal addressId As Long, ByVal defaultValue As String) As String","String","ByVal addressId As Long; ByVal defaultValue As String","2","1075","1106","23","0","5","modOrderRepository","False","True","","True","False",""
"modOrderRepository","ResolveVatMode","Function","Private","Private Function ResolveVatMode(ByVal explicitValue As String) As String","String","ByVal explicitValue As String","1","1108","1114","6","0","4","modOrderRepository","False","False","","False","False",""
"modOrderRepository","ResolveTenantCountryCode","Function","Private","Private Function ResolveTenantCountryCode() As String","String","","0","1116","1124","5","0","6","modOrderRepository","False","False","","False","False",""
"modOrderRepository","ResolveDefaultZeroVatCode","Function","Private","Private Function ResolveDefaultZeroVatCode(ByVal tenantCountryCode As String) As String","String","ByVal tenantCountryCode As String","1","1126","1137","10","0","4","modOrderRepository","False","False","","False","False",""
"modOrderRepository","ResolveDefaultStandardVatCode","Function","Private","Private Function ResolveDefaultStandardVatCode(ByVal tenantCountryCode As String) As String","String","ByVal tenantCountryCode As String","1","1139","1150","10","0","4","modOrderRepository","False","False","","False","False",""
"modOrderRepository","ResolveOrderCountryCode","Function","Private","Private Function ResolveOrderCountryCode(ByVal customerAddressId As Long, ByVal deliveryAddressId As Long) As String","String","ByVal customerAddressId As Long; ByVal deliveryAddressId As Long","2","1152","1164","10","0","4","modOrderRepository","False","False","","False","False",""
"modOrderRepository","VatCodeExists","Function","Private","Private Function VatCodeExists(ByVal VatCode As String) As Boolean","Boolean","ByVal VatCode As String","1","1166","1193","20","0","6","modOrderRepository","False","True","","True","False",""
"modOrderRepository","FindVatCodeByCountryAndRate","Function","Private","Private Function FindVatCodeByCountryAndRate(     ByVal countryCode As String,     ByVal zeroRateOnly As Boolean,     Optional ByVal fallbackValue As String = """") As String","String","ByVal countryCode As String; ByVal zeroRateOnly As Boolean; Optional ByVal fallbackValue As String = """"","3","1195","1243","33","0","6","modOrderRepository","False","True","","True","False",""
"modOrderRepository","SqlText","Function","Private","Private Function SqlText(ByVal valueText As String) As String","String","ByVal valueText As String","1","1246","1248","2","0","356","modAppNavigationService; modAppShell; modArticleGroupService; modArticleService; modBasicModuleSchema; modDemoDataSeeder; modDocumentCalculationService; modDocumentRepository; modFwComposerService; modFwSetup; modFwTranslationAuditService; modFwTranslationEditService; modFwTranslationRuntime; modFwTranslationTagGeneratorService; modMigrationPaymentTerms; modMigrationTranslations; modOrderCalculationService; modOrderRepository; modSqlHelper","False","False","","False","False",""
"modOrderRepository","GetRecordsetStringValue","Function","Private","Private Function GetRecordsetStringValue(ByVal rs As DAO.Recordset, ByVal fieldName As String, ByVal defaultValue As String) As String","String","ByVal rs As DAO.Recordset; ByVal fieldName As String; ByVal defaultValue As String","3","1250","1256","6","0","21","modDocumentCalculationService; modOrderCalculationService; modOrderRepository","False","False","","False","False",""
"modOrderRepository","GetRecordsetDoubleValue","Function","Private","Private Function GetRecordsetDoubleValue(ByVal rs As DAO.Recordset, ByVal fieldName As String, ByVal defaultValue As Double) As Double","Double","ByVal rs As DAO.Recordset; ByVal fieldName As String; ByVal defaultValue As Double","3","1258","1271","12","0","15","modDocumentCalculationService; modOrderCalculationService; modOrderRepository","False","False","","False","False",""
"modOrderRepository","GetRecordsetDateValue","Function","Private","Private Function GetRecordsetDateValue(ByVal rs As DAO.Recordset, ByVal fieldName As String, ByVal defaultValue As Date) As Date","Date","ByVal rs As DAO.Recordset; ByVal fieldName As String; ByVal defaultValue As Date","3","1273","1283","10","0","4","modOrderRepository","False","False","","False","False",""
"modOrderRepository","GetRecordsetLongValue","Function","Private","Private Function GetRecordsetLongValue(ByVal rs As DAO.Recordset, ByVal fieldName As String, ByVal defaultValue As Long) As Long","Long","ByVal rs As DAO.Recordset; ByVal fieldName As String; ByVal defaultValue As Long","3","1285","1291","6","0","16","modDocumentCalculationService; modOrderCalculationService; modOrderRepository","False","False","","False","False",""
"modOrderRepository","GetDictionaryString","Function","Private","Private Function GetDictionaryString(ByVal dictionaryObject As Object, ByVal keyName As String) As String","String","ByVal dictionaryObject As Object; ByVal keyName As String","2","1293","1305","9","0","16","modOrderRepository","False","False","","True","False",""
"modOrderRepository","GetDictionaryDouble","Function","Private","Private Function GetDictionaryDouble(ByVal dictionaryObject As Object, ByVal keyName As String, ByVal defaultValue As Double) As Double","Double","ByVal dictionaryObject As Object; ByVal keyName As String; ByVal defaultValue As Double","3","1307","1325","14","0","7","modOrderRepository","False","False","","True","False",""
"modOrderRepository","GetDictionaryLong","Function","Private","Private Function GetDictionaryLong(ByVal dictionaryObject As Object, ByVal keyName As String, ByVal defaultValue As Long) As Long","Long","ByVal dictionaryObject As Object; ByVal keyName As String; ByVal defaultValue As Long","3","1327","1340","10","0","5","modOrderRepository","False","False","","True","False",""
"modOrderRepository","ResolveAuditUserName","Function","Private","Private Function ResolveAuditUserName() As String","String","","0","1342","1350","8","0","18","modAuditHelper; modFwTranslationEditService; modOrderRepository","False","False","","False","False",""
"modOrderRepository","SetCreatedAuditFields","Sub","Private","Private Sub SetCreatedAuditFields(ByVal rs As DAO.Recordset)","","ByVal rs As DAO.Recordset","1","1352","1355","3","0","6","modOrderRepository","False","False","","False","False",""
"modOrderRepository","SetUpdatedAuditFields","Sub","Private","Private Sub SetUpdatedAuditFields(ByVal rs As DAO.Recordset)","","ByVal rs As DAO.Recordset","1","1357","1360","3","0","10","modOrderRepository","False","False","","False","False",""
"modOrderRepository","TableExists","Function","Private","Private Function TableExists(ByVal db As DAO.Database, ByVal tableName As String) As Boolean","Boolean","ByVal db As DAO.Database; ByVal tableName As String","2","1362","1377","12","0","114","modAddressRepository; modAppNavigationService; modArticleGroupService; modBasicModuleSchema; modContactRepository; modDemoDataSeeder; modDocumentCalculationService; modDocumentRepository; modFwComposerService; modFwSetup; modFwTranslationAuditService; modFwTranslationEditService; modFwTranslationRuntime; modFwTranslationTagGeneratorService; modMigrationPaymentTerms; modMigrationTranslations; modNumberRangeRepository; modOrderRepository; modOutputPathService; modTenantRepository; modUserRepository","False","False","","True","False",""
"modOrderRepository","FindNumberRangeRow","Function","Private","Private Function FindNumberRangeRow(ByVal rs As DAO.Recordset, ByVal DocumentTypeCode As String, ByVal FiscalYear As Long) As Boolean","Boolean","ByVal rs As DAO.Recordset; ByVal DocumentTypeCode As String; ByVal FiscalYear As Long","3","1379","1400","16","0","10","modNumberRangeRepository; modOrderRepository","False","False","","True","False",""
"modOrderRepository","SetRecordsetValue","Sub","Private","Private Sub SetRecordsetValue(ByVal rs As DAO.Recordset, ByVal fieldName As String, ByVal fieldValue As Variant)","","ByVal rs As DAO.Recordset; ByVal fieldName As String; ByVal fieldValue As Variant","3","1402","1406","4","0","151","modAddressRepository; modContactRepository; modDocumentCalculationService; modDocumentRepository; modOrderCalculationService; modOrderRepository","False","False","","False","False",""
"modOutputPathService","GetDocumentRootPath","Function","Public","Public Function GetDocumentRootPath(Optional ByVal IniPath As String = """") As String","String","Optional ByVal IniPath As String = """"","1","22","31","7","0","4","modOutputPathService","False","False","","True","False",""
"modOutputPathService","GetTenantDocumentRootPath","Function","Public","Public Function GetTenantDocumentRootPath() As String","String","","0","33","70","25","0","8","modOutputPathService","False","False","","True","True",""
"modOutputPathService","BuildDocumentPdfPath","Function","Public","Public Function BuildDocumentPdfPath(ByVal DocumentId As Long) As String","String","ByVal DocumentId As Long","1","72","118","33","0","5","modOutputPathService; modPdfExportService","False","False","","True","True",""
"modOutputPathService","EnsureDirectoryExists","Function","Public","Public Function EnsureDirectoryExists(ByVal FolderPath As String) As Boolean","Boolean","ByVal FolderPath As String","1","120","176","46","0","5","modOutputPathService; modPdfExportService","False","False","","True","False","FILE_IO"
"modOutputPathService","SanitizePathSegment","Function","Public","Public Function SanitizePathSegment(ByVal Value As String) As String","String","ByVal Value As String","1","178","201","19","0","3","modOutputPathService","False","False","","False","False",""
"modOutputPathService","EnsureTrailingBackslash","Function","Public","Public Function EnsureTrailingBackslash(ByVal FolderPath As String) As String","String","ByVal FolderPath As String","1","203","216","11","0","4","modOutputPathService","False","False","","False","False",""
"modOutputPathService","TrimTrailingDotsAndSpaces","Function","Private","Private Function TrimTrailingDotsAndSpaces(ByVal Value As String) As String","String","ByVal Value As String","1","218","228","7","0","2","modOutputPathService","False","False","","False","False",""
"modOutputPathService","IsReservedWindowsDeviceName","Function","Private","Private Function IsReservedWindowsDeviceName(ByVal Value As String) As Boolean","Boolean","ByVal Value As String","1","230","251","17","0","3","modOutputPathService","False","False","","False","False",""
"modOutputPathService","TableExists","Function","Private","Private Function TableExists(ByVal tableName As String) As Boolean","Boolean","ByVal tableName As String","1","253","284","25","0","114","modAddressRepository; modAppNavigationService; modArticleGroupService; modBasicModuleSchema; modContactRepository; modDemoDataSeeder; modDocumentCalculationService; modDocumentRepository; modFwComposerService; modFwSetup; modFwTranslationAuditService; modFwTranslationEditService; modFwTranslationRuntime; modFwTranslationTagGeneratorService; modMigrationPaymentTerms; modMigrationTranslations; modNumberRangeRepository; modOrderRepository; modOutputPathService; modTenantRepository; modUserRepository","False","True","","True","False",""
"modPdfExportService","ExportDocumentToPdf","Function","Public","Public Function ExportDocumentToPdf(ByVal DocumentId As Long, Optional ByRef exportedFilePath As String = """") As Boolean","Boolean","ByVal DocumentId As Long; Optional ByRef exportedFilePath As String = """"","2","17","63","32","0","10","modDocumentExportHandler; modPdfExportService","False","False","","True","True",""
"modPdfExportService","ExportDocumentToPdfAtPath","Function","Public","Public Function ExportDocumentToPdfAtPath(ByVal DocumentId As Long, ByVal targetPdfPath As String, Optional ByRef exportedFilePath As String = """") As Boolean","Boolean","ByVal DocumentId As Long; ByVal targetPdfPath As String; Optional ByRef exportedFilePath As String = """"","3","65","143","48","0","14","modDocumentExportHandler; modPdfExportService","False","False","","True","True","FORM_NAVIGATION"
"modPdfExportService","ReportExists","Function","Public","Public Function ReportExists(ByVal ReportName As String) As Boolean","Boolean","ByVal ReportName As String","1","145","167","18","0","7","modAppWorkspaceService; modPdfExportService","False","False","","True","False",""
"modPdfExportService","GetFolderFromFilePath","Function","Private","Private Function GetFolderFromFilePath(ByVal FilePath As String) As String","String","ByVal FilePath As String","1","169","183","11","0","4","modPdfExportService","False","False","","True","False",""
"modPdfExportService","PreviewDoc","Sub","Public","Public Sub PreviewDoc(ByVal DocId As Long)","","ByVal DocId As Long","1","185","193","5","0","0","","False","False","","True","False",""
"modSecurityHandler","GetCurrentUserRoleCode","Function","Public","Public Function GetCurrentUserRoleCode() As String","String","","0","15","42","20","0","6","modSecurityHandler","False","False","","True","False",""
"modSecurityHandler","HasRole","Function","Public","Public Function HasRole(ByVal RoleCode As String) As Boolean","Boolean","ByVal RoleCode As String","1","44","69","18","0","7","modSecurityHandler","False","False","","True","False",""
"modSecurityHandler","RequireRole","Function","Public","Public Function RequireRole(ByVal RoleCode As String, Optional ByVal ActionName As String = """") As Boolean","Boolean","ByVal RoleCode As String; Optional ByVal ActionName As String = """"","2","71","87","12","0","5","modSecurityHandler","False","False","","True","True",""
"modSecurityHandler","IsAdmin","Function","Public","Public Function IsAdmin() As Boolean","Boolean","","0","89","91","2","0","1","modSecurityHandler","False","False","","False","False",""
"modSecurityHandler","IsSupervisor","Function","Public","Public Function IsSupervisor() As Boolean","Boolean","","0","93","95","2","0","1","modSecurityHandler","False","False","","False","False",""
"modSecurityHandler","NormalizeRoleCode","Function","Private","Private Function NormalizeRoleCode(ByVal RoleCode As String) As String","String","ByVal RoleCode As String","1","97","99","2","0","11","modSecurityHandler; modSessionContext","False","False","","False","False",""
"modSecurityHandler","BuildDeniedMessage","Function","Private","Private Function BuildDeniedMessage(ByVal RoleCode As String, ByVal ActionName As String) As String","String","ByVal RoleCode As String; ByVal ActionName As String","2","101","122","14","0","2","modSecurityHandler","False","False","","False","False",""
"modSessionContext","InitializeSessionContext","Sub","Public","Public Sub InitializeSessionContext(Optional ByVal IniPath As String = vbNullString)","","Optional ByVal IniPath As String = vbNullString","1","21","45","18","0","3","modBootstrap; modSessionContext","False","False","mCurrentUserId;mCurrentUserName;mCurrentRoleCode;mSessionStartedAt;mSessionInitialized","True","True",""
"modSessionContext","ClearSessionContext","Sub","Public","Public Sub ClearSessionContext()","","","0","47","66","14","0","3","modBootstrap; modSessionContext","False","False","mCurrentUserId;mCurrentUserName;mCurrentRoleCode;mCurrentRoles;mSessionStartedAt;mSessionInitialized","True","True",""
"modSessionContext","IsSessionInitialized","Function","Public","Public Function IsSessionInitialized() As Boolean","Boolean","","0","68","70","2","0","18","modAddressRepository; modAppDashboardService; modAppShell; modAuditHelper; modContactRepository; modDb; modDocumentRepository; modFwDiagnostics; modFwTranslationRuntime; modSecurityHandler; modSessionContext","False","False","mSessionInitialized","False","False",""
"modSessionContext","GetCurrentUserRoles","Function","Public","Public Function GetCurrentUserRoles() As Collection","Collection","","0","87","106","14","0","5","modFormRuntime; modSessionContext","False","False","mCurrentRoles","True","False",""
"modSessionContext","IsCurrentUserInRole","Function","Public","Public Function IsCurrentUserInRole(ByVal RoleCode As String) As Boolean","Boolean","ByVal RoleCode As String","1","108","125","13","0","3","modSessionContext","False","False","mCurrentRoles","True","False",""
"modSessionContext","InitializeCurrentRoles","Sub","Private","Private Sub InitializeCurrentRoles(ByVal RoleList As String)","","ByVal RoleList As String","1","131","159","22","0","2","modSessionContext","False","False","mCurrentRoles","True","False",""
"modSessionContext","EnsureRoleStore","Sub","Private","Private Sub EnsureRoleStore()","","","0","161","166","5","0","4","modSessionContext","False","False","mCurrentRoles","False","False",""
"modSessionContext","NormalizeRoleCode","Function","Private","Private Function NormalizeRoleCode(ByVal RoleCode As String) As String","String","ByVal RoleCode As String","1","168","170","2","0","11","modSecurityHandler; modSessionContext","False","False","","False","False",""
"modSessionContext","GetPrimaryRoleCode","Function","Private","Private Function GetPrimaryRoleCode(Optional ByVal defaultValue As String = vbNullString) As String","String","Optional ByVal defaultValue As String = vbNullString","1","172","190","13","0","6","modSessionContext","False","False","mCurrentRoles","True","False",""
"modSqlHelper","SqlText","Function","Public","Public Function SqlText(ByVal Value As Variant) As String","String","ByVal Value As Variant","1","12","22","8","0","356","modAppNavigationService; modAppShell; modArticleGroupService; modArticleService; modBasicModuleSchema; modDemoDataSeeder; modDocumentCalculationService; modDocumentRepository; modFwComposerService; modFwSetup; modFwTranslationAuditService; modFwTranslationEditService; modFwTranslationRuntime; modFwTranslationTagGeneratorService; modMigrationPaymentTerms; modMigrationTranslations; modOrderCalculationService; modOrderRepository; modSqlHelper","False","False","","False","False",""
"modSqlHelper","SqlTextNav","Function","Public","Public Function SqlTextNav(ByVal Value As Variant) As String","String","ByVal Value As Variant","1","24","37","8","2","4","modAppNavigationService; modSqlHelper","False","False","","False","False",""
"modSqlHelper","SqlNullableText","Function","Public","Public Function SqlNullableText(ByVal Value As Variant) As String","String","ByVal Value As Variant","1","39","53","12","0","18","modAppNavigationService; modFwSetup; modFwTranslationAuditService; modSqlHelper","False","False","","False","False",""
"modSqlHelper","SqlBoolean","Function","Public","Public Function SqlBoolean(ByVal Value As Boolean) As String","String","ByVal Value As Boolean","1","55","61","6","0","6","modAppNavigationService; modSqlHelper","False","False","","False","False",""
"modSqlHelper","SqlLongOrNull","Function","Public","Public Function SqlLongOrNull(ByVal Value As Variant) As String","String","ByVal Value As Variant","1","63","73","10","0","5","modAppNavigationService; modSqlHelper","False","False","","False","False",""
"modSqlHelper","SqlDateTime","Function","Public","Public Function SqlDateTime(ByVal Value As Variant) As String","String","ByVal Value As Variant","1","75","83","8","0","4","modSqlHelper","False","False","","False","False",""
"modSqlHelper","SqlDateOrNull","Function","Public","Public Function SqlDateOrNull(ByVal Value As Variant) As String","String","ByVal Value As Variant","1","85","87","2","0","2","modFwSetup; modSqlHelper","False","False","","False","False",""
"modTenantContext","InitializeTenantContext","Sub","Public","Public Sub InitializeTenantContext(Optional ByVal IniPath As String = vbNullString)","","Optional ByVal IniPath As String = vbNullString","1","22","54","21","0","6","modBootstrap; modTenantContext","False","False","mCurrentTenantId;mCurrentTenantCode;mCurrentTenantName;mCurrentBackendPath;mTenantLoaded","True","True",""
"modTenantContext","ClearTenantContext","Sub","Public","Public Sub ClearTenantContext()","","","0","56","70","11","0","3","modBootstrap; modTenantContext","False","False","mCurrentTenantId;mCurrentTenantCode;mCurrentTenantName;mCurrentBackendPath;mTenantLoaded","True","True",""
"modTenantContext","IsTenantInitialized","Function","Public","Public Function IsTenantInitialized() As Boolean","Boolean","","0","72","74","2","0","8","modAppDashboardService; modAppShell; modDb; modFwDiagnostics; modTenantContext; modTenantRepository; modUserRepository","False","False","mTenantLoaded","False","False",""
"modTenantContext","BuildBackendPath","Function","Private","Private Function BuildBackendPath(ByVal BackendRoot As String, ByVal TenantCode As String) As String","String","ByVal BackendRoot As String; ByVal TenantCode As String","2","96","105","7","0","2","modTenantContext","False","False","","False","False",""
"modTenantRepository","GetTenantParameter","Function","Public","Public Function GetTenantParameter(ByVal ParameterKey As String, Optional ByVal defaultValue As String = """") As String","String","ByVal ParameterKey As String; Optional ByVal defaultValue As String = """"","2","18","50","25","0","21","modDeepLTranslationService; modDocumentRepository; modFwDiagnostics; modFwTranslationRuntime; modNumberingHandler; modOrderRepository; modOutputPathService; modTenantRepository; modVatHandler","False","True","","True","False",""
"modTenantRepository","HasTenantParameter","Function","Public","Public Function HasTenantParameter(ByVal ParameterKey As String) As Boolean","Boolean","ByVal ParameterKey As String","1","52","84","25","0","6","modOutputPathService; modTenantRepository","False","True","","True","False",""
"modTenantRepository","CanReadTenantParameters","Function","Private","Private Function CanReadTenantParameters() As Boolean","Boolean","","0","86","100","10","0","5","modTenantRepository","False","False","","False","True",""
"modTenantRepository","TableExists","Function","Private","Private Function TableExists(ByVal tableName As String) As Boolean","Boolean","ByVal tableName As String","1","102","126","19","0","114","modAddressRepository; modAppNavigationService; modArticleGroupService; modBasicModuleSchema; modContactRepository; modDemoDataSeeder; modDocumentCalculationService; modDocumentRepository; modFwComposerService; modFwSetup; modFwTranslationAuditService; modFwTranslationEditService; modFwTranslationRuntime; modFwTranslationTagGeneratorService; modMigrationPaymentTerms; modMigrationTranslations; modNumberRangeRepository; modOrderRepository; modOutputPathService; modTenantRepository; modUserRepository","False","True","","True","False",""
"modTenantRepository","ResolveTenantCode","Function","Private","Private Function ResolveTenantCode() As String","String","","0","128","134","6","0","9","modFwDiagnostics; modTenantRepository; modUserRepository","False","False","","False","False",""
"modTenantRepository","ResolveTenantParameterValue","Function","Private","Private Function ResolveTenantParameterValue(ByVal rs As DAO.Recordset, ByVal ParameterKey As String, ByVal defaultValue As String) As String","String","ByVal rs As DAO.Recordset; ByVal ParameterKey As String; ByVal defaultValue As String","3","136","199","49","0","11","modTenantRepository","False","False","","True","True",""
"modTranslationService","InitializeTranslations","Sub","Public","Public Sub InitializeTranslations()","","","0","24","50","18","0","4","modBootstrap; modTranslationService","False","False","mCurrentLanguage;mTranslations;mDefaultLanguage","True","True",""
"modTranslationService","SetCurrentLanguage","Sub","Public","Public Sub SetCurrentLanguage(ByVal languageCode As String)","","ByVal languageCode As String","1","52","71","15","0","2","modTranslationService","False","False","mDefaultLanguage;mCurrentLanguage","True","False",""
"modTranslationService","GetCurrentLanguage","Function","Public","Public Function GetCurrentLanguage() As String","String","","0","73","86","10","0","5","modTranslationService","False","False","mCurrentLanguage","True","False",""
"modTranslationService","T","Function","Public","Public Function T(ByVal TextKey As String, Optional ByVal Fallback As String = """") As String","String","ByVal TextKey As String; Optional ByVal Fallback As String = """"","2","88","172","67","0","41","modDeepLTranslationService; modFormLocalization; modFormRuntime; modFwTranslationRuntime; modTranslationService","False","False","mDefaultLanguage","True","False",""
"modTranslationService","EnsureTranslationStore","Sub","Private","Private Sub EnsureTranslationStore()","","","0","174","185","8","0","3","modTranslationService","False","False","mTranslations","True","False",""
"modTranslationService","LoadTranslations","Sub","Private","Private Sub LoadTranslations()","","","0","187","205","13","0","3","modTranslationService","False","False","","True","True",""
"modTranslationService","ResolveDefaultLanguage","Function","Private","Private Function ResolveDefaultLanguage() As String","String","","0","207","224","12","0","7","modTranslationService","False","False","","True","False",""
"modTranslationService","LoadTranslationsFromTable","Function","Private","Private Function LoadTranslationsFromTable() As Long","Long","","0","226","301","53","0","9","modTranslationService","False","True","","True","True",""
"modTranslationService","LoadFallbackTranslations","Sub","Private","Private Sub LoadFallbackTranslations()","","","0","303","408","101","0","2","modTranslationService","False","False","","True","False",""
"modTranslationService","AddTranslation","Sub","Private","Private Sub AddTranslation(ByVal languageCode As String, ByVal TextKey As String, ByVal textValue As String)","","ByVal languageCode As String; ByVal TextKey As String; ByVal textValue As String","3","410","426","12","0","97","modTranslationService","False","False","mTranslations","True","False",""
"modTranslationService","LookupTranslation","Function","Private","Private Function LookupTranslation(ByVal languageCode As String, ByVal TextKey As String) As String","String","ByVal languageCode As String; ByVal TextKey As String","2","428","445","13","0","15","modFwTranslationRuntime; modTranslationService","False","False","mTranslations","True","False",""
"modTranslationService","BuildTranslationKey","Function","Private","Private Function BuildTranslationKey(ByVal languageCode As String, ByVal TextKey As String) As String","String","ByVal languageCode As String; ByVal TextKey As String","2","447","459","9","0","6","modFwTranslationTagGeneratorService; modTranslationService","False","False","","False","False",""
"modTranslationService","BaseLanguageCode","Function","Private","Private Function BaseLanguageCode(ByVal languageCode As String) As String","String","ByVal languageCode As String","1","461","476","13","0","14","modAppShell; modFwTranslationRuntime; modTranslationService","False","False","","False","False",""
"modTranslationService","NormalizeLanguageCode","Function","Private","Private Function NormalizeLanguageCode(ByVal languageCode As String) As String","String","ByVal languageCode As String","1","478","501","19","0","17","modFwTranslationRuntime; modTranslationService","False","False","","False","False",""
"modTranslationService","NormalizeTextKey","Function","Private","Private Function NormalizeTextKey(ByVal TextKey As String) As String","String","ByVal TextKey As String","1","503","505","2","0","4","modTranslationService","False","False","","False","False",""
"modTranslationService","TranslationTableExists","Function","Private","Private Function TranslationTableExists(ByVal tableName As String) As Boolean","Boolean","ByVal tableName As String","1","507","540","26","0","5","modTranslationService","False","True","","True","False",""
"modTranslationService","TEx","Function","Public","Public Function TEx(ByVal TextKey As String, ByVal Fallback As String, ParamArray Args() As Variant) As String","Variant) As String","ByVal TextKey As String; ByVal Fallback As String; ParamArray Args() As Variant","3","542","559","12","0","6","modFormRuntime; modTranslationService","False","False","","True","False",""
"modTranslationService","DebugPrintReportTranslations","Sub","Public","Public Sub DebugPrintReportTranslations(Optional ByVal languageCode As String = ""de-CH"")","","Optional ByVal languageCode As String = ""de-CH""","1","561","576","12","0","1","modTranslationService","False","False","","True","False",""
"modTranslationService","NzArgumentValue","Function","Private","Private Function NzArgumentValue(ByVal Value As Variant) As String","String","ByVal Value As Variant","1","578","590","10","0","4","modTranslationService","False","False","","True","False",""
"modUserRepository","UserExists","Function","Public","Public Function UserExists(ByVal UserId As String) As Boolean","Boolean","ByVal UserId As String","1","20","50","23","0","3","modUserRepository","False","True","","True","False",""
"modUserRepository","GetUserDisplayName","Function","Public","Public Function GetUserDisplayName(ByVal UserId As String, Optional ByVal defaultValue As String = """") As String","String","ByVal UserId As String; Optional ByVal defaultValue As String = """"","2","52","84","25","0","5","modUserRepository","False","True","","True","False",""
"modUserRepository","GetUserRoleCode","Function","Public","Public Function GetUserRoleCode(ByVal UserId As String, Optional ByVal defaultValue As String = ""USER"") As String","String","ByVal UserId As String; Optional ByVal defaultValue As String = ""USER""","2","86","118","25","0","6","modSecurityHandler; modUserRepository","False","True","","True","False",""
"modUserRepository","CanReadUsers","Function","Private","Private Function CanReadUsers() As Boolean","Boolean","","0","120","134","10","0","7","modUserRepository","False","False","","False","True",""
"modUserRepository","TableExists","Function","Private","Private Function TableExists(ByVal tableName As String) As Boolean","Boolean","ByVal tableName As String","1","136","160","19","0","114","modAddressRepository; modAppNavigationService; modArticleGroupService; modBasicModuleSchema; modContactRepository; modDemoDataSeeder; modDocumentCalculationService; modDocumentRepository; modFwComposerService; modFwSetup; modFwTranslationAuditService; modFwTranslationEditService; modFwTranslationRuntime; modFwTranslationTagGeneratorService; modMigrationPaymentTerms; modMigrationTranslations; modNumberRangeRepository; modOrderRepository; modOutputPathService; modTenantRepository; modUserRepository","False","True","","True","False",""
"modUserRepository","ResolveTenantCode","Function","Private","Private Function ResolveTenantCode() As String","String","","0","162","168","6","0","9","modFwDiagnostics; modTenantRepository; modUserRepository","False","False","","False","False",""
"modUserRepository","FindActiveUser","Function","Private","Private Function FindActiveUser(ByVal rs As DAO.Recordset, ByVal UserId As String) As Boolean","Boolean","ByVal rs As DAO.Recordset; ByVal UserId As String","2","170","179","7","0","4","modUserRepository","False","False","","True","False",""
"modUserRepository","ResolveUserFieldValue","Function","Private","Private Function ResolveUserFieldValue(ByVal rs As DAO.Recordset, ByVal UserId As String, ByVal TargetField As String, ByVal defaultValue As String) As String","String","ByVal rs As DAO.Recordset; ByVal UserId As String; ByVal TargetField As String; ByVal defaultValue As String","4","181","232","40","0","12","modUserRepository","False","False","","True","True",""
"modUserRepository","GetUserLanguageCode","Function","Public","Public Function GetUserLanguageCode(ByVal UserId As String, Optional ByVal defaultValue As String = """") As String","String","ByVal UserId As String; Optional ByVal defaultValue As String = """"","2","234","271","29","0","8","modFwDiagnostics; modFwTranslationRuntime; modUserRepository","False","True","","True","False",""
"modVatHandler","GetVatMode","Function","Public","Public Function GetVatMode() As String","String","","0","21","42","15","0","11","modDocumentCalculationService; modDocumentRepository; modOrderCalculationService; modOrderRepository; modVatHandler","False","False","","True","True",""
"modVatHandler","GetVatRate","Function","Public","Public Function GetVatRate() As Double","Double","","0","44","66","16","0","11","modDocumentRepository; modOrderRepository; modVatHandler","False","False","","True","True",""
"modVatHandler","NormalizeVatMode","Function","Public","Public Function NormalizeVatMode(ByVal VatMode As String) As String","String","ByVal VatMode As String","1","68","70","2","0","11","modDocumentCalculationService; modDocumentRepository; modDocumentService; modOrderCalculationService; modOrderRepository; modVatHandler","False","False","","False","False",""
"modVatHandler","IsValidVatMode","Function","Public","Public Function IsValidVatMode(ByVal VatMode As String) As Boolean","Boolean","ByVal VatMode As String","1","72","79","7","0","3","modVatHandler","False","False","","False","False",""
"modVatHandler","CalculateGrossFromNet","Function","Public","Public Function CalculateGrossFromNet(ByVal NetAmount As Currency, ByVal vatRate As Double) As Currency","Currency","ByVal NetAmount As Currency; ByVal vatRate As Double","2","81","94","9","0","6","modDocumentCalculationService; modDocumentService; modOrderCalculationService; modVatHandler","False","False","","True","False",""
"modVatHandler","CalculateNetFromGross","Function","Public","Public Function CalculateNetFromGross(ByVal GrossAmount As Currency, ByVal vatRate As Double) As Currency","Currency","ByVal GrossAmount As Currency; ByVal vatRate As Double","2","96","114","13","0","6","modOrderCalculationService; modVatHandler","False","False","","True","False",""
"modVatHandler","CalculateVatAmount","Function","Public","Public Function CalculateVatAmount(ByVal baseAmount As Currency, ByVal vatRate As Double, ByVal VatMode As String) As Currency","Currency","ByVal baseAmount As Currency; ByVal vatRate As Double; ByVal VatMode As String","3","116","149","25","0","9","modDocumentCalculationService; modDocumentService; modOrderCalculationService; modVatHandler","False","False","","True","False",""
"modVatHandler","GetVatFactor","Function","Private","Private Function GetVatFactor(ByVal vatRate As Double) As Double","Double","ByVal vatRate As Double","1","151","157","6","0","5","modVatHandler","False","False","","False","False",""
"modVatHandler","RoundCurrency","Function","Private","Private Function RoundCurrency(ByVal Amount As Currency) As Currency","Currency","ByVal Amount As Currency","1","159","161","2","0","25","modDocumentCalculationService; modDocumentService; modOrderCalculationService; modVatHandler","False","False","","False","False",""
