"ProcedureName","CallerModule","LineNumber","LineText"
"EnsureDocumentCalculationSchema","modDocumentCalculationService","61","EnsureDocumentCalculationSchema = False"
"ValidateBackendConfiguration","modDocumentCalculationService","63","If Not modDb.ValidateBackendConfiguration() Then"
"EnsureDocumentCalculationSchema","modDocumentCalculationService","64","modLoggingHandler.LogWarning MODULE_NAME & "".EnsureDocumentCalculationSchema"", _"
"LogWarning","modDocumentCalculationService","64","modLoggingHandler.LogWarning MODULE_NAME & "".EnsureDocumentCalculationSchema"", _"
"GetCurrentDatabase","modDocumentCalculationService","69","Set db = modDb.GetCurrentDatabase()"
"TableExists","modDocumentCalculationService","74","If Not TableExists(db, TABLE_DOC_DOCUMENT_POSITION) Then"
"EnsureDocumentCalculationSchema","modDocumentCalculationService","75","modLoggingHandler.LogWarning MODULE_NAME & "".EnsureDocumentCalculationSchema"", _"
"LogWarning","modDocumentCalculationService","75","modLoggingHandler.LogWarning MODULE_NAME & "".EnsureDocumentCalculationSchema"", _"
"TableExists","modDocumentCalculationService","80","If Not TableExists(db, TABLE_DOC_DOCUMENT) Then"
"EnsureDocumentCalculationSchema","modDocumentCalculationService","81","modLoggingHandler.LogWarning MODULE_NAME & "".EnsureDocumentCalculationSchema"", _"
"LogWarning","modDocumentCalculationService","81","modLoggingHandler.LogWarning MODULE_NAME & "".EnsureDocumentCalculationSchema"", _"
"EnsureTextField","modDocumentCalculationService","86","If Not EnsureTextField(db, TABLE_DOC_DOCUMENT_POSITION, FIELD_DISCOUNT_TYPE, TEXT_FIELD_SIZE_TYPE, ADJUSTMENT_TYPE_NONE) Then GoTo CleanExit"
"EnsureCurrencyField","modDocumentCalculationService","87","If Not EnsureCurrencyField(db, TABLE_DOC_DOCUMENT_POSITION, FIELD_DISCOUNT_VALUE, 0) Then GoTo CleanExit"
"EnsureTextField","modDocumentCalculationService","88","If Not EnsureTextField(db, TABLE_DOC_DOCUMENT_POSITION, FIELD_SURCHARGE_TYPE, TEXT_FIELD_SIZE_TYPE, ADJUSTMENT_TYPE_NONE) Then GoTo CleanExit"
"EnsureCurrencyField","modDocumentCalculationService","89","If Not EnsureCurrencyField(db, TABLE_DOC_DOCUMENT_POSITION, FIELD_SURCHARGE_VALUE, 0) Then GoTo CleanExit"
"EnsureCurrencyField","modDocumentCalculationService","90","If Not EnsureCurrencyField(db, TABLE_DOC_DOCUMENT_POSITION, FIELD_LINE_BASE_AMOUNT, 0) Then GoTo CleanExit"
"EnsureCurrencyField","modDocumentCalculationService","91","If Not EnsureCurrencyField(db, TABLE_DOC_DOCUMENT_POSITION, FIELD_LINE_DISCOUNT_AMOUNT, 0) Then GoTo CleanExit"
"EnsureCurrencyField","modDocumentCalculationService","92","If Not EnsureCurrencyField(db, TABLE_DOC_DOCUMENT_POSITION, FIELD_LINE_SURCHARGE_AMOUNT, 0) Then GoTo CleanExit"
"EnsureTextField","modDocumentCalculationService","94","If Not EnsureTextField(db, TABLE_DOC_DOCUMENT, FIELD_HEADER_DISCOUNT_TYPE, TEXT_FIELD_SIZE_TYPE, ADJUSTMENT_TYPE_NONE) Then GoTo CleanExit"
"EnsureCurrencyField","modDocumentCalculationService","95","If Not EnsureCurrencyField(db, TABLE_DOC_DOCUMENT, FIELD_HEADER_DISCOUNT_VALUE, 0) Then GoTo CleanExit"
"EnsureTextField","modDocumentCalculationService","96","If Not EnsureTextField(db, TABLE_DOC_DOCUMENT, FIELD_HEADER_SURCHARGE_TYPE, TEXT_FIELD_SIZE_TYPE, ADJUSTMENT_TYPE_NONE) Then GoTo CleanExit"
"EnsureCurrencyField","modDocumentCalculationService","97","If Not EnsureCurrencyField(db, TABLE_DOC_DOCUMENT, FIELD_HEADER_SURCHARGE_VALUE, 0) Then GoTo CleanExit"
"EnsureCurrencyField","modDocumentCalculationService","98","If Not EnsureCurrencyField(db, TABLE_DOC_DOCUMENT, FIELD_SUBTOTAL_NET_AMOUNT, 0) Then GoTo CleanExit"
"EnsureCurrencyField","modDocumentCalculationService","99","If Not EnsureCurrencyField(db, TABLE_DOC_DOCUMENT, FIELD_HEADER_DISCOUNT_AMOUNT, 0) Then GoTo CleanExit"
"EnsureCurrencyField","modDocumentCalculationService","100","If Not EnsureCurrencyField(db, TABLE_DOC_DOCUMENT, FIELD_HEADER_SURCHARGE_AMOUNT, 0) Then GoTo CleanExit"
"EnsureDocumentCalculationSchema","modDocumentCalculationService","102","EnsureDocumentCalculationSchema = True"
"EnsureDocumentCalculationSchema","modDocumentCalculationService","109","EnsureDocumentCalculationSchema = False"
"EnsureDocumentCalculationSchema","modDocumentCalculationService","110","modErrorHandler.HandleError MODULE_NAME, ""EnsureDocumentCalculationSchema"", Err"
"HandleError","modDocumentCalculationService","110","modErrorHandler.HandleError MODULE_NAME, ""EnsureDocumentCalculationSchema"", Err"
"NormalizeAdjustmentType","modDocumentCalculationService","123","normalizedType = NormalizeAdjustmentType(AdjustmentType)"
"CalculateAdjustmentAmount","modDocumentCalculationService","126","modLoggingHandler.LogWarning MODULE_NAME & "".CalculateAdjustmentAmount"", _"
"LogWarning","modDocumentCalculationService","126","modLoggingHandler.LogWarning MODULE_NAME & "".CalculateAdjustmentAmount"", _"
"CalculateAdjustmentAmount","modDocumentCalculationService","133","CalculateAdjustmentAmount = 0"
"CalculateAdjustmentAmount","modDocumentCalculationService","136","CalculateAdjustmentAmount = RoundCurrency(CCur(CDbl(baseAmount) * (CDbl(AdjustmentValue) / 100#)))"
"RoundCurrency","modDocumentCalculationService","136","CalculateAdjustmentAmount = RoundCurrency(CCur(CDbl(baseAmount) * (CDbl(AdjustmentValue) / 100#)))"
"CalculateAdjustmentAmount","modDocumentCalculationService","139","CalculateAdjustmentAmount = RoundCurrency(AdjustmentValue)"
"RoundCurrency","modDocumentCalculationService","139","CalculateAdjustmentAmount = RoundCurrency(AdjustmentValue)"
"CalculateAdjustmentAmount","modDocumentCalculationService","142","modLoggingHandler.LogWarning MODULE_NAME & "".CalculateAdjustmentAmount"", _"
"LogWarning","modDocumentCalculationService","142","modLoggingHandler.LogWarning MODULE_NAME & "".CalculateAdjustmentAmount"", _"
"CalculateAdjustmentAmount","modDocumentCalculationService","144","CalculateAdjustmentAmount = 0"
"CalculateAdjustmentAmount","modDocumentCalculationService","149","CalculateAdjustmentAmount = 0"
"CalculateAdjustmentAmount","modDocumentCalculationService","150","modErrorHandler.HandleError MODULE_NAME, ""CalculateAdjustmentAmount"", Err"
"HandleError","modDocumentCalculationService","150","modErrorHandler.HandleError MODULE_NAME, ""CalculateAdjustmentAmount"", Err"
"SqlText","modDocumentCalculationService","158","Dim SqlText As String"
"CalculatePositionAmounts","modDocumentCalculationService","176","CalculatePositionAmounts = False"
"EnsureDocumentCalculationSchema","modDocumentCalculationService","182","If Not EnsureDocumentCalculationSchema() Then"
"GetCurrentDatabase","modDocumentCalculationService","186","Set db = modDb.GetCurrentDatabase()"
"SqlText","modDocumentCalculationService","191","SqlText = ""SELECT * FROM ["" & TABLE_DOC_DOCUMENT_POSITION & ""] WHERE ["" & FIELD_DOCUMENT_POSITION_ID & ""]="" & CStr(DocumentPositionId) & "";"""
"SqlText","modDocumentCalculationService","192","Set rsPosition = db.OpenRecordset(SqlText, dbOpenDynaset)"
"CalculatePositionAmounts","modDocumentCalculationService","195","modLoggingHandler.LogWarning MODULE_NAME & "".CalculatePositionAmounts"", _"
"LogWarning","modDocumentCalculationService","195","modLoggingHandler.LogWarning MODULE_NAME & "".CalculatePositionAmounts"", _"
"GetRecordsetDoubleValue","modDocumentCalculationService","200","quantity = GetRecordsetDoubleValue(rsPosition, FIELD_QUANTITY, 0)"
"GetRecordsetCurrencyValue","modDocumentCalculationService","201","UnitPrice = GetRecordsetCurrencyValue(rsPosition, FIELD_UNIT_PRICE, 0)"
"GetRecordsetDoubleValue","modDocumentCalculationService","202","vatRate = GetRecordsetDoubleValue(rsPosition, FIELD_VAT_RATE, 0)"
"GetRecordsetLongValue","modDocumentCalculationService","203","DocumentId = GetRecordsetLongValue(rsPosition, FIELD_DOCUMENT_ID, 0)"
"GetVatMode","modDocumentCalculationService","204","VatMode = ResolveDocumentVatMode(DocumentId, modVatHandler.GetVatMode())"
"ResolveDocumentVatMode","modDocumentCalculationService","204","VatMode = ResolveDocumentVatMode(DocumentId, modVatHandler.GetVatMode())"
"GetRecordsetStringValue","modDocumentCalculationService","206","discountType = GetRecordsetStringValue(rsPosition, FIELD_DISCOUNT_TYPE, ADJUSTMENT_TYPE_NONE)"
"GetRecordsetCurrencyValue","modDocumentCalculationService","207","discountValue = GetRecordsetCurrencyValue(rsPosition, FIELD_DISCOUNT_VALUE, 0)"
"GetRecordsetStringValue","modDocumentCalculationService","208","surchargeType = GetRecordsetStringValue(rsPosition, FIELD_SURCHARGE_TYPE, ADJUSTMENT_TYPE_NONE)"
"GetRecordsetCurrencyValue","modDocumentCalculationService","209","surchargeValue = GetRecordsetCurrencyValue(rsPosition, FIELD_SURCHARGE_VALUE, 0)"
"RoundCurrency","modDocumentCalculationService","211","baseAmount = RoundCurrency(CCur(quantity * CDbl(UnitPrice)))"
"CalculateAdjustmentAmount","modDocumentCalculationService","212","discountAmount = CalculateAdjustmentAmount(baseAmount, discountType, discountValue)"
"RoundCurrency","modDocumentCalculationService","217","discountedBaseAmount = RoundCurrency(baseAmount - discountAmount)"
"CalculateAdjustmentAmount","modDocumentCalculationService","218","surchargeAmount = CalculateAdjustmentAmount(discountedBaseAmount, surchargeType, surchargeValue)"
"RoundCurrency","modDocumentCalculationService","220","NetAmount = RoundCurrency(discountedBaseAmount + surchargeAmount)"
"CalculateVatAmount","modDocumentCalculationService","225","VatAmount = modVatHandler.CalculateVatAmount(NetAmount, vatRate, VatMode)"
"ResolveGrossAmount","modDocumentCalculationService","226","GrossAmount = ResolveGrossAmount(NetAmount, VatAmount, vatRate, VatMode)"
"SetRecordsetValue","modDocumentCalculationService","229","SetRecordsetValue rsPosition, FIELD_LINE_BASE_AMOUNT, baseAmount"
"SetRecordsetValue","modDocumentCalculationService","230","SetRecordsetValue rsPosition, FIELD_LINE_DISCOUNT_AMOUNT, discountAmount"
"SetRecordsetValue","modDocumentCalculationService","231","SetRecordsetValue rsPosition, FIELD_LINE_SURCHARGE_AMOUNT, surchargeAmount"
"SetRecordsetValue","modDocumentCalculationService","232","SetRecordsetValue rsPosition, FIELD_NET_AMOUNT, NetAmount"
"SetRecordsetValue","modDocumentCalculationService","233","SetRecordsetValue rsPosition, FIELD_VAT_AMOUNT, VatAmount"
"SetRecordsetValue","modDocumentCalculationService","234","SetRecordsetValue rsPosition, FIELD_GROSS_AMOUNT, GrossAmount"
"SetRecordsetValue","modDocumentCalculationService","235","SetRecordsetValue rsPosition, FIELD_LINE_TOTAL_NET, NetAmount"
"SetRecordsetValue","modDocumentCalculationService","236","SetRecordsetValue rsPosition, FIELD_LINE_TOTAL_VAT, VatAmount"
"SetRecordsetValue","modDocumentCalculationService","237","SetRecordsetValue rsPosition, FIELD_LINE_TOTAL_GROSS, GrossAmount"
"CalculatePositionAmounts","modDocumentCalculationService","240","CalculatePositionAmounts = True"
"CalculatePositionAmounts","modDocumentCalculationService","250","CalculatePositionAmounts = False"
"CalculatePositionAmounts","modDocumentCalculationService","251","modErrorHandler.HandleError MODULE_NAME, ""CalculatePositionAmounts"", Err"
"HandleError","modDocumentCalculationService","251","modErrorHandler.HandleError MODULE_NAME, ""CalculatePositionAmounts"", Err"
"SqlText","modDocumentCalculationService","261","Dim SqlText As String"
"CalculateDocumentTotals","modDocumentCalculationService","274","CalculateDocumentTotals = False"
"EnsureDocumentCalculationSchema","modDocumentCalculationService","280","If Not EnsureDocumentCalculationSchema() Then"
"GetCurrentDatabase","modDocumentCalculationService","284","Set db = modDb.GetCurrentDatabase()"
"SqlText","modDocumentCalculationService","289","SqlText = ""SELECT * FROM ["" & TABLE_DOC_DOCUMENT & ""] WHERE ["" & FIELD_DOCUMENT_ID & ""]="" & CStr(DocumentId) & "";"""
"SqlText","modDocumentCalculationService","290","Set rsDocument = db.OpenRecordset(SqlText, dbOpenDynaset)"
"CalculateDocumentTotals","modDocumentCalculationService","293","modLoggingHandler.LogWarning MODULE_NAME & "".CalculateDocumentTotals"", _"
"LogWarning","modDocumentCalculationService","293","modLoggingHandler.LogWarning MODULE_NAME & "".CalculateDocumentTotals"", _"
"SqlText","modDocumentCalculationService","298","SqlText = ""SELECT * FROM ["" & TABLE_DOC_DOCUMENT_POSITION & ""] WHERE ["" & FIELD_DOCUMENT_ID & ""]="" & CStr(DocumentId) & "";"""
"SqlText","modDocumentCalculationService","299","Set rsPositions = db.OpenRecordset(SqlText, dbOpenSnapshot)"
"GetPositionNetAmount","modDocumentCalculationService","304","subtotalNetAmount = subtotalNetAmount + GetPositionNetAmount(rsPositions)"
"GetPositionVatAmount","modDocumentCalculationService","305","VatAmount = VatAmount + GetPositionVatAmount(rsPositions)"
"GetPositionGrossAmount","modDocumentCalculationService","306","grossPositionAmount = grossPositionAmount + GetPositionGrossAmount(rsPositions)"
"GetRecordsetStringValue","modDocumentCalculationService","311","headerDiscountType = GetRecordsetStringValue(rsDocument, FIELD_HEADER_DISCOUNT_TYPE, ADJUSTMENT_TYPE_NONE)"
"GetRecordsetCurrencyValue","modDocumentCalculationService","312","headerDiscountValue = GetRecordsetCurrencyValue(rsDocument, FIELD_HEADER_DISCOUNT_VALUE, 0)"
"GetRecordsetStringValue","modDocumentCalculationService","313","headerSurchargeType = GetRecordsetStringValue(rsDocument, FIELD_HEADER_SURCHARGE_TYPE, ADJUSTMENT_TYPE_NONE)"
"GetRecordsetCurrencyValue","modDocumentCalculationService","314","headerSurchargeValue = GetRecordsetCurrencyValue(rsDocument, FIELD_HEADER_SURCHARGE_VALUE, 0)"
"CalculateDocumentTotals","modDocumentCalculationService","317","modLoggingHandler.LogWarning MODULE_NAME & "".CalculateDocumentTotals"", _"
"LogWarning","modDocumentCalculationService","317","modLoggingHandler.LogWarning MODULE_NAME & "".CalculateDocumentTotals"", _"
"SetRecordsetValue","modDocumentCalculationService","327","SetRecordsetValue rsDocument, FIELD_SUBTOTAL_NET_AMOUNT, subtotalNetAmount"
"SetRecordsetValue","modDocumentCalculationService","328","SetRecordsetValue rsDocument, FIELD_HEADER_DISCOUNT_AMOUNT, headerDiscountAmount"
"SetRecordsetValue","modDocumentCalculationService","329","SetRecordsetValue rsDocument, FIELD_HEADER_SURCHARGE_AMOUNT, headerSurchargeAmount"
"SetRecordsetValue","modDocumentCalculationService","330","SetRecordsetValue rsDocument, FIELD_NET_AMOUNT, NetAmount"
"SetRecordsetValue","modDocumentCalculationService","331","SetRecordsetValue rsDocument, FIELD_VAT_AMOUNT, VatAmount"
"SetRecordsetValue","modDocumentCalculationService","332","SetRecordsetValue rsDocument, FIELD_GROSS_AMOUNT, GrossAmount"
"SetRecordsetValue","modDocumentCalculationService","333","SetRecordsetValue rsDocument, FIELD_TOTAL_NET, NetAmount"
"SetRecordsetValue","modDocumentCalculationService","334","SetRecordsetValue rsDocument, FIELD_TOTAL_VAT, VatAmount"
"SetRecordsetValue","modDocumentCalculationService","335","SetRecordsetValue rsDocument, FIELD_TOTAL_GROSS, GrossAmount"
"CalculateDocumentTotals","modDocumentCalculationService","338","CalculateDocumentTotals = True"
"CalculateDocumentTotals","modDocumentCalculationService","350","CalculateDocumentTotals = False"
"CalculateDocumentTotals","modDocumentCalculationService","351","modErrorHandler.HandleError MODULE_NAME, ""CalculateDocumentTotals"", Err"
"HandleError","modDocumentCalculationService","351","modErrorHandler.HandleError MODULE_NAME, ""CalculateDocumentTotals"", Err"
"SqlText","modDocumentCalculationService","360","Dim SqlText As String"
"RecalculateDocument","modDocumentCalculationService","363","RecalculateDocument = False"
"EnsureDocumentCalculationSchema","modDocumentCalculationService","369","If Not EnsureDocumentCalculationSchema() Then"
"DocumentExists","modDocumentCalculationService","373","If Not DocumentExists(DocumentId) Then"
"LogWarning","modDocumentCalculationService","374","modLoggingHandler.LogWarning MODULE_NAME & "".RecalculateDocument"", _"
"RecalculateDocument","modDocumentCalculationService","374","modLoggingHandler.LogWarning MODULE_NAME & "".RecalculateDocument"", _"
"GetCurrentDatabase","modDocumentCalculationService","379","Set db = modDb.GetCurrentDatabase()"
"SqlText","modDocumentCalculationService","384","SqlText = ""SELECT ["" & FIELD_DOCUMENT_POSITION_ID & ""] FROM ["" & TABLE_DOC_DOCUMENT_POSITION & ""] WHERE ["" & FIELD_DOCUMENT_ID & ""]="" & CStr(DocumentId) & "";"""
"SqlText","modDocumentCalculationService","385","Set rsPositions = db.OpenRecordset(SqlText, dbOpenSnapshot)"
"GetRecordsetLongValue","modDocumentCalculationService","390","positionId = GetRecordsetLongValue(rsPositions, FIELD_DOCUMENT_POSITION_ID, 0)"
"CalculatePositionAmounts","modDocumentCalculationService","392","If Not CalculatePositionAmounts(positionId) Then"
"CalculateDocumentTotals","modDocumentCalculationService","400","RecalculateDocument = CalculateDocumentTotals(DocumentId)"
"RecalculateDocument","modDocumentCalculationService","400","RecalculateDocument = CalculateDocumentTotals(DocumentId)"
"RecalculateDocument","modDocumentCalculationService","410","RecalculateDocument = False"
"HandleError","modDocumentCalculationService","411","modErrorHandler.HandleError MODULE_NAME, ""RecalculateDocument"", Err"
"RecalculateDocument","modDocumentCalculationService","411","modErrorHandler.HandleError MODULE_NAME, ""RecalculateDocument"", Err"
"NormalizeAdjustmentType","modDocumentCalculationService","416","NormalizeAdjustmentType = UCase$(Trim$(AdjustmentType))"
"NormalizeVatMode","modDocumentCalculationService","422","normalizedVatMode = modVatHandler.NormalizeVatMode(VatMode)"
"CalculateGrossFromNet","modDocumentCalculationService","426","ResolveGrossAmount = modVatHandler.CalculateGrossFromNet(NetAmount, vatRate)"
"ResolveGrossAmount","modDocumentCalculationService","426","ResolveGrossAmount = modVatHandler.CalculateGrossFromNet(NetAmount, vatRate)"
"ResolveGrossAmount","modDocumentCalculationService","428","ResolveGrossAmount = RoundCurrency(NetAmount)"
"RoundCurrency","modDocumentCalculationService","428","ResolveGrossAmount = RoundCurrency(NetAmount)"
"ResolveGrossAmount","modDocumentCalculationService","430","ResolveGrossAmount = RoundCurrency(NetAmount + VatAmount)"
"RoundCurrency","modDocumentCalculationService","430","ResolveGrossAmount = RoundCurrency(NetAmount + VatAmount)"
"SqlText","modDocumentCalculationService","439","Dim SqlText As String"
"ResolveDocumentVatMode","modDocumentCalculationService","441","ResolveDocumentVatMode = defaultValue"
"GetCurrentDatabase","modDocumentCalculationService","447","Set db = modDb.GetCurrentDatabase()"
"SqlText","modDocumentCalculationService","452","SqlText = ""SELECT ["" & FIELD_VAT_MODE & ""] FROM ["" & TABLE_DOC_DOCUMENT & ""] WHERE ["" & FIELD_DOCUMENT_ID & ""]="" & CStr(DocumentId) & "";"""
"SqlText","modDocumentCalculationService","453","Set rsDocument = db.OpenRecordset(SqlText, dbOpenSnapshot)"
"GetRecordsetStringValue","modDocumentCalculationService","456","ResolveDocumentVatMode = GetRecordsetStringValue(rsDocument, FIELD_VAT_MODE, defaultValue)"
"ResolveDocumentVatMode","modDocumentCalculationService","456","ResolveDocumentVatMode = GetRecordsetStringValue(rsDocument, FIELD_VAT_MODE, defaultValue)"
"ResolveDocumentVatMode","modDocumentCalculationService","467","ResolveDocumentVatMode = defaultValue"
"HandleError","modDocumentCalculationService","468","modErrorHandler.HandleError MODULE_NAME, ""ResolveDocumentVatMode"", Err"
"ResolveDocumentVatMode","modDocumentCalculationService","468","modErrorHandler.HandleError MODULE_NAME, ""ResolveDocumentVatMode"", Err"
"RecordsetHasField","modDocumentCalculationService","473","If modDaoHelper.RecordsetHasField(rsPosition, FIELD_NET_AMOUNT) Then"
"GetPositionNetAmount","modDocumentCalculationService","474","GetPositionNetAmount = GetRecordsetCurrencyValue(rsPosition, FIELD_NET_AMOUNT, 0)"
"GetRecordsetCurrencyValue","modDocumentCalculationService","474","GetPositionNetAmount = GetRecordsetCurrencyValue(rsPosition, FIELD_NET_AMOUNT, 0)"
"GetPositionNetAmount","modDocumentCalculationService","476","GetPositionNetAmount = GetRecordsetCurrencyValue(rsPosition, FIELD_LINE_TOTAL_NET, 0)"
"GetRecordsetCurrencyValue","modDocumentCalculationService","476","GetPositionNetAmount = GetRecordsetCurrencyValue(rsPosition, FIELD_LINE_TOTAL_NET, 0)"
"RecordsetHasField","modDocumentCalculationService","481","If modDaoHelper.RecordsetHasField(rsPosition, FIELD_VAT_AMOUNT) Then"
"GetPositionVatAmount","modDocumentCalculationService","482","GetPositionVatAmount = GetRecordsetCurrencyValue(rsPosition, FIELD_VAT_AMOUNT, 0)"
"GetRecordsetCurrencyValue","modDocumentCalculationService","482","GetPositionVatAmount = GetRecordsetCurrencyValue(rsPosition, FIELD_VAT_AMOUNT, 0)"
"GetPositionVatAmount","modDocumentCalculationService","484","GetPositionVatAmount = GetRecordsetCurrencyValue(rsPosition, FIELD_LINE_TOTAL_VAT, 0)"
"GetRecordsetCurrencyValue","modDocumentCalculationService","484","GetPositionVatAmount = GetRecordsetCurrencyValue(rsPosition, FIELD_LINE_TOTAL_VAT, 0)"
"RecordsetHasField","modDocumentCalculationService","489","If modDaoHelper.RecordsetHasField(rsPosition, FIELD_GROSS_AMOUNT) Then"
"GetPositionGrossAmount","modDocumentCalculationService","490","GetPositionGrossAmount = GetRecordsetCurrencyValue(rsPosition, FIELD_GROSS_AMOUNT, 0)"
"GetRecordsetCurrencyValue","modDocumentCalculationService","490","GetPositionGrossAmount = GetRecordsetCurrencyValue(rsPosition, FIELD_GROSS_AMOUNT, 0)"
"GetPositionGrossAmount","modDocumentCalculationService","492","GetPositionGrossAmount = GetRecordsetCurrencyValue(rsPosition, FIELD_LINE_TOTAL_GROSS, 0)"
"GetRecordsetCurrencyValue","modDocumentCalculationService","492","GetPositionGrossAmount = GetRecordsetCurrencyValue(rsPosition, FIELD_LINE_TOTAL_GROSS, 0)"
"SqlText","modDocumentCalculationService","501","Dim SqlText As String"
"GetCurrentDatabase","modDocumentCalculationService","507","Set db = modDb.GetCurrentDatabase()"
"SqlText","modDocumentCalculationService","512","SqlText = ""SELECT ["" & FIELD_DOCUMENT_ID & ""] FROM ["" & TABLE_DOC_DOCUMENT & ""] WHERE ["" & FIELD_DOCUMENT_ID & ""]="" & CStr(DocumentId) & "";"""
"SqlText","modDocumentCalculationService","513","Set rsDocument = db.OpenRecordset(SqlText, dbOpenSnapshot)"
"DocumentExists","modDocumentCalculationService","515","DocumentExists = Not (rsDocument.BOF And rsDocument.EOF)"
"DocumentExists","modDocumentCalculationService","525","DocumentExists = False"
"DocumentExists","modDocumentCalculationService","526","modErrorHandler.HandleError MODULE_NAME, ""DocumentExists"", Err"
"HandleError","modDocumentCalculationService","526","modErrorHandler.HandleError MODULE_NAME, ""DocumentExists"", Err"
"FieldExists","modDocumentCalculationService","533","If Not FieldExists(db, tableName, fieldName) Then"
"EnsureTextField","modDocumentCalculationService","535","modLoggingHandler.LogInfo MODULE_NAME & "".EnsureTextField"", _"
"LogInfo","modDocumentCalculationService","535","modLoggingHandler.LogInfo MODULE_NAME & "".EnsureTextField"", _"
"ApplyFieldDefaultValue","modDocumentCalculationService","539","ApplyFieldDefaultValue db, tableName, fieldName, """""""" & Replace(defaultValue, """""""", """""""""""") & """""""""
"EnsureTextField","modDocumentCalculationService","542","EnsureTextField = True"
"EnsureTextField","modDocumentCalculationService","546","EnsureTextField = False"
"EnsureTextField","modDocumentCalculationService","547","modErrorHandler.HandleError MODULE_NAME, ""EnsureTextField"", Err"
"HandleError","modDocumentCalculationService","547","modErrorHandler.HandleError MODULE_NAME, ""EnsureTextField"", Err"
"FieldExists","modDocumentCalculationService","553","If Not FieldExists(db, tableName, fieldName) Then"
"EnsureCurrencyField","modDocumentCalculationService","555","modLoggingHandler.LogInfo MODULE_NAME & "".EnsureCurrencyField"", _"
"LogInfo","modDocumentCalculationService","555","modLoggingHandler.LogInfo MODULE_NAME & "".EnsureCurrencyField"", _"
"ApplyFieldDefaultValue","modDocumentCalculationService","559","ApplyFieldDefaultValue db, tableName, fieldName, CStr(defaultValue)"
"EnsureCurrencyField","modDocumentCalculationService","562","EnsureCurrencyField = True"
"EnsureCurrencyField","modDocumentCalculationService","566","EnsureCurrencyField = False"
"EnsureCurrencyField","modDocumentCalculationService","567","modErrorHandler.HandleError MODULE_NAME, ""EnsureCurrencyField"", Err"
"HandleError","modDocumentCalculationService","567","modErrorHandler.HandleError MODULE_NAME, ""EnsureCurrencyField"", Err"
"TableExists","modDocumentCalculationService","583","TableExists = True"
"TableExists","modDocumentCalculationService","590","TableExists = False"
"HandleError","modDocumentCalculationService","591","modErrorHandler.HandleError MODULE_NAME, ""TableExists"", Err"
"TableExists","modDocumentCalculationService","591","modErrorHandler.HandleError MODULE_NAME, ""TableExists"", Err"
"FieldExists","modDocumentCalculationService","604","FieldExists = True"
"FieldExists","modDocumentCalculationService","611","FieldExists = False"
"FieldExists","modDocumentCalculationService","612","modErrorHandler.HandleError MODULE_NAME, ""FieldExists"", Err"
"HandleError","modDocumentCalculationService","612","modErrorHandler.HandleError MODULE_NAME, ""FieldExists"", Err"
"RecordsetHasField","modDocumentCalculationService","616","If modDaoHelper.RecordsetHasField(rs, fieldName) Then"
"GetRecordsetStringValue","modDocumentCalculationService","617","GetRecordsetStringValue = Trim$(modDaoHelper.NzString(rs.Fields(fieldName).Value, defaultValue))"
"NzString","modDocumentCalculationService","617","GetRecordsetStringValue = Trim$(modDaoHelper.NzString(rs.Fields(fieldName).Value, defaultValue))"
"GetRecordsetStringValue","modDocumentCalculationService","619","GetRecordsetStringValue = defaultValue"
"RecordsetHasField","modDocumentCalculationService","626","If modDaoHelper.RecordsetHasField(rs, fieldName) Then"
"NzString","modDocumentCalculationService","627","rawValue = modDaoHelper.NzString(rs.Fields(fieldName).Value, CStr(defaultValue))"
"GetRecordsetCurrencyValue","modDocumentCalculationService","629","GetRecordsetCurrencyValue = CCur(rawValue)"
"GetRecordsetCurrencyValue","modDocumentCalculationService","631","GetRecordsetCurrencyValue = defaultValue"
"GetRecordsetCurrencyValue","modDocumentCalculationService","634","GetRecordsetCurrencyValue = defaultValue"
"RecordsetHasField","modDocumentCalculationService","641","If modDaoHelper.RecordsetHasField(rs, fieldName) Then"
"NzString","modDocumentCalculationService","642","rawValue = modDaoHelper.NzString(rs.Fields(fieldName).Value, CStr(defaultValue))"
"GetRecordsetDoubleValue","modDocumentCalculationService","644","GetRecordsetDoubleValue = CDbl(rawValue)"
"GetRecordsetDoubleValue","modDocumentCalculationService","646","GetRecordsetDoubleValue = defaultValue"
"GetRecordsetDoubleValue","modDocumentCalculationService","649","GetRecordsetDoubleValue = defaultValue"
"RecordsetHasField","modDocumentCalculationService","654","If modDaoHelper.RecordsetHasField(rs, fieldName) Then"
"GetRecordsetLongValue","modDocumentCalculationService","655","GetRecordsetLongValue = modDaoHelper.NzLong(rs.Fields(fieldName).Value, defaultValue)"
"NzLong","modDocumentCalculationService","655","GetRecordsetLongValue = modDaoHelper.NzLong(rs.Fields(fieldName).Value, defaultValue)"
"GetRecordsetLongValue","modDocumentCalculationService","657","GetRecordsetLongValue = defaultValue"
"RecordsetHasField","modDocumentCalculationService","662","If modDaoHelper.RecordsetHasField(rs, fieldName) Then"
"RoundCurrency","modDocumentCalculationService","668","RoundCurrency = CCur(Round(CDbl(Amount), 2))"
"RefreshDashboard","modAppDashboardService","27","RefreshDashboard = True"
"ApplyDashboardTranslations","modAppDashboardService","31","ApplyDashboardTranslations dashboardForm"
"ResolveTenantStatusText","modAppDashboardService","32","SetDisplayValueIfPresent dashboardForm, CONTROL_CARD_TENANT, ResolveTenantStatusText()"
"SetDisplayValueIfPresent","modAppDashboardService","32","SetDisplayValueIfPresent dashboardForm, CONTROL_CARD_TENANT, ResolveTenantStatusText()"
"ResolveUserStatusText","modAppDashboardService","33","SetDisplayValueIfPresent dashboardForm, CONTROL_CARD_USER, ResolveUserStatusText()"
"SetDisplayValueIfPresent","modAppDashboardService","33","SetDisplayValueIfPresent dashboardForm, CONTROL_CARD_USER, ResolveUserStatusText()"
"ResolveBackendStatusText","modAppDashboardService","34","SetDisplayValueIfPresent dashboardForm, CONTROL_CARD_BACKEND, ResolveBackendStatusText()"
"SetDisplayValueIfPresent","modAppDashboardService","34","SetDisplayValueIfPresent dashboardForm, CONTROL_CARD_BACKEND, ResolveBackendStatusText()"
"ResolveFrameworkStatusText","modAppDashboardService","35","SetDisplayValueIfPresent dashboardForm, CONTROL_CARD_FRAMEWORK, ResolveFrameworkStatusText()"
"SetDisplayValueIfPresent","modAppDashboardService","35","SetDisplayValueIfPresent dashboardForm, CONTROL_CARD_FRAMEWORK, ResolveFrameworkStatusText()"
"RefreshDashboard","modAppDashboardService","37","RefreshDashboard = True"
"LogInfo","modAppDashboardService","39","modLoggingHandler.LogInfo MODULE_NAME & "".RefreshDashboard"", _"
"RefreshDashboard","modAppDashboardService","39","modLoggingHandler.LogInfo MODULE_NAME & "".RefreshDashboard"", _"
"RefreshDashboard","modAppDashboardService","44","RefreshDashboard = False"
"HandleError","modAppDashboardService","45","modErrorHandler.HandleError MODULE_NAME, ""RefreshDashboard"", Err"
"RefreshDashboard","modAppDashboardService","45","modErrorHandler.HandleError MODULE_NAME, ""RefreshDashboard"", Err"
"SetCaptionIfPresent","modAppDashboardService","51","SetCaptionIfPresent dashboardForm, LABEL_CARD_TENANT, ""FORM.FRMAPPDASHBOARD.TENANT"", ""Mandant"""
"SetCaptionIfPresent","modAppDashboardService","52","SetCaptionIfPresent dashboardForm, LABEL_CARD_USER, ""FORM.FRMAPPDASHBOARD.USER"", ""Benutzer"""
"SetCaptionIfPresent","modAppDashboardService","53","SetCaptionIfPresent dashboardForm, LABEL_CARD_BACKEND, ""FORM.FRMAPPDASHBOARD.BACKEND"", ""Backend"""
"SetCaptionIfPresent","modAppDashboardService","54","SetCaptionIfPresent dashboardForm, LABEL_CARD_FRAMEWORK, ""FORM.FRMAPPDASHBOARD.FRAMEWORK"", ""Framework"""
"SetCaptionIfPresent","modAppDashboardService","55","SetCaptionIfPresent dashboardForm, LABEL_CARD_STATUS, ""FORM.FRMAPPDASHBOARD.STATUS"", ""Status"""
"IsTenantInitialized","modAppDashboardService","61","If modTenantContext.IsTenantInitialized Then"
"ComposeDisplayText","modAppDashboardService","62","ResolveTenantStatusText = ComposeDisplayText( _"
"ResolveTenantStatusText","modAppDashboardService","62","ResolveTenantStatusText = ComposeDisplayText( _"
"ResolveTenantStatusText","modAppDashboardService","66","ResolveTenantStatusText = ""n/a"""
"IsSessionInitialized","modAppDashboardService","71","If modSessionContext.IsSessionInitialized Then"
"ComposeDisplayText","modAppDashboardService","72","ResolveUserStatusText = ComposeDisplayText( _"
"ResolveUserStatusText","modAppDashboardService","72","ResolveUserStatusText = ComposeDisplayText( _"
"ResolveUserStatusText","modAppDashboardService","76","ResolveUserStatusText = ""n/a"""
"GetBackendPath","modAppDashboardService","83","backendPath = Trim$(modDb.GetBackendPath())"
"ValidateBackendConfiguration","modAppDashboardService","85","If modDb.ValidateBackendConfiguration() Then"
"ResolveBackendStatusText","modAppDashboardService","86","ResolveBackendStatusText = ""Ready"""
"ResolveBackendStatusText","modAppDashboardService","88","ResolveBackendStatusText = ResolveBackendStatusText & "" | "" & backendPath"
"ResolveBackendStatusText","modAppDashboardService","91","ResolveBackendStatusText = ""Unavailable | "" & backendPath"
"ResolveBackendStatusText","modAppDashboardService","93","ResolveBackendStatusText = ""n/a"""
"IsSessionInitialized","modAppDashboardService","100","If modSessionContext.IsSessionInitialized Then"
"ResolveFrameworkStatusText","modAppDashboardService","106","ResolveFrameworkStatusText = ""Bootstrap="" & IIf(IsBootstrapped, ""ready"", ""pending"") & _"
"NzText","modAppDashboardService","107",""" | Env="" & NzText(CurrentEnvironment) & _"
"NzText","modAppDashboardService","112","primaryValue = NzText(primaryValue)"
"NzText","modAppDashboardService","113","secondaryValue = NzText(secondaryValue)"
"ComposeDisplayText","modAppDashboardService","116","ComposeDisplayText = primaryValue & "" | "" & secondaryValue"
"ComposeDisplayText","modAppDashboardService","118","ComposeDisplayText = primaryValue"
"HasControl","modAppDashboardService","134","If Not HasControl(formInstance, ControlName) Then"
"HasControl","modAppDashboardService","161","If Not HasControl(formInstance, ControlName) Then"
"ResolveShellText","modAppDashboardService","165","formInstance.Controls(ControlName).Caption = modAppShell.ResolveShellText(translation_key, fallback_text)"
"HasControl","modAppDashboardService","181","HasControl = True"
"NzText","modAppDashboardService","191","NzText = defaultValue"
"NzText","modAppDashboardService","193","NzText = Trim$(Value)"
"ValidateForm","modFwValidationRuntime","25","ValidateForm = True"
"ControlSupportsValidation","modFwValidationRuntime","32","If ControlSupportsValidation(ctl) Then"
"NzString","modFwValidationRuntime","33","If LenB(Trim$(NzString(ctl.Tag))) > 0 Then"
"ValidateControl","modFwValidationRuntime","34","If Not ValidateControl(ctl) Then"
"TryFocusControl","modFwValidationRuntime","35","TryFocusControl ctl"
"ValidateForm","modFwValidationRuntime","36","ValidateForm = False"
"ValidateForm","modFwValidationRuntime","46","ValidateForm = False"
"HandleError","modFwValidationRuntime","47","modErrorHandler.HandleError MODULE_NAME, ""ValidateForm"", Err"
"ValidateForm","modFwValidationRuntime","47","modErrorHandler.HandleError MODULE_NAME, ""ValidateForm"", Err"
"ValidateControl","modFwValidationRuntime","61","ValidateControl = True"
"ControlSupportsValidation","modFwValidationRuntime","67","If Not ControlSupportsValidation(ctl) Then"
"NzString","modFwValidationRuntime","71","Set tagTokens = ParseTagTokens(NzString(ctl.Tag))"
"ParseTagTokens","modFwValidationRuntime","71","Set tagTokens = ParseTagTokens(NzString(ctl.Tag))"
"GetControlDisplayName","modFwValidationRuntime","80","displayName = GetControlDisplayName(ctl)"
"GetControlValue","modFwValidationRuntime","81","rawValue = GetControlValue(ctl)"
"NzString","modFwValidationRuntime","82","textValue = Trim$(NzString(rawValue))"
"HasTag","modFwValidationRuntime","84","If HasTag(tagTokens, TAG_REQUIRED) Then"
"IsMissingValue","modFwValidationRuntime","85","If IsMissingValue(ctl, rawValue) Then"
"ShowValidationFailure","modFwValidationRuntime","87","ShowValidationFailure ctl, messageText"
"ValidateControl","modFwValidationRuntime","88","ValidateControl = False"
"HasTag","modFwValidationRuntime","97","If HasTag(tagTokens, TAG_MINLEN) Then"
"GetTagValue","modFwValidationRuntime","98","If TryParseLong(GetTagValue(tagTokens, TAG_MINLEN), minLen, ctl.Name, TAG_MINLEN) Then"
"TryParseLong","modFwValidationRuntime","98","If TryParseLong(GetTagValue(tagTokens, TAG_MINLEN), minLen, ctl.Name, TAG_MINLEN) Then"
"ShowValidationFailure","modFwValidationRuntime","101","ShowValidationFailure ctl, messageText"
"ValidateControl","modFwValidationRuntime","102","ValidateControl = False"
"HasTag","modFwValidationRuntime","108","If HasTag(tagTokens, TAG_MAXLEN) Then"
"GetTagValue","modFwValidationRuntime","109","If TryParseLong(GetTagValue(tagTokens, TAG_MAXLEN), maxLen, ctl.Name, TAG_MAXLEN) Then"
"TryParseLong","modFwValidationRuntime","109","If TryParseLong(GetTagValue(tagTokens, TAG_MAXLEN), maxLen, ctl.Name, TAG_MAXLEN) Then"
"ShowValidationFailure","modFwValidationRuntime","112","ShowValidationFailure ctl, messageText"
"ValidateControl","modFwValidationRuntime","113","ValidateControl = False"
"HasTag","modFwValidationRuntime","119","If HasTag(tagTokens, TAG_NUMERIC) Then"
"ShowValidationFailure","modFwValidationRuntime","122","ShowValidationFailure ctl, messageText"
"ValidateControl","modFwValidationRuntime","123","ValidateControl = False"
"HasTag","modFwValidationRuntime","128","If HasTag(tagTokens, TAG_INTEGER) Then"
"ShowValidationFailure","modFwValidationRuntime","131","ShowValidationFailure ctl, messageText"
"ValidateControl","modFwValidationRuntime","132","ValidateControl = False"
"HasTag","modFwValidationRuntime","137","If HasTag(tagTokens, TAG_DATE) Then"
"ShowValidationFailure","modFwValidationRuntime","140","ShowValidationFailure ctl, messageText"
"ValidateControl","modFwValidationRuntime","141","ValidateControl = False"
"ValidateControl","modFwValidationRuntime","149","ValidateControl = False"
"HandleError","modFwValidationRuntime","150","modErrorHandler.HandleError MODULE_NAME, ""ValidateControl"", Err"
"ValidateControl","modFwValidationRuntime","150","modErrorHandler.HandleError MODULE_NAME, ""ValidateControl"", Err"
"ParseTagTokens","modFwValidationRuntime","169","Set ParseTagTokens = tokens"
"LogInfo","modFwValidationRuntime","193","modLoggingHandler.LogInfo MODULE_NAME & "".ParseTagTokens"", _"
"ParseTagTokens","modFwValidationRuntime","193","modLoggingHandler.LogInfo MODULE_NAME & "".ParseTagTokens"", _"
"ParseTagTokens","modFwValidationRuntime","200","Set ParseTagTokens = tokens"
"HandleError","modFwValidationRuntime","204","modErrorHandler.HandleError MODULE_NAME, ""ParseTagTokens"", Err"
"ParseTagTokens","modFwValidationRuntime","204","modErrorHandler.HandleError MODULE_NAME, ""ParseTagTokens"", Err"
"ParseTagTokens","modFwValidationRuntime","205","Set ParseTagTokens = Nothing"
"HasTag","modFwValidationRuntime","215","HasTag = tagTokens.Exists(UCase$(Trim$(TagName)))"
"GetTagValue","modFwValidationRuntime","228","GetTagValue = NzString(tagTokens(UCase$(Trim$(TagName))))"
"NzString","modFwValidationRuntime","228","GetTagValue = NzString(tagTokens(UCase$(Trim$(TagName))))"
"GetCaptionPropertySafely","modFwValidationRuntime","244","CaptionValue = GetCaptionPropertySafely(ctl)"
"GetControlDisplayName","modFwValidationRuntime","246","GetControlDisplayName = ResolveDisplayCaption(CaptionValue, GetTagPropertySafely(ctl))"
"GetTagPropertySafely","modFwValidationRuntime","246","GetControlDisplayName = ResolveDisplayCaption(CaptionValue, GetTagPropertySafely(ctl))"
"ResolveDisplayCaption","modFwValidationRuntime","246","GetControlDisplayName = ResolveDisplayCaption(CaptionValue, GetTagPropertySafely(ctl))"
"GetAttachedLabelCaption","modFwValidationRuntime","251","CaptionValue = GetAttachedLabelCaption(ctl)"
"GetAttachedLabelTag","modFwValidationRuntime","253","GetControlDisplayName = ResolveDisplayCaption(CaptionValue, GetAttachedLabelTag(ctl))"
"GetControlDisplayName","modFwValidationRuntime","253","GetControlDisplayName = ResolveDisplayCaption(CaptionValue, GetAttachedLabelTag(ctl))"
"ResolveDisplayCaption","modFwValidationRuntime","253","GetControlDisplayName = ResolveDisplayCaption(CaptionValue, GetAttachedLabelTag(ctl))"
"GetCaptionPropertySafely","modFwValidationRuntime","257","CaptionValue = GetCaptionPropertySafely(ctl)"
"GetControlDisplayName","modFwValidationRuntime","259","GetControlDisplayName = ResolveDisplayCaption(CaptionValue, GetTagPropertySafely(ctl))"
"GetTagPropertySafely","modFwValidationRuntime","259","GetControlDisplayName = ResolveDisplayCaption(CaptionValue, GetTagPropertySafely(ctl))"
"ResolveDisplayCaption","modFwValidationRuntime","259","GetControlDisplayName = ResolveDisplayCaption(CaptionValue, GetTagPropertySafely(ctl))"
"GetControlDisplayName","modFwValidationRuntime","263","GetControlDisplayName = ctl.Name"
"GetControlDisplayName","modFwValidationRuntime","267","GetControlDisplayName = ctl.Name"
"GetControlDisplayName","modFwValidationRuntime","268","modErrorHandler.HandleError MODULE_NAME, ""GetControlDisplayName"", Err"
"HandleError","modFwValidationRuntime","268","modErrorHandler.HandleError MODULE_NAME, ""GetControlDisplayName"", Err"
"NzString","modFwValidationRuntime","272","CaptionValue = Trim$(NzString(CaptionValue))"
"ResolveCaptionText","modFwValidationRuntime","278","ResolveDisplayCaption = modFwTranslationRuntime.ResolveCaptionText( _"
"ResolveDisplayCaption","modFwValidationRuntime","278","ResolveDisplayCaption = modFwTranslationRuntime.ResolveCaptionText( _"
"GetCurrentLanguageCode","modFwValidationRuntime","281","modFwTranslationRuntime.GetCurrentLanguageCode())"
"GetAttachedLabelCaption","modFwValidationRuntime","292","GetAttachedLabelCaption = GetCaptionPropertySafely(ctl.Controls(0))"
"GetCaptionPropertySafely","modFwValidationRuntime","292","GetAttachedLabelCaption = GetCaptionPropertySafely(ctl.Controls(0))"
"GetAttachedLabelCaption","modFwValidationRuntime","297","GetAttachedLabelCaption = vbNullString"
"GetAttachedLabelTag","modFwValidationRuntime","308","GetAttachedLabelTag = GetTagPropertySafely(ctl.Controls(0))"
"GetTagPropertySafely","modFwValidationRuntime","308","GetAttachedLabelTag = GetTagPropertySafely(ctl.Controls(0))"
"GetAttachedLabelTag","modFwValidationRuntime","313","GetAttachedLabelTag = vbNullString"
"GetCaptionPropertySafely","modFwValidationRuntime","323","GetCaptionPropertySafely = NzString(ctl.Properties(""Caption"").Value)"
"NzString","modFwValidationRuntime","323","GetCaptionPropertySafely = NzString(ctl.Properties(""Caption"").Value)"
"GetCaptionPropertySafely","modFwValidationRuntime","327","GetCaptionPropertySafely = vbNullString"
"GetTagPropertySafely","modFwValidationRuntime","337","GetTagPropertySafely = NzString(ctl.Properties(""Tag"").Value)"
"NzString","modFwValidationRuntime","337","GetTagPropertySafely = NzString(ctl.Properties(""Tag"").Value)"
"GetTagPropertySafely","modFwValidationRuntime","341","GetTagPropertySafely = vbNullString"
"ControlSupportsValidation","modFwValidationRuntime","353","ControlSupportsValidation = True"
"GetControlValue","modFwValidationRuntime","363","GetControlValue = Null"
"GetControlValue","modFwValidationRuntime","367","GetControlValue = ctl.Value"
"GetControlValue","modFwValidationRuntime","371","GetControlValue = Null"
"IsMissingValue","modFwValidationRuntime","381","IsMissingValue = IsNull(rawValue)"
"IsMissingValue","modFwValidationRuntime","383","IsMissingValue = (LenB(Trim$(NzString(rawValue))) = 0)"
"NzString","modFwValidationRuntime","383","IsMissingValue = (LenB(Trim$(NzString(rawValue))) = 0)"
"NzString","modFwValidationRuntime","394","textValue = Trim$(NzString(textValue))"
"LogWarning","modFwValidationRuntime","396","modLoggingHandler.LogWarning MODULE_NAME & "".TryParseLong"", _"
"TryParseLong","modFwValidationRuntime","396","modLoggingHandler.LogWarning MODULE_NAME & "".TryParseLong"", _"
"LogWarning","modFwValidationRuntime","402","modLoggingHandler.LogWarning MODULE_NAME & "".TryParseLong"", _"
"TryParseLong","modFwValidationRuntime","402","modLoggingHandler.LogWarning MODULE_NAME & "".TryParseLong"", _"
"TryParseLong","modFwValidationRuntime","408","TryParseLong = True"
"HandleError","modFwValidationRuntime","412","modErrorHandler.HandleError MODULE_NAME, ""TryParseLong"", Err"
"TryParseLong","modFwValidationRuntime","412","modErrorHandler.HandleError MODULE_NAME, ""TryParseLong"", Err"
"LogWarning","modFwValidationRuntime","416","modLoggingHandler.LogWarning MODULE_NAME & "".ShowValidationFailure"", _"
"ShowValidationFailure","modFwValidationRuntime","416","modLoggingHandler.LogWarning MODULE_NAME & "".ShowValidationFailure"", _"
"NzString","modFwValidationRuntime","435","NzString = defaultValue"
"NzString","modFwValidationRuntime","437","NzString = CStr(Value)"
"CanWriteContacts","modContactRepository","40","If Not CanWriteContacts() Then"
"GetCurrentDatabase","modContactRepository","44","Set db = modDb.GetCurrentDatabase()"
"SetRecordsetValue","modContactRepository","48","SetRecordsetValue rs, FIELD_ADDRESS_ID, addressId"
"SetRecordsetValue","modContactRepository","49","SetRecordsetValue rs, FIELD_CONTACT_TYPE_CODE, UCase$(Trim$(contactTypeCode))"
"SetRecordsetValue","modContactRepository","50","SetRecordsetValue rs, FIELD_CONTACT_VALUE, Trim$(ContactValue)"
"SetRecordsetValue","modContactRepository","51","SetRecordsetValue rs, FIELD_IS_PRIMARY, IsPrimary"
"SetRecordsetValue","modContactRepository","52","SetRecordsetValue rs, FIELD_REMARKS, Trim$(remarks)"
"SetRecordsetValue","modContactRepository","53","SetRecordsetValue rs, FIELD_CREATED_AT, Now()"
"ResolveCreatedBy","modContactRepository","54","SetRecordsetValue rs, FIELD_CREATED_BY, ResolveCreatedBy()"
"SetRecordsetValue","modContactRepository","54","SetRecordsetValue rs, FIELD_CREATED_BY, ResolveCreatedBy()"
"RecordsetHasField","modContactRepository","58","If modDaoHelper.RecordsetHasField(rs, FIELD_CONTACT_ID) Then"
"CreateContact","modContactRepository","59","CreateContact = modDaoHelper.NzLong(rs.Fields(FIELD_CONTACT_ID).Value, 0)"
"NzLong","modContactRepository","59","CreateContact = modDaoHelper.NzLong(rs.Fields(FIELD_CONTACT_ID).Value, 0)"
"CreateContact","modContactRepository","62","modLoggingHandler.LogInfo MODULE_NAME & "".CreateContact"", _"
"LogInfo","modContactRepository","62","modLoggingHandler.LogInfo MODULE_NAME & "".CreateContact"", _"
"CreateContact","modContactRepository","63","""Contact created. ContactId="" & CStr(CreateContact) & "", AddressId="" & CStr(addressId) & ""."""
"CreateContact","modContactRepository","73","CreateContact = 0"
"CreateContact","modContactRepository","74","modErrorHandler.HandleError MODULE_NAME, ""CreateContact"", Err"
"HandleError","modContactRepository","74","modErrorHandler.HandleError MODULE_NAME, ""CreateContact"", Err"
"GetPrimaryContactValue","modContactRepository","85","GetPrimaryContactValue = defaultValue"
"CanReadContacts","modContactRepository","91","If Not CanReadContacts() Then"
"GetCurrentDatabase","modContactRepository","96","Set db = modDb.GetCurrentDatabase()"
"ResolveFieldValue","modContactRepository","105","If UCase$(Trim$(ResolveFieldValue(rs, FIELD_CONTACT_TYPE_CODE, vbNullString))) = targetType Then"
"RecordsetHasField","modContactRepository","106","If modDaoHelper.RecordsetHasField(rs, FIELD_IS_PRIMARY) Then"
"NzBoolean","modContactRepository","107","If modDaoHelper.NzBoolean(rs.Fields(FIELD_IS_PRIMARY).Value, False) Then"
"GetPrimaryContactValue","modContactRepository","108","GetPrimaryContactValue = ResolveFieldValue(rs, FIELD_CONTACT_VALUE, defaultValue)"
"ResolveFieldValue","modContactRepository","108","GetPrimaryContactValue = ResolveFieldValue(rs, FIELD_CONTACT_VALUE, defaultValue)"
"GetPrimaryContactValue","modContactRepository","124","GetPrimaryContactValue = defaultValue"
"GetPrimaryContactValue","modContactRepository","125","modErrorHandler.HandleError MODULE_NAME, ""GetPrimaryContactValue"", Err"
"HandleError","modContactRepository","125","modErrorHandler.HandleError MODULE_NAME, ""GetPrimaryContactValue"", Err"
"CanReadContacts","modContactRepository","139","If Not CanReadContacts() Then"
"GetCurrentDatabase","modContactRepository","143","Set db = modDb.GetCurrentDatabase()"
"ContactExists","modContactRepository","146","ContactExists = Not (rs.BOF And rs.EOF)"
"ContactExists","modContactRepository","156","ContactExists = False"
"ContactExists","modContactRepository","157","modErrorHandler.HandleError MODULE_NAME, ""ContactExists"", Err"
"HandleError","modContactRepository","157","modErrorHandler.HandleError MODULE_NAME, ""ContactExists"", Err"
"ValidateBackendConfiguration","modContactRepository","162","If Not modDb.ValidateBackendConfiguration() Then"
"CanReadContacts","modContactRepository","163","modLoggingHandler.LogWarning MODULE_NAME & "".CanReadContacts"", _"
"LogWarning","modContactRepository","163","modLoggingHandler.LogWarning MODULE_NAME & "".CanReadContacts"", _"
"TableExists","modContactRepository","168","If Not TableExists(TABLE_ADR_CONTACT) Then"
"CanReadContacts","modContactRepository","169","modLoggingHandler.LogWarning MODULE_NAME & "".CanReadContacts"", _"
"LogWarning","modContactRepository","169","modLoggingHandler.LogWarning MODULE_NAME & "".CanReadContacts"", _"
"CanReadContacts","modContactRepository","174","CanReadContacts = True"
"CanReadContacts","modContactRepository","178","CanWriteContacts = CanReadContacts()"
"CanWriteContacts","modContactRepository","178","CanWriteContacts = CanReadContacts()"
"GetCurrentDatabase","modContactRepository","187","Set db = modDb.GetCurrentDatabase()"
"TableExists","modContactRepository","190","TableExists = True"
"TableExists","modContactRepository","201","TableExists = False"
"HandleError","modContactRepository","202","modErrorHandler.HandleError MODULE_NAME, ""TableExists"", Err"
"TableExists","modContactRepository","202","modErrorHandler.HandleError MODULE_NAME, ""TableExists"", Err"
"RecordsetHasField","modContactRepository","207","If modDaoHelper.RecordsetHasField(rs, fieldName) Then"
"RecordsetHasField","modContactRepository","213","If modDaoHelper.RecordsetHasField(rs, fieldName) Then"
"NzString","modContactRepository","214","ResolveFieldValue = modDaoHelper.NzString(rs.Fields(fieldName).Value, defaultValue)"
"ResolveFieldValue","modContactRepository","214","ResolveFieldValue = modDaoHelper.NzString(rs.Fields(fieldName).Value, defaultValue)"
"ResolveFieldValue","modContactRepository","216","ResolveFieldValue = defaultValue"
"IsSessionInitialized","modContactRepository","221","If IsSessionInitialized() Then"
"ResolveCreatedBy","modContactRepository","222","ResolveCreatedBy = currentUserId"
"ResolveCreatedBy","modContactRepository","224","ResolveCreatedBy = ""SYSTEM"""
"CreateDocumentHeader","modDocumentRepository","66","CreateDocumentHeader = 0"
"ValidateDocumentType","modDocumentRepository","69","If Not modDocumentService.ValidateDocumentType(documentType) Then"
"CreateDocumentHeader","modDocumentRepository","70","modLoggingHandler.LogWarning MODULE_NAME & "".CreateDocumentHeader"", _"
"LogWarning","modDocumentRepository","70","modLoggingHandler.LogWarning MODULE_NAME & "".CreateDocumentHeader"", _"
"ValidateBackendConfiguration","modDocumentRepository","75","If Not modDb.ValidateBackendConfiguration() Then"
"CreateDocumentHeader","modDocumentRepository","76","modLoggingHandler.LogWarning MODULE_NAME & "".CreateDocumentHeader"", _"
"LogWarning","modDocumentRepository","76","modLoggingHandler.LogWarning MODULE_NAME & "".CreateDocumentHeader"", _"
"TableExists","modDocumentRepository","81","If Not TableExists(TABLE_DOC_DOCUMENT) Then"
"CreateDocumentHeader","modDocumentRepository","82","modLoggingHandler.LogWarning MODULE_NAME & "".CreateDocumentHeader"", _"
"LogWarning","modDocumentRepository","82","modLoggingHandler.LogWarning MODULE_NAME & "".CreateDocumentHeader"", _"
"AddressExists","modDocumentRepository","91","If modAddressRepository.AddressExists(CustomerAddressId) Then"
"GetAddressDisplayName","modDocumentRepository","92","effectiveCustomerName = modAddressRepository.GetAddressDisplayName(CustomerAddressId, effectiveCustomerName)"
"GetCurrentDatabase","modDocumentRepository","96","Set db = modDb.GetCurrentDatabase()"
"SetRecordsetValue","modDocumentRepository","100","SetRecordsetValue rs, FIELD_DOCUMENT_TYPE_CODE, documentType"
"SetRecordsetValue","modDocumentRepository","101","SetRecordsetValue rs, FIELD_DOCUMENT_STATUS_CODE, DEFAULT_DOCUMENT_STATUS"
"SetRecordsetValue","modDocumentRepository","102","SetRecordsetValue rs, FIELD_DOCUMENT_NO, vbNullString"
"SetRecordsetValue","modDocumentRepository","103","SetRecordsetValue rs, FIELD_DOCUMENT_DATE, effectiveDate"
"SetRecordsetValue","modDocumentRepository","104","SetRecordsetValue rs, FIELD_CUSTOMER_ADDRESS_ID, CustomerAddressId"
"SetRecordsetValue","modDocumentRepository","105","SetRecordsetValue rs, FIELD_CUSTOMER_NAME, effectiveCustomerName"
"ResolveCurrencyCode","modDocumentRepository","106","SetRecordsetValue rs, FIELD_CURRENCY_CODE, ResolveCurrencyCode()"
"SetRecordsetValue","modDocumentRepository","106","SetRecordsetValue rs, FIELD_CURRENCY_CODE, ResolveCurrencyCode()"
"GetVatMode","modDocumentRepository","107","SetRecordsetValue rs, FIELD_VAT_MODE, modVatHandler.GetVatMode()"
"SetRecordsetValue","modDocumentRepository","107","SetRecordsetValue rs, FIELD_VAT_MODE, modVatHandler.GetVatMode()"
"GetVatRate","modDocumentRepository","108","SetRecordsetValue rs, FIELD_VAT_RATE, modVatHandler.GetVatRate()"
"SetRecordsetValue","modDocumentRepository","108","SetRecordsetValue rs, FIELD_VAT_RATE, modVatHandler.GetVatRate()"
"SetRecordsetValue","modDocumentRepository","109","SetRecordsetValue rs, FIELD_TOTAL_NET, totalNet"
"SetRecordsetValue","modDocumentRepository","110","SetRecordsetValue rs, FIELD_TOTAL_VAT, totalVat"
"SetRecordsetValue","modDocumentRepository","111","SetRecordsetValue rs, FIELD_TOTAL_GROSS, totalGross"
"SetRecordsetValue","modDocumentRepository","112","SetRecordsetValue rs, FIELD_REMARKS, Trim$(remarks)"
"SetRecordsetValue","modDocumentRepository","113","SetRecordsetValue rs, FIELD_CREATED_AT, Now()"
"ResolveCreatedBy","modDocumentRepository","114","SetRecordsetValue rs, FIELD_CREATED_BY, ResolveCreatedBy()"
"SetRecordsetValue","modDocumentRepository","114","SetRecordsetValue rs, FIELD_CREATED_BY, ResolveCreatedBy()"
"RecordsetHasField","modDocumentRepository","118","If modDaoHelper.RecordsetHasField(rs, FIELD_DOCUMENT_ID) Then"
"CreateDocumentHeader","modDocumentRepository","119","CreateDocumentHeader = modDaoHelper.NzLong(rs.Fields(FIELD_DOCUMENT_ID).Value, 0)"
"NzLong","modDocumentRepository","119","CreateDocumentHeader = modDaoHelper.NzLong(rs.Fields(FIELD_DOCUMENT_ID).Value, 0)"
"CreateDocumentHeader","modDocumentRepository","122","modLoggingHandler.LogInfo MODULE_NAME & "".CreateDocumentHeader"", _"
"LogInfo","modDocumentRepository","122","modLoggingHandler.LogInfo MODULE_NAME & "".CreateDocumentHeader"", _"
"CreateDocumentHeader","modDocumentRepository","123","""Document header created. DocumentId="" & CStr(CreateDocumentHeader) & _"
"CreateDocumentHeader","modDocumentRepository","134","CreateDocumentHeader = 0"
"CreateDocumentHeader","modDocumentRepository","135","modErrorHandler.HandleError MODULE_NAME, ""CreateDocumentHeader"", Err"
"HandleError","modDocumentRepository","135","modErrorHandler.HandleError MODULE_NAME, ""CreateDocumentHeader"", Err"
"SqlText","modDocumentRepository","143","Dim SqlText As String"
"DeleteDocumentPositions","modDocumentRepository","145","DeleteDocumentPositions = False"
"ValidateBackendConfiguration","modDocumentRepository","151","If Not modDb.ValidateBackendConfiguration() Then"
"DeleteDocumentPositions","modDocumentRepository","152","modLoggingHandler.LogWarning MODULE_NAME & "".DeleteDocumentPositions"", _"
"LogWarning","modDocumentRepository","152","modLoggingHandler.LogWarning MODULE_NAME & "".DeleteDocumentPositions"", _"
"TableExists","modDocumentRepository","157","If Not TableExists(TABLE_DOC_DOCUMENT_POSITION) Then"
"DeleteDocumentPositions","modDocumentRepository","158","modLoggingHandler.LogWarning MODULE_NAME & "".DeleteDocumentPositions"", _"
"LogWarning","modDocumentRepository","158","modLoggingHandler.LogWarning MODULE_NAME & "".DeleteDocumentPositions"", _"
"GetCurrentDatabase","modDocumentRepository","163","Set db = modDb.GetCurrentDatabase()"
"SqlText","modDocumentRepository","164","SqlText = ""DELETE FROM ["" & TABLE_DOC_DOCUMENT_POSITION & ""] WHERE ["" & FIELD_DOCUMENT_ID & ""]="" & CStr(DocumentId) & "";"""
"SqlText","modDocumentRepository","165","db.Execute SqlText, dbFailOnError"
"DeleteDocumentPositions","modDocumentRepository","167","modLoggingHandler.LogInfo MODULE_NAME & "".DeleteDocumentPositions"", _"
"LogInfo","modDocumentRepository","167","modLoggingHandler.LogInfo MODULE_NAME & "".DeleteDocumentPositions"", _"
"DeleteDocumentPositions","modDocumentRepository","170","DeleteDocumentPositions = True"
"DeleteDocumentPositions","modDocumentRepository","178","DeleteDocumentPositions = False"
"DeleteDocumentPositions","modDocumentRepository","179","modErrorHandler.HandleError MODULE_NAME, ""DeleteDocumentPositions"", Err"
"HandleError","modDocumentRepository","179","modErrorHandler.HandleError MODULE_NAME, ""DeleteDocumentPositions"", Err"
"CreateDocumentPosition","modDocumentRepository","203","CreateDocumentPosition = False"
"ValidateBackendConfiguration","modDocumentRepository","209","If Not modDb.ValidateBackendConfiguration() Then"
"CreateDocumentPosition","modDocumentRepository","210","modLoggingHandler.LogWarning MODULE_NAME & "".CreateDocumentPosition"", _"
"LogWarning","modDocumentRepository","210","modLoggingHandler.LogWarning MODULE_NAME & "".CreateDocumentPosition"", _"
"TableExists","modDocumentRepository","215","If Not TableExists(TABLE_DOC_DOCUMENT_POSITION) Then"
"CreateDocumentPosition","modDocumentRepository","216","modLoggingHandler.LogWarning MODULE_NAME & "".CreateDocumentPosition"", _"
"LogWarning","modDocumentRepository","216","modLoggingHandler.LogWarning MODULE_NAME & "".CreateDocumentPosition"", _"
"GetVatRate","modDocumentRepository","222","effectiveVatRate = modVatHandler.GetVatRate()"
"GetVatMode","modDocumentRepository","228","effectiveVatMode = modVatHandler.GetVatMode()"
"NormalizeVatMode","modDocumentRepository","230","effectiveVatMode = modVatHandler.NormalizeVatMode(VatMode)"
"CalculateDocumentLineNet","modDocumentRepository","233","lineNet = modDocumentService.CalculateDocumentLineNet(quantity, UnitPrice)"
"CalculateDocumentLineVat","modDocumentRepository","234","lineVat = modDocumentService.CalculateDocumentLineVat(quantity, UnitPrice, effectiveVatRate, effectiveVatMode)"
"CalculateDocumentLineGross","modDocumentRepository","235","lineGross = modDocumentService.CalculateDocumentLineGross(quantity, UnitPrice, effectiveVatRate, effectiveVatMode)"
"GetCurrentDatabase","modDocumentRepository","237","Set db = modDb.GetCurrentDatabase()"
"SetRecordsetValue","modDocumentRepository","241","SetRecordsetValue rs, FIELD_DOCUMENT_ID, DocumentId"
"SetRecordsetValue","modDocumentRepository","242","SetRecordsetValue rs, FIELD_LINE_NO, LineNo"
"SetRecordsetValue","modDocumentRepository","243","SetRecordsetValue rs, FIELD_DESCRIPTION, Trim$(description)"
"SetRecordsetValue","modDocumentRepository","244","SetRecordsetValue rs, FIELD_QUANTITY, quantity"
"SetRecordsetValue","modDocumentRepository","245","SetRecordsetValue rs, FIELD_UNIT_CODE, Trim$(UnitCode)"
"SetRecordsetValue","modDocumentRepository","246","SetRecordsetValue rs, FIELD_UNIT_PRICE, UnitPrice"
"SetRecordsetValue","modDocumentRepository","247","SetRecordsetValue rs, FIELD_VAT_RATE, effectiveVatRate"
"SetRecordsetValue","modDocumentRepository","248","SetRecordsetValue rs, FIELD_LINE_TOTAL_NET, lineNet"
"SetRecordsetValue","modDocumentRepository","249","SetRecordsetValue rs, FIELD_LINE_TOTAL_VAT, lineVat"
"SetRecordsetValue","modDocumentRepository","250","SetRecordsetValue rs, FIELD_LINE_TOTAL_GROSS, lineGross"
"CreateDocumentPosition","modDocumentRepository","253","modLoggingHandler.LogInfo MODULE_NAME & "".CreateDocumentPosition"", _"
"LogInfo","modDocumentRepository","253","modLoggingHandler.LogInfo MODULE_NAME & "".CreateDocumentPosition"", _"
"CreateDocumentPosition","modDocumentRepository","257","CreateDocumentPosition = True"
"CreateDocumentPosition","modDocumentRepository","267","CreateDocumentPosition = False"
"CreateDocumentPosition","modDocumentRepository","268","modErrorHandler.HandleError MODULE_NAME, ""CreateDocumentPosition"", Err"
"HandleError","modDocumentRepository","268","modErrorHandler.HandleError MODULE_NAME, ""CreateDocumentPosition"", Err"
"SqlText","modDocumentRepository","281","Dim SqlText As String"
"UpdateDocumentTotals","modDocumentRepository","283","UpdateDocumentTotals = False"
"ValidateBackendConfiguration","modDocumentRepository","289","If Not modDb.ValidateBackendConfiguration() Then"
"LogWarning","modDocumentRepository","290","modLoggingHandler.LogWarning MODULE_NAME & "".UpdateDocumentTotals"", _"
"UpdateDocumentTotals","modDocumentRepository","290","modLoggingHandler.LogWarning MODULE_NAME & "".UpdateDocumentTotals"", _"
"TableExists","modDocumentRepository","295","If Not TableExists(TABLE_DOC_DOCUMENT) Or Not TableExists(TABLE_DOC_DOCUMENT_POSITION) Then"
"LogWarning","modDocumentRepository","296","modLoggingHandler.LogWarning MODULE_NAME & "".UpdateDocumentTotals"", _"
"UpdateDocumentTotals","modDocumentRepository","296","modLoggingHandler.LogWarning MODULE_NAME & "".UpdateDocumentTotals"", _"
"GetCurrentDatabase","modDocumentRepository","301","Set db = modDb.GetCurrentDatabase()"
"SqlText","modDocumentRepository","303","SqlText = ""SELECT * FROM ["" & TABLE_DOC_DOCUMENT & ""] WHERE ["" & FIELD_DOCUMENT_ID & ""]="" & CStr(DocumentId) & "";"""
"SqlText","modDocumentRepository","304","Set rsHeader = db.OpenRecordset(SqlText, dbOpenDynaset)"
"LogWarning","modDocumentRepository","307","modLoggingHandler.LogWarning MODULE_NAME & "".UpdateDocumentTotals"", _"
"UpdateDocumentTotals","modDocumentRepository","307","modLoggingHandler.LogWarning MODULE_NAME & "".UpdateDocumentTotals"", _"
"SqlText","modDocumentRepository","312","SqlText = ""SELECT ["" & FIELD_LINE_TOTAL_NET & ""], ["" & FIELD_LINE_TOTAL_VAT & ""], ["" & FIELD_LINE_TOTAL_GROSS & ""] "" & _"
"SqlText","modDocumentRepository","314","Set rsPositions = db.OpenRecordset(SqlText, dbOpenSnapshot)"
"RecordsetHasField","modDocumentRepository","319","If modDaoHelper.RecordsetHasField(rsPositions, FIELD_LINE_TOTAL_NET) Then"
"NzString","modDocumentRepository","320","NetSum = NetSum + CCur(modDaoHelper.NzString(rsPositions.Fields(FIELD_LINE_TOTAL_NET).Value, ""0""))"
"RecordsetHasField","modDocumentRepository","323","If modDaoHelper.RecordsetHasField(rsPositions, FIELD_LINE_TOTAL_VAT) Then"
"NzString","modDocumentRepository","324","VatSum = VatSum + CCur(modDaoHelper.NzString(rsPositions.Fields(FIELD_LINE_TOTAL_VAT).Value, ""0""))"
"RecordsetHasField","modDocumentRepository","327","If modDaoHelper.RecordsetHasField(rsPositions, FIELD_LINE_TOTAL_GROSS) Then"
"NzString","modDocumentRepository","328","GrossSum = GrossSum + CCur(modDaoHelper.NzString(rsPositions.Fields(FIELD_LINE_TOTAL_GROSS).Value, ""0""))"
"CalculateDocumentTotalsFromPositions","modDocumentRepository","335","If Not modDocumentService.CalculateDocumentTotalsFromPositions(NetSum, VatSum, GrossSum) Then"
"LogWarning","modDocumentRepository","336","modLoggingHandler.LogWarning MODULE_NAME & "".UpdateDocumentTotals"", _"
"UpdateDocumentTotals","modDocumentRepository","336","modLoggingHandler.LogWarning MODULE_NAME & "".UpdateDocumentTotals"", _"
"SetRecordsetValue","modDocumentRepository","342","SetRecordsetValue rsHeader, FIELD_TOTAL_NET, NetSum"
"SetRecordsetValue","modDocumentRepository","343","SetRecordsetValue rsHeader, FIELD_TOTAL_VAT, VatSum"
"SetRecordsetValue","modDocumentRepository","344","SetRecordsetValue rsHeader, FIELD_TOTAL_GROSS, GrossSum"
"LogInfo","modDocumentRepository","347","modLoggingHandler.LogInfo MODULE_NAME & "".UpdateDocumentTotals"", _"
"UpdateDocumentTotals","modDocumentRepository","347","modLoggingHandler.LogInfo MODULE_NAME & "".UpdateDocumentTotals"", _"
"UpdateDocumentTotals","modDocumentRepository","351","UpdateDocumentTotals = True"
"UpdateDocumentTotals","modDocumentRepository","363","UpdateDocumentTotals = False"
"LogError","modDocumentRepository","364","modLoggingHandler.LogError MODULE_NAME & "".UpdateDocumentTotals"", _"
"UpdateDocumentTotals","modDocumentRepository","364","modLoggingHandler.LogError MODULE_NAME & "".UpdateDocumentTotals"", _"
"HandleError","modDocumentRepository","366","modErrorHandler.HandleError MODULE_NAME, ""UpdateDocumentTotals"", Err"
"UpdateDocumentTotals","modDocumentRepository","366","modErrorHandler.HandleError MODULE_NAME, ""UpdateDocumentTotals"", Err"
"SqlText","modDocumentRepository","375","Dim SqlText As String"
"ValidateBackendConfiguration","modDocumentRepository","381","If Not modDb.ValidateBackendConfiguration() Then"
"TableExists","modDocumentRepository","385","If Not TableExists(TABLE_DOC_DOCUMENT) Then"
"DocumentExists","modDocumentRepository","386","modLoggingHandler.LogWarning MODULE_NAME & "".DocumentExists"", _"
"LogWarning","modDocumentRepository","386","modLoggingHandler.LogWarning MODULE_NAME & "".DocumentExists"", _"
"GetCurrentDatabase","modDocumentRepository","391","Set db = modDb.GetCurrentDatabase()"
"SqlText","modDocumentRepository","392","SqlText = ""SELECT * FROM ["" & TABLE_DOC_DOCUMENT & ""] WHERE ["" & FIELD_DOCUMENT_ID & ""]="" & CStr(DocumentId) & "";"""
"SqlText","modDocumentRepository","393","Set rsHeader = db.OpenRecordset(SqlText, dbOpenSnapshot)"
"DocumentExists","modDocumentRepository","395","DocumentExists = Not (rsHeader.BOF And rsHeader.EOF)"
"DocumentExists","modDocumentRepository","405","DocumentExists = False"
"DocumentExists","modDocumentRepository","406","modErrorHandler.HandleError MODULE_NAME, ""DocumentExists"", Err"
"HandleError","modDocumentRepository","406","modErrorHandler.HandleError MODULE_NAME, ""DocumentExists"", Err"
"GetDocumentStatus","modDocumentRepository","413","GetDocumentStatus = ResolveDocumentFieldValue(DocumentId, FIELD_DOCUMENT_STATUS_CODE, defaultValue)"
"ResolveDocumentFieldValue","modDocumentRepository","413","GetDocumentStatus = ResolveDocumentFieldValue(DocumentId, FIELD_DOCUMENT_STATUS_CODE, defaultValue)"
"GetDocumentStatus","modDocumentRepository","417","GetDocumentStatus = defaultValue"
"GetDocumentStatus","modDocumentRepository","418","modErrorHandler.HandleError MODULE_NAME, ""GetDocumentStatus"", Err"
"HandleError","modDocumentRepository","418","modErrorHandler.HandleError MODULE_NAME, ""GetDocumentStatus"", Err"
"GetDocumentNumber","modDocumentRepository","424","GetDocumentNumber = ResolveDocumentFieldValue(DocumentId, FIELD_DOCUMENT_NO, defaultValue)"
"ResolveDocumentFieldValue","modDocumentRepository","424","GetDocumentNumber = ResolveDocumentFieldValue(DocumentId, FIELD_DOCUMENT_NO, defaultValue)"
"GetDocumentNumber","modDocumentRepository","428","GetDocumentNumber = defaultValue"
"GetDocumentNumber","modDocumentRepository","429","modErrorHandler.HandleError MODULE_NAME, ""GetDocumentNumber"", Err"
"HandleError","modDocumentRepository","429","modErrorHandler.HandleError MODULE_NAME, ""GetDocumentNumber"", Err"
"GetDocumentCustomerDisplayName","modDocumentRepository","439","GetDocumentCustomerDisplayName = defaultValue"
"ResolveDocumentFieldValue","modDocumentRepository","441","storedCustomerName = ResolveDocumentFieldValue(DocumentId, FIELD_CUSTOMER_NAME, defaultValue)"
"ResolveDocumentLongValue","modDocumentRepository","442","addressId = ResolveDocumentLongValue(DocumentId, FIELD_CUSTOMER_ADDRESS_ID, 0)"
"GetAddressDisplayName","modDocumentRepository","445","addressDisplayName = modAddressRepository.GetAddressDisplayName(addressId, vbNullString)"
"GetDocumentCustomerDisplayName","modDocumentRepository","447","GetDocumentCustomerDisplayName = addressDisplayName"
"GetDocumentCustomerDisplayName","modDocumentRepository","452","GetDocumentCustomerDisplayName = storedCustomerName"
"GetDocumentCustomerDisplayName","modDocumentRepository","456","GetDocumentCustomerDisplayName = defaultValue"
"GetDocumentCustomerDisplayName","modDocumentRepository","457","modErrorHandler.HandleError MODULE_NAME, ""GetDocumentCustomerDisplayName"", Err"
"HandleError","modDocumentRepository","457","modErrorHandler.HandleError MODULE_NAME, ""GetDocumentCustomerDisplayName"", Err"
"GetDocumentCustomerDisplayName","modDocumentRepository","463","GetDocumentCustomerName = GetDocumentCustomerDisplayName(DocumentId, defaultValue)"
"GetDocumentCustomerName","modDocumentRepository","463","GetDocumentCustomerName = GetDocumentCustomerDisplayName(DocumentId, defaultValue)"
"GetDocumentCustomerName","modDocumentRepository","467","GetDocumentCustomerName = defaultValue"
"GetDocumentCustomerName","modDocumentRepository","468","modErrorHandler.HandleError MODULE_NAME, ""GetDocumentCustomerName"", Err"
"HandleError","modDocumentRepository","468","modErrorHandler.HandleError MODULE_NAME, ""GetDocumentCustomerName"", Err"
"SqlText","modDocumentRepository","476","Dim SqlText As String"
"AssignDocumentNumber","modDocumentRepository","482","AssignDocumentNumber = False"
"ValidateBackendConfiguration","modDocumentRepository","488","If Not modDb.ValidateBackendConfiguration() Then"
"AssignDocumentNumber","modDocumentRepository","489","modLoggingHandler.LogWarning MODULE_NAME & "".AssignDocumentNumber"", _"
"LogWarning","modDocumentRepository","489","modLoggingHandler.LogWarning MODULE_NAME & "".AssignDocumentNumber"", _"
"TableExists","modDocumentRepository","494","If Not TableExists(TABLE_DOC_DOCUMENT) Then"
"AssignDocumentNumber","modDocumentRepository","495","modLoggingHandler.LogWarning MODULE_NAME & "".AssignDocumentNumber"", _"
"LogWarning","modDocumentRepository","495","modLoggingHandler.LogWarning MODULE_NAME & "".AssignDocumentNumber"", _"
"GetCurrentDatabase","modDocumentRepository","500","Set db = modDb.GetCurrentDatabase()"
"SqlText","modDocumentRepository","501","SqlText = ""SELECT * FROM ["" & TABLE_DOC_DOCUMENT & ""] WHERE ["" & FIELD_DOCUMENT_ID & ""]="" & CStr(DocumentId) & "";"""
"SqlText","modDocumentRepository","502","Set rsHeader = db.OpenRecordset(SqlText, dbOpenDynaset)"
"AssignDocumentNumber","modDocumentRepository","505","modLoggingHandler.LogWarning MODULE_NAME & "".AssignDocumentNumber"", _"
"LogWarning","modDocumentRepository","505","modLoggingHandler.LogWarning MODULE_NAME & "".AssignDocumentNumber"", _"
"NzString","modDocumentRepository","510","DocumentTypeCode = UCase$(Trim$(modDaoHelper.NzString(rsHeader.Fields(FIELD_DOCUMENT_TYPE_CODE).Value)))"
"NzString","modDocumentRepository","511","DocumentNo = Trim$(modDaoHelper.NzString(rsHeader.Fields(FIELD_DOCUMENT_NO).Value))"
"RecordsetHasField","modDocumentRepository","513","If modDaoHelper.RecordsetHasField(rsHeader, FIELD_DOCUMENT_DATE) Then"
"AssignDocumentNumber","modDocumentRepository","520","modLoggingHandler.LogInfo MODULE_NAME & "".AssignDocumentNumber"", _"
"LogInfo","modDocumentRepository","520","modLoggingHandler.LogInfo MODULE_NAME & "".AssignDocumentNumber"", _"
"AssignDocumentNumber","modDocumentRepository","522","AssignDocumentNumber = True"
"GetNextDocumentNumber","modDocumentRepository","526","nextDocumentNo = modNumberingHandler.GetNextDocumentNumber(DocumentTypeCode, DocumentDate)"
"AssignDocumentNumber","modDocumentRepository","528","modLoggingHandler.LogWarning MODULE_NAME & "".AssignDocumentNumber"", _"
"LogWarning","modDocumentRepository","528","modLoggingHandler.LogWarning MODULE_NAME & "".AssignDocumentNumber"", _"
"SetRecordsetValue","modDocumentRepository","534","SetRecordsetValue rsHeader, FIELD_DOCUMENT_NO, nextDocumentNo"
"AssignDocumentNumber","modDocumentRepository","537","modLoggingHandler.LogInfo MODULE_NAME & "".AssignDocumentNumber"", _"
"LogInfo","modDocumentRepository","537","modLoggingHandler.LogInfo MODULE_NAME & "".AssignDocumentNumber"", _"
"AssignDocumentNumber","modDocumentRepository","540","AssignDocumentNumber = True"
"AssignDocumentNumber","modDocumentRepository","550","AssignDocumentNumber = False"
"AssignDocumentNumber","modDocumentRepository","551","modLoggingHandler.LogError MODULE_NAME & "".AssignDocumentNumber"", _"
"LogError","modDocumentRepository","551","modLoggingHandler.LogError MODULE_NAME & "".AssignDocumentNumber"", _"
"AssignDocumentNumber","modDocumentRepository","553","modErrorHandler.HandleError MODULE_NAME, ""AssignDocumentNumber"", Err"
"HandleError","modDocumentRepository","553","modErrorHandler.HandleError MODULE_NAME, ""AssignDocumentNumber"", Err"
"SqlText","modDocumentRepository","562","Dim SqlText As String"
"SetDocumentStatus","modDocumentRepository","564","SetDocumentStatus = False"
"ValidateBackendConfiguration","modDocumentRepository","570","If Not modDb.ValidateBackendConfiguration() Then"
"TableExists","modDocumentRepository","574","If Not TableExists(TABLE_DOC_DOCUMENT) Then"
"LogWarning","modDocumentRepository","575","modLoggingHandler.LogWarning MODULE_NAME & "".SetDocumentStatus"", _"
"SetDocumentStatus","modDocumentRepository","575","modLoggingHandler.LogWarning MODULE_NAME & "".SetDocumentStatus"", _"
"GetCurrentDatabase","modDocumentRepository","580","Set db = modDb.GetCurrentDatabase()"
"SqlText","modDocumentRepository","581","SqlText = ""SELECT * FROM ["" & TABLE_DOC_DOCUMENT & ""] WHERE ["" & FIELD_DOCUMENT_ID & ""]="" & CStr(DocumentId) & "";"""
"SqlText","modDocumentRepository","582","Set rsHeader = db.OpenRecordset(SqlText, dbOpenDynaset)"
"SetRecordsetValue","modDocumentRepository","589","SetRecordsetValue rsHeader, FIELD_DOCUMENT_STATUS_CODE, UCase$(Trim$(StatusCode))"
"SetDocumentStatus","modDocumentRepository","592","SetDocumentStatus = True"
"SetDocumentStatus","modDocumentRepository","602","SetDocumentStatus = False"
"HandleError","modDocumentRepository","603","modErrorHandler.HandleError MODULE_NAME, ""SetDocumentStatus"", Err"
"SetDocumentStatus","modDocumentRepository","603","modErrorHandler.HandleError MODULE_NAME, ""SetDocumentStatus"", Err"
"SqlText","modDocumentRepository","612","Dim SqlText As String"
"ValidateBackendConfiguration","modDocumentRepository","618","If Not modDb.ValidateBackendConfiguration() Then"
"TableExists","modDocumentRepository","622","If Not TableExists(TABLE_DOC_DOCUMENT_POSITION) Then"
"CountDocumentPositions","modDocumentRepository","623","modLoggingHandler.LogWarning MODULE_NAME & "".CountDocumentPositions"", _"
"LogWarning","modDocumentRepository","623","modLoggingHandler.LogWarning MODULE_NAME & "".CountDocumentPositions"", _"
"GetCurrentDatabase","modDocumentRepository","628","Set db = modDb.GetCurrentDatabase()"
"SqlText","modDocumentRepository","629","SqlText = ""SELECT * FROM ["" & TABLE_DOC_DOCUMENT_POSITION & ""] WHERE ["" & FIELD_DOCUMENT_ID & ""]="" & CStr(DocumentId) & "";"""
"SqlText","modDocumentRepository","630","Set rsPositions = db.OpenRecordset(SqlText, dbOpenSnapshot)"
"CountDocumentPositions","modDocumentRepository","634","CountDocumentPositions = rsPositions.RecordCount"
"CountDocumentPositions","modDocumentRepository","645","CountDocumentPositions = 0"
"CountDocumentPositions","modDocumentRepository","646","modErrorHandler.HandleError MODULE_NAME, ""CountDocumentPositions"", Err"
"HandleError","modDocumentRepository","646","modErrorHandler.HandleError MODULE_NAME, ""CountDocumentPositions"", Err"
"GetCurrentDatabase","modDocumentRepository","656","Set db = modDb.GetCurrentDatabase()"
"TableExists","modDocumentRepository","660","TableExists = True"
"TableExists","modDocumentRepository","671","TableExists = False"
"HandleError","modDocumentRepository","672","modErrorHandler.HandleError MODULE_NAME, ""TableExists"", Err"
"TableExists","modDocumentRepository","672","modErrorHandler.HandleError MODULE_NAME, ""TableExists"", Err"
"RecordsetHasField","modDocumentRepository","677","If modDaoHelper.RecordsetHasField(rs, fieldName) Then"
"GetTenantParameter","modDocumentRepository","683","ResolveCurrencyCode = modTenantRepository.GetTenantParameter(""CURRENCY_CODE"", ""CHF"")"
"ResolveCurrencyCode","modDocumentRepository","683","ResolveCurrencyCode = modTenantRepository.GetTenantParameter(""CURRENCY_CODE"", ""CHF"")"
"IsSessionInitialized","modDocumentRepository","687","If IsSessionInitialized() Then"
"ResolveCreatedBy","modDocumentRepository","688","ResolveCreatedBy = currentUserId"
"ResolveCreatedBy","modDocumentRepository","690","ResolveCreatedBy = ""SYSTEM"""
"SqlText","modDocumentRepository","699","Dim SqlText As String"
"ResolveDocumentFieldValue","modDocumentRepository","701","ResolveDocumentFieldValue = defaultValue"
"ValidateBackendConfiguration","modDocumentRepository","707","If Not modDb.ValidateBackendConfiguration() Then"
"TableExists","modDocumentRepository","711","If Not TableExists(TABLE_DOC_DOCUMENT) Then"
"GetCurrentDatabase","modDocumentRepository","715","Set db = modDb.GetCurrentDatabase()"
"SqlText","modDocumentRepository","716","SqlText = ""SELECT * FROM ["" & TABLE_DOC_DOCUMENT & ""] WHERE ["" & FIELD_DOCUMENT_ID & ""]="" & CStr(DocumentId) & "";"""
"SqlText","modDocumentRepository","717","Set rsHeader = db.OpenRecordset(SqlText, dbOpenSnapshot)"
"RecordsetHasField","modDocumentRepository","723","If modDaoHelper.RecordsetHasField(rsHeader, fieldName) Then"
"NzString","modDocumentRepository","724","ResolveDocumentFieldValue = modDaoHelper.NzString(rsHeader.Fields(fieldName).Value, defaultValue)"
"ResolveDocumentFieldValue","modDocumentRepository","724","ResolveDocumentFieldValue = modDaoHelper.NzString(rsHeader.Fields(fieldName).Value, defaultValue)"
"ResolveDocumentFieldValue","modDocumentRepository","735","ResolveDocumentFieldValue = defaultValue"
"HandleError","modDocumentRepository","736","modErrorHandler.HandleError MODULE_NAME, ""ResolveDocumentFieldValue"", Err"
"ResolveDocumentFieldValue","modDocumentRepository","736","modErrorHandler.HandleError MODULE_NAME, ""ResolveDocumentFieldValue"", Err"
"SqlText","modDocumentRepository","745","Dim SqlText As String"
"ResolveDocumentLongValue","modDocumentRepository","747","ResolveDocumentLongValue = defaultValue"
"ValidateBackendConfiguration","modDocumentRepository","753","If Not modDb.ValidateBackendConfiguration() Then"
"TableExists","modDocumentRepository","757","If Not TableExists(TABLE_DOC_DOCUMENT) Then"
"GetCurrentDatabase","modDocumentRepository","761","Set db = modDb.GetCurrentDatabase()"
"SqlText","modDocumentRepository","762","SqlText = ""SELECT * FROM ["" & TABLE_DOC_DOCUMENT & ""] WHERE ["" & FIELD_DOCUMENT_ID & ""]="" & CStr(DocumentId) & "";"""
"SqlText","modDocumentRepository","763","Set rsHeader = db.OpenRecordset(SqlText, dbOpenSnapshot)"
"RecordsetHasField","modDocumentRepository","769","If modDaoHelper.RecordsetHasField(rsHeader, fieldName) Then"
"NzLong","modDocumentRepository","770","ResolveDocumentLongValue = modDaoHelper.NzLong(rsHeader.Fields(fieldName).Value, defaultValue)"
"ResolveDocumentLongValue","modDocumentRepository","770","ResolveDocumentLongValue = modDaoHelper.NzLong(rsHeader.Fields(fieldName).Value, defaultValue)"
"ResolveDocumentLongValue","modDocumentRepository","781","ResolveDocumentLongValue = defaultValue"
"HandleError","modDocumentRepository","782","modErrorHandler.HandleError MODULE_NAME, ""ResolveDocumentLongValue"", Err"
"ResolveDocumentLongValue","modDocumentRepository","782","modErrorHandler.HandleError MODULE_NAME, ""ResolveDocumentLongValue"", Err"
"ResetApplicationState","modBootstrap","17","ResetApplicationState"
"ClearTenantContext","modBootstrap","18","modTenantContext.ClearTenantContext"
"ClearSessionContext","modBootstrap","19","modSessionContext.ClearSessionContext"
"BootstrapApplication","modBootstrap","21","modLoggingHandler.LogInfo MODULE_NAME & "".BootstrapApplication"", ""Bootstrap started."""
"LogInfo","modBootstrap","21","modLoggingHandler.LogInfo MODULE_NAME & "".BootstrapApplication"", ""Bootstrap started."""
"InitializeConfiguration","modBootstrap","23","If Not modConfigIni.InitializeConfiguration(IniPath) Then"
"BootstrapApplication","modBootstrap","24","Err.Raise vbObjectError + 2200, MODULE_NAME & "".BootstrapApplication"", ""Configuration initialization failed."""
"BootstrapApplication","modBootstrap","26","modLoggingHandler.LogInfo MODULE_NAME & "".BootstrapApplication"", ""Configuration initialized."""
"LogInfo","modBootstrap","26","modLoggingHandler.LogInfo MODULE_NAME & "".BootstrapApplication"", ""Configuration initialized."""
"InitializeLicenses","modBootstrap","28","modLicenseHandler.InitializeLicenses"
"BootstrapApplication","modBootstrap","29","modLoggingHandler.LogInfo MODULE_NAME & "".BootstrapApplication"", ""Licensing initialized."""
"LogInfo","modBootstrap","29","modLoggingHandler.LogInfo MODULE_NAME & "".BootstrapApplication"", ""Licensing initialized."""
"InitializeTenantContext","modBootstrap","31","modTenantContext.InitializeTenantContext ConfigFilePath"
"BootstrapApplication","modBootstrap","32","modLoggingHandler.LogInfo MODULE_NAME & "".BootstrapApplication"", ""Tenant context initialized."""
"LogInfo","modBootstrap","32","modLoggingHandler.LogInfo MODULE_NAME & "".BootstrapApplication"", ""Tenant context initialized."""
"InitializeSessionContext","modBootstrap","34","modSessionContext.InitializeSessionContext ConfigFilePath"
"BootstrapApplication","modBootstrap","35","modLoggingHandler.LogInfo MODULE_NAME & "".BootstrapApplication"", ""Session context initialized."""
"LogInfo","modBootstrap","35","modLoggingHandler.LogInfo MODULE_NAME & "".BootstrapApplication"", ""Session context initialized."""
"EnsureOrderSchema","modBootstrap","37","If Not modFwSetup.EnsureOrderSchema() Then"
"BootstrapApplication","modBootstrap","38","Err.Raise vbObjectError + 2201, MODULE_NAME & "".BootstrapApplication"", ""Order schema initialization failed."""
"BootstrapApplication","modBootstrap","40","modLoggingHandler.LogInfo MODULE_NAME & "".BootstrapApplication"", ""Order schema initialized."""
"LogInfo","modBootstrap","40","modLoggingHandler.LogInfo MODULE_NAME & "".BootstrapApplication"", ""Order schema initialized."""
"InitializeTranslations","modBootstrap","42","modTranslationService.InitializeTranslations"
"BootstrapApplication","modBootstrap","43","modLoggingHandler.LogInfo MODULE_NAME & "".BootstrapApplication"", ""Translations initialized."""
"LogInfo","modBootstrap","43","modLoggingHandler.LogInfo MODULE_NAME & "".BootstrapApplication"", ""Translations initialized."""
"ResetModuleState","modBootstrap","45","modModuleManager.ResetModuleState"
"InitializeModules","modBootstrap","46","modModuleManager.InitializeModules"
"BootstrapApplication","modBootstrap","47","modLoggingHandler.LogInfo MODULE_NAME & "".BootstrapApplication"", ""Modules initialized."""
"LogInfo","modBootstrap","47","modLoggingHandler.LogInfo MODULE_NAME & "".BootstrapApplication"", ""Modules initialized."""
"BootstrapApplication","modBootstrap","50","BootstrapApplication = True"
"LogSystemSnapshot","modBootstrap","51","modFwDiagnostics.LogSystemSnapshot ""AfterBootstrap"""
"LogTranslationRuntimeState","modBootstrap","52","modFwDiagnostics.LogTranslationRuntimeState ""AfterBootstrap"""
"BootstrapApplication","modBootstrap","54","modLoggingHandler.LogInfo MODULE_NAME & "".BootstrapApplication"", ""Bootstrap completed successfully."""
"LogInfo","modBootstrap","54","modLoggingHandler.LogInfo MODULE_NAME & "".BootstrapApplication"", ""Bootstrap completed successfully."""
"BootstrapApplication","modBootstrap","58","BootstrapApplication = False"
"BootstrapApplication","modBootstrap","60","modErrorHandler.HandleError MODULE_NAME, ""BootstrapApplication"", Err"
"HandleError","modBootstrap","60","modErrorHandler.HandleError MODULE_NAME, ""BootstrapApplication"", Err"
"BootstrapApplication","modBootstrap","65","EnsureBootstrapped = BootstrapApplication(IniPath)"
"EnsureBootstrapped","modBootstrap","65","EnsureBootstrapped = BootstrapApplication(IniPath)"
"EnsureBootstrapped","modBootstrap","67","EnsureBootstrapped = True"
"GetAddressCockpitRecordSource","modAddressCockpitService","19","GetAddressCockpitRecordSource = ""SELECT * FROM ["" & QUERY_ADDRESS_COCKPIT_SUMMARY & ""]"""
"AddressExists","modAddressCockpitService","31","If Not modAddressRepository.AddressExists(addressId) Then"
"CreateTemporarySalesOrderWorkspaceArgs","modAddressCockpitService","32","modLoggingHandler.LogWarning MODULE_NAME & "".CreateTemporarySalesOrderWorkspaceArgs"", _"
"LogWarning","modAddressCockpitService","32","modLoggingHandler.LogWarning MODULE_NAME & "".CreateTemporarySalesOrderWorkspaceArgs"", _"
"CreateTemporarySalesOrderForAddress","modAddressCockpitService","37","tmpOrderId = modOrderRepository.CreateTemporarySalesOrderForAddress(addressId)"
"CreateTemporarySalesOrderWorkspaceArgs","modAddressCockpitService","42","CreateTemporarySalesOrderWorkspaceArgs = TMP_ORDER_OPEN_ARGS_PREFIX & "";"" & CStr(tmpOrderId)"
"CreateTemporarySalesOrderWorkspaceArgs","modAddressCockpitService","46","CreateTemporarySalesOrderWorkspaceArgs = vbNullString"
"CreateTemporarySalesOrderWorkspaceArgs","modAddressCockpitService","47","modErrorHandler.HandleError MODULE_NAME, ""CreateTemporarySalesOrderWorkspaceArgs"", Err"
"HandleError","modAddressCockpitService","47","modErrorHandler.HandleError MODULE_NAME, ""CreateTemporarySalesOrderWorkspaceArgs"", Err"
"GetConfigValue","modSessionContext","26","mCurrentUserId = modConfigIni.GetConfigValue(INI_SECTION_SESSION, ""UserId"", ""SYSTEM"", IniPath)"
"GetConfigValue","modSessionContext","27","mCurrentUserName = modConfigIni.GetConfigValue(INI_SECTION_SESSION, ""UserName"", ""System User"", IniPath)"
"GetConfigValue","modSessionContext","28","rawRoles = modConfigIni.GetConfigValue(INI_SECTION_SESSION, ""Roles"", vbNullString, IniPath)"
"GetConfigValue","modSessionContext","30","rawRoles = modConfigIni.GetConfigValue(INI_SECTION_SESSION, ""RoleCode"", ROLE_CODE_ADMIN, IniPath)"
"InitializeCurrentRoles","modSessionContext","33","InitializeCurrentRoles rawRoles"
"GetPrimaryRoleCode","modSessionContext","34","mCurrentRoleCode = GetPrimaryRoleCode(ROLE_CODE_ADMIN)"
"InitializeSessionContext","modSessionContext","38","modLoggingHandler.LogInfo MODULE_NAME & "".InitializeSessionContext"", _"
"LogInfo","modSessionContext","38","modLoggingHandler.LogInfo MODULE_NAME & "".InitializeSessionContext"", _"
"HandleError","modSessionContext","44","modErrorHandler.HandleError MODULE_NAME, ""InitializeSessionContext"", Err"
"InitializeSessionContext","modSessionContext","44","modErrorHandler.HandleError MODULE_NAME, ""InitializeSessionContext"", Err"
"ClearSessionContext","modSessionContext","61","modLoggingHandler.LogInfo MODULE_NAME & "".ClearSessionContext"", ""Session context cleared."""
"LogInfo","modSessionContext","61","modLoggingHandler.LogInfo MODULE_NAME & "".ClearSessionContext"", ""Session context cleared."""
"ClearSessionContext","modSessionContext","65","modErrorHandler.HandleError MODULE_NAME, ""ClearSessionContext"", Err"
"HandleError","modSessionContext","65","modErrorHandler.HandleError MODULE_NAME, ""ClearSessionContext"", Err"
"IsSessionInitialized","modSessionContext","69","IsSessionInitialized = mSessionInitialized"
"GetPrimaryRoleCode","modSessionContext","82","mCurrentRoleCode = GetPrimaryRoleCode()"
"EnsureRoleStore","modSessionContext","93","EnsureRoleStore"
"GetCurrentUserRoles","modSessionContext","100","Set GetCurrentUserRoles = userRoles"
"GetCurrentUserRoles","modSessionContext","104","Set GetCurrentUserRoles = New Collection"
"GetCurrentUserRoles","modSessionContext","105","modErrorHandler.HandleError MODULE_NAME, ""GetCurrentUserRoles"", Err"
"HandleError","modSessionContext","105","modErrorHandler.HandleError MODULE_NAME, ""GetCurrentUserRoles"", Err"
"NormalizeRoleCode","modSessionContext","113","normalizedRole = NormalizeRoleCode(RoleCode)"
"EnsureRoleStore","modSessionContext","118","EnsureRoleStore"
"IsCurrentUserInRole","modSessionContext","119","IsCurrentUserInRole = mCurrentRoles.Exists(normalizedRole)"
"IsCurrentUserInRole","modSessionContext","123","IsCurrentUserInRole = False"
"HandleError","modSessionContext","124","modErrorHandler.HandleError MODULE_NAME, ""IsCurrentUserInRole"", Err"
"IsCurrentUserInRole","modSessionContext","124","modErrorHandler.HandleError MODULE_NAME, ""IsCurrentUserInRole"", Err"
"EnsureRoleStore","modSessionContext","138","EnsureRoleStore"
"NormalizeRoleCode","modSessionContext","143","normalizedRole = NormalizeRoleCode(CStr(roleItem))"
"NormalizeRoleCode","modSessionContext","152","mCurrentRoles.Add NormalizeRoleCode(ROLE_CODE_ADMIN), True"
"HandleError","modSessionContext","158","modErrorHandler.HandleError MODULE_NAME, ""InitializeCurrentRoles"", Err"
"InitializeCurrentRoles","modSessionContext","158","modErrorHandler.HandleError MODULE_NAME, ""InitializeCurrentRoles"", Err"
"NormalizeRoleCode","modSessionContext","169","NormalizeRoleCode = UCase$(Trim$(RoleCode))"
"EnsureRoleStore","modSessionContext","177","EnsureRoleStore"
"GetPrimaryRoleCode","modSessionContext","180","GetPrimaryRoleCode = CStr(roleKey)"
"GetPrimaryRoleCode","modSessionContext","184","GetPrimaryRoleCode = NormalizeRoleCode(defaultValue)"
"NormalizeRoleCode","modSessionContext","184","GetPrimaryRoleCode = NormalizeRoleCode(defaultValue)"
"GetPrimaryRoleCode","modSessionContext","188","GetPrimaryRoleCode = NormalizeRoleCode(defaultValue)"
"NormalizeRoleCode","modSessionContext","188","GetPrimaryRoleCode = NormalizeRoleCode(defaultValue)"
"GetPrimaryRoleCode","modSessionContext","189","modErrorHandler.HandleError MODULE_NAME, ""GetPrimaryRoleCode"", Err"
"HandleError","modSessionContext","189","modErrorHandler.HandleError MODULE_NAME, ""GetPrimaryRoleCode"", Err"
"ExportDocumentToPdfLegacy","modDocumentExportHandler","20","ExportDocumentToPdfLegacy = False"
"ExportDocumentToPdfLegacy","modDocumentExportHandler","29","modLoggingHandler.LogWarning MODULE_NAME & "".ExportDocumentToPdfLegacy"", _"
"LogWarning","modDocumentExportHandler","29","modLoggingHandler.LogWarning MODULE_NAME & "".ExportDocumentToPdfLegacy"", _"
"ExportDocumentToPdfAtPath","modDocumentExportHandler","34","ExportDocumentToPdfLegacy = modPdfExportService.ExportDocumentToPdfAtPath(DocumentId, targetPdfPath, exportedFilePath)"
"ExportDocumentToPdfLegacy","modDocumentExportHandler","34","ExportDocumentToPdfLegacy = modPdfExportService.ExportDocumentToPdfAtPath(DocumentId, targetPdfPath, exportedFilePath)"
"ExportDocumentToPdf","modDocumentExportHandler","38","ExportDocumentToPdfLegacy = modPdfExportService.ExportDocumentToPdf(DocumentId, exportedFilePath)"
"ExportDocumentToPdfLegacy","modDocumentExportHandler","38","ExportDocumentToPdfLegacy = modPdfExportService.ExportDocumentToPdf(DocumentId, exportedFilePath)"
"ExportDocumentToPdfLegacy","modDocumentExportHandler","42","ExportDocumentToPdfLegacy = False"
"ExportDocumentToPdfLegacy","modDocumentExportHandler","43","modErrorHandler.HandleError MODULE_NAME, ""ExportDocumentToPdfLegacy"", Err"
"HandleError","modDocumentExportHandler","43","modErrorHandler.HandleError MODULE_NAME, ""ExportDocumentToPdfLegacy"", Err"
"HandleError","modErrorHandler","20","HandleError = errorMessage"
"LogError","modErrorHandler","21","modLoggingHandler.LogError moduleName & ""."" & ProcedureName, errorMessage"
"HandleError","modErrorHandler","29","HandleError = errorMessage"
"LogError","modErrorHandler","30","modLoggingHandler.LogError moduleName & ""."" & ProcedureName, errorMessage, SourceError.Number"
"ExecuteSafely","modErrorHandler","37","ExecuteSafely = True"
"ExecuteSafely","modErrorHandler","41","ExecuteSafely = False"
"ExecuteSafely","modErrorHandler","42","HandleError MODULE_NAME, ""ExecuteSafely"", Err"
"HandleError","modErrorHandler","42","HandleError MODULE_NAME, ""ExecuteSafely"", Err"
"EnsureOrderRepositoryReady","modOrderRepository","102","EnsureOrderRepositoryReady = False"
"ValidateBackendConfiguration","modOrderRepository","104","If Not modDb.ValidateBackendConfiguration() Then"
"EnsureOrderRepositoryReady","modOrderRepository","105","modLoggingHandler.LogWarning MODULE_NAME & "".EnsureOrderRepositoryReady"", _"
"LogWarning","modOrderRepository","105","modLoggingHandler.LogWarning MODULE_NAME & "".EnsureOrderRepositoryReady"", _"
"EnsureOrderPhase1Schema","modOrderRepository","110","If Not modBasicModuleSchema.EnsureOrderPhase1Schema() Then"
"EnsureSalesOrderNumberRange","modOrderRepository","114","If Not EnsureSalesOrderNumberRange(Year(Date)) Then"
"EnsureOrderRepositoryReady","modOrderRepository","115","modLoggingHandler.LogWarning MODULE_NAME & "".EnsureOrderRepositoryReady"", _"
"LogWarning","modOrderRepository","115","modLoggingHandler.LogWarning MODULE_NAME & "".EnsureOrderRepositoryReady"", _"
"EnsureOrderRepositoryReady","modOrderRepository","119","EnsureOrderRepositoryReady = True"
"EnsureOrderRepositoryReady","modOrderRepository","123","EnsureOrderRepositoryReady = False"
"EnsureOrderRepositoryReady","modOrderRepository","124","modErrorHandler.HandleError MODULE_NAME, ""EnsureOrderRepositoryReady"", Err"
"HandleError","modOrderRepository","124","modErrorHandler.HandleError MODULE_NAME, ""EnsureOrderRepositoryReady"", Err"
"EnsureSalesOrderNumberRange","modOrderRepository","134","EnsureSalesOrderNumberRange = False"
"ValidateBackendConfiguration","modOrderRepository","142","If Not modDb.ValidateBackendConfiguration() Then"
"GetCurrentDatabase","modOrderRepository","146","Set db = modDb.GetCurrentDatabase()"
"TableExists","modOrderRepository","151","If Not TableExists(db, TABLE_TEN_NUMBERRANGE) Then"
"EnsureSalesOrderNumberRange","modOrderRepository","152","modLoggingHandler.LogWarning MODULE_NAME & "".EnsureSalesOrderNumberRange"", _"
"LogWarning","modOrderRepository","152","modLoggingHandler.LogWarning MODULE_NAME & "".EnsureSalesOrderNumberRange"", _"
"FindNumberRangeRow","modOrderRepository","159","If FindNumberRangeRow(rs, ORDER_TYPE_SALES_ORDER, effectiveYear) Then"
"RecordsetHasField","modOrderRepository","160","If modDaoHelper.RecordsetHasField(rs, FIELD_NR_PREFIX) Then"
"NzString","modOrderRepository","161","If LenB(Trim$(modDaoHelper.NzString(rs.Fields(FIELD_NR_PREFIX).Value))) = 0 Then"
"SetUpdatedAuditFields","modOrderRepository","164","SetUpdatedAuditFields rs"
"RecordsetHasField","modOrderRepository","169","If modDaoHelper.RecordsetHasField(rs, FIELD_NR_FORMAT_MASK) Then"
"NzString","modOrderRepository","170","If LenB(Trim$(modDaoHelper.NzString(rs.Fields(FIELD_NR_FORMAT_MASK).Value))) = 0 Then"
"SetUpdatedAuditFields","modOrderRepository","173","SetUpdatedAuditFields rs"
"RecordsetHasField","modOrderRepository","178","If modDaoHelper.RecordsetHasField(rs, FIELD_NR_IS_ACTIVE) Then"
"NzBoolean","modOrderRepository","179","If Not modDaoHelper.NzBoolean(rs.Fields(FIELD_NR_IS_ACTIVE).Value, False) Then"
"SetUpdatedAuditFields","modOrderRepository","182","SetUpdatedAuditFields rs"
"EnsureSalesOrderNumberRange","modOrderRepository","187","EnsureSalesOrderNumberRange = True"
"SetRecordsetValue","modOrderRepository","192","SetRecordsetValue rs, FIELD_NR_DOCUMENT_TYPE_CODE, ORDER_TYPE_SALES_ORDER"
"SetRecordsetValue","modOrderRepository","193","SetRecordsetValue rs, FIELD_NR_FISCAL_YEAR, effectiveYear"
"SetRecordsetValue","modOrderRepository","194","SetRecordsetValue rs, FIELD_NR_PREFIX, ORDER_TYPE_SALES_ORDER"
"SetRecordsetValue","modOrderRepository","195","SetRecordsetValue rs, FIELD_NR_CURRENT_VALUE, 0"
"SetRecordsetValue","modOrderRepository","196","SetRecordsetValue rs, FIELD_NR_FORMAT_MASK, DEFAULT_ORDER_FORMAT_MASK"
"SetRecordsetValue","modOrderRepository","197","SetRecordsetValue rs, FIELD_NR_IS_ACTIVE, True"
"SetCreatedAuditFields","modOrderRepository","198","SetCreatedAuditFields rs"
"SetUpdatedAuditFields","modOrderRepository","199","SetUpdatedAuditFields rs"
"EnsureSalesOrderNumberRange","modOrderRepository","202","modLoggingHandler.LogInfo MODULE_NAME & "".EnsureSalesOrderNumberRange"", _"
"LogInfo","modOrderRepository","202","modLoggingHandler.LogInfo MODULE_NAME & "".EnsureSalesOrderNumberRange"", _"
"EnsureSalesOrderNumberRange","modOrderRepository","205","EnsureSalesOrderNumberRange = True"
"EnsureSalesOrderNumberRange","modOrderRepository","215","EnsureSalesOrderNumberRange = False"
"EnsureSalesOrderNumberRange","modOrderRepository","216","modErrorHandler.HandleError MODULE_NAME, ""EnsureSalesOrderNumberRange"", Err"
"HandleError","modOrderRepository","216","modErrorHandler.HandleError MODULE_NAME, ""EnsureSalesOrderNumberRange"", Err"
"EnsureSalesOrderNumberRange","modOrderRepository","231","If Not EnsureSalesOrderNumberRange(Year(effectiveDate)) Then"
"GetNextDocumentNumber","modOrderRepository","235","GetNextSalesOrderNumber = modNumberingHandler.GetNextDocumentNumber(ORDER_TYPE_SALES_ORDER, effectiveDate)"
"GetNextSalesOrderNumber","modOrderRepository","235","GetNextSalesOrderNumber = modNumberingHandler.GetNextDocumentNumber(ORDER_TYPE_SALES_ORDER, effectiveDate)"
"GetNextSalesOrderNumber","modOrderRepository","239","GetNextSalesOrderNumber = vbNullString"
"GetNextSalesOrderNumber","modOrderRepository","240","modErrorHandler.HandleError MODULE_NAME, ""GetNextSalesOrderNumber"", Err"
"HandleError","modOrderRepository","240","modErrorHandler.HandleError MODULE_NAME, ""GetNextSalesOrderNumber"", Err"
"CreateSalesOrderHeader","modOrderRepository","276","CreateSalesOrderHeader = 0"
"EnsureOrderRepositoryReady","modOrderRepository","278","If Not EnsureOrderRepositoryReady() Then"
"GetNextSalesOrderNumber","modOrderRepository","283","orderNo = GetNextSalesOrderNumber(effectiveDate)"
"AddressExists","modOrderRepository","289","If modAddressRepository.AddressExists(CustomerAddressId) Then"
"GetAddressDisplayName","modOrderRepository","290","effectiveCustomerName = modAddressRepository.GetAddressDisplayName(CustomerAddressId, effectiveCustomerName)"
"GetDefaultVatContextForOrder","modOrderRepository","301","Set vatContext = GetDefaultVatContextForOrder(CustomerAddressId, effectiveDeliveryAddressId)"
"ResolveVatMode","modOrderRepository","302","effectiveVatMode = ResolveVatMode(VatMode)"
"GetDictionaryString","modOrderRepository","307","If LenB(effectiveVatMode) = 0 Then effectiveVatMode = GetDictionaryString(vatContext, FIELD_VAT_MODE)"
"GetDictionaryString","modOrderRepository","308","If LenB(effectiveVatCode) = 0 Then effectiveVatCode = GetDictionaryString(vatContext, FIELD_VAT_CODE)"
"GetDictionaryDouble","modOrderRepository","309","If effectiveVatRate < 0 Then effectiveVatRate = GetDictionaryDouble(vatContext, FIELD_VAT_RATE, 0)"
"GetVatRate","modOrderRepository","313","effectiveVatRate = ResolveVatRateByCode(effectiveVatCode, modVatHandler.GetVatRate())"
"ResolveVatRateByCode","modOrderRepository","313","effectiveVatRate = ResolveVatRateByCode(effectiveVatCode, modVatHandler.GetVatRate())"
"GetCurrentDatabase","modOrderRepository","316","Set db = modDb.GetCurrentDatabase()"
"SetRecordsetValue","modOrderRepository","320","SetRecordsetValue rs, FIELD_ORDER_NO, orderNo"
"SetRecordsetValue","modOrderRepository","321","SetRecordsetValue rs, FIELD_ORDER_TYPE_CODE, ORDER_TYPE_SALES_ORDER"
"SetRecordsetValue","modOrderRepository","322","SetRecordsetValue rs, FIELD_ORDER_STATUS_CODE, ORDER_STATUS_DRAFT"
"SetRecordsetValue","modOrderRepository","323","SetRecordsetValue rs, FIELD_CUSTOMER_ADDRESS_ID, CustomerAddressId"
"SetRecordsetValue","modOrderRepository","324","SetRecordsetValue rs, FIELD_INVOICE_ADDRESS_ID, effectiveInvoiceAddressId"
"SetRecordsetValue","modOrderRepository","325","SetRecordsetValue rs, FIELD_DELIVERY_ADDRESS_ID, effectiveDeliveryAddressId"
"SetRecordsetValue","modOrderRepository","326","SetRecordsetValue rs, FIELD_CUSTOMER_NAME, effectiveCustomerName"
"SetRecordsetValue","modOrderRepository","327","SetRecordsetValue rs, FIELD_ORDER_DATE, effectiveDate"
"SetRecordsetValue","modOrderRepository","328","If DeliveryDate <> 0 Then SetRecordsetValue rs, FIELD_DELIVERY_DATE, DeliveryDate"
"SetRecordsetValue","modOrderRepository","329","If ValidUntil <> 0 Then SetRecordsetValue rs, FIELD_VALID_UNTIL, ValidUntil"
"SetRecordsetValue","modOrderRepository","330","SetRecordsetValue rs, FIELD_REFERENCE_TEXT, Trim$(ReferenceText)"
"SetRecordsetValue","modOrderRepository","331","SetRecordsetValue rs, FIELD_EXTERNAL_REFERENCE, Trim$(ExternalReference)"
"ResolveLanguageCode","modOrderRepository","332","SetRecordsetValue rs, FIELD_LANGUAGE_CODE, ResolveLanguageCode(languageCode)"
"SetRecordsetValue","modOrderRepository","332","SetRecordsetValue rs, FIELD_LANGUAGE_CODE, ResolveLanguageCode(languageCode)"
"ResolveCurrencyCode","modOrderRepository","333","SetRecordsetValue rs, FIELD_CURRENCY_CODE, ResolveCurrencyCode(CurrencyCode)"
"SetRecordsetValue","modOrderRepository","333","SetRecordsetValue rs, FIELD_CURRENCY_CODE, ResolveCurrencyCode(CurrencyCode)"
"SetRecordsetValue","modOrderRepository","334","SetRecordsetValue rs, FIELD_PAYMENT_TERM_CODE, Trim$(PaymentTermCode)"
"SetRecordsetValue","modOrderRepository","335","SetRecordsetValue rs, FIELD_VAT_MODE, effectiveVatMode"
"SetRecordsetValue","modOrderRepository","336","SetRecordsetValue rs, FIELD_VAT_CODE, effectiveVatCode"
"SetRecordsetValue","modOrderRepository","337","SetRecordsetValue rs, FIELD_VAT_RATE, effectiveVatRate"
"SetRecordsetValue","modOrderRepository","338","SetRecordsetValue rs, FIELD_NOTES_TEXT, NotesText"
"SetRecordsetValue","modOrderRepository","339","SetRecordsetValue rs, FIELD_INTERNAL_NOTES_TEXT, InternalNotesText"
"SetCreatedAuditFields","modOrderRepository","340","SetCreatedAuditFields rs"
"SetUpdatedAuditFields","modOrderRepository","341","SetUpdatedAuditFields rs"
"CreateSalesOrderHeader","modOrderRepository","345","CreateSalesOrderHeader = modDaoHelper.NzLong(rs.Fields(FIELD_ORDER_ID).Value, 0)"
"NzLong","modOrderRepository","345","CreateSalesOrderHeader = modDaoHelper.NzLong(rs.Fields(FIELD_ORDER_ID).Value, 0)"
"CreateSalesOrderHeader","modOrderRepository","347","modLoggingHandler.LogInfo MODULE_NAME & "".CreateSalesOrderHeader"", _"
"LogInfo","modOrderRepository","347","modLoggingHandler.LogInfo MODULE_NAME & "".CreateSalesOrderHeader"", _"
"CreateSalesOrderHeader","modOrderRepository","348","""Sales order header created. order_id="" & CStr(CreateSalesOrderHeader) & _"
"CreateSalesOrderHeader","modOrderRepository","367","CreateSalesOrderHeader = 0"
"CreateSalesOrderHeader","modOrderRepository","368","modErrorHandler.HandleError MODULE_NAME, ""CreateSalesOrderHeader"", Err"
"HandleError","modOrderRepository","368","modErrorHandler.HandleError MODULE_NAME, ""CreateSalesOrderHeader"", Err"
"DeleteOrderLines","modOrderRepository","377","DeleteOrderLines = False"
"EnsureOrderRepositoryReady","modOrderRepository","383","If Not EnsureOrderRepositoryReady() Then"
"GetCurrentDatabase","modOrderRepository","387","Set db = modDb.GetCurrentDatabase()"
"DeleteOrderLines","modOrderRepository","390","DeleteOrderLines = True"
"DeleteOrderLines","modOrderRepository","397","DeleteOrderLines = False"
"DeleteOrderLines","modOrderRepository","398","modErrorHandler.HandleError MODULE_NAME, ""DeleteOrderLines"", Err"
"HandleError","modOrderRepository","398","modErrorHandler.HandleError MODULE_NAME, ""DeleteOrderLines"", Err"
"CreateOrderLine","modOrderRepository","423","CreateOrderLine = 0"
"EnsureOrderRepositoryReady","modOrderRepository","429","If Not EnsureOrderRepositoryReady() Then"
"GetOrderHeaderVatContext","modOrderRepository","433","Set headerVatContext = GetOrderHeaderVatContext(OrderId)"
"GetDictionaryString","modOrderRepository","437","effectiveVatCode = GetDictionaryString(headerVatContext, FIELD_VAT_CODE)"
"GetDictionaryDouble","modOrderRepository","442","effectiveVatRate = GetDictionaryDouble(headerVatContext, FIELD_VAT_RATE, modVatHandler.GetVatRate())"
"GetVatRate","modOrderRepository","442","effectiveVatRate = GetDictionaryDouble(headerVatContext, FIELD_VAT_RATE, modVatHandler.GetVatRate())"
"GetVatRate","modOrderRepository","444","effectiveVatRate = modVatHandler.GetVatRate()"
"ResolveVatRateByCode","modOrderRepository","447","effectiveVatRate = ResolveVatRateByCode(effectiveVatCode, effectiveVatRate)"
"GetCurrentDatabase","modOrderRepository","453","Set db = modDb.GetCurrentDatabase()"
"SetRecordsetValue","modOrderRepository","457","SetRecordsetValue rs, FIELD_ORDER_ID, OrderId"
"SetRecordsetValue","modOrderRepository","458","SetRecordsetValue rs, FIELD_LINE_NO, LineNo"
"SetRecordsetValue","modOrderRepository","459","SetRecordsetValue rs, FIELD_ARTICLE_ID, ArticleId"
"SetRecordsetValue","modOrderRepository","460","SetRecordsetValue rs, FIELD_ARTICLE_NO, Trim$(ArticleNo)"
"SetRecordsetValue","modOrderRepository","461","SetRecordsetValue rs, FIELD_LINE_TYPE_CODE, Trim$(LineTypeCode)"
"SetRecordsetValue","modOrderRepository","462","SetRecordsetValue rs, FIELD_DESCRIPTION_TEXT, Trim$(DescriptionText)"
"SetRecordsetValue","modOrderRepository","463","SetRecordsetValue rs, FIELD_QUANTITY, quantity"
"SetRecordsetValue","modOrderRepository","464","SetRecordsetValue rs, FIELD_UNIT_CODE, Trim$(UnitCode)"
"SetRecordsetValue","modOrderRepository","465","SetRecordsetValue rs, FIELD_UNIT_PRICE, UnitPrice"
"SetRecordsetValue","modOrderRepository","466","SetRecordsetValue rs, FIELD_VAT_CODE, effectiveVatCode"
"SetRecordsetValue","modOrderRepository","467","SetRecordsetValue rs, FIELD_VAT_RATE, effectiveVatRate"
"SetCreatedAuditFields","modOrderRepository","468","SetCreatedAuditFields rs"
"SetUpdatedAuditFields","modOrderRepository","469","SetUpdatedAuditFields rs"
"CreateOrderLine","modOrderRepository","473","CreateOrderLine = modDaoHelper.NzLong(rs.Fields(FIELD_ORDER_LINE_ID).Value, 0)"
"NzLong","modOrderRepository","473","CreateOrderLine = modDaoHelper.NzLong(rs.Fields(FIELD_ORDER_LINE_ID).Value, 0)"
"CreateOrderLine","modOrderRepository","475","If CreateOrderLine > 0 Then"
"CalculateOrderLineAmounts","modOrderRepository","476","Call modOrderCalculationService.CalculateOrderLineAmounts(CreateOrderLine)"
"CreateOrderLine","modOrderRepository","476","Call modOrderCalculationService.CalculateOrderLineAmounts(CreateOrderLine)"
"CalculateOrderTotals","modOrderRepository","477","Call modOrderCalculationService.CalculateOrderTotals(OrderId)"
"CreateOrderLine","modOrderRepository","488","CreateOrderLine = 0"
"CreateOrderLine","modOrderRepository","489","modErrorHandler.HandleError MODULE_NAME, ""CreateOrderLine"", Err"
"HandleError","modOrderRepository","489","modErrorHandler.HandleError MODULE_NAME, ""CreateOrderLine"", Err"
"GetAddressDisplayName","modOrderRepository","506","result(FIELD_CUSTOMER_NAME) = modAddressRepository.GetAddressDisplayName(CustomerAddressId, vbNullString)"
"ResolveCurrencyCode","modOrderRepository","510","result(FIELD_CURRENCY_CODE) = ResolveCurrencyCode(vbNullString)"
"GetTenantParameter","modOrderRepository","511","result(FIELD_PAYMENT_TERM_CODE) = Trim$(modTenantRepository.GetTenantParameter(""PAYMENT_TERM_CODE"", vbNullString))"
"ResolveAddressLanguageCode","modOrderRepository","513","languageCode = ResolveAddressLanguageCode(CustomerAddressId, vbNullString)"
"ResolveLanguageCode","modOrderRepository","515","languageCode = ResolveLanguageCode(vbNullString)"
"GetDefaultVatContextForOrder","modOrderRepository","519","Set vatContext = GetDefaultVatContextForOrder(CustomerAddressId, CustomerAddressId)"
"GetDictionaryString","modOrderRepository","521","result(FIELD_VAT_MODE) = GetDictionaryString(vatContext, FIELD_VAT_MODE)"
"GetDictionaryString","modOrderRepository","522","result(FIELD_VAT_CODE) = GetDictionaryString(vatContext, FIELD_VAT_CODE)"
"GetDictionaryDouble","modOrderRepository","523","result(FIELD_VAT_RATE) = GetDictionaryDouble(vatContext, FIELD_VAT_RATE, 0)"
"GetNewSalesOrderDefaults","modOrderRepository","526","Set GetNewSalesOrderDefaults = result"
"GetNewSalesOrderDefaults","modOrderRepository","530","Set GetNewSalesOrderDefaults = Nothing"
"GetNewSalesOrderDefaults","modOrderRepository","531","modErrorHandler.HandleError MODULE_NAME, ""GetNewSalesOrderDefaults"", Err"
"HandleError","modOrderRepository","531","modErrorHandler.HandleError MODULE_NAME, ""GetNewSalesOrderDefaults"", Err"
"CreateTemporarySalesOrderForAddress","modOrderRepository","541","CreateTemporarySalesOrderForAddress = 0"
"EnsureOrderRepositoryReady","modOrderRepository","547","If Not EnsureOrderRepositoryReady() Then"
"GetNewSalesOrderDefaults","modOrderRepository","551","Set defaults = GetNewSalesOrderDefaults(addressId)"
"GetCurrentDatabase","modOrderRepository","556","Set db = modDb.GetCurrentDatabase()"
"ResolveTemporarySessionId","modOrderRepository","560","SetRecordsetValue rs, FIELD_SESSION_ID, ResolveTemporarySessionId()"
"SetRecordsetValue","modOrderRepository","560","SetRecordsetValue rs, FIELD_SESSION_ID, ResolveTemporarySessionId()"
"SetRecordsetValue","modOrderRepository","561","SetRecordsetValue rs, FIELD_ORDER_ID, 0"
"SetRecordsetValue","modOrderRepository","562","SetRecordsetValue rs, FIELD_ORDER_NO, vbNullString"
"GetDictionaryLong","modOrderRepository","563","SetRecordsetValue rs, FIELD_CUSTOMER_ADDRESS_ID, GetDictionaryLong(defaults, FIELD_CUSTOMER_ADDRESS_ID, 0)"
"SetRecordsetValue","modOrderRepository","563","SetRecordsetValue rs, FIELD_CUSTOMER_ADDRESS_ID, GetDictionaryLong(defaults, FIELD_CUSTOMER_ADDRESS_ID, 0)"
"GetDictionaryLong","modOrderRepository","564","SetRecordsetValue rs, FIELD_INVOICE_ADDRESS_ID, GetDictionaryLong(defaults, FIELD_INVOICE_ADDRESS_ID, 0)"
"SetRecordsetValue","modOrderRepository","564","SetRecordsetValue rs, FIELD_INVOICE_ADDRESS_ID, GetDictionaryLong(defaults, FIELD_INVOICE_ADDRESS_ID, 0)"
"GetDictionaryLong","modOrderRepository","565","SetRecordsetValue rs, FIELD_DELIVERY_ADDRESS_ID, GetDictionaryLong(defaults, FIELD_DELIVERY_ADDRESS_ID, 0)"
"SetRecordsetValue","modOrderRepository","565","SetRecordsetValue rs, FIELD_DELIVERY_ADDRESS_ID, GetDictionaryLong(defaults, FIELD_DELIVERY_ADDRESS_ID, 0)"
"GetDictionaryString","modOrderRepository","566","SetRecordsetValue rs, FIELD_CUSTOMER_NAME, GetDictionaryString(defaults, FIELD_CUSTOMER_NAME)"
"SetRecordsetValue","modOrderRepository","566","SetRecordsetValue rs, FIELD_CUSTOMER_NAME, GetDictionaryString(defaults, FIELD_CUSTOMER_NAME)"
"GetDictionaryString","modOrderRepository","567","SetRecordsetValue rs, FIELD_ORDER_TYPE_CODE, GetDictionaryString(defaults, FIELD_ORDER_TYPE_CODE)"
"SetRecordsetValue","modOrderRepository","567","SetRecordsetValue rs, FIELD_ORDER_TYPE_CODE, GetDictionaryString(defaults, FIELD_ORDER_TYPE_CODE)"
"GetDictionaryString","modOrderRepository","568","SetRecordsetValue rs, FIELD_ORDER_STATUS_CODE, GetDictionaryString(defaults, FIELD_ORDER_STATUS_CODE)"
"SetRecordsetValue","modOrderRepository","568","SetRecordsetValue rs, FIELD_ORDER_STATUS_CODE, GetDictionaryString(defaults, FIELD_ORDER_STATUS_CODE)"
"SetRecordsetValue","modOrderRepository","569","SetRecordsetValue rs, FIELD_ORDER_DATE, defaults(FIELD_ORDER_DATE)"
"GetDictionaryString","modOrderRepository","570","SetRecordsetValue rs, FIELD_LANGUAGE_CODE, GetDictionaryString(defaults, FIELD_LANGUAGE_CODE)"
"SetRecordsetValue","modOrderRepository","570","SetRecordsetValue rs, FIELD_LANGUAGE_CODE, GetDictionaryString(defaults, FIELD_LANGUAGE_CODE)"
"GetDictionaryString","modOrderRepository","571","SetRecordsetValue rs, FIELD_CURRENCY_CODE, GetDictionaryString(defaults, FIELD_CURRENCY_CODE)"
"SetRecordsetValue","modOrderRepository","571","SetRecordsetValue rs, FIELD_CURRENCY_CODE, GetDictionaryString(defaults, FIELD_CURRENCY_CODE)"
"GetDictionaryString","modOrderRepository","572","SetRecordsetValue rs, FIELD_PAYMENT_TERM_CODE, GetDictionaryString(defaults, FIELD_PAYMENT_TERM_CODE)"
"SetRecordsetValue","modOrderRepository","572","SetRecordsetValue rs, FIELD_PAYMENT_TERM_CODE, GetDictionaryString(defaults, FIELD_PAYMENT_TERM_CODE)"
"GetDictionaryString","modOrderRepository","573","SetRecordsetValue rs, FIELD_VAT_MODE, GetDictionaryString(defaults, FIELD_VAT_MODE)"
"SetRecordsetValue","modOrderRepository","573","SetRecordsetValue rs, FIELD_VAT_MODE, GetDictionaryString(defaults, FIELD_VAT_MODE)"
"GetDictionaryString","modOrderRepository","574","SetRecordsetValue rs, FIELD_VAT_CODE, GetDictionaryString(defaults, FIELD_VAT_CODE)"
"SetRecordsetValue","modOrderRepository","574","SetRecordsetValue rs, FIELD_VAT_CODE, GetDictionaryString(defaults, FIELD_VAT_CODE)"
"GetDictionaryDouble","modOrderRepository","575","SetRecordsetValue rs, FIELD_VAT_RATE, GetDictionaryDouble(defaults, FIELD_VAT_RATE, 0)"
"SetRecordsetValue","modOrderRepository","575","SetRecordsetValue rs, FIELD_VAT_RATE, GetDictionaryDouble(defaults, FIELD_VAT_RATE, 0)"
"SetRecordsetValue","modOrderRepository","576","SetRecordsetValue rs, FIELD_HEADER_DISCOUNT_TYPE, ""NONE"""
"SetRecordsetValue","modOrderRepository","577","SetRecordsetValue rs, FIELD_HEADER_SURCHARGE_TYPE, ""NONE"""
"SetCreatedAuditFields","modOrderRepository","578","SetCreatedAuditFields rs"
"SetUpdatedAuditFields","modOrderRepository","579","SetUpdatedAuditFields rs"
"CreateTemporarySalesOrderForAddress","modOrderRepository","583","CreateTemporarySalesOrderForAddress = modDaoHelper.NzLong(rs.Fields(FIELD_TMP_ORDER_ID).Value, 0)"
"NzLong","modOrderRepository","583","CreateTemporarySalesOrderForAddress = modDaoHelper.NzLong(rs.Fields(FIELD_TMP_ORDER_ID).Value, 0)"
"CreateTemporarySalesOrderForAddress","modOrderRepository","593","CreateTemporarySalesOrderForAddress = 0"
"CreateTemporarySalesOrderForAddress","modOrderRepository","594","modErrorHandler.HandleError MODULE_NAME, ""CreateTemporarySalesOrderForAddress"", Err"
"HandleError","modOrderRepository","594","modErrorHandler.HandleError MODULE_NAME, ""CreateTemporarySalesOrderForAddress"", Err"
"GetCurrentDatabase","modOrderRepository","608","Set db = modDb.GetCurrentDatabase()"
"TemporaryOrderExists","modOrderRepository","612","TemporaryOrderExists = Not (rs.BOF And rs.EOF)"
"TemporaryOrderExists","modOrderRepository","622","TemporaryOrderExists = False"
"HandleError","modOrderRepository","623","modErrorHandler.HandleError MODULE_NAME, ""TemporaryOrderExists"", Err"
"TemporaryOrderExists","modOrderRepository","623","modErrorHandler.HandleError MODULE_NAME, ""TemporaryOrderExists"", Err"
"DeleteTemporaryOrder","modOrderRepository","632","DeleteTemporaryOrder = False"
"DeleteTemporaryOrder","modOrderRepository","635","DeleteTemporaryOrder = True"
"GetCurrentDatabase","modOrderRepository","639","Set db = modDb.GetCurrentDatabase()"
"DeleteTemporaryOrder","modOrderRepository","642","DeleteTemporaryOrder = True"
"DeleteTemporaryOrder","modOrderRepository","646","DeleteTemporaryOrder = False"
"DeleteTemporaryOrder","modOrderRepository","647","modErrorHandler.HandleError MODULE_NAME, ""DeleteTemporaryOrder"", Err"
"HandleError","modOrderRepository","647","modErrorHandler.HandleError MODULE_NAME, ""DeleteTemporaryOrder"", Err"
"PersistTemporaryOrder","modOrderRepository","663","PersistTemporaryOrder = 0"
"TemporaryOrderExists","modOrderRepository","669","If Not TemporaryOrderExists(tmpOrderId) Then"
"GetCurrentDatabase","modOrderRepository","673","Set db = modDb.GetCurrentDatabase()"
"GetNextSalesOrderNumber","modOrderRepository","682","orderNo = GetNextSalesOrderNumber(GetRecordsetDateValue(rsTmpOrder, FIELD_ORDER_DATE, Date))"
"GetRecordsetDateValue","modOrderRepository","682","orderNo = GetNextSalesOrderNumber(GetRecordsetDateValue(rsTmpOrder, FIELD_ORDER_DATE, Date))"
"GetRecordsetStringValue","modOrderRepository","683","paymentTermCode = Trim$(GetRecordsetStringValue(rsTmpOrder, FIELD_PAYMENT_TERM_CODE, vbNullString))"
"GetTenantParameter","modOrderRepository","685","paymentTermCode = Trim$(modTenantRepository.GetTenantParameter(""PAYMENT_TERM_CODE"", vbNullString))"
"SetRecordsetValue","modOrderRepository","691","SetRecordsetValue rsOrder, FIELD_ORDER_NO, orderNo"
"CopyHeaderField","modOrderRepository","692","CopyHeaderField rsTmpOrder, rsOrder, FIELD_ORDER_TYPE_CODE"
"CopyHeaderField","modOrderRepository","693","CopyHeaderField rsTmpOrder, rsOrder, FIELD_ORDER_STATUS_CODE"
"CopyHeaderField","modOrderRepository","694","CopyHeaderField rsTmpOrder, rsOrder, FIELD_CUSTOMER_ADDRESS_ID"
"CopyHeaderField","modOrderRepository","695","CopyHeaderField rsTmpOrder, rsOrder, FIELD_INVOICE_ADDRESS_ID"
"CopyHeaderField","modOrderRepository","696","CopyHeaderField rsTmpOrder, rsOrder, FIELD_DELIVERY_ADDRESS_ID"
"CopyHeaderField","modOrderRepository","697","CopyHeaderField rsTmpOrder, rsOrder, FIELD_CUSTOMER_NAME"
"CopyHeaderField","modOrderRepository","698","CopyHeaderField rsTmpOrder, rsOrder, FIELD_ORDER_DATE"
"CopyHeaderField","modOrderRepository","699","CopyHeaderField rsTmpOrder, rsOrder, FIELD_DELIVERY_DATE"
"CopyHeaderField","modOrderRepository","700","CopyHeaderField rsTmpOrder, rsOrder, FIELD_VALID_UNTIL"
"CopyHeaderField","modOrderRepository","701","CopyHeaderField rsTmpOrder, rsOrder, FIELD_REFERENCE_TEXT"
"CopyHeaderField","modOrderRepository","702","CopyHeaderField rsTmpOrder, rsOrder, FIELD_EXTERNAL_REFERENCE"
"CopyHeaderField","modOrderRepository","703","CopyHeaderField rsTmpOrder, rsOrder, FIELD_LANGUAGE_CODE"
"CopyHeaderField","modOrderRepository","704","CopyHeaderField rsTmpOrder, rsOrder, FIELD_CURRENCY_CODE"
"CopyHeaderField","modOrderRepository","705","CopyHeaderField rsTmpOrder, rsOrder, FIELD_PAYMENT_TERM_CODE"
"CopyHeaderField","modOrderRepository","706","CopyHeaderField rsTmpOrder, rsOrder, FIELD_VAT_MODE"
"CopyHeaderField","modOrderRepository","707","CopyHeaderField rsTmpOrder, rsOrder, FIELD_VAT_CODE"
"CopyHeaderField","modOrderRepository","708","CopyHeaderField rsTmpOrder, rsOrder, FIELD_VAT_RATE"
"CopyHeaderField","modOrderRepository","709","CopyHeaderField rsTmpOrder, rsOrder, FIELD_HEADER_DISCOUNT_TYPE"
"CopyHeaderField","modOrderRepository","710","CopyHeaderField rsTmpOrder, rsOrder, FIELD_HEADER_DISCOUNT_VALUE"
"CopyHeaderField","modOrderRepository","711","CopyHeaderField rsTmpOrder, rsOrder, FIELD_HEADER_DISCOUNT_AMOUNT"
"CopyHeaderField","modOrderRepository","712","CopyHeaderField rsTmpOrder, rsOrder, FIELD_HEADER_SURCHARGE_TYPE"
"CopyHeaderField","modOrderRepository","713","CopyHeaderField rsTmpOrder, rsOrder, FIELD_HEADER_SURCHARGE_VALUE"
"CopyHeaderField","modOrderRepository","714","CopyHeaderField rsTmpOrder, rsOrder, FIELD_HEADER_SURCHARGE_AMOUNT"
"CopyHeaderField","modOrderRepository","715","CopyHeaderField rsTmpOrder, rsOrder, FIELD_SUBTOTAL_NET_AMOUNT"
"CopyHeaderField","modOrderRepository","716","CopyHeaderField rsTmpOrder, rsOrder, FIELD_NET_AMOUNT"
"CopyHeaderField","modOrderRepository","717","CopyHeaderField rsTmpOrder, rsOrder, FIELD_VAT_AMOUNT"
"CopyHeaderField","modOrderRepository","718","CopyHeaderField rsTmpOrder, rsOrder, FIELD_GROSS_AMOUNT"
"CopyHeaderField","modOrderRepository","719","CopyHeaderField rsTmpOrder, rsOrder, FIELD_NOTES_TEXT"
"CopyHeaderField","modOrderRepository","720","CopyHeaderField rsTmpOrder, rsOrder, FIELD_INTERNAL_NOTES_TEXT"
"SetRecordsetValue","modOrderRepository","721","SetRecordsetValue rsOrder, FIELD_PAYMENT_TERM_CODE, paymentTermCode"
"SetCreatedAuditFields","modOrderRepository","722","SetCreatedAuditFields rsOrder"
"SetUpdatedAuditFields","modOrderRepository","723","SetUpdatedAuditFields rsOrder"
"NzLong","modOrderRepository","727","OrderId = modDaoHelper.NzLong(rsOrder.Fields(FIELD_ORDER_ID).Value, 0)"
"GetRecordsetLongValue","modOrderRepository","742","sortOrder = GetRecordsetLongValue(rsTmpLines, FIELD_SORT_ORDER, 0)"
"GetRecordsetLongValue","modOrderRepository","744","sortOrder = GetRecordsetLongValue(rsTmpLines, FIELD_LINE_NO, 0)"
"SetRecordsetValue","modOrderRepository","747","SetRecordsetValue rsOrderLines, FIELD_ORDER_ID, OrderId"
"CopyLineField","modOrderRepository","748","CopyLineField rsTmpLines, rsOrderLines, FIELD_LINE_NO"
"CopyLineField","modOrderRepository","749","CopyLineField rsTmpLines, rsOrderLines, FIELD_ARTICLE_ID"
"CopyLineField","modOrderRepository","750","CopyLineField rsTmpLines, rsOrderLines, FIELD_ARTICLE_NO"
"CopyLineField","modOrderRepository","751","CopyLineField rsTmpLines, rsOrderLines, FIELD_LINE_TYPE_CODE"
"CopyLineField","modOrderRepository","752","CopyLineField rsTmpLines, rsOrderLines, FIELD_DESCRIPTION_TEXT"
"CopyLineField","modOrderRepository","753","CopyLineField rsTmpLines, rsOrderLines, FIELD_QUANTITY"
"CopyLineField","modOrderRepository","754","CopyLineField rsTmpLines, rsOrderLines, FIELD_UNIT_CODE"
"CopyLineField","modOrderRepository","755","CopyLineField rsTmpLines, rsOrderLines, FIELD_UNIT_PRICE"
"CopyLineField","modOrderRepository","756","CopyLineField rsTmpLines, rsOrderLines, FIELD_DISCOUNT_TYPE"
"CopyLineField","modOrderRepository","757","CopyLineField rsTmpLines, rsOrderLines, FIELD_DISCOUNT_VALUE"
"CopyLineField","modOrderRepository","758","CopyLineField rsTmpLines, rsOrderLines, FIELD_LINE_DISCOUNT_AMOUNT"
"CopyLineField","modOrderRepository","759","CopyLineField rsTmpLines, rsOrderLines, FIELD_SURCHARGE_TYPE"
"CopyLineField","modOrderRepository","760","CopyLineField rsTmpLines, rsOrderLines, FIELD_SURCHARGE_VALUE"
"CopyLineField","modOrderRepository","761","CopyLineField rsTmpLines, rsOrderLines, FIELD_LINE_SURCHARGE_AMOUNT"
"CopyLineField","modOrderRepository","762","CopyLineField rsTmpLines, rsOrderLines, FIELD_VAT_CODE"
"CopyLineField","modOrderRepository","763","CopyLineField rsTmpLines, rsOrderLines, FIELD_VAT_RATE"
"CopyLineField","modOrderRepository","764","CopyLineField rsTmpLines, rsOrderLines, FIELD_LINE_BASE_AMOUNT"
"CopyLineField","modOrderRepository","765","CopyLineField rsTmpLines, rsOrderLines, FIELD_LINE_NET_AMOUNT"
"CopyLineField","modOrderRepository","766","CopyLineField rsTmpLines, rsOrderLines, FIELD_LINE_VAT_AMOUNT"
"CopyLineField","modOrderRepository","767","CopyLineField rsTmpLines, rsOrderLines, FIELD_LINE_GROSS_AMOUNT"
"SetRecordsetValue","modOrderRepository","768","SetRecordsetValue rsOrderLines, FIELD_SORT_ORDER, sortOrder"
"SetCreatedAuditFields","modOrderRepository","769","SetCreatedAuditFields rsOrderLines"
"SetUpdatedAuditFields","modOrderRepository","770","SetUpdatedAuditFields rsOrderLines"
"RecalculateOrder","modOrderRepository","776","Call modOrderCalculationService.RecalculateOrder(OrderId)"
"DeleteTemporaryOrder","modOrderRepository","777","Call DeleteTemporaryOrder(tmpOrderId)"
"PersistTemporaryOrder","modOrderRepository","778","PersistTemporaryOrder = OrderId"
"PersistTemporaryOrder","modOrderRepository","794","PersistTemporaryOrder = 0"
"HandleError","modOrderRepository","795","modErrorHandler.HandleError MODULE_NAME, ""PersistTemporaryOrder"", Err"
"PersistTemporaryOrder","modOrderRepository","795","modErrorHandler.HandleError MODULE_NAME, ""PersistTemporaryOrder"", Err"
"ResolveTenantCountryCode","modOrderRepository","815","tenantCountryCode = ResolveTenantCountryCode()"
"GetAddressCountryCode","modOrderRepository","821","deliveryCountryCode = modAddressRepository.GetAddressCountryCode(effectiveAddressId, tenantCountryCode)"
"ResolveDefaultZeroVatCode","modOrderRepository","828","resolvedVatCode = ResolveDefaultZeroVatCode(tenantCountryCode)"
"GetTenantParameter","modOrderRepository","831","resolvedVatMode = ResolveVatMode(modTenantRepository.GetTenantParameter(""VAT_MODE"", modVatHandler.GetVatMode()))"
"GetVatMode","modOrderRepository","831","resolvedVatMode = ResolveVatMode(modTenantRepository.GetTenantParameter(""VAT_MODE"", modVatHandler.GetVatMode()))"
"ResolveVatMode","modOrderRepository","831","resolvedVatMode = ResolveVatMode(modTenantRepository.GetTenantParameter(""VAT_MODE"", modVatHandler.GetVatMode()))"
"ResolveDefaultStandardVatCode","modOrderRepository","832","resolvedVatCode = ResolveDefaultStandardVatCode(tenantCountryCode)"
"GetVatRate","modOrderRepository","833","resolvedVatRate = ResolveVatRateByCode(resolvedVatCode, modVatHandler.GetVatRate())"
"ResolveVatRateByCode","modOrderRepository","833","resolvedVatRate = ResolveVatRateByCode(resolvedVatCode, modVatHandler.GetVatRate())"
"GetDefaultVatContextForOrder","modOrderRepository","842","Set GetDefaultVatContextForOrder = result"
"GetDefaultVatContextForOrder","modOrderRepository","846","Set GetDefaultVatContextForOrder = Nothing"
"GetDefaultVatContextForOrder","modOrderRepository","847","modErrorHandler.HandleError MODULE_NAME, ""GetDefaultVatContextForOrder"", Err"
"HandleError","modOrderRepository","847","modErrorHandler.HandleError MODULE_NAME, ""GetDefaultVatContextForOrder"", Err"
"GetCurrentDatabase","modOrderRepository","863","Set db = modDb.GetCurrentDatabase()"
"GetRecordsetLongValue","modOrderRepository","874","customerAddressId = GetRecordsetLongValue(rs, FIELD_CUSTOMER_ADDRESS_ID, 0)"
"GetRecordsetLongValue","modOrderRepository","875","deliveryAddressId = GetRecordsetLongValue(rs, FIELD_DELIVERY_ADDRESS_ID, 0)"
"ResolveOrderCountryCode","modOrderRepository","879","result(""country_code"") = ResolveOrderCountryCode(customerAddressId, deliveryAddressId)"
"GetRecordsetStringValue","modOrderRepository","880","result(FIELD_VAT_MODE) = GetRecordsetStringValue(rs, FIELD_VAT_MODE, modVatHandler.GetVatMode())"
"GetVatMode","modOrderRepository","880","result(FIELD_VAT_MODE) = GetRecordsetStringValue(rs, FIELD_VAT_MODE, modVatHandler.GetVatMode())"
"GetRecordsetStringValue","modOrderRepository","881","result(FIELD_VAT_CODE) = GetRecordsetStringValue(rs, FIELD_VAT_CODE, vbNullString)"
"GetRecordsetDoubleValue","modOrderRepository","882","result(FIELD_VAT_RATE) = GetRecordsetDoubleValue(rs, FIELD_VAT_RATE, 0)"
"GetOrderHeaderVatContext","modOrderRepository","884","Set GetOrderHeaderVatContext = result"
"GetOrderHeaderVatContext","modOrderRepository","894","Set GetOrderHeaderVatContext = Nothing"
"GetOrderHeaderVatContext","modOrderRepository","895","modErrorHandler.HandleError MODULE_NAME, ""GetOrderHeaderVatContext"", Err"
"HandleError","modOrderRepository","895","modErrorHandler.HandleError MODULE_NAME, ""GetOrderHeaderVatContext"", Err"
"ApplyDefaultVatContextToOrder","modOrderRepository","908","ApplyDefaultVatContextToOrder = False"
"GetCurrentDatabase","modOrderRepository","914","Set db = modDb.GetCurrentDatabase()"
"GetRecordsetLongValue","modOrderRepository","923","customerAddressId = GetRecordsetLongValue(rs, FIELD_CUSTOMER_ADDRESS_ID, 0)"
"GetRecordsetLongValue","modOrderRepository","924","deliveryAddressId = GetRecordsetLongValue(rs, FIELD_DELIVERY_ADDRESS_ID, 0)"
"GetDefaultVatContextForOrder","modOrderRepository","925","Set vatContext = GetDefaultVatContextForOrder(customerAddressId, deliveryAddressId)"
"GetDictionaryString","modOrderRepository","931","SetRecordsetValue rs, FIELD_VAT_MODE, GetDictionaryString(vatContext, FIELD_VAT_MODE)"
"SetRecordsetValue","modOrderRepository","931","SetRecordsetValue rs, FIELD_VAT_MODE, GetDictionaryString(vatContext, FIELD_VAT_MODE)"
"GetDictionaryString","modOrderRepository","932","SetRecordsetValue rs, FIELD_VAT_CODE, GetDictionaryString(vatContext, FIELD_VAT_CODE)"
"SetRecordsetValue","modOrderRepository","932","SetRecordsetValue rs, FIELD_VAT_CODE, GetDictionaryString(vatContext, FIELD_VAT_CODE)"
"GetDictionaryDouble","modOrderRepository","933","SetRecordsetValue rs, FIELD_VAT_RATE, GetDictionaryDouble(vatContext, FIELD_VAT_RATE, 0)"
"SetRecordsetValue","modOrderRepository","933","SetRecordsetValue rs, FIELD_VAT_RATE, GetDictionaryDouble(vatContext, FIELD_VAT_RATE, 0)"
"SetUpdatedAuditFields","modOrderRepository","934","SetUpdatedAuditFields rs"
"ApplyDefaultVatContextToOrder","modOrderRepository","937","ApplyDefaultVatContextToOrder = True"
"ApplyDefaultVatContextToOrder","modOrderRepository","947","ApplyDefaultVatContextToOrder = False"
"ApplyDefaultVatContextToOrder","modOrderRepository","948","modErrorHandler.HandleError MODULE_NAME, ""ApplyDefaultVatContextToOrder"", Err"
"HandleError","modOrderRepository","948","modErrorHandler.HandleError MODULE_NAME, ""ApplyDefaultVatContextToOrder"", Err"
"GetAddressRowSourceSql","modOrderRepository","953","GetAddressRowSourceSql = _"
"GetVatCodeRowSourceSql","modOrderRepository","964","GetVatCodeRowSourceSql = _"
"ResolveVatRateByCode","modOrderRepository","980","ResolveVatRateByCode = defaultValue"
"GetCurrentDatabase","modOrderRepository","986","Set db = modDb.GetCurrentDatabase()"
"SqlText","modOrderRepository","988","""SELECT [vat_rate] FROM [ref_vat_code] WHERE [vat_code]="" & SqlText(VatCode) & "";"", _"
"GetRecordsetDoubleValue","modOrderRepository","992","ResolveVatRateByCode = GetRecordsetDoubleValue(rs, FIELD_VAT_RATE, defaultValue)"
"ResolveVatRateByCode","modOrderRepository","992","ResolveVatRateByCode = GetRecordsetDoubleValue(rs, FIELD_VAT_RATE, defaultValue)"
"ResolveVatRateByCode","modOrderRepository","1003","ResolveVatRateByCode = defaultValue"
"HandleError","modOrderRepository","1004","modErrorHandler.HandleError MODULE_NAME, ""ResolveVatRateByCode"", Err"
"ResolveVatRateByCode","modOrderRepository","1004","modErrorHandler.HandleError MODULE_NAME, ""ResolveVatRateByCode"", Err"
"EnsureOrderRepositoryReady","modOrderRepository","1018","If Not EnsureOrderRepositoryReady() Then"
"GetCurrentDatabase","modOrderRepository","1022","Set db = modDb.GetCurrentDatabase()"
"OrderExists","modOrderRepository","1024","OrderExists = Not (rs.BOF And rs.EOF)"
"OrderExists","modOrderRepository","1034","OrderExists = False"
"HandleError","modOrderRepository","1035","modErrorHandler.HandleError MODULE_NAME, ""OrderExists"", Err"
"OrderExists","modOrderRepository","1035","modErrorHandler.HandleError MODULE_NAME, ""OrderExists"", Err"
"RecordsetHasField","modOrderRepository","1040","If modDaoHelper.RecordsetHasField(rsSource, fieldName) Then"
"SetRecordsetValue","modOrderRepository","1041","SetRecordsetValue rsTarget, fieldName, rsSource.Fields(fieldName).Value"
"RecordsetHasField","modOrderRepository","1046","If modDaoHelper.RecordsetHasField(rsSource, fieldName) Then"
"SetRecordsetValue","modOrderRepository","1047","SetRecordsetValue rsTarget, fieldName, rsSource.Fields(fieldName).Value"
"ResolveCurrencyCode","modOrderRepository","1052","ResolveCurrencyCode = Trim$(explicitValue)"
"ResolveCurrencyCode","modOrderRepository","1053","If LenB(ResolveCurrencyCode) = 0 Then"
"GetTenantParameter","modOrderRepository","1054","ResolveCurrencyCode = modTenantRepository.GetTenantParameter(""CURRENCY_CODE"", ""CHF"")"
"ResolveCurrencyCode","modOrderRepository","1054","ResolveCurrencyCode = modTenantRepository.GetTenantParameter(""CURRENCY_CODE"", ""CHF"")"
"ResolveLanguageCode","modOrderRepository","1059","ResolveLanguageCode = Trim$(explicitValue)"
"ResolveLanguageCode","modOrderRepository","1060","If LenB(ResolveLanguageCode) = 0 Then"
"GetCurrentLanguageCode","modOrderRepository","1061","ResolveLanguageCode = modFwTranslationRuntime.GetCurrentLanguageCode()"
"ResolveLanguageCode","modOrderRepository","1061","ResolveLanguageCode = modFwTranslationRuntime.GetCurrentLanguageCode()"
"ResolveTemporarySessionId","modOrderRepository","1066","ResolveTemporarySessionId = Trim$(modSessionContext.currentUserId)"
"ResolveTemporarySessionId","modOrderRepository","1067","If LenB(ResolveTemporarySessionId) = 0 Then"
"ResolveTemporarySessionId","modOrderRepository","1068","ResolveTemporarySessionId = Trim$(modSessionContext.CurrentUserName)"
"ResolveTemporarySessionId","modOrderRepository","1070","If LenB(ResolveTemporarySessionId) = 0 Then"
"ResolveTemporarySessionId","modOrderRepository","1071","ResolveTemporarySessionId = ""SYSTEM"""
"ResolveAddressLanguageCode","modOrderRepository","1081","ResolveAddressLanguageCode = Trim$(defaultValue)"
"GetCurrentDatabase","modOrderRepository","1086","Set db = modDb.GetCurrentDatabase()"
"GetRecordsetStringValue","modOrderRepository","1092","ResolveAddressLanguageCode = GetRecordsetStringValue(rs, FIELD_LANGUAGE_CODE, ResolveAddressLanguageCode)"
"ResolveAddressLanguageCode","modOrderRepository","1092","ResolveAddressLanguageCode = GetRecordsetStringValue(rs, FIELD_LANGUAGE_CODE, ResolveAddressLanguageCode)"
"ResolveAddressLanguageCode","modOrderRepository","1103","ResolveAddressLanguageCode = Trim$(defaultValue)"
"HandleError","modOrderRepository","1104","modErrorHandler.HandleError MODULE_NAME, ""ResolveAddressLanguageCode"", Err"
"ResolveAddressLanguageCode","modOrderRepository","1104","modErrorHandler.HandleError MODULE_NAME, ""ResolveAddressLanguageCode"", Err"
"GetVatMode","modOrderRepository","1110","ResolveVatMode = modVatHandler.GetVatMode()"
"ResolveVatMode","modOrderRepository","1110","ResolveVatMode = modVatHandler.GetVatMode()"
"NormalizeVatMode","modOrderRepository","1112","ResolveVatMode = modVatHandler.NormalizeVatMode(explicitValue)"
"ResolveVatMode","modOrderRepository","1112","ResolveVatMode = modVatHandler.NormalizeVatMode(explicitValue)"
"ResolveTenantCountryCode","modOrderRepository","1117","ResolveTenantCountryCode = UCase$(Trim$( _"
"GetTenantParameter","modOrderRepository","1118","modTenantRepository.GetTenantParameter( _"
"GetTenantParameter","modOrderRepository","1120","modTenantRepository.GetTenantParameter(""SENDER_COUNTRY_CODE"", DEFAULT_TENANT_COUNTRY_CODE))))"
"ResolveTenantCountryCode","modOrderRepository","1121","If LenB(ResolveTenantCountryCode) = 0 Then"
"ResolveTenantCountryCode","modOrderRepository","1122","ResolveTenantCountryCode = DEFAULT_TENANT_COUNTRY_CODE"
"VatCodeExists","modOrderRepository","1130","If VatCodeExists(candidateCode) Then"
"ResolveDefaultZeroVatCode","modOrderRepository","1131","ResolveDefaultZeroVatCode = candidateCode"
"VatCodeExists","modOrderRepository","1132","ElseIf VatCodeExists(DEFAULT_ZERO_VAT_CODE) Then"
"ResolveDefaultZeroVatCode","modOrderRepository","1133","ResolveDefaultZeroVatCode = DEFAULT_ZERO_VAT_CODE"
"FindVatCodeByCountryAndRate","modOrderRepository","1135","ResolveDefaultZeroVatCode = FindVatCodeByCountryAndRate(tenantCountryCode, True, vbNullString)"
"ResolveDefaultZeroVatCode","modOrderRepository","1135","ResolveDefaultZeroVatCode = FindVatCodeByCountryAndRate(tenantCountryCode, True, vbNullString)"
"VatCodeExists","modOrderRepository","1143","If VatCodeExists(candidateCode) Then"
"ResolveDefaultStandardVatCode","modOrderRepository","1144","ResolveDefaultStandardVatCode = candidateCode"
"VatCodeExists","modOrderRepository","1145","ElseIf VatCodeExists(DEFAULT_STANDARD_VAT_CODE) Then"
"ResolveDefaultStandardVatCode","modOrderRepository","1146","ResolveDefaultStandardVatCode = DEFAULT_STANDARD_VAT_CODE"
"FindVatCodeByCountryAndRate","modOrderRepository","1148","ResolveDefaultStandardVatCode = FindVatCodeByCountryAndRate(tenantCountryCode, False, DEFAULT_ZERO_VAT_CODE)"
"ResolveDefaultStandardVatCode","modOrderRepository","1148","ResolveDefaultStandardVatCode = FindVatCodeByCountryAndRate(tenantCountryCode, False, DEFAULT_ZERO_VAT_CODE)"
"GetAddressCountryCode","modOrderRepository","1160","ResolveOrderCountryCode = modAddressRepository.GetAddressCountryCode(effectiveAddressId, ResolveTenantCountryCode())"
"ResolveOrderCountryCode","modOrderRepository","1160","ResolveOrderCountryCode = modAddressRepository.GetAddressCountryCode(effectiveAddressId, ResolveTenantCountryCode())"
"ResolveTenantCountryCode","modOrderRepository","1160","ResolveOrderCountryCode = modAddressRepository.GetAddressCountryCode(effectiveAddressId, ResolveTenantCountryCode())"
"ResolveOrderCountryCode","modOrderRepository","1161","If LenB(ResolveOrderCountryCode) = 0 Then"
"ResolveOrderCountryCode","modOrderRepository","1162","ResolveOrderCountryCode = ResolveTenantCountryCode()"
"ResolveTenantCountryCode","modOrderRepository","1162","ResolveOrderCountryCode = ResolveTenantCountryCode()"
"GetCurrentDatabase","modOrderRepository","1177","Set db = modDb.GetCurrentDatabase()"
"SqlText","modOrderRepository","1179","""SELECT [vat_code] FROM [ref_vat_code] WHERE [vat_code]="" & SqlText(VatCode) & "";"", _"
"VatCodeExists","modOrderRepository","1181","VatCodeExists = Not (rs.BOF And rs.EOF)"
"VatCodeExists","modOrderRepository","1191","VatCodeExists = False"
"FindVatCodeByCountryAndRate","modOrderRepository","1207","FindVatCodeByCountryAndRate = fallbackValue"
"SqlText","modOrderRepository","1214","""AND UCase(Nz([country_code],''))="" & SqlText(countryCode) & "" """
"GetCurrentDatabase","modOrderRepository","1224","Set db = modDb.GetCurrentDatabase()"
"FindVatCodeByCountryAndRate","modOrderRepository","1228","FindVatCodeByCountryAndRate = GetRecordsetStringValue(rs, FIELD_VAT_CODE, fallbackValue)"
"GetRecordsetStringValue","modOrderRepository","1228","FindVatCodeByCountryAndRate = GetRecordsetStringValue(rs, FIELD_VAT_CODE, fallbackValue)"
"FindVatCodeByCountryAndRate","modOrderRepository","1230","FindVatCodeByCountryAndRate = fallbackValue"
"FindVatCodeByCountryAndRate","modOrderRepository","1241","FindVatCodeByCountryAndRate = fallbackValue"
"SqlText","modOrderRepository","1247","SqlText = ""'"" & Replace(Trim$(valueText), ""'"", ""''"") & ""'"""
"RecordsetHasField","modOrderRepository","1251","If modDaoHelper.RecordsetHasField(rs, fieldName) Then"
"GetRecordsetStringValue","modOrderRepository","1252","GetRecordsetStringValue = Trim$(modDaoHelper.NzString(rs.Fields(fieldName).Value, defaultValue))"
"NzString","modOrderRepository","1252","GetRecordsetStringValue = Trim$(modDaoHelper.NzString(rs.Fields(fieldName).Value, defaultValue))"
"GetRecordsetStringValue","modOrderRepository","1254","GetRecordsetStringValue = defaultValue"
"RecordsetHasField","modOrderRepository","1261","If modDaoHelper.RecordsetHasField(rs, fieldName) Then"
"NzString","modOrderRepository","1262","rawValue = modDaoHelper.NzString(rs.Fields(fieldName).Value, CStr(defaultValue))"
"GetRecordsetDoubleValue","modOrderRepository","1264","GetRecordsetDoubleValue = CDbl(rawValue)"
"GetRecordsetDoubleValue","modOrderRepository","1266","GetRecordsetDoubleValue = defaultValue"
"GetRecordsetDoubleValue","modOrderRepository","1269","GetRecordsetDoubleValue = defaultValue"
"RecordsetHasField","modOrderRepository","1274","If modDaoHelper.RecordsetHasField(rs, fieldName) Then"
"GetRecordsetDateValue","modOrderRepository","1276","GetRecordsetDateValue = CDate(rs.Fields(fieldName).Value)"
"GetRecordsetDateValue","modOrderRepository","1278","GetRecordsetDateValue = defaultValue"
"GetRecordsetDateValue","modOrderRepository","1281","GetRecordsetDateValue = defaultValue"
"RecordsetHasField","modOrderRepository","1286","If modDaoHelper.RecordsetHasField(rs, fieldName) Then"
"GetRecordsetLongValue","modOrderRepository","1287","GetRecordsetLongValue = modDaoHelper.NzLong(rs.Fields(fieldName).Value, defaultValue)"
"NzLong","modOrderRepository","1287","GetRecordsetLongValue = modDaoHelper.NzLong(rs.Fields(fieldName).Value, defaultValue)"
"GetRecordsetLongValue","modOrderRepository","1289","GetRecordsetLongValue = defaultValue"
"GetDictionaryString","modOrderRepository","1301","GetDictionaryString = Trim$(modDaoHelper.NzString(dictionaryObject(keyName), vbNullString))"
"NzString","modOrderRepository","1301","GetDictionaryString = Trim$(modDaoHelper.NzString(dictionaryObject(keyName), vbNullString))"
"GetDictionaryDouble","modOrderRepository","1312","GetDictionaryDouble = defaultValue"
"NzString","modOrderRepository","1318","rawValue = modDaoHelper.NzString(dictionaryObject(keyName), CStr(defaultValue))"
"GetDictionaryDouble","modOrderRepository","1320","GetDictionaryDouble = CDbl(rawValue)"
"GetDictionaryLong","modOrderRepository","1330","GetDictionaryLong = defaultValue"
"GetDictionaryLong","modOrderRepository","1336","GetDictionaryLong = modDaoHelper.NzLong(dictionaryObject(keyName), defaultValue)"
"NzLong","modOrderRepository","1336","GetDictionaryLong = modDaoHelper.NzLong(dictionaryObject(keyName), defaultValue)"
"ResolveAuditUserName","modOrderRepository","1343","ResolveAuditUserName = Trim$(currentUserId)"
"ResolveAuditUserName","modOrderRepository","1344","If LenB(ResolveAuditUserName) = 0 Then"
"ResolveAuditUserName","modOrderRepository","1345","ResolveAuditUserName = Trim$(CurrentUserName)"
"ResolveAuditUserName","modOrderRepository","1347","If LenB(ResolveAuditUserName) = 0 Then"
"ResolveAuditUserName","modOrderRepository","1348","ResolveAuditUserName = ""SYSTEM"""
"SetRecordsetValue","modOrderRepository","1353","SetRecordsetValue rs, FIELD_CREATED_AT, Now()"
"ResolveAuditUserName","modOrderRepository","1354","SetRecordsetValue rs, FIELD_CREATED_BY, ResolveAuditUserName()"
"SetRecordsetValue","modOrderRepository","1354","SetRecordsetValue rs, FIELD_CREATED_BY, ResolveAuditUserName()"
"SetRecordsetValue","modOrderRepository","1358","SetRecordsetValue rs, FIELD_UPDATED_AT, Now()"
"ResolveAuditUserName","modOrderRepository","1359","SetRecordsetValue rs, FIELD_UPDATED_BY, ResolveAuditUserName()"
"SetRecordsetValue","modOrderRepository","1359","SetRecordsetValue rs, FIELD_UPDATED_BY, ResolveAuditUserName()"
"TableExists","modOrderRepository","1369","TableExists = True"
"TableExists","modOrderRepository","1376","TableExists = False"
"NzString","modOrderRepository","1389","If UCase$(Trim$(modDaoHelper.NzString(rs.Fields(FIELD_NR_DOCUMENT_TYPE_CODE).Value))) = targetType _"
"NzLong","modOrderRepository","1390","And modDaoHelper.NzLong(rs.Fields(FIELD_NR_FISCAL_YEAR).Value, 0) = FiscalYear Then"
"FindNumberRangeRow","modOrderRepository","1391","FindNumberRangeRow = True"
"FindNumberRangeRow","modOrderRepository","1399","FindNumberRangeRow = False"
"RecordsetHasField","modOrderRepository","1403","If modDaoHelper.RecordsetHasField(rs, fieldName) Then"
"CanReadNumberRanges","modNumberRangeRepository","28","If Not CanReadNumberRanges() Then"
"GetCurrentDatabase","modNumberRangeRepository","32","Set db = modDb.GetCurrentDatabase()"
"GetCurrentNumberValue","modNumberRangeRepository","35","GetCurrentNumberValue = ResolveCurrentValue(rs, DocumentTypeCode, FiscalYear)"
"ResolveCurrentValue","modNumberRangeRepository","35","GetCurrentNumberValue = ResolveCurrentValue(rs, DocumentTypeCode, FiscalYear)"
"GetCurrentNumberValue","modNumberRangeRepository","45","GetCurrentNumberValue = 0"
"GetCurrentNumberValue","modNumberRangeRepository","46","modErrorHandler.HandleError MODULE_NAME, ""GetCurrentNumberValue"", Err"
"HandleError","modNumberRangeRepository","46","modErrorHandler.HandleError MODULE_NAME, ""GetCurrentNumberValue"", Err"
"CanReadNumberRanges","modNumberRangeRepository","57","If Not CanReadNumberRanges() Then"
"GetCurrentDatabase","modNumberRangeRepository","61","Set db = modDb.GetCurrentDatabase()"
"FindNumberRangeRow","modNumberRangeRepository","64","If Not FindNumberRangeRow(rs, DocumentTypeCode, FiscalYear) Then"
"IncrementNumberValue","modNumberRangeRepository","65","modLoggingHandler.LogWarning MODULE_NAME & "".IncrementNumberValue"", _"
"LogWarning","modNumberRangeRepository","65","modLoggingHandler.LogWarning MODULE_NAME & "".IncrementNumberValue"", _"
"NzLong","modNumberRangeRepository","70","nextValue = modDaoHelper.NzLong(rs.Fields(FIELD_CURRENT_VALUE).Value, 0) + 1"
"IncrementNumberValue","modNumberRangeRepository","75","IncrementNumberValue = nextValue"
"IncrementNumberValue","modNumberRangeRepository","77","modLoggingHandler.LogInfo MODULE_NAME & "".IncrementNumberValue"", _"
"LogInfo","modNumberRangeRepository","77","modLoggingHandler.LogInfo MODULE_NAME & "".IncrementNumberValue"", _"
"IncrementNumberValue","modNumberRangeRepository","88","IncrementNumberValue = 0"
"HandleError","modNumberRangeRepository","89","modErrorHandler.HandleError MODULE_NAME, ""IncrementNumberValue"", Err"
"IncrementNumberValue","modNumberRangeRepository","89","modErrorHandler.HandleError MODULE_NAME, ""IncrementNumberValue"", Err"
"CanReadNumberRanges","modNumberRangeRepository","99","If Not CanReadNumberRanges() Then"
"GetCurrentDatabase","modNumberRangeRepository","103","Set db = modDb.GetCurrentDatabase()"
"FindNumberRangeRow","modNumberRangeRepository","106","NumberRangeExists = FindNumberRangeRow(rs, DocumentTypeCode, FiscalYear)"
"NumberRangeExists","modNumberRangeRepository","106","NumberRangeExists = FindNumberRangeRow(rs, DocumentTypeCode, FiscalYear)"
"NumberRangeExists","modNumberRangeRepository","116","NumberRangeExists = False"
"HandleError","modNumberRangeRepository","117","modErrorHandler.HandleError MODULE_NAME, ""NumberRangeExists"", Err"
"NumberRangeExists","modNumberRangeRepository","117","modErrorHandler.HandleError MODULE_NAME, ""NumberRangeExists"", Err"
"ValidateBackendConfiguration","modNumberRangeRepository","122","If Not modDb.ValidateBackendConfiguration() Then"
"CanReadNumberRanges","modNumberRangeRepository","123","modLoggingHandler.LogWarning MODULE_NAME & "".CanReadNumberRanges"", _"
"LogWarning","modNumberRangeRepository","123","modLoggingHandler.LogWarning MODULE_NAME & "".CanReadNumberRanges"", _"
"TableExists","modNumberRangeRepository","128","If Not TableExists(TABLE_TEN_NUMBERRANGE) Then"
"CanReadNumberRanges","modNumberRangeRepository","129","modLoggingHandler.LogWarning MODULE_NAME & "".CanReadNumberRanges"", _"
"LogWarning","modNumberRangeRepository","129","modLoggingHandler.LogWarning MODULE_NAME & "".CanReadNumberRanges"", _"
"CanReadNumberRanges","modNumberRangeRepository","134","CanReadNumberRanges = True"
"GetCurrentDatabase","modNumberRangeRepository","143","Set db = modDb.GetCurrentDatabase()"
"TableExists","modNumberRangeRepository","146","TableExists = True"
"TableExists","modNumberRangeRepository","157","TableExists = False"
"HandleError","modNumberRangeRepository","158","modErrorHandler.HandleError MODULE_NAME, ""TableExists"", Err"
"TableExists","modNumberRangeRepository","158","modErrorHandler.HandleError MODULE_NAME, ""TableExists"", Err"
"RecordsetHasField","modNumberRangeRepository","176","If Not modDaoHelper.RecordsetHasField(rs, FIELD_DOCUMENT_TYPE_CODE) _"
"RecordsetHasField","modNumberRangeRepository","177","Or Not modDaoHelper.RecordsetHasField(rs, FIELD_FISCAL_YEAR) _"
"RecordsetHasField","modNumberRangeRepository","178","Or Not modDaoHelper.RecordsetHasField(rs, FIELD_CURRENT_VALUE) Then"
"FindNumberRangeRow","modNumberRangeRepository","179","modLoggingHandler.LogWarning MODULE_NAME & "".FindNumberRangeRow"", _"
"LogWarning","modNumberRangeRepository","179","modLoggingHandler.LogWarning MODULE_NAME & "".FindNumberRangeRow"", _"
"NzString","modNumberRangeRepository","186","If UCase$(Trim$(modDaoHelper.NzString(rs.Fields(FIELD_DOCUMENT_TYPE_CODE).Value))) = targetType _"
"NzLong","modNumberRangeRepository","187","And modDaoHelper.NzLong(rs.Fields(FIELD_FISCAL_YEAR).Value, 0) = FiscalYear Then"
"RecordsetHasField","modNumberRangeRepository","189","If modDaoHelper.RecordsetHasField(rs, FIELD_IS_ACTIVE) Then"
"NzBoolean","modNumberRangeRepository","190","If Not modDaoHelper.NzBoolean(rs.Fields(FIELD_IS_ACTIVE).Value, False) Then"
"FindNumberRangeRow","modNumberRangeRepository","196","FindNumberRangeRow = True"
"FindNumberRangeRow","modNumberRangeRepository","206","FindNumberRangeRow = False"
"FindNumberRangeRow","modNumberRangeRepository","207","modErrorHandler.HandleError MODULE_NAME, ""FindNumberRangeRow"", Err"
"HandleError","modNumberRangeRepository","207","modErrorHandler.HandleError MODULE_NAME, ""FindNumberRangeRow"", Err"
"FindNumberRangeRow","modNumberRangeRepository","213","If FindNumberRangeRow(rs, DocumentTypeCode, FiscalYear) Then"
"NzLong","modNumberRangeRepository","214","ResolveCurrentValue = modDaoHelper.NzLong(rs.Fields(FIELD_CURRENT_VALUE).Value, 0)"
"ResolveCurrentValue","modNumberRangeRepository","214","ResolveCurrentValue = modDaoHelper.NzLong(rs.Fields(FIELD_CURRENT_VALUE).Value, 0)"
"ResolveCurrentValue","modNumberRangeRepository","219","ResolveCurrentValue = 0"
"HandleError","modNumberRangeRepository","220","modErrorHandler.HandleError MODULE_NAME, ""ResolveCurrentValue"", Err"
"ResolveCurrentValue","modNumberRangeRepository","220","modErrorHandler.HandleError MODULE_NAME, ""ResolveCurrentValue"", Err"
"NzString","modDaoHelper","18","NzString = defaultValue"
"NzString","modDaoHelper","20","NzString = CStr(Value)"
"NzString","modDaoHelper","25","NzString = defaultValue"
"HandleError","modDaoHelper","26","modErrorHandler.HandleError MODULE_NAME, ""NzString"", Err"
"NzString","modDaoHelper","26","modErrorHandler.HandleError MODULE_NAME, ""NzString"", Err"
"NzLong","modDaoHelper","33","NzLong = defaultValue"
"NzLong","modDaoHelper","35","NzLong = CLng(Value)"
"NzLong","modDaoHelper","37","NzLong = defaultValue"
"NzLong","modDaoHelper","42","NzLong = defaultValue"
"HandleError","modDaoHelper","43","modErrorHandler.HandleError MODULE_NAME, ""NzLong"", Err"
"NzLong","modDaoHelper","43","modErrorHandler.HandleError MODULE_NAME, ""NzLong"", Err"
"NzBoolean","modDaoHelper","50","NzBoolean = defaultValue"
"NzBoolean","modDaoHelper","54","NzBoolean = True"
"NzBoolean","modDaoHelper","56","NzBoolean = False"
"NzBoolean","modDaoHelper","58","NzBoolean = CBool(Value)"
"NzBoolean","modDaoHelper","64","NzBoolean = defaultValue"
"HandleError","modDaoHelper","65","modErrorHandler.HandleError MODULE_NAME, ""NzBoolean"", Err"
"NzBoolean","modDaoHelper","65","modErrorHandler.HandleError MODULE_NAME, ""NzBoolean"", Err"
"RecordsetHasField","modDaoHelper","81","RecordsetHasField = True"
"RecordsetHasField","modDaoHelper","88","RecordsetHasField = False"
"HandleError","modDaoHelper","89","modErrorHandler.HandleError MODULE_NAME, ""RecordsetHasField"", Err"
"RecordsetHasField","modDaoHelper","89","modErrorHandler.HandleError MODULE_NAME, ""RecordsetHasField"", Err"
"TableExists","modFwTranslationAuditService","71","If TableExists(db, TABLE_AUDIT) Then"
"EnsureTranslationAuditTable","modFwTranslationAuditService","91","modLoggingHandler.LogInfo MODULE_NAME & "".EnsureTranslationAuditTable"", _"
"LogInfo","modFwTranslationAuditService","91","modLoggingHandler.LogInfo MODULE_NAME & "".EnsureTranslationAuditTable"", _"
"EnsureTranslationAuditTable","modFwTranslationAuditService","96","modErrorHandler.HandleError MODULE_NAME, ""EnsureTranslationAuditTable"", Err"
"HandleError","modFwTranslationAuditService","96","modErrorHandler.HandleError MODULE_NAME, ""EnsureTranslationAuditTable"", Err"
"TableExists","modFwTranslationAuditService","105","If TableExists(db, TABLE_EXPECTED) Then"
"EnsureTranslationExpectedTable","modFwTranslationAuditService","123","modLoggingHandler.LogInfo MODULE_NAME & "".EnsureTranslationExpectedTable"", _"
"LogInfo","modFwTranslationAuditService","123","modLoggingHandler.LogInfo MODULE_NAME & "".EnsureTranslationExpectedTable"", _"
"EnsureTranslationExpectedTable","modFwTranslationAuditService","128","modErrorHandler.HandleError MODULE_NAME, ""EnsureTranslationExpectedTable"", Err"
"HandleError","modFwTranslationAuditService","128","modErrorHandler.HandleError MODULE_NAME, ""EnsureTranslationExpectedTable"", Err"
"EnsureTranslationAuditTable","modFwTranslationAuditService","139","EnsureTranslationAuditTable"
"EnsureTranslationExpectedTable","modFwTranslationAuditService","140","EnsureTranslationExpectedTable"
"EnsureRegistryExpectedKeysFromActiveTranslations","modFwTranslationAuditService","141","EnsureRegistryExpectedKeysFromActiveTranslations"
"CollectFormExpectedKeys","modFwTranslationAuditService","148","expectedCount = expectedCount + CollectFormExpectedKeys(db, expectedKeys)"
"CollectRegistryExpectedKeys","modFwTranslationAuditService","149","expectedCount = expectedCount + CollectRegistryExpectedKeys(db, expectedKeys)"
"CollectNavigationExpectedKeys","modFwTranslationAuditService","150","expectedCount = expectedCount + CollectNavigationExpectedKeys(db, expectedKeys)"
"CollectReferenceExpectedKeys","modFwTranslationAuditService","151","expectedCount = expectedCount + CollectReferenceExpectedKeys(db, expectedKeys, ""ref_unit"", """", ""unit_code"")"
"CollectReferenceExpectedKeys","modFwTranslationAuditService","152","expectedCount = expectedCount + CollectReferenceExpectedKeys(db, expectedKeys, ""ref_vat_code"", """", ""vat_code"")"
"CollectReferenceExpectedKeys","modFwTranslationAuditService","153","expectedCount = expectedCount + CollectReferenceExpectedKeys(db, expectedKeys, ""ref_article_type_code"", ""article_type_name"", ""article_type_code"")"
"CollectReferenceExpectedKeys","modFwTranslationAuditService","154","expectedCount = expectedCount + CollectReferenceExpectedKeys(db, expectedKeys, ""ref_address_type"", """", ""address_type_code"")"
"CollectReferenceExpectedKeys","modFwTranslationAuditService","155","expectedCount = expectedCount + CollectReferenceExpectedKeys(db, expectedKeys, ""ref_salutation"", """", ""salutation_code"")"
"CollectReferenceExpectedKeys","modFwTranslationAuditService","156","expectedCount = expectedCount + CollectReferenceExpectedKeys(db, expectedKeys, ""ref_addressing_mode"", """", ""addressing_mode_code"")"
"CollectReferenceExpectedKeys","modFwTranslationAuditService","157","expectedCount = expectedCount + CollectReferenceExpectedKeys(db, expectedKeys, ""ref_contact_type"", """", ""contact_type_code"")"
"AppendOrphanAuditRows","modFwTranslationAuditService","159","orphanCount = AppendOrphanAuditRows(db, expectedKeys)"
"BuildTranslationAuditData","modFwTranslationAuditService","161","modLoggingHandler.LogInfo MODULE_NAME & "".BuildTranslationAuditData"", _"
"LogInfo","modFwTranslationAuditService","161","modLoggingHandler.LogInfo MODULE_NAME & "".BuildTranslationAuditData"", _"
"GetTranslationCoverageSummary","modFwTranslationAuditService","163","""; orphan_rows="" & CStr(orphanCount) & ""; "" & GetTranslationCoverageSummary()"
"BuildTranslationAuditData","modFwTranslationAuditService","167","modErrorHandler.HandleError MODULE_NAME, ""BuildTranslationAuditData"", Err"
"HandleError","modFwTranslationAuditService","167","modErrorHandler.HandleError MODULE_NAME, ""BuildTranslationAuditData"", Err"
"EnsureTranslationAuditTable","modFwTranslationAuditService","180","EnsureTranslationAuditTable"
"SqlText","modFwTranslationAuditService","186","""WHERE audit_status = "" & SqlText(STATUS_MISSING_ROW) & "" "" & _"
"NzString","modFwTranslationAuditService","190","translationKey = modDaoHelper.NzString(rs.Fields(FIELD_TRANSLATION_KEY).Value)"
"NzString","modFwTranslationAuditService","191","languageCode = modDaoHelper.NzString(rs.Fields(FIELD_LANGUAGE_CODE).Value)"
"NzString","modFwTranslationAuditService","192","scopeCode = modDaoHelper.NzString(rs.Fields(FIELD_SCOPE_CODE).Value)"
"TranslationRowExists","modFwTranslationAuditService","194","If Not TranslationRowExists(db, translationKey, languageCode) Then"
"InsertMissingTranslationRow","modFwTranslationAuditService","195","InsertMissingTranslationRow db, translationKey, languageCode, scopeCode"
"EnsureMissingTranslationRows","modFwTranslationAuditService","205","modLoggingHandler.LogInfo MODULE_NAME & "".EnsureMissingTranslationRows"", _"
"LogInfo","modFwTranslationAuditService","205","modLoggingHandler.LogInfo MODULE_NAME & "".EnsureMissingTranslationRows"", _"
"EnsureMissingTranslationRows","modFwTranslationAuditService","213","modErrorHandler.HandleError MODULE_NAME, ""EnsureMissingTranslationRows"", Err"
"HandleError","modFwTranslationAuditService","213","modErrorHandler.HandleError MODULE_NAME, ""EnsureMissingTranslationRows"", Err"
"TableExists","modFwTranslationAuditService","225","If Not TableExists(db, TABLE_AUDIT) Then"
"NzString","modFwTranslationAuditService","240","modDaoHelper.NzString(rs.Fields(FIELD_SCOPE_CODE).Value, ""?"") & ""/"" & _"
"NzString","modFwTranslationAuditService","241","modDaoHelper.NzString(rs.Fields(FIELD_LANGUAGE_CODE).Value, ""?"") & ""/"" & _"
"NzString","modFwTranslationAuditService","242","modDaoHelper.NzString(rs.Fields(FIELD_AUDIT_STATUS).Value, ""?"") & ""="" & _"
"NzLong","modFwTranslationAuditService","243","CStr(modDaoHelper.NzLong(rs.Fields(""row_count"").Value, 0))"
"GetTranslationCoverageSummary","modFwTranslationAuditService","250","GetTranslationCoverageSummary = summaryText"
"GetTranslationCoverageSummary","modFwTranslationAuditService","257","GetTranslationCoverageSummary = vbNullString"
"GetTranslationCoverageSummary","modFwTranslationAuditService","258","modErrorHandler.HandleError MODULE_NAME, ""GetTranslationCoverageSummary"", Err"
"HandleError","modFwTranslationAuditService","258","modErrorHandler.HandleError MODULE_NAME, ""GetTranslationCoverageSummary"", Err"
"IsProjectFormLoaded","modFwTranslationAuditService","274","wasAlreadyOpen = IsProjectFormLoaded(FormName)"
"OpenFormHiddenDesignIfNeeded","modFwTranslationAuditService","275","openedByAudit = OpenFormHiddenDesignIfNeeded(FormName, wasAlreadyOpen)"
"ResolveScannableFormInstance","modFwTranslationAuditService","277","Set formInstance = ResolveScannableFormInstance(FormName)"
"GetTagTextSafely","modFwTranslationAuditService","280","translationKey = NormalizeExpectedKey(modFwTranslationRuntime.GetTranslationKeyFromTag(GetTagTextSafely(formInstance.Tag)))"
"GetTranslationKeyFromTag","modFwTranslationAuditService","280","translationKey = NormalizeExpectedKey(modFwTranslationRuntime.GetTranslationKeyFromTag(GetTagTextSafely(formInstance.Tag)))"
"NormalizeExpectedKey","modFwTranslationAuditService","280","translationKey = NormalizeExpectedKey(modFwTranslationRuntime.GetTranslationKeyFromTag(GetTagTextSafely(formInstance.Tag)))"
"ResolveScopeCodeFromKey","modFwTranslationAuditService","281","If ResolveScopeCodeFromKey(translationKey) = SCOPE_FORM Then"
"AddExpectedKey","modFwTranslationAuditService","282","If AddExpectedKey(expectedKeys, translationKey) Then"
"AppendExpectedAuditRows","modFwTranslationAuditService","283","AppendExpectedAuditRows db, SCOPE_FORM, translationKey, SOURCE_FORM, FormName, vbNullString, NzCaptionTextSafely(formInstance, translationKey)"
"NzCaptionTextSafely","modFwTranslationAuditService","283","AppendExpectedAuditRows db, SCOPE_FORM, translationKey, SOURCE_FORM, FormName, vbNullString, NzCaptionTextSafely(formInstance, translationKey)"
"CollectFormExpectedKeys","modFwTranslationAuditService","284","CollectFormExpectedKeys = CollectFormExpectedKeys + 1"
"GetControlTagSafely","modFwTranslationAuditService","289","translationKey = NormalizeExpectedKey(modFwTranslationRuntime.GetTranslationKeyFromTag(GetControlTagSafely(ctl)))"
"GetTranslationKeyFromTag","modFwTranslationAuditService","289","translationKey = NormalizeExpectedKey(modFwTranslationRuntime.GetTranslationKeyFromTag(GetControlTagSafely(ctl)))"
"NormalizeExpectedKey","modFwTranslationAuditService","289","translationKey = NormalizeExpectedKey(modFwTranslationRuntime.GetTranslationKeyFromTag(GetControlTagSafely(ctl)))"
"ResolveScopeCodeFromKey","modFwTranslationAuditService","290","If ResolveScopeCodeFromKey(translationKey) = SCOPE_FORM Then"
"AddExpectedKey","modFwTranslationAuditService","291","If AddExpectedKey(expectedKeys, translationKey) Then"
"AppendExpectedAuditRows","modFwTranslationAuditService","292","AppendExpectedAuditRows db, SCOPE_FORM, translationKey, SOURCE_FORM, FormName, ctl.Name, GetControlFallbackText(ctl, translationKey)"
"GetControlFallbackText","modFwTranslationAuditService","292","AppendExpectedAuditRows db, SCOPE_FORM, translationKey, SOURCE_FORM, FormName, ctl.Name, GetControlFallbackText(ctl, translationKey)"
"CollectFormExpectedKeys","modFwTranslationAuditService","293","CollectFormExpectedKeys = CollectFormExpectedKeys + 1"
"CloseFormNoSave","modFwTranslationAuditService","301","CloseFormNoSave FormName"
"CollectFormExpectedKeys","modFwTranslationAuditService","308","modLoggingHandler.LogWarning MODULE_NAME & "".CollectFormExpectedKeys"", _"
"LogWarning","modFwTranslationAuditService","308","modLoggingHandler.LogWarning MODULE_NAME & "".CollectFormExpectedKeys"", _"
"TableExists","modFwTranslationAuditService","323","If Not TableExists(db, TABLE_EXPECTED) Then"
"NormalizeExpectedKey","modFwTranslationAuditService","334","translationKey = NormalizeExpectedKey(modDaoHelper.NzString(rs.Fields(FIELD_TRANSLATION_KEY).Value))"
"NzString","modFwTranslationAuditService","334","translationKey = NormalizeExpectedKey(modDaoHelper.NzString(rs.Fields(FIELD_TRANSLATION_KEY).Value))"
"NzString","modFwTranslationAuditService","335","scopeCode = modDaoHelper.NzString(rs.Fields(FIELD_SCOPE_CODE).Value)"
"ResolveScopeCodeFromKey","modFwTranslationAuditService","337","scopeCode = ResolveScopeCodeFromKey(translationKey)"
"NzString","modFwTranslationAuditService","339","sourceObject = modDaoHelper.NzString(rs.Fields(FIELD_SOURCE_OBJECT).Value)"
"NzString","modFwTranslationAuditService","340","fallbackText = modDaoHelper.NzString(rs.Fields(FIELD_FALLBACK_TEXT).Value, translationKey)"
"AddExpectedKey","modFwTranslationAuditService","343","If AddExpectedKey(expectedKeys, translationKey) Then"
"AppendExpectedAuditRows","modFwTranslationAuditService","344","AppendExpectedAuditRows db, scopeCode, translationKey, SOURCE_REGISTRY, sourceObject, vbNullString, fallbackText"
"CollectRegistryExpectedKeys","modFwTranslationAuditService","345","CollectRegistryExpectedKeys = CollectRegistryExpectedKeys + 1"
"CollectRegistryExpectedKeys","modFwTranslationAuditService","359","modErrorHandler.HandleError MODULE_NAME, ""CollectRegistryExpectedKeys"", Err"
"HandleError","modFwTranslationAuditService","359","modErrorHandler.HandleError MODULE_NAME, ""CollectRegistryExpectedKeys"", Err"
"TableExists","modFwTranslationAuditService","371","If Not TableExists(db, TABLE_NAVIGATION) Then"
"NormalizeExpectedKey","modFwTranslationAuditService","382","translationKey = NormalizeExpectedKey(modDaoHelper.NzString(rs.Fields(FIELD_CAPTION_KEY).Value))"
"NzString","modFwTranslationAuditService","382","translationKey = NormalizeExpectedKey(modDaoHelper.NzString(rs.Fields(FIELD_CAPTION_KEY).Value))"
"NzString","modFwTranslationAuditService","384","fallbackText = modDaoHelper.NzString(rs.Fields(FIELD_FALLBACK_CAPTION).Value, translationKey)"
"NzString","modFwTranslationAuditService","385","sourceObject = modDaoHelper.NzString(rs.Fields(FIELD_OBJECT_NAME).Value)"
"NzLong","modFwTranslationAuditService","387","sourceObject = CStr(modDaoHelper.NzLong(rs.Fields(FIELD_NAVIGATION_ID).Value, 0))"
"AddExpectedKey","modFwTranslationAuditService","390","If AddExpectedKey(expectedKeys, translationKey) Then"
"AppendExpectedAuditRows","modFwTranslationAuditService","391","AppendExpectedAuditRows db, SCOPE_NAV, translationKey, SOURCE_NAVIGATION, sourceObject, vbNullString, fallbackText"
"CollectNavigationExpectedKeys","modFwTranslationAuditService","392","CollectNavigationExpectedKeys = CollectNavigationExpectedKeys + 1"
"CollectNavigationExpectedKeys","modFwTranslationAuditService","406","modErrorHandler.HandleError MODULE_NAME, ""CollectNavigationExpectedKeys"", Err"
"HandleError","modFwTranslationAuditService","406","modErrorHandler.HandleError MODULE_NAME, ""CollectNavigationExpectedKeys"", Err"
"TableExists","modFwTranslationAuditService","423","If Not TableExists(db, tableName) Then"
"ResolveReadableFieldName","modFwTranslationAuditService","430","readableFieldName = ResolveReadableFieldName(rs, preferredNameField, fallbackCodeFieldName)"
"RecordsetHasField","modFwTranslationAuditService","433","If modDaoHelper.RecordsetHasField(rs, FIELD_TRANSLATION_KEY) Then"
"NormalizeExpectedKey","modFwTranslationAuditService","434","translationKey = NormalizeExpectedKey(modDaoHelper.NzString(rs.Fields(FIELD_TRANSLATION_KEY).Value))"
"NzString","modFwTranslationAuditService","434","translationKey = NormalizeExpectedKey(modDaoHelper.NzString(rs.Fields(FIELD_TRANSLATION_KEY).Value))"
"ResolveRecordsetFallbackText","modFwTranslationAuditService","436","fallbackText = ResolveRecordsetFallbackText(rs, readableFieldName, translationKey)"
"AddExpectedKey","modFwTranslationAuditService","437","If AddExpectedKey(expectedKeys, translationKey) Then"
"AppendExpectedAuditRows","modFwTranslationAuditService","438","AppendExpectedAuditRows db, SCOPE_REF, translationKey, SOURCE_REFERENCE, tableName, vbNullString, fallbackText"
"CollectReferenceExpectedKeys","modFwTranslationAuditService","439","CollectReferenceExpectedKeys = CollectReferenceExpectedKeys + 1"
"CollectReferenceExpectedKeys","modFwTranslationAuditService","454","modErrorHandler.HandleError MODULE_NAME, ""CollectReferenceExpectedKeys"", Err"
"HandleError","modFwTranslationAuditService","454","modErrorHandler.HandleError MODULE_NAME, ""CollectReferenceExpectedKeys"", Err"
"RequiredLanguages","modFwTranslationAuditService","472","languages = RequiredLanguages()"
"TryGetTranslationValue","modFwTranslationAuditService","475","existsInTranslation = TryGetTranslationValue(db, translationKey, CStr(languageCode), TranslationValue)"
"NzString","modFwTranslationAuditService","479","ElseIf LenB(Trim$(modDaoHelper.NzString(TranslationValue))) = 0 Then"
"InsertAuditRow","modFwTranslationAuditService","485","InsertAuditRow db, scopeCode, translationKey, CStr(languageCode), auditStatus, _"
"TableExists","modFwTranslationAuditService","500","If Not TableExists(db, TABLE_TRANSLATION) Then"
"NormalizeExpectedKey","modFwTranslationAuditService","511","translationKey = NormalizeExpectedKey(modDaoHelper.NzString(rs.Fields(FIELD_TRANSLATION_KEY).Value))"
"NzString","modFwTranslationAuditService","511","translationKey = NormalizeExpectedKey(modDaoHelper.NzString(rs.Fields(FIELD_TRANSLATION_KEY).Value))"
"BuildExpectedKeyToken","modFwTranslationAuditService","513","If Not CollectionContains(expectedKeys, BuildExpectedKeyToken(translationKey)) Then"
"CollectionContains","modFwTranslationAuditService","513","If Not CollectionContains(expectedKeys, BuildExpectedKeyToken(translationKey)) Then"
"NzString","modFwTranslationAuditService","514","languageCode = modDaoHelper.NzString(rs.Fields(FIELD_LANGUAGE_CODE).Value)"
"RecordsetHasField","modFwTranslationAuditService","517","If modDaoHelper.RecordsetHasField(rs, FIELD_MODULE_CODE) Then"
"NzString","modFwTranslationAuditService","518","If LenB(Trim$(modDaoHelper.NzString(rs.Fields(FIELD_MODULE_CODE).Value))) > 0 Then"
"NzString","modFwTranslationAuditService","519","sourceObject = sourceObject & "":"" & Trim$(modDaoHelper.NzString(rs.Fields(FIELD_MODULE_CODE).Value))"
"InsertAuditRow","modFwTranslationAuditService","523","InsertAuditRow db, ResolveScopeCodeFromKey(translationKey), translationKey, languageCode, ResolveLegacyAuditStatus(translationKey), _"
"ResolveLegacyAuditStatus","modFwTranslationAuditService","523","InsertAuditRow db, ResolveScopeCodeFromKey(translationKey), translationKey, languageCode, ResolveLegacyAuditStatus(translationKey), _"
"ResolveScopeCodeFromKey","modFwTranslationAuditService","523","InsertAuditRow db, ResolveScopeCodeFromKey(translationKey), translationKey, languageCode, ResolveLegacyAuditStatus(translationKey), _"
"AppendOrphanAuditRows","modFwTranslationAuditService","525","AppendOrphanAuditRows = AppendOrphanAuditRows + 1"
"AppendOrphanAuditRows","modFwTranslationAuditService","539","modErrorHandler.HandleError MODULE_NAME, ""AppendOrphanAuditRows"", Err"
"HandleError","modFwTranslationAuditService","539","modErrorHandler.HandleError MODULE_NAME, ""AppendOrphanAuditRows"", Err"
"EnsureTranslationExpectedTable","modFwTranslationAuditService","551","EnsureTranslationExpectedTable"
"TableExists","modFwTranslationAuditService","554","If Not TableExists(db, TABLE_TRANSLATION) Then"
"SqlText","modFwTranslationAuditService","562","FIELD_TRANSLATION_KEY & "" Like "" & SqlText(""MSG.*"") & "" "" & _"
"SqlText","modFwTranslationAuditService","563","""OR "" & FIELD_TRANSLATION_KEY & "" Like "" & SqlText(""MSG_*"") & "" "" & _"
"SqlText","modFwTranslationAuditService","564","""OR "" & FIELD_TRANSLATION_KEY & "" Like "" & SqlText(""STATUS.*"") & "" "" & _"
"SqlText","modFwTranslationAuditService","565","""OR "" & FIELD_TRANSLATION_KEY & "" Like "" & SqlText(""ERR_*"") & "" "" & _"
"SqlText","modFwTranslationAuditService","566","""OR "" & FIELD_TRANSLATION_KEY & "" Like "" & SqlText(""COMMON.*"") & "");"""
"NormalizeExpectedKey","modFwTranslationAuditService","570","translationKey = NormalizeExpectedKey(modDaoHelper.NzString(rs.Fields(FIELD_TRANSLATION_KEY).Value))"
"NzString","modFwTranslationAuditService","570","translationKey = NormalizeExpectedKey(modDaoHelper.NzString(rs.Fields(FIELD_TRANSLATION_KEY).Value))"
"ResolveScopeCodeFromKey","modFwTranslationAuditService","571","scopeCode = ResolveScopeCodeFromKey(translationKey)"
"EnsureExpectedRegistryRow","modFwTranslationAuditService","577","EnsureExpectedRegistryRow db, scopeCode, translationKey, TABLE_TRANSLATION, vbNullString"
"EnsureRegistryExpectedKeysFromActiveTranslations","modFwTranslationAuditService","590","modErrorHandler.HandleError MODULE_NAME, ""EnsureRegistryExpectedKeysFromActiveTranslations"", Err"
"HandleError","modFwTranslationAuditService","590","modErrorHandler.HandleError MODULE_NAME, ""EnsureRegistryExpectedKeysFromActiveTranslations"", Err"
"SqlText","modFwTranslationAuditService","605","criteria = FIELD_TRANSLATION_KEY & "" = "" & SqlText(translationKey)"
"ResolveAuditUser","modFwTranslationAuditService","606","auditUser = ResolveAuditUser()"
"SqlNullableText","modFwTranslationAuditService","615","SqlNullableText(scopeCode) & "", "" & _"
"SqlText","modFwTranslationAuditService","616","SqlText(translationKey) & "", "" & _"
"SqlNullableText","modFwTranslationAuditService","617","SqlNullableText(sourceObject) & "", "" & _"
"SqlNullableText","modFwTranslationAuditService","618","SqlNullableText(fallbackText) & "", True, Now(), "" & _"
"SqlText","modFwTranslationAuditService","619","SqlText(auditUser) & "", Now(), "" & SqlText(auditUser) & "");"""
"EnsureExpectedRegistryRow","modFwTranslationAuditService","625","modErrorHandler.HandleError MODULE_NAME, ""EnsureExpectedRegistryRow"", Err"
"HandleError","modFwTranslationAuditService","625","modErrorHandler.HandleError MODULE_NAME, ""EnsureExpectedRegistryRow"", Err"
"TableExists","modFwTranslationAuditService","638","If Not TableExists(db, TABLE_TRANSLATION) Then"
"SqlText","modFwTranslationAuditService","644","""WHERE "" & FIELD_TRANSLATION_KEY & "" = "" & SqlText(translationKey) & "" "" & _"
"SqlText","modFwTranslationAuditService","645","""AND "" & FIELD_LANGUAGE_CODE & "" = "" & SqlText(languageCode) & "";"""
"TryGetTranslationValue","modFwTranslationAuditService","650","TryGetTranslationValue = True"
"HandleError","modFwTranslationAuditService","661","modErrorHandler.HandleError MODULE_NAME, ""TryGetTranslationValue"", Err"
"TryGetTranslationValue","modFwTranslationAuditService","661","modErrorHandler.HandleError MODULE_NAME, ""TryGetTranslationValue"", Err"
"TableExists","modFwTranslationAuditService","667","If Not TableExists(db, TABLE_TRANSLATION) Then"
"TranslationRowExists","modFwTranslationAuditService","671","TranslationRowExists = (DCount(""*"", TABLE_TRANSLATION, _"
"SqlText","modFwTranslationAuditService","672","FIELD_TRANSLATION_KEY & "" = "" & SqlText(translationKey) & _"
"SqlText","modFwTranslationAuditService","673",""" AND "" & FIELD_LANGUAGE_CODE & "" = "" & SqlText(languageCode)) > 0)"
"HandleError","modFwTranslationAuditService","677","modErrorHandler.HandleError MODULE_NAME, ""TranslationRowExists"", Err"
"TranslationRowExists","modFwTranslationAuditService","677","modErrorHandler.HandleError MODULE_NAME, ""TranslationRowExists"", Err"
"SetRecordsetFieldValue","modFwTranslationAuditService","691","SetRecordsetFieldValue rs, FIELD_LANGUAGE_CODE, languageCode"
"SetRecordsetFieldValue","modFwTranslationAuditService","692","SetRecordsetFieldValue rs, FIELD_TRANSLATION_KEY, translationKey"
"SetRecordsetFieldValue","modFwTranslationAuditService","693","SetRecordsetFieldValue rs, FIELD_TRANSLATION_VALUE, Null"
"SetRecordsetFieldValue","modFwTranslationAuditService","694","SetRecordsetFieldValue rs, FIELD_IS_ACTIVE, True"
"SetRecordsetFieldValue","modFwTranslationAuditService","695","SetRecordsetFieldValue rs, FIELD_MODULE_CODE, scopeCode"
"SetRecordsetFieldValue","modFwTranslationAuditService","696","SetRecordsetFieldValue rs, FIELD_SORT_ORDER, 0"
"SetRecordsetFieldValue","modFwTranslationAuditService","697","SetRecordsetFieldValue rs, FIELD_CREATED_AT, Now()"
"ResolveAuditUser","modFwTranslationAuditService","698","SetRecordsetFieldValue rs, FIELD_CREATED_BY, ResolveAuditUser()"
"SetRecordsetFieldValue","modFwTranslationAuditService","698","SetRecordsetFieldValue rs, FIELD_CREATED_BY, ResolveAuditUser()"
"SetRecordsetFieldValue","modFwTranslationAuditService","699","SetRecordsetFieldValue rs, FIELD_UPDATED_AT, Now()"
"ResolveAuditUser","modFwTranslationAuditService","700","SetRecordsetFieldValue rs, FIELD_UPDATED_BY, ResolveAuditUser()"
"SetRecordsetFieldValue","modFwTranslationAuditService","700","SetRecordsetFieldValue rs, FIELD_UPDATED_BY, ResolveAuditUser()"
"HandleError","modFwTranslationAuditService","714","modErrorHandler.HandleError MODULE_NAME, ""InsertMissingTranslationRow"", Err"
"InsertMissingTranslationRow","modFwTranslationAuditService","714","modErrorHandler.HandleError MODULE_NAME, ""InsertMissingTranslationRow"", Err"
"SqlNullableText","modFwTranslationAuditService","736","SqlNullableText(scopeCode) & "", "" & _"
"SqlText","modFwTranslationAuditService","737","SqlText(translationKey) & "", "" & _"
"SqlNullableText","modFwTranslationAuditService","738","SqlNullableText(languageCode) & "", "" & _"
"SqlText","modFwTranslationAuditService","739","SqlText(auditStatus) & "", "" & _"
"SqlNullableText","modFwTranslationAuditService","740","SqlNullableText(sourceType) & "", "" & _"
"SqlNullableText","modFwTranslationAuditService","741","SqlNullableText(sourceObject) & "", "" & _"
"SqlNullableText","modFwTranslationAuditService","742","SqlNullableText(sourceControl) & "", "" & _"
"SqlNullableText","modFwTranslationAuditService","743","SqlNullableText(fallbackText) & "", "" & _"
"SqlLongText","modFwTranslationAuditService","744","SqlLongText(TranslationValue) & "", "" & _"
"RecordsetHasField","modFwTranslationAuditService","757","If modDaoHelper.RecordsetHasField(rs, preferredNameField) Then"
"ResolveReadableFieldName","modFwTranslationAuditService","758","ResolveReadableFieldName = preferredNameField"
"RecordsetHasField","modFwTranslationAuditService","764","If modDaoHelper.RecordsetHasField(rs, fallbackCodeFieldName) Then"
"ResolveReadableFieldName","modFwTranslationAuditService","765","ResolveReadableFieldName = fallbackCodeFieldName"
"RecordsetHasField","modFwTranslationAuditService","776","If modDaoHelper.RecordsetHasField(rs, fieldName) Then"
"NzString","modFwTranslationAuditService","777","ResolveRecordsetFallbackText = Trim$(modDaoHelper.NzString(rs.Fields(fieldName).Value, defaultValue))"
"ResolveRecordsetFallbackText","modFwTranslationAuditService","777","ResolveRecordsetFallbackText = Trim$(modDaoHelper.NzString(rs.Fields(fieldName).Value, defaultValue))"
"ResolveRecordsetFallbackText","modFwTranslationAuditService","781","If LenB(ResolveRecordsetFallbackText) = 0 Then"
"ResolveRecordsetFallbackText","modFwTranslationAuditService","782","ResolveRecordsetFallbackText = defaultValue"
"NzString","modFwTranslationAuditService","787","translationKey = Trim$(modDaoHelper.NzString(translationKey))"
"LogWarning","modFwTranslationAuditService","794","modLoggingHandler.LogWarning MODULE_NAME & "".NormalizeExpectedKey"", _"
"NormalizeExpectedKey","modFwTranslationAuditService","794","modLoggingHandler.LogWarning MODULE_NAME & "".NormalizeExpectedKey"", _"
"NormalizeExpectedKey","modFwTranslationAuditService","799","NormalizeExpectedKey = translationKey"
"GetSupportedTranslationLanguages","modFwTranslationAuditService","803","RequiredLanguages = modFwTranslationRuntime.GetSupportedTranslationLanguages()"
"RequiredLanguages","modFwTranslationAuditService","803","RequiredLanguages = modFwTranslationRuntime.GetSupportedTranslationLanguages()"
"ResolveScopeCodeFromKey","modFwTranslationAuditService","812","ResolveScopeCodeFromKey = SCOPE_NAV"
"ResolveScopeCodeFromKey","modFwTranslationAuditService","814","ResolveScopeCodeFromKey = SCOPE_FORM"
"ResolveScopeCodeFromKey","modFwTranslationAuditService","816","ResolveScopeCodeFromKey = ""REPORT"""
"ResolveScopeCodeFromKey","modFwTranslationAuditService","818","ResolveScopeCodeFromKey = SCOPE_MSG"
"ResolveScopeCodeFromKey","modFwTranslationAuditService","820","ResolveScopeCodeFromKey = SCOPE_MSG"
"ResolveScopeCodeFromKey","modFwTranslationAuditService","822","ResolveScopeCodeFromKey = SCOPE_MSG"
"ResolveScopeCodeFromKey","modFwTranslationAuditService","824","ResolveScopeCodeFromKey = SCOPE_STATUS"
"ResolveScopeCodeFromKey","modFwTranslationAuditService","826","ResolveScopeCodeFromKey = SCOPE_COMMON"
"ResolveScopeCodeFromKey","modFwTranslationAuditService","831","ResolveScopeCodeFromKey = SCOPE_COMMON"
"ResolveScopeCodeFromKey","modFwTranslationAuditService","833","ResolveScopeCodeFromKey = ""DOCUMENT"""
"ResolveScopeCodeFromKey","modFwTranslationAuditService","840","ResolveScopeCodeFromKey = SCOPE_REF"
"ResolveScopeCodeFromKey","modFwTranslationAuditService","842","ResolveScopeCodeFromKey = ""UNKNOWN"""
"IsLegacyTranslationKey","modFwTranslationAuditService","847","If IsLegacyTranslationKey(translationKey) Then"
"ResolveLegacyAuditStatus","modFwTranslationAuditService","848","ResolveLegacyAuditStatus = STATUS_LEGACY_KEY"
"ResolveLegacyAuditStatus","modFwTranslationAuditService","850","ResolveLegacyAuditStatus = STATUS_ORPHAN"
"IsLegacyTranslationKey","modFwTranslationAuditService","863","IsLegacyTranslationKey = True"
"IsLegacyTranslationKey","modFwTranslationAuditService","865","IsLegacyTranslationKey = True"
"IsLegacyTranslationKey","modFwTranslationAuditService","870","IsLegacyTranslationKey = True"
"BuildExpectedKeyToken","modFwTranslationAuditService","875","BuildExpectedKeyToken = UCase$(Trim$(translationKey))"
"BuildExpectedKeyToken","modFwTranslationAuditService","881","token = BuildExpectedKeyToken(translationKey)"
"CollectionContains","modFwTranslationAuditService","886","If Not CollectionContains(expectedKeys, token) Then"
"AddExpectedKey","modFwTranslationAuditService","888","AddExpectedKey = True"
"CollectionContains","modFwTranslationAuditService","898","CollectionContains = True"
"CollectionContains","modFwTranslationAuditService","902","CollectionContains = False"
"RecordsetHasField","modFwTranslationAuditService","906","If modDaoHelper.RecordsetHasField(rs, fieldName) Then"
"NzString","modFwTranslationAuditService","914","ResolveAuditUser = Trim$(modDaoHelper.NzString(modSessionContext.currentUserId))"
"ResolveAuditUser","modFwTranslationAuditService","914","ResolveAuditUser = Trim$(modDaoHelper.NzString(modSessionContext.currentUserId))"
"ResolveAuditUser","modFwTranslationAuditService","915","If LenB(ResolveAuditUser) = 0 Then"
"NzString","modFwTranslationAuditService","916","ResolveAuditUser = Trim$(modDaoHelper.NzString(Environ$(""Username"")))"
"ResolveAuditUser","modFwTranslationAuditService","916","ResolveAuditUser = Trim$(modDaoHelper.NzString(Environ$(""Username"")))"
"ResolveAuditUser","modFwTranslationAuditService","918","If LenB(ResolveAuditUser) = 0 Then"
"ResolveAuditUser","modFwTranslationAuditService","919","ResolveAuditUser = ""SYSTEM"""
"SqlLongText","modFwTranslationAuditService","925","SqlLongText = ""Null"""
"NzString","modFwTranslationAuditService","927","SqlLongText = SqlNullableText(modDaoHelper.NzString(fieldValue))"
"SqlLongText","modFwTranslationAuditService","927","SqlLongText = SqlNullableText(modDaoHelper.NzString(fieldValue))"
"SqlNullableText","modFwTranslationAuditService","927","SqlLongText = SqlNullableText(modDaoHelper.NzString(fieldValue))"
"TableExists","modFwTranslationAuditService","938","TableExists = True"
"TableExists","modFwTranslationAuditService","945","TableExists = False"
"IsFormLoadedAnywhere","modFwTranslationAuditService","951","If Not wasAlreadyOpen And Not IsFormLoadedAnywhere(FormName) Then"
"OpenFormHiddenDesignIfNeeded","modFwTranslationAuditService","953","OpenFormHiddenDesignIfNeeded = True"
"HandleError","modFwTranslationAuditService","958","modErrorHandler.HandleError MODULE_NAME, ""OpenFormHiddenDesignIfNeeded"", Err"
"OpenFormHiddenDesignIfNeeded","modFwTranslationAuditService","958","modErrorHandler.HandleError MODULE_NAME, ""OpenFormHiddenDesignIfNeeded"", Err"
"IsProjectFormLoaded","modFwTranslationAuditService","963","If IsProjectFormLoaded(FormName) Then"
"ResolveScannableFormInstance","modFwTranslationAuditService","971","If TryResolveLoadedFormInstance(FormName, ResolveScannableFormInstance) Then"
"TryResolveLoadedFormInstance","modFwTranslationAuditService","971","If TryResolveLoadedFormInstance(FormName, ResolveScannableFormInstance) Then"
"IsProjectFormLoaded","modFwTranslationAuditService","975","If IsProjectFormLoaded(FormName) Then"
"ResolveScannableFormInstance","modFwTranslationAuditService","976","Set ResolveScannableFormInstance = Forms(FormName)"
"IsProjectFormLoaded","modFwTranslationAuditService","985","IsProjectFormLoaded = CurrentProject.AllForms(FormName).IsLoaded"
"IsProjectFormLoaded","modFwTranslationAuditService","986","If Not IsProjectFormLoaded Then"
"IsFormLoadedAnywhere","modFwTranslationAuditService","987","IsProjectFormLoaded = IsFormLoadedAnywhere(FormName)"
"IsProjectFormLoaded","modFwTranslationAuditService","987","IsProjectFormLoaded = IsFormLoadedAnywhere(FormName)"
"TryFindLoadedFormInstance","modFwTranslationAuditService","1001","If TryFindLoadedFormInstance(openForm, FormName, resolvedForm) Then"
"IsFormLoadedAnywhere","modFwTranslationAuditService","1002","IsFormLoadedAnywhere = True"
"TryFindLoadedFormInstance","modFwTranslationAuditService","1018","If TryFindLoadedFormInstance(openForm, FormName, resolvedForm) Then"
"TryResolveLoadedFormInstance","modFwTranslationAuditService","1019","TryResolveLoadedFormInstance = True"
"TryFindLoadedFormInstance","modFwTranslationAuditService","1043","TryFindLoadedFormInstance = True"
"TryFindLoadedFormInstance","modFwTranslationAuditService","1055","If TryFindLoadedFormInstance(childForm, targetFormName, resolvedForm) Then"
"TryFindLoadedFormInstance","modFwTranslationAuditService","1056","TryFindLoadedFormInstance = True"
"IsFormOpenByName","modFwTranslationAuditService","1074","IsFormOpenByName = True"
"GetTagTextSafely","modFwTranslationAuditService","1084","GetTagTextSafely = modDaoHelper.NzString(TagValue)"
"NzString","modFwTranslationAuditService","1084","GetTagTextSafely = modDaoHelper.NzString(TagValue)"
"GetControlTagSafely","modFwTranslationAuditService","1089","GetControlTagSafely = modDaoHelper.NzString(ctl.Tag)"
"NzString","modFwTranslationAuditService","1089","GetControlTagSafely = modDaoHelper.NzString(ctl.Tag)"
"NzCaptionTextSafely","modFwTranslationAuditService","1095","NzCaptionTextSafely = modDaoHelper.NzString(formInstance.Caption, defaultValue)"
"NzString","modFwTranslationAuditService","1095","NzCaptionTextSafely = modDaoHelper.NzString(formInstance.Caption, defaultValue)"
"NzCaptionTextSafely","modFwTranslationAuditService","1097","If LenB(NzCaptionTextSafely) = 0 Then"
"NzCaptionTextSafely","modFwTranslationAuditService","1098","NzCaptionTextSafely = defaultValue"
"GetControlFallbackText","modFwTranslationAuditService","1107","GetControlFallbackText = modDaoHelper.NzString(ctl.Caption, defaultValue)"
"NzString","modFwTranslationAuditService","1107","GetControlFallbackText = modDaoHelper.NzString(ctl.Caption, defaultValue)"
"GetControlFallbackText","modFwTranslationAuditService","1109","GetControlFallbackText = defaultValue"
"GetControlFallbackText","modFwTranslationAuditService","1113","If LenB(GetControlFallbackText) = 0 Then"
"GetControlFallbackText","modFwTranslationAuditService","1114","GetControlFallbackText = defaultValue"
"EnsureBootstrapped","modAppShell","91","If Not modBootstrap.EnsureBootstrapped() Then"
"InitializeAppShell","modAppShell","92","modLoggingHandler.LogWarning MODULE_NAME & "".InitializeAppShell"", _"
"LogWarning","modAppShell","92","modLoggingHandler.LogWarning MODULE_NAME & "".InitializeAppShell"", _"
"InitializeForm","modAppShell","97","modFormRuntime.InitializeForm shellForm"
"EnsureNavigationTables","modAppShell","99","If Not modAppNavigationService.EnsureNavigationTables() Then"
"SeedDefaultNavigation","modAppShell","103","If Not modAppNavigationService.SeedDefaultNavigation() Then"
"LoadNavigationHost","modAppShell","107","LoadNavigationHost shellForm"
"LoadDefaultWorkspace","modAppShell","108","LoadDefaultWorkspace shellForm"
"RefreshShellStatus","modAppShell","109","RefreshShellStatus shellForm"
"InitializeAppShell","modAppShell","111","InitializeAppShell = True"
"InitializeAppShell","modAppShell","113","modLoggingHandler.LogInfo MODULE_NAME & "".InitializeAppShell"", _"
"LogInfo","modAppShell","113","modLoggingHandler.LogInfo MODULE_NAME & "".InitializeAppShell"", _"
"InitializeAppShell","modAppShell","118","InitializeAppShell = False"
"HandleError","modAppShell","119","modErrorHandler.HandleError MODULE_NAME, ""InitializeAppShell"", Err"
"InitializeAppShell","modAppShell","119","modErrorHandler.HandleError MODULE_NAME, ""InitializeAppShell"", Err"
"RefreshShellStatus","modAppShell","126","RefreshShellStatus = True"
"ApplyShellStaticTranslations","modAppShell","130","ApplyShellStaticTranslations shellForm"
"SetDisplayValueIfPresent","modAppShell","131","SetDisplayValueIfPresent shellForm, STATUS_APP_VERSION, APP_VERSION"
"ResolveCurrentUserText","modAppShell","132","SetDisplayValueIfPresent shellForm, STATUS_CURRENT_USER, ResolveCurrentUserText()"
"SetDisplayValueIfPresent","modAppShell","132","SetDisplayValueIfPresent shellForm, STATUS_CURRENT_USER, ResolveCurrentUserText()"
"ResolveCurrentTenantText","modAppShell","133","SetDisplayValueIfPresent shellForm, STATUS_CURRENT_TENANT, ResolveCurrentTenantText()"
"SetDisplayValueIfPresent","modAppShell","133","SetDisplayValueIfPresent shellForm, STATUS_CURRENT_TENANT, ResolveCurrentTenantText()"
"ResolveCurrentRoleText","modAppShell","134","SetDisplayValueIfPresent shellForm, STATUS_CURRENT_ROLE, ResolveCurrentRoleText()"
"SetDisplayValueIfPresent","modAppShell","134","SetDisplayValueIfPresent shellForm, STATUS_CURRENT_ROLE, ResolveCurrentRoleText()"
"ResolveBackendStatusText","modAppShell","135","SetDisplayValueIfPresent shellForm, STATUS_BACKEND, ResolveBackendStatusText()"
"SetDisplayValueIfPresent","modAppShell","135","SetDisplayValueIfPresent shellForm, STATUS_BACKEND, ResolveBackendStatusText()"
"ResolveEnvironmentText","modAppShell","136","SetDisplayValueIfPresent shellForm, STATUS_ENVIRONMENT, ResolveEnvironmentText()"
"SetDisplayValueIfPresent","modAppShell","136","SetDisplayValueIfPresent shellForm, STATUS_ENVIRONMENT, ResolveEnvironmentText()"
"CanGoBack","modAppShell","137","SetControlEnabledIfPresent shellForm, COMMAND_BACK, modAppWorkspaceService.CanGoBack()"
"SetControlEnabledIfPresent","modAppShell","137","SetControlEnabledIfPresent shellForm, COMMAND_BACK, modAppWorkspaceService.CanGoBack()"
"RefreshWorkspaceCommandBar","modAppShell","138","RefreshWorkspaceCommandBar shellForm"
"RefreshShellStatus","modAppShell","140","RefreshShellStatus = True"
"RefreshShellStatus","modAppShell","144","RefreshShellStatus = False"
"HandleError","modAppShell","145","modErrorHandler.HandleError MODULE_NAME, ""RefreshShellStatus"", Err"
"RefreshShellStatus","modAppShell","145","modErrorHandler.HandleError MODULE_NAME, ""RefreshShellStatus"", Err"
"RefreshWorkspaceCommandBar","modAppShell","149","RefreshWorkspaceCommandBar shellForm"
"ResolveCurrentWorkspaceForm","modAppShell","161","Set workspaceForm = ResolveCurrentWorkspaceForm(shellForm)"
"ResetWorkspaceCommandBarUi","modAppShell","169","ResetWorkspaceCommandBarUi shellForm"
"SupportsWorkspaceCommandBarApi","modAppShell","171","supportsWorkspaceBar = SupportsWorkspaceCommandBarApi(workspaceForm)"
"ResolveWorkspaceCommandBarConfig","modAppShell","172","Set config = ResolveWorkspaceCommandBarConfig(workspaceForm, supportsWorkspaceBar)"
"ClearQuickSearchText","modAppShell","174","ClearQuickSearchText shellForm"
"RefreshWorkspaceCommandBar","modAppShell","175","RefreshWorkspaceCommandBar = True"
"ClearQuickSearchText","modAppShell","180","ClearQuickSearchText shellForm"
"ApplyWorkspaceCommandBarConfig","modAppShell","183","ApplyWorkspaceCommandBarConfig shellForm, workspaceForm, config"
"RefreshWorkspaceCommandBar","modAppShell","184","RefreshWorkspaceCommandBar = True"
"RefreshWorkspaceCommandBar","modAppShell","188","RefreshWorkspaceCommandBar = False"
"HandleError","modAppShell","189","modErrorHandler.HandleError MODULE_NAME, ""RefreshWorkspaceCommandBar"", Err"
"RefreshWorkspaceCommandBar","modAppShell","189","modErrorHandler.HandleError MODULE_NAME, ""RefreshWorkspaceCommandBar"", Err"
"ResolveSlotCommandKey","modAppShell","197","commandKey = ResolveSlotCommandKey(shellForm, slotName)"
"ExecuteWorkspaceCommandByKey","modAppShell","202","ExecuteWorkspaceCommandByKey shellForm, commandKey"
"ExecuteWorkspaceCommandBarSlot","modAppShell","206","modErrorHandler.HandleError MODULE_NAME, ""ExecuteWorkspaceCommandBarSlot"", Err"
"HandleError","modAppShell","206","modErrorHandler.HandleError MODULE_NAME, ""ExecuteWorkspaceCommandBarSlot"", Err"
"ResolveQuickSearchCommandKey","modAppShell","214","commandKey = ResolveQuickSearchCommandKey(shellForm, False)"
"ExecuteWorkspaceCommandByKey","modAppShell","219","ExecuteWorkspaceCommandByKey shellForm, commandKey, searchText"
"ExecuteWorkspaceQuickSearch","modAppShell","223","modErrorHandler.HandleError MODULE_NAME, ""ExecuteWorkspaceQuickSearch"", Err"
"HandleError","modAppShell","223","modErrorHandler.HandleError MODULE_NAME, ""ExecuteWorkspaceQuickSearch"", Err"
"ClearQuickSearchText","modAppShell","231","ClearQuickSearchText shellForm"
"ResolveQuickSearchCommandKey","modAppShell","233","commandKey = ResolveQuickSearchCommandKey(shellForm, True)"
"ExecuteWorkspaceCommandByKey","modAppShell","238","ExecuteWorkspaceCommandByKey shellForm, commandKey"
"ClearWorkspaceQuickSearch","modAppShell","242","modErrorHandler.HandleError MODULE_NAME, ""ClearWorkspaceQuickSearch"", Err"
"HandleError","modAppShell","242","modErrorHandler.HandleError MODULE_NAME, ""ClearWorkspaceQuickSearch"", Err"
"ExecuteWorkspaceQuickSearch","modAppShell","246","ExecuteWorkspaceQuickSearch shellForm, searchText"
"ClearWorkspaceQuickSearch","modAppShell","250","ClearWorkspaceQuickSearch shellForm"
"ExecuteWorkspaceCommandByKey","modAppShell","254","ExecuteWorkspaceCommandByKey shellForm, WCMD_LIST_NEW"
"ExecuteWorkspaceCommandByKey","modAppShell","258","ExecuteWorkspaceCommandByKey shellForm, WCMD_LIST_EDIT"
"ExecuteWorkspaceCommandByKey","modAppShell","262","ExecuteWorkspaceCommandByKey shellForm, WCMD_LIST_REFRESH"
"LoadDashboard","modAppShell","268","LoadDefaultWorkspace = modAppWorkspaceService.LoadDashboard(shellForm)"
"LoadDefaultWorkspace","modAppShell","268","LoadDefaultWorkspace = modAppWorkspaceService.LoadDashboard(shellForm)"
"LoadDefaultWorkspace","modAppShell","272","LoadDefaultWorkspace = False"
"HandleError","modAppShell","273","modErrorHandler.HandleError MODULE_NAME, ""LoadDefaultWorkspace"", Err"
"LoadDefaultWorkspace","modAppShell","273","modErrorHandler.HandleError MODULE_NAME, ""LoadDefaultWorkspace"", Err"
"ResolveShellText","modAppShell","286","ResolveShellText = fallback_text"
"LookupShellTranslationQuietly","modAppShell","290","translatedValue = LookupShellTranslationQuietly(normalizedTranslationKey)"
"ResolveShellText","modAppShell","293","ResolveShellText = fallback_text"
"ResolveShellText","modAppShell","295","ResolveShellText = fallback_text"
"ResolveShellText","modAppShell","297","ResolveShellText = fallback_text"
"ResolveShellText","modAppShell","299","ResolveShellText = translatedValue"
"ResolveShellText","modAppShell","304","ResolveShellText = fallback_text"
"HandleError","modAppShell","305","modErrorHandler.HandleError MODULE_NAME, ""ResolveShellText"", Err"
"ResolveShellText","modAppShell","305","modErrorHandler.HandleError MODULE_NAME, ""ResolveShellText"", Err"
"BaseLanguageCode","modAppShell","312","Dim BaseLanguageCode As String"
"GetCurrentLanguageCode","modAppShell","319","currentLanguageCode = modFwTranslationRuntime.GetCurrentLanguageCode()"
"LookupShellTranslationByLanguage","modAppShell","320","LookupShellTranslationQuietly = LookupShellTranslationByLanguage(translation_key, currentLanguageCode)"
"LookupShellTranslationQuietly","modAppShell","320","LookupShellTranslationQuietly = LookupShellTranslationByLanguage(translation_key, currentLanguageCode)"
"LookupShellTranslationQuietly","modAppShell","321","If LenB(LookupShellTranslationQuietly) > 0 Then"
"BaseLanguageCode","modAppShell","325","BaseLanguageCode = GetBaseLanguageCode(currentLanguageCode)"
"GetBaseLanguageCode","modAppShell","325","BaseLanguageCode = GetBaseLanguageCode(currentLanguageCode)"
"BaseLanguageCode","modAppShell","326","If LenB(BaseLanguageCode) > 0 Then"
"BaseLanguageCode","modAppShell","327","If StrComp(BaseLanguageCode, currentLanguageCode, vbTextCompare) <> 0 Then"
"BaseLanguageCode","modAppShell","328","LookupShellTranslationQuietly = LookupShellTranslationByLanguage(translation_key, BaseLanguageCode)"
"LookupShellTranslationByLanguage","modAppShell","328","LookupShellTranslationQuietly = LookupShellTranslationByLanguage(translation_key, BaseLanguageCode)"
"LookupShellTranslationQuietly","modAppShell","328","LookupShellTranslationQuietly = LookupShellTranslationByLanguage(translation_key, BaseLanguageCode)"
"LookupShellTranslationQuietly","modAppShell","329","If LenB(LookupShellTranslationQuietly) > 0 Then"
"LookupShellTranslationByLanguage","modAppShell","336","LookupShellTranslationQuietly = LookupShellTranslationByLanguage(translation_key, ""EN"")"
"LookupShellTranslationQuietly","modAppShell","336","LookupShellTranslationQuietly = LookupShellTranslationByLanguage(translation_key, ""EN"")"
"LookupShellTranslationQuietly","modAppShell","341","LookupShellTranslationQuietly = vbNullString"
"SqlText","modAppShell","357","criteria = ""translation_key = "" & SqlText(translation_key) & _"
"SqlText","modAppShell","358",""" AND language_code = "" & SqlText(languageCode) & _"
"LookupShellTranslationByLanguage","modAppShell","362","LookupShellTranslationByLanguage = Trim$(Nz(lookupValue, vbNullString))"
"LookupShellTranslationByLanguage","modAppShell","366","LookupShellTranslationByLanguage = vbNullString"
"GetBaseLanguageCode","modAppShell","376","GetBaseLanguageCode = Left$(languageCode, separatorPosition - 1)"
"GetBaseLanguageCode","modAppShell","378","GetBaseLanguageCode = languageCode"
"HasControl","modAppShell","385","If Not HasControl(shellForm, NAVIGATION_SUBFORM_CONTROL) Then"
"LoadNavigationHost","modAppShell","386","modLoggingHandler.LogWarning MODULE_NAME & "".LoadNavigationHost"", _"
"LogWarning","modAppShell","386","modLoggingHandler.LogWarning MODULE_NAME & "".LoadNavigationHost"", _"
"HandleError","modAppShell","396","modErrorHandler.HandleError MODULE_NAME, ""LoadNavigationHost"", Err"
"LoadNavigationHost","modAppShell","396","modErrorHandler.HandleError MODULE_NAME, ""LoadNavigationHost"", Err"
"SetCaptionIfPresent","modAppShell","402","SetCaptionIfPresent shellForm, HEADER_TITLE, ""FORM.FRMAPPSHELL.APP_TITLE"", APP_NAME"
"SetCaptionIfPresent","modAppShell","403","SetCaptionIfPresent shellForm, HEADER_SUBTITLE, ""FORM.FRMAPPSHELL.APP_SUBTITLE"", ""Access Framework"""
"SetCaptionIfPresent","modAppShell","404","SetCaptionIfPresent shellForm, COMMAND_HOME, ""COMMON.HOME"", ""Home"""
"SetCaptionIfPresent","modAppShell","405","SetCaptionIfPresent shellForm, COMMAND_BACK, ""COMMON.BACK"", ""Zurueck"""
"SetCaptionIfPresent","modAppShell","406","SetCaptionIfPresent shellForm, LABEL_SHELL_SEARCH, ""COMMON.SEARCH"", ""Suche"""
"SetCaptionIfPresent","modAppShell","407","SetCaptionIfPresent shellForm, COMMAND_SHELL_CLEAR_SEARCH, ""COMMON.CLEAR_SEARCH"", ""Leeren"""
"SetCaptionIfPresent","modAppShell","408","SetCaptionIfPresent shellForm, COMMAND_SHELL_NEW, ""COMMON.NEW"", ""Neu"""
"SetCaptionIfPresent","modAppShell","409","SetCaptionIfPresent shellForm, COMMAND_SHELL_EDIT, ""COMMON.EDIT"", ""Bearbeiten"""
"SetCaptionIfPresent","modAppShell","410","SetCaptionIfPresent shellForm, COMMAND_SHELL_REFRESH, ""COMMON.REFRESH"", ""Aktualisieren"""
"SetCaptionIfPresent","modAppShell","411","SetCaptionIfPresent shellForm, LABEL_USER, ""FORM.FRMAPPSHELL.USER"", ""Benutzer"""
"SetCaptionIfPresent","modAppShell","412","SetCaptionIfPresent shellForm, LABEL_TENANT, ""FORM.FRMAPPSHELL.TENANT"", ""Mandant"""
"SetCaptionIfPresent","modAppShell","413","SetCaptionIfPresent shellForm, LABEL_ROLE, ""FORM.FRMAPPSHELL.ROLE"", ""Rolle"""
"SetCaptionIfPresent","modAppShell","414","SetCaptionIfPresent shellForm, LABEL_ENVIRONMENT, ""FORM.FRMAPPSHELL.ENVIRONMENT"", ""Umgebung"""
"SetCaptionIfPresent","modAppShell","415","SetCaptionIfPresent shellForm, LABEL_BACKEND, ""FORM.FRMAPPSHELL.BACKEND"", ""Backend"""
"IsSessionInitialized","modAppShell","421","If modSessionContext.IsSessionInitialized Then"
"ResolveCurrentUserText","modAppShell","422","ResolveCurrentUserText = ResolveSafeText(modSessionContext.CurrentUserName)"
"ResolveSafeText","modAppShell","422","ResolveCurrentUserText = ResolveSafeText(modSessionContext.CurrentUserName)"
"ResolveCurrentUserText","modAppShell","424","ResolveCurrentUserText = ""n/a"""
"IsTenantInitialized","modAppShell","429","If modTenantContext.IsTenantInitialized Then"
"ResolveCurrentTenantText","modAppShell","430","ResolveCurrentTenantText = ResolveSafeText(modTenantContext.CurrentTenantName)"
"ResolveSafeText","modAppShell","430","ResolveCurrentTenantText = ResolveSafeText(modTenantContext.CurrentTenantName)"
"ResolveCurrentTenantText","modAppShell","432","ResolveCurrentTenantText = ResolveCurrentTenantText & "" ("" & modTenantContext.currentTenantCode & "")"""
"ResolveCurrentTenantText","modAppShell","435","ResolveCurrentTenantText = ""n/a"""
"IsSessionInitialized","modAppShell","440","If modSessionContext.IsSessionInitialized Then"
"ResolveCurrentRoleText","modAppShell","441","ResolveCurrentRoleText = ResolveSafeText(modSessionContext.CurrentRoleCode)"
"ResolveSafeText","modAppShell","441","ResolveCurrentRoleText = ResolveSafeText(modSessionContext.CurrentRoleCode)"
"ResolveCurrentRoleText","modAppShell","443","ResolveCurrentRoleText = ""n/a"""
"GetBackendPath","modAppShell","450","backendPath = Trim$(modDb.GetBackendPath())"
"ValidateBackendConfiguration","modAppShell","452","If modDb.ValidateBackendConfiguration() Then"
"ResolveBackendStatusText","modAppShell","453","ResolveBackendStatusText = ResolveShellText(""STATUS.READY"", ""Ready"")"
"ResolveShellText","modAppShell","453","ResolveBackendStatusText = ResolveShellText(""STATUS.READY"", ""Ready"")"
"ResolveBackendStatusText","modAppShell","455","ResolveBackendStatusText = ""Unavailable"""
"ResolveBackendStatusText","modAppShell","459","ResolveBackendStatusText = ResolveBackendStatusText & "" | "" & backendPath"
"ResolveEnvironmentText","modAppShell","464","ResolveEnvironmentText = ResolveSafeText(CurrentEnvironment)"
"ResolveSafeText","modAppShell","464","ResolveEnvironmentText = ResolveSafeText(CurrentEnvironment)"
"HasControl","modAppShell","479","If Not HasControl(formInstance, ControlName) Then"
"HasControl","modAppShell","506","If Not HasControl(formInstance, ControlName) Then"
"ResolveShellText","modAppShell","510","formInstance.Controls(ControlName).Caption = ResolveShellText(translation_key, fallback_text)"
"HasControl","modAppShell","525","If Not HasControl(formInstance, ControlName) Then"
"HasControl","modAppShell","544","If Not HasControl(formInstance, ControlName) Then"
"SetControlVisibleIfPresent","modAppShell","556","SetControlVisibleIfPresent shellForm, LABEL_SHELL_SEARCH, isVisible"
"SetControlVisibleIfPresent","modAppShell","557","SetControlVisibleIfPresent shellForm, TEXT_SHELL_SEARCH, isVisible"
"SetControlVisibleIfPresent","modAppShell","558","SetControlVisibleIfPresent shellForm, COMMAND_SHELL_CLEAR_SEARCH, isVisible"
"SetControlVisibleIfPresent","modAppShell","559","SetControlVisibleIfPresent shellForm, COMMAND_SHELL_NEW, isVisible"
"SetControlVisibleIfPresent","modAppShell","560","SetControlVisibleIfPresent shellForm, COMMAND_SHELL_EDIT, isVisible"
"SetControlVisibleIfPresent","modAppShell","561","SetControlVisibleIfPresent shellForm, COMMAND_SHELL_REFRESH, isVisible"
"SetControlEnabledIfPresent","modAppShell","563","SetControlEnabledIfPresent shellForm, LABEL_SHELL_SEARCH, isVisible"
"SetControlEnabledIfPresent","modAppShell","564","SetControlEnabledIfPresent shellForm, TEXT_SHELL_SEARCH, isVisible"
"SetControlEnabledIfPresent","modAppShell","565","SetControlEnabledIfPresent shellForm, COMMAND_SHELL_CLEAR_SEARCH, isVisible"
"SetControlEnabledIfPresent","modAppShell","566","SetControlEnabledIfPresent shellForm, COMMAND_SHELL_NEW, isVisible"
"SetControlEnabledIfPresent","modAppShell","567","SetControlEnabledIfPresent shellForm, COMMAND_SHELL_EDIT, isVisible"
"SetControlEnabledIfPresent","modAppShell","568","SetControlEnabledIfPresent shellForm, COMMAND_SHELL_REFRESH, isVisible"
"HasControl","modAppShell","580","If HasControl(shellForm, TEXT_SHELL_SEARCH) Then"
"ResetCommandBarSlot","modAppShell","590","ResetCommandBarSlot shellForm, WSLOT_L1"
"ResetCommandBarSlot","modAppShell","591","ResetCommandBarSlot shellForm, WSLOT_L2"
"ResetCommandBarSlot","modAppShell","592","ResetCommandBarSlot shellForm, WSLOT_L3"
"ResetCommandBarSlot","modAppShell","593","ResetCommandBarSlot shellForm, WSLOT_R5"
"ResetCommandBarSlot","modAppShell","594","ResetCommandBarSlot shellForm, WSLOT_R4"
"ResetCommandBarSlot","modAppShell","595","ResetCommandBarSlot shellForm, WSLOT_R3"
"ResetCommandBarSlot","modAppShell","596","ResetCommandBarSlot shellForm, WSLOT_R2"
"ResetCommandBarSlot","modAppShell","597","ResetCommandBarSlot shellForm, WSLOT_R1"
"SetControlVisibleIfPresent","modAppShell","599","SetControlVisibleIfPresent shellForm, TEXT_QUICK_SEARCH, False"
"SetControlEnabledIfPresent","modAppShell","600","SetControlEnabledIfPresent shellForm, TEXT_QUICK_SEARCH, False"
"SetControlVisibleIfPresent","modAppShell","601","SetControlVisibleIfPresent shellForm, COMMAND_QUICK_SEARCH_CLEAR, False"
"SetControlEnabledIfPresent","modAppShell","602","SetControlEnabledIfPresent shellForm, COMMAND_QUICK_SEARCH_CLEAR, False"
"ClearQuickSearchText","modAppShell","603","ClearQuickSearchText shellForm"
"ResolveSlotControlName","modAppShell","613","ControlName = ResolveSlotControlName(slotName)"
"HasControl","modAppShell","618","If Not HasControl(shellForm, ControlName) Then"
"ResolveWorkspaceCommandBarConfig","modAppShell","643","Set ResolveWorkspaceCommandBarConfig = CallByName(formObject, METHOD_GET_WORKSPACE_BAR_CONFIG, VbMethod)"
"BuildLegacyListCommandBarConfig","modAppShell","647","Set ResolveWorkspaceCommandBarConfig = BuildLegacyListCommandBarConfig(workspaceForm)"
"ResolveWorkspaceCommandBarConfig","modAppShell","647","Set ResolveWorkspaceCommandBarConfig = BuildLegacyListCommandBarConfig(workspaceForm)"
"HandleError","modAppShell","652","modErrorHandler.HandleError MODULE_NAME, ""ResolveWorkspaceCommandBarConfig"", Err"
"ResolveWorkspaceCommandBarConfig","modAppShell","652","modErrorHandler.HandleError MODULE_NAME, ""ResolveWorkspaceCommandBarConfig"", Err"
"ResolveWorkspaceBooleanCapability","modAppShell","666","If Not ResolveWorkspaceBooleanCapability(workspaceForm, LIST_METHOD_SUPPORTS_BAR, False, True) Then"
"ResolveWorkspaceBooleanCapability","modAppShell","670","supportsEdit = ResolveWorkspaceBooleanCapability(workspaceForm, LIST_METHOD_SUPPORTS_EDIT, True, True)"
"ResolveShellText","modAppShell","682","cfg(WSLOT_L1 & "".caption"") = ResolveShellText(""COMMON.HOME"", ""Home"")"
"CanGoBack","modAppShell","686","cfg(WSLOT_L2 & "".enabled"") = modAppWorkspaceService.CanGoBack()"
"ResolveShellText","modAppShell","687","cfg(WSLOT_L2 & "".caption"") = ResolveShellText(""COMMON.BACK"", ""Zurueck"")"
"ResolveShellText","modAppShell","697","cfg(WSLOT_R3 & "".caption"") = ResolveShellText(""COMMON.CLEAR_SEARCH"", ""Leeren"")"
"ResolveShellText","modAppShell","702","cfg(WSLOT_R2 & "".caption"") = ResolveShellText(""COMMON.EDIT"", ""Bearbeiten"")"
"ResolveShellText","modAppShell","707","cfg(WSLOT_R1 & "".caption"") = ResolveShellText(""COMMON.REFRESH"", ""Aktualisieren"")"
"BuildLegacyListCommandBarConfig","modAppShell","710","Set BuildLegacyListCommandBarConfig = cfg"
"BuildLegacyListCommandBarConfig","modAppShell","715","modErrorHandler.HandleError MODULE_NAME, ""BuildLegacyListCommandBarConfig"", Err"
"HandleError","modAppShell","715","modErrorHandler.HandleError MODULE_NAME, ""BuildLegacyListCommandBarConfig"", Err"
"ApplyCommandBarSlot","modAppShell","733","ApplyCommandBarSlot shellForm, workspaceForm, config, WSLOT_L1"
"ApplyCommandBarSlot","modAppShell","734","ApplyCommandBarSlot shellForm, workspaceForm, config, WSLOT_L2"
"ApplyCommandBarSlot","modAppShell","735","ApplyCommandBarSlot shellForm, workspaceForm, config, WSLOT_L3"
"ApplyCommandBarSlot","modAppShell","736","ApplyCommandBarSlot shellForm, workspaceForm, config, WSLOT_R5"
"ApplyCommandBarSlot","modAppShell","737","ApplyCommandBarSlot shellForm, workspaceForm, config, WSLOT_R4"
"ApplyCommandBarSlot","modAppShell","738","ApplyCommandBarSlot shellForm, workspaceForm, config, WSLOT_R3"
"ApplyCommandBarSlot","modAppShell","739","ApplyCommandBarSlot shellForm, workspaceForm, config, WSLOT_R2"
"ApplyCommandBarSlot","modAppShell","740","ApplyCommandBarSlot shellForm, workspaceForm, config, WSLOT_R1"
"ApplyQuickSearchConfig","modAppShell","742","ApplyQuickSearchConfig shellForm, config"
"ResolveSlotControlName","modAppShell","760","ControlName = ResolveSlotControlName(slotName)"
"HasControl","modAppShell","761","If LenB(ControlName) = 0 Or Not HasControl(shellForm, ControlName) Then"
"GetConfigBoolean","modAppShell","765","isVisible = GetConfigBoolean(config, slotName & "".visible"", False)"
"GetConfigString","modAppShell","766","commandKey = Trim$(GetConfigString(config, slotName & "".command"", vbNullString))"
"GetConfigString","modAppShell","767","captionText = GetConfigString(config, slotName & "".caption"", vbNullString)"
"BuildControlCommandTag","modAppShell","770","shellForm.Controls(ControlName).Tag = BuildControlCommandTag(commandKey)"
"GetConfigBoolean","modAppShell","778","isEnabled = GetConfigBoolean(config, slotName & "".enabled"", True)"
"WorkspaceCanExecuteCommand","modAppShell","780","isEnabled = isEnabled And WorkspaceCanExecuteCommand(workspaceForm, commandKey)"
"GetConfigBoolean","modAppShell","797","isVisible = GetConfigBoolean(config, ""search.visible"", False)"
"GetConfigBoolean","modAppShell","798","isEnabled = GetConfigBoolean(config, ""search.enabled"", False)"
"GetConfigString","modAppShell","799","currentValue = GetConfigString(config, ""search.value"", vbNullString)"
"GetConfigString","modAppShell","800","commandKey = GetConfigString(config, ""search.command_change"", WCMD_LIST_SEARCH)"
"HasControl","modAppShell","802","If HasControl(shellForm, TEXT_QUICK_SEARCH) Then"
"BuildControlCommandTag","modAppShell","805","shellForm.Controls(TEXT_QUICK_SEARCH).Tag = BuildControlCommandTag(commandKey)"
"HasControl","modAppShell","811","If HasControl(shellForm, COMMAND_QUICK_SEARCH_CLEAR) Then"
"BuildControlCommandTag","modAppShell","814","shellForm.Controls(COMMAND_QUICK_SEARCH_CLEAR).Tag = BuildControlCommandTag(GetConfigString(config, ""search.command_clear"", WCMD_LIST_CLEAR_SEARCH))"
"GetConfigString","modAppShell","814","shellForm.Controls(COMMAND_QUICK_SEARCH_CLEAR).Tag = BuildControlCommandTag(GetConfigString(config, ""search.command_clear"", WCMD_LIST_CLEAR_SEARCH))"
"WorkspaceCanExecuteCommand","modAppShell","825","WorkspaceCanExecuteCommand = True"
"WorkspaceCanExecuteCommand","modAppShell","828","WorkspaceCanExecuteCommand = False"
"IsShellManagedCommand","modAppShell","832","If IsShellManagedCommand(commandKey) Then"
"WorkspaceCanExecuteCommand","modAppShell","833","WorkspaceCanExecuteCommand = True"
"SupportsWorkspaceCommandBarApi","modAppShell","837","If Not SupportsWorkspaceCommandBarApi(workspaceForm) Then"
"ResolveLegacyCommandAvailability","modAppShell","838","WorkspaceCanExecuteCommand = ResolveLegacyCommandAvailability(workspaceForm, commandKey)"
"WorkspaceCanExecuteCommand","modAppShell","838","WorkspaceCanExecuteCommand = ResolveLegacyCommandAvailability(workspaceForm, commandKey)"
"WorkspaceCanExecuteCommand","modAppShell","843","WorkspaceCanExecuteCommand = CBool(CallByName(formObject, METHOD_CAN_EXECUTE_WORKSPACE_COMMAND, VbMethod, commandKey))"
"WorkspaceCanExecuteCommand","modAppShell","848","WorkspaceCanExecuteCommand = True"
"WorkspaceCanExecuteCommand","modAppShell","850","WorkspaceCanExecuteCommand = False"
"ResolveLegacyCommandAvailability","modAppShell","857","ResolveLegacyCommandAvailability = True"
"ResolveLegacyCommandAvailability","modAppShell","859","ResolveLegacyCommandAvailability = ResolveWorkspaceBooleanCapability(workspaceForm, LIST_METHOD_SUPPORTS_NEW, True, True)"
"ResolveWorkspaceBooleanCapability","modAppShell","859","ResolveLegacyCommandAvailability = ResolveWorkspaceBooleanCapability(workspaceForm, LIST_METHOD_SUPPORTS_NEW, True, True)"
"ResolveLegacyCommandAvailability","modAppShell","861","ResolveLegacyCommandAvailability = ResolveWorkspaceBooleanCapability(workspaceForm, LIST_METHOD_SUPPORTS_EDIT, True, True)"
"ResolveWorkspaceBooleanCapability","modAppShell","861","ResolveLegacyCommandAvailability = ResolveWorkspaceBooleanCapability(workspaceForm, LIST_METHOD_SUPPORTS_EDIT, True, True)"
"ResolveLegacyCommandAvailability","modAppShell","863","ResolveLegacyCommandAvailability = True"
"ResolveLegacyCommandAvailability","modAppShell","865","ResolveLegacyCommandAvailability = False"
"ResolveCurrentWorkspaceForm","modAppShell","878","Set workspaceForm = ResolveCurrentWorkspaceForm(shellForm)"
"ExecuteWorkspaceCommandByKey","modAppShell","880","modLoggingHandler.LogWarning MODULE_NAME & "".ExecuteWorkspaceCommandByKey"", _"
"LogWarning","modAppShell","880","modLoggingHandler.LogWarning MODULE_NAME & "".ExecuteWorkspaceCommandByKey"", _"
"IsShellManagedCommand","modAppShell","885","If IsShellManagedCommand(commandKey) Then"
"ExecuteShellManagedCommand","modAppShell","886","ExecuteShellManagedCommand shellForm, commandKey"
"RefreshShellStatus","modAppShell","887","RefreshShellStatus shellForm"
"SupportsWorkspaceCommandBarApi","modAppShell","891","If SupportsWorkspaceCommandBarApi(workspaceForm) Then"
"WorkspaceCanExecuteCommand","modAppShell","892","If WorkspaceCanExecuteCommand(workspaceForm, commandKey) Then"
"ExecuteLegacyWorkspaceCommand","modAppShell","897","ExecuteLegacyWorkspaceCommand shellForm, workspaceForm, commandKey, commandValue"
"RefreshShellStatus","modAppShell","901","RefreshShellStatus shellForm"
"ExecuteWorkspaceCommandByKey","modAppShell","905","modErrorHandler.HandleError MODULE_NAME, ""ExecuteWorkspaceCommandByKey"", Err"
"HandleError","modAppShell","905","modErrorHandler.HandleError MODULE_NAME, ""ExecuteWorkspaceCommandByKey"", Err"
"IsShellManagedCommand","modAppShell","911","IsShellManagedCommand = True"
"LoadDefaultWorkspace","modAppShell","918","LoadDefaultWorkspace shellForm"
"GoBack","modAppShell","920","Call modAppWorkspaceService.GoBack(shellForm)"
"ResolveWorkspaceBooleanCapability","modAppShell","925","SupportsWorkspaceCommandBarApi = ResolveWorkspaceBooleanCapability(workspaceForm, METHOD_SUPPORTS_WORKSPACE_BAR, False, True)"
"SupportsWorkspaceCommandBarApi","modAppShell","925","SupportsWorkspaceCommandBarApi = ResolveWorkspaceBooleanCapability(workspaceForm, METHOD_SUPPORTS_WORKSPACE_BAR, False, True)"
"LoadDefaultWorkspace","modAppShell","935","LoadDefaultWorkspace shellForm"
"GoBack","modAppShell","937","Call modAppWorkspaceService.GoBack(shellForm)"
"CallWorkspaceListMethodWithArg","modAppShell","939","CallWorkspaceListMethodWithArg shellForm, LIST_METHOD_SEARCH, commandValue"
"CallWorkspaceListMethodNoArg","modAppShell","941","CallWorkspaceListMethodNoArg shellForm, LIST_METHOD_CLEAR_SEARCH"
"CallWorkspaceListMethodNoArg","modAppShell","943","CallWorkspaceListMethodNoArg shellForm, LIST_METHOD_NEW"
"CallWorkspaceListMethodNoArg","modAppShell","945","CallWorkspaceListMethodNoArg shellForm, LIST_METHOD_EDIT"
"CallWorkspaceListMethodNoArg","modAppShell","947","CallWorkspaceListMethodNoArg shellForm, LIST_METHOD_REFRESH"
"ResolveSlotControlName","modAppShell","954","ControlName = ResolveSlotControlName(slotName)"
"HasControl","modAppShell","959","If HasControl(shellForm, ControlName) Then"
"NzString","modAppShell","960","ResolveSlotCommandKey = ParseCommandKeyFromTag(modDaoHelper.NzString(shellForm.Controls(ControlName).Tag))"
"ParseCommandKeyFromTag","modAppShell","960","ResolveSlotCommandKey = ParseCommandKeyFromTag(modDaoHelper.NzString(shellForm.Controls(ControlName).Tag))"
"ResolveSlotCommandKey","modAppShell","960","ResolveSlotCommandKey = ParseCommandKeyFromTag(modDaoHelper.NzString(shellForm.Controls(ControlName).Tag))"
"HasControl","modAppShell","966","If HasControl(shellForm, COMMAND_QUICK_SEARCH_CLEAR) Then"
"NzString","modAppShell","967","ResolveQuickSearchCommandKey = ParseCommandKeyFromTag(modDaoHelper.NzString(shellForm.Controls(COMMAND_QUICK_SEARCH_CLEAR).Tag))"
"ParseCommandKeyFromTag","modAppShell","967","ResolveQuickSearchCommandKey = ParseCommandKeyFromTag(modDaoHelper.NzString(shellForm.Controls(COMMAND_QUICK_SEARCH_CLEAR).Tag))"
"ResolveQuickSearchCommandKey","modAppShell","967","ResolveQuickSearchCommandKey = ParseCommandKeyFromTag(modDaoHelper.NzString(shellForm.Controls(COMMAND_QUICK_SEARCH_CLEAR).Tag))"
"HasControl","modAppShell","970","If HasControl(shellForm, TEXT_QUICK_SEARCH) Then"
"NzString","modAppShell","971","ResolveQuickSearchCommandKey = ParseCommandKeyFromTag(modDaoHelper.NzString(shellForm.Controls(TEXT_QUICK_SEARCH).Tag))"
"ParseCommandKeyFromTag","modAppShell","971","ResolveQuickSearchCommandKey = ParseCommandKeyFromTag(modDaoHelper.NzString(shellForm.Controls(TEXT_QUICK_SEARCH).Tag))"
"ResolveQuickSearchCommandKey","modAppShell","971","ResolveQuickSearchCommandKey = ParseCommandKeyFromTag(modDaoHelper.NzString(shellForm.Controls(TEXT_QUICK_SEARCH).Tag))"
"ResolveSlotControlName","modAppShell","979","ResolveSlotControlName = COMMAND_BAR_L1"
"ResolveSlotControlName","modAppShell","981","ResolveSlotControlName = COMMAND_BAR_L2"
"ResolveSlotControlName","modAppShell","983","ResolveSlotControlName = COMMAND_BAR_L3"
"ResolveSlotControlName","modAppShell","985","ResolveSlotControlName = COMMAND_BAR_R5"
"ResolveSlotControlName","modAppShell","987","ResolveSlotControlName = COMMAND_BAR_R4"
"ResolveSlotControlName","modAppShell","989","ResolveSlotControlName = COMMAND_BAR_R3"
"ResolveSlotControlName","modAppShell","991","ResolveSlotControlName = COMMAND_BAR_R2"
"ResolveSlotControlName","modAppShell","993","ResolveSlotControlName = COMMAND_BAR_R1"
"BuildControlCommandTag","modAppShell","1003","BuildControlCommandTag = ""WCMD="" & commandKey"
"ParseCommandKeyFromTag","modAppShell","1020","ParseCommandKeyFromTag = Trim$(Mid$(CStr(partText), separatorPosition + 1))"
"GetConfigBoolean","modAppShell","1031","GetConfigBoolean = defaultValue"
"GetConfigBoolean","modAppShell","1036","GetConfigBoolean = CBool(config(keyName))"
"GetConfigBoolean","modAppShell","1038","GetConfigBoolean = defaultValue"
"GetConfigBoolean","modAppShell","1043","GetConfigBoolean = defaultValue"
"GetConfigString","modAppShell","1050","GetConfigString = defaultValue"
"GetConfigString","modAppShell","1055","GetConfigString = Trim$(modDaoHelper.NzString(config(keyName), defaultValue))"
"NzString","modAppShell","1055","GetConfigString = Trim$(modDaoHelper.NzString(config(keyName), defaultValue))"
"GetConfigString","modAppShell","1057","GetConfigString = defaultValue"
"GetConfigString","modAppShell","1062","GetConfigString = defaultValue"
"HasControl","modAppShell","1072","If HasControl(shellForm, TEXT_QUICK_SEARCH) Then"
"HasControl","modAppShell","1076","If HasControl(shellForm, TEXT_SHELL_SEARCH) Then"
"HasControl","modAppShell","1092","If Not HasControl(shellForm, WORKSPACE_SUBFORM_CONTROL) Then"
"ResolveCurrentWorkspaceForm","modAppShell","1101","Set ResolveCurrentWorkspaceForm = TryGetHostedForm(workspaceHost)"
"TryGetHostedForm","modAppShell","1101","Set ResolveCurrentWorkspaceForm = TryGetHostedForm(workspaceHost)"
"TryGetHostedForm","modAppShell","1117","Set TryGetHostedForm = hostControl.Form"
"ResolveWorkspaceBooleanCapability","modAppShell","1131","ResolveWorkspaceBooleanCapability = defaultValue"
"ResolveWorkspaceBooleanCapability","modAppShell","1134","ResolveWorkspaceBooleanCapability = False"
"ResolveWorkspaceBooleanCapability","modAppShell","1139","ResolveWorkspaceBooleanCapability = CBool(CallByName(formObject, methodName, VbMethod))"
"ResolveWorkspaceBooleanCapability","modAppShell","1144","ResolveWorkspaceBooleanCapability = defaultValue"
"LogWarning","modAppShell","1146","modLoggingHandler.LogWarning MODULE_NAME & "".ResolveWorkspaceBooleanCapability"", _"
"ResolveWorkspaceBooleanCapability","modAppShell","1146","modLoggingHandler.LogWarning MODULE_NAME & "".ResolveWorkspaceBooleanCapability"", _"
"ResolveCurrentWorkspaceForm","modAppShell","1157","Set workspaceForm = ResolveCurrentWorkspaceForm(shellForm)"
"CallWorkspaceListMethodNoArg","modAppShell","1159","modLoggingHandler.LogWarning MODULE_NAME & "".CallWorkspaceListMethodNoArg"", _"
"LogWarning","modAppShell","1159","modLoggingHandler.LogWarning MODULE_NAME & "".CallWorkspaceListMethodNoArg"", _"
"RefreshShellStatus","modAppShell","1166","RefreshShellStatus shellForm"
"HandleMissingWorkspaceListMethod","modAppShell","1170","HandleMissingWorkspaceListMethod shellForm, workspaceForm, methodName, Err"
"ResolveCurrentWorkspaceForm","modAppShell","1182","Set workspaceForm = ResolveCurrentWorkspaceForm(shellForm)"
"CallWorkspaceListMethodWithArg","modAppShell","1184","modLoggingHandler.LogWarning MODULE_NAME & "".CallWorkspaceListMethodWithArg"", _"
"LogWarning","modAppShell","1184","modLoggingHandler.LogWarning MODULE_NAME & "".CallWorkspaceListMethodWithArg"", _"
"RefreshShellStatus","modAppShell","1191","RefreshShellStatus shellForm"
"HandleMissingWorkspaceListMethod","modAppShell","1195","HandleMissingWorkspaceListMethod shellForm, workspaceForm, methodName, Err"
"HandleMissingWorkspaceListMethod","modAppShell","1207","modLoggingHandler.LogWarning MODULE_NAME & "".HandleMissingWorkspaceListMethod"", _"
"LogWarning","modAppShell","1207","modLoggingHandler.LogWarning MODULE_NAME & "".HandleMissingWorkspaceListMethod"", _"
"HandleMissingWorkspaceListMethod","modAppShell","1210","modLoggingHandler.LogWarning MODULE_NAME & "".HandleMissingWorkspaceListMethod"", _"
"LogWarning","modAppShell","1210","modLoggingHandler.LogWarning MODULE_NAME & "".HandleMissingWorkspaceListMethod"", _"
"HandleError","modAppShell","1214","modErrorHandler.HandleError MODULE_NAME, methodName, raisedError"
"RefreshShellStatus","modAppShell","1217","RefreshShellStatus shellForm"
"HasControl","modAppShell","1233","HasControl = True"
"ResolveSafeText","modAppShell","1243","ResolveSafeText = ""n/a"""
"ResolveSafeText","modAppShell","1245","ResolveSafeText = Trim$(Value)"
"ExportDocumentToPdf","modPdfExportService","22","ExportDocumentToPdf = False"
"ExportDocumentToPdf","modPdfExportService","26","modLoggingHandler.LogWarning MODULE_NAME & "".ExportDocumentToPdf"", _"
"LogWarning","modPdfExportService","26","modLoggingHandler.LogWarning MODULE_NAME & "".ExportDocumentToPdf"", _"
"ValidateBackendConfiguration","modPdfExportService","31","If Not modDb.ValidateBackendConfiguration() Then"
"ExportDocumentToPdf","modPdfExportService","32","modLoggingHandler.LogWarning MODULE_NAME & "".ExportDocumentToPdf"", _"
"LogWarning","modPdfExportService","32","modLoggingHandler.LogWarning MODULE_NAME & "".ExportDocumentToPdf"", _"
"DocumentExists","modPdfExportService","37","If Not modDocumentRepository.DocumentExists(DocumentId) Then"
"ExportDocumentToPdf","modPdfExportService","38","modLoggingHandler.LogWarning MODULE_NAME & "".ExportDocumentToPdf"", _"
"LogWarning","modPdfExportService","38","modLoggingHandler.LogWarning MODULE_NAME & "".ExportDocumentToPdf"", _"
"ReportExists","modPdfExportService","43","If Not ReportExists(REPORT_DOCUMENT) Then"
"ExportDocumentToPdf","modPdfExportService","44","modLoggingHandler.LogWarning MODULE_NAME & "".ExportDocumentToPdf"", _"
"LogWarning","modPdfExportService","44","modLoggingHandler.LogWarning MODULE_NAME & "".ExportDocumentToPdf"", _"
"BuildDocumentPdfPath","modPdfExportService","49","targetPath = modOutputPathService.BuildDocumentPdfPath(DocumentId)"
"ExportDocumentToPdf","modPdfExportService","51","modLoggingHandler.LogWarning MODULE_NAME & "".ExportDocumentToPdf"", _"
"LogWarning","modPdfExportService","51","modLoggingHandler.LogWarning MODULE_NAME & "".ExportDocumentToPdf"", _"
"ExportDocumentToPdf","modPdfExportService","56","ExportDocumentToPdf = ExportDocumentToPdfAtPath(DocumentId, targetPath, exportedFilePath)"
"ExportDocumentToPdfAtPath","modPdfExportService","56","ExportDocumentToPdf = ExportDocumentToPdfAtPath(DocumentId, targetPath, exportedFilePath)"
"ExportDocumentToPdf","modPdfExportService","61","ExportDocumentToPdf = False"
"ExportDocumentToPdf","modPdfExportService","62","modErrorHandler.HandleError MODULE_NAME, ""ExportDocumentToPdf"", Err"
"HandleError","modPdfExportService","62","modErrorHandler.HandleError MODULE_NAME, ""ExportDocumentToPdf"", Err"
"ExportDocumentToPdfAtPath","modPdfExportService","72","ExportDocumentToPdfAtPath = False"
"ExportDocumentToPdfAtPath","modPdfExportService","78","modLoggingHandler.LogWarning MODULE_NAME & "".ExportDocumentToPdfAtPath"", _"
"LogWarning","modPdfExportService","78","modLoggingHandler.LogWarning MODULE_NAME & "".ExportDocumentToPdfAtPath"", _"
"ExportDocumentToPdfAtPath","modPdfExportService","84","modLoggingHandler.LogWarning MODULE_NAME & "".ExportDocumentToPdfAtPath"", _"
"LogWarning","modPdfExportService","84","modLoggingHandler.LogWarning MODULE_NAME & "".ExportDocumentToPdfAtPath"", _"
"ValidateBackendConfiguration","modPdfExportService","89","If Not modDb.ValidateBackendConfiguration() Then"
"ExportDocumentToPdfAtPath","modPdfExportService","90","modLoggingHandler.LogWarning MODULE_NAME & "".ExportDocumentToPdfAtPath"", _"
"LogWarning","modPdfExportService","90","modLoggingHandler.LogWarning MODULE_NAME & "".ExportDocumentToPdfAtPath"", _"
"DocumentExists","modPdfExportService","95","If Not modDocumentRepository.DocumentExists(DocumentId) Then"
"ExportDocumentToPdfAtPath","modPdfExportService","96","modLoggingHandler.LogWarning MODULE_NAME & "".ExportDocumentToPdfAtPath"", _"
"LogWarning","modPdfExportService","96","modLoggingHandler.LogWarning MODULE_NAME & "".ExportDocumentToPdfAtPath"", _"
"ReportExists","modPdfExportService","101","If Not ReportExists(REPORT_DOCUMENT) Then"
"ExportDocumentToPdfAtPath","modPdfExportService","102","modLoggingHandler.LogWarning MODULE_NAME & "".ExportDocumentToPdfAtPath"", _"
"LogWarning","modPdfExportService","102","modLoggingHandler.LogWarning MODULE_NAME & "".ExportDocumentToPdfAtPath"", _"
"GetFolderFromFilePath","modPdfExportService","107","targetFolder = GetFolderFromFilePath(targetPath)"
"EnsureDirectoryExists","modPdfExportService","108","If Not modOutputPathService.EnsureDirectoryExists(targetFolder) Then"
"ExportDocumentToPdfAtPath","modPdfExportService","109","modLoggingHandler.LogWarning MODULE_NAME & "".ExportDocumentToPdfAtPath"", _"
"LogWarning","modPdfExportService","109","modLoggingHandler.LogWarning MODULE_NAME & "".ExportDocumentToPdfAtPath"", _"
"ExportDocumentToPdfAtPath","modPdfExportService","121","ExportDocumentToPdfAtPath = True"
"ExportDocumentToPdfAtPath","modPdfExportService","123","modLoggingHandler.LogInfo MODULE_NAME & "".ExportDocumentToPdfAtPath"", _"
"LogInfo","modPdfExportService","123","modLoggingHandler.LogInfo MODULE_NAME & "".ExportDocumentToPdfAtPath"", _"
"ExportDocumentToPdfAtPath","modPdfExportService","128","ExportDocumentToPdfAtPath = False"
"LogError","modPdfExportService","134","modLoggingHandler.LogError _"
"ExportDocumentToPdfAtPath","modPdfExportService","135","MODULE_NAME & "".ExportDocumentToPdfAtPath"", _"
"ExportDocumentToPdfAtPath","modPdfExportService","142","modErrorHandler.HandleError MODULE_NAME, ""ExportDocumentToPdfAtPath"", Err"
"HandleError","modPdfExportService","142","modErrorHandler.HandleError MODULE_NAME, ""ExportDocumentToPdfAtPath"", Err"
"ReportExists","modPdfExportService","158","ReportExists = True"
"ReportExists","modPdfExportService","165","ReportExists = False"
"HandleError","modPdfExportService","166","modErrorHandler.HandleError MODULE_NAME, ""ReportExists"", Err"
"ReportExists","modPdfExportService","166","modErrorHandler.HandleError MODULE_NAME, ""ReportExists"", Err"
"GetFolderFromFilePath","modPdfExportService","176","GetFolderFromFilePath = Left$(Trim$(FilePath), separatorPosition - 1)"
"GetFolderFromFilePath","modPdfExportService","181","GetFolderFromFilePath = vbNullString"
"GetFolderFromFilePath","modPdfExportService","182","modErrorHandler.HandleError MODULE_NAME, ""GetFolderFromFilePath"", Err"
"HandleError","modPdfExportService","182","modErrorHandler.HandleError MODULE_NAME, ""GetFolderFromFilePath"", Err"
"EnsureOrderSchema","modFwSetup","22","EnsureOrderSchema = False"
"EnsureOrderPhase1Schema","modFwSetup","24","If Not modBasicModuleSchema.EnsureOrderPhase1Schema() Then"
"EnsureSalesOrderNumberRange","modFwSetup","28","If Not modOrderRepository.EnsureSalesOrderNumberRange(Year(Date)) Then"
"EnsureSystemLanguageReferenceSchema","modFwSetup","32","If Not modBasicModuleSchema.EnsureSystemLanguageReferenceSchema() Then"
"EnsureOrderSchema","modFwSetup","36","EnsureOrderSchema = True"
"EnsureOrderSchema","modFwSetup","37","modLoggingHandler.LogInfo MODULE_NAME & "".EnsureOrderSchema"", _"
"LogInfo","modFwSetup","37","modLoggingHandler.LogInfo MODULE_NAME & "".EnsureOrderSchema"", _"
"EnsureOrderSchema","modFwSetup","42","EnsureOrderSchema = False"
"EnsureOrderSchema","modFwSetup","43","modErrorHandler.HandleError MODULE_NAME, ""EnsureOrderSchema"", Err"
"HandleError","modFwSetup","43","modErrorHandler.HandleError MODULE_NAME, ""EnsureOrderSchema"", Err"
"EnsureBasicModuleSchema","modFwSetup","47","EnsureBasicModuleSchema = EnsureOrderSchema()"
"EnsureOrderSchema","modFwSetup","47","EnsureBasicModuleSchema = EnsureOrderSchema()"
"InsertTranslation","modFwSetup","57","InsertTranslation db, ""EN"", ""MSG_REQUIRED_FIELDS_MISSING"", ""Please fill in all required fields."", True"
"InsertTranslation","modFwSetup","58","InsertTranslation db, ""EN"", ""MSG_INVALID_FIELD_VALUES"", ""Please correct invalid field values."", True"
"InsertTranslation","modFwSetup","59","InsertTranslation db, ""EN"", ""MSG_MODULE_NOT_ACTIVE"", ""The required module is not active"", True"
"InsertTranslation","modFwSetup","60","InsertTranslation db, ""EN"", ""MSG_ROLE_NOT_ALLOWED"", ""You do not have permission to open this form"", True"
"InsertTranslation","modFwSetup","62","InsertTranslation db, ""EN"", ""ERR_REQUIRED"", ""is required"", True"
"InsertTranslation","modFwSetup","63","InsertTranslation db, ""EN"", ""ERR_NUMERIC"", ""must be a number"", True"
"InsertTranslation","modFwSetup","64","InsertTranslation db, ""EN"", ""ERR_INTEGER"", ""must be an integer"", True"
"InsertTranslation","modFwSetup","65","InsertTranslation db, ""EN"", ""ERR_MIN"", ""must be >= {0}"", True"
"InsertTranslation","modFwSetup","66","InsertTranslation db, ""EN"", ""ERR_MAX"", ""must be <= {0}"", True"
"InsertTranslation","modFwSetup","67","InsertTranslation db, ""EN"", ""ERR_MINLEN"", ""minimum length is {0}"", True"
"InsertTranslation","modFwSetup","68","InsertTranslation db, ""EN"", ""ERR_MAXLEN"", ""maximum length is {0}"", True"
"InsertTranslation","modFwSetup","69","InsertTranslation db, ""EN"", ""ERR_DATE"", ""must be a valid date"", True"
"InsertTranslation","modFwSetup","72","InsertTranslation db, ""EN"", ""APP_TITLE"", ""Easis Version 4"", True"
"InsertTranslation","modFwSetup","73","InsertTranslation db, ""EN"", ""DOCUMENT"", ""Document"", True"
"InsertTranslation","modFwSetup","74","InsertTranslation db, ""EN"", ""CUSTOMER"", ""Customer"", True"
"InsertTranslation","modFwSetup","75","InsertTranslation db, ""EN"", ""TOTAL"", ""Total"", True"
"InsertTranslation","modFwSetup","78","InsertTranslation db, ""DE"", ""MSG_REQUIRED_FIELDS_MISSING"", ""Bitte fuellen Sie alle Pflichtfelder aus."", True"
"InsertTranslation","modFwSetup","79","InsertTranslation db, ""DE"", ""MSG_INVALID_FIELD_VALUES"", ""Bitte korrigieren Sie die ungueltigen Feldwerte."", True"
"InsertTranslation","modFwSetup","80","InsertTranslation db, ""DE"", ""MSG_MODULE_NOT_ACTIVE"", ""Das erforderliche Modul ist nicht aktiv"", True"
"InsertTranslation","modFwSetup","81","InsertTranslation db, ""DE"", ""MSG_ROLE_NOT_ALLOWED"", ""Sie sind nicht berechtigt, dieses Formular zu oeffnen"", True"
"InsertTranslation","modFwSetup","83","InsertTranslation db, ""DE"", ""ERR_REQUIRED"", ""ist erforderlich"", True"
"InsertTranslation","modFwSetup","84","InsertTranslation db, ""DE"", ""ERR_NUMERIC"", ""muss eine Zahl sein"", True"
"InsertTranslation","modFwSetup","85","InsertTranslation db, ""DE"", ""ERR_INTEGER"", ""muss eine ganze Zahl sein"", True"
"InsertTranslation","modFwSetup","86","InsertTranslation db, ""DE"", ""ERR_MIN"", ""muss >= {0} sein"", True"
"InsertTranslation","modFwSetup","87","InsertTranslation db, ""DE"", ""ERR_MAX"", ""muss <= {0} sein"", True"
"InsertTranslation","modFwSetup","88","InsertTranslation db, ""DE"", ""ERR_MINLEN"", ""Mindestlaenge ist {0}"", True"
"InsertTranslation","modFwSetup","89","InsertTranslation db, ""DE"", ""ERR_MAXLEN"", ""Maximallaenge ist {0}"", True"
"InsertTranslation","modFwSetup","90","InsertTranslation db, ""DE"", ""ERR_DATE"", ""muss ein gueltiges Datum sein"", True"
"InsertTranslation","modFwSetup","93","InsertTranslation db, ""DE"", ""APP_TITLE"", ""Easis Version 4"", True"
"InsertTranslation","modFwSetup","94","InsertTranslation db, ""DE"", ""DOCUMENT"", ""Beleg"", True"
"InsertTranslation","modFwSetup","95","InsertTranslation db, ""DE"", ""CUSTOMER"", ""Kunde"", True"
"InsertTranslation","modFwSetup","96","InsertTranslation db, ""DE"", ""TOTAL"", ""Total"", True"
"InsertAddressTypeTranslations","modFwSetup","98","InsertAddressTypeTranslations db"
"InsertSalutationTranslations","modFwSetup","99","InsertSalutationTranslations db"
"InsertAddressingModeTranslations","modFwSetup","100","InsertAddressingModeTranslations db"
"InsertContactTypeTranslations","modFwSetup","101","InsertContactTypeTranslations db"
"InsertUnitTranslations","modFwSetup","102","InsertUnitTranslations db"
"InsertVatCodeTranslations","modFwSetup","103","InsertVatCodeTranslations db"
"InsertShellTranslations","modFwSetup","104","InsertShellTranslations db"
"EnsureTranslationTagGeneratorTranslations","modFwSetup","105","EnsureTranslationTagGeneratorTranslations db"
"EnsureTranslationTagGeneratorTags","modFwSetup","106","EnsureTranslationTagGeneratorTags"
"EnsureAddressCockpitTranslations","modFwSetup","107","EnsureAddressCockpitTranslations db"
"EnsureAddressCockpitTags","modFwSetup","108","EnsureAddressCockpitTags"
"EnsureOrderDetailTranslations","modFwSetup","109","EnsureOrderDetailTranslations db"
"EnsureOrderLinesTranslations","modFwSetup","110","EnsureOrderLinesTranslations db"
"EnsureOrderLinesTags","modFwSetup","111","EnsureOrderLinesTags"
"GetFormControlMetadata","modFwSetup","131","Set metadataItems = modFwComposerService.GetFormControlMetadata(FORM_TRANSLATION_TAG_GENERATOR, True)"
"NzString","modFwSetup","136","ControlName = Trim$(modDaoHelper.NzString(metadata(""control_name"")))"
"NzString","modFwSetup","141","currentTag = modDaoHelper.NzString(metadata(""current_tag""))"
"SetTranslationKeyInTag","modFwSetup","142","updatedTag = modFwTranslationRuntime.SetTranslationKeyInTag( _"
"BuildTagGeneratorTranslationKey","modFwSetup","144","BuildTagGeneratorTranslationKey(ControlName))"
"SaveControlTagsToObject","modFwSetup","154","If Not modFwComposerService.SaveControlTagsToObject(modFwComposerService.OBJECT_TYPE_FORM, FORM_TRANSLATION_TAG_GENERATOR, controlTagMap, updatedCount) Then"
"EnsureTranslationTagGeneratorTags","modFwSetup","155","Err.Raise vbObjectError + 6110, MODULE_NAME & "".EnsureTranslationTagGeneratorTags"", _"
"EnsureTranslationTagGeneratorTags","modFwSetup","160","modLoggingHandler.LogInfo MODULE_NAME & "".EnsureTranslationTagGeneratorTags"", _"
"LogInfo","modFwSetup","160","modLoggingHandler.LogInfo MODULE_NAME & "".EnsureTranslationTagGeneratorTags"", _"
"EnsureTranslationTagGeneratorTags","modFwSetup","165","modErrorHandler.HandleError MODULE_NAME, ""EnsureTranslationTagGeneratorTags"", Err"
"HandleError","modFwSetup","165","modErrorHandler.HandleError MODULE_NAME, ""EnsureTranslationTagGeneratorTags"", Err"
"EnsureTranslationSeed","modFwSetup","179","EnsureTranslationSeed workingDb, ""de-CH"", ""NAV.FW_TRANSLATION_TAG_GENERATOR"", ""Translation-Tags"", ""NAVIGATION"", 240"
"EnsureTranslationSeed","modFwSetup","180","EnsureTranslationSeed workingDb, ""en-US"", ""NAV.FW_TRANSLATION_TAG_GENERATOR"", ""Translation tags"", ""NAVIGATION"", 240"
"EnsureTranslationSeed","modFwSetup","181","EnsureTranslationSeed workingDb, ""fr-CH"", ""NAV.FW_TRANSLATION_TAG_GENERATOR"", ""Balises de traduction"", ""NAVIGATION"", 240"
"EnsureTranslationSeed","modFwSetup","183","EnsureTranslationSeed workingDb, ""de-CH"", ""FORM.FRMFWTRANSLATIONTAGGENERATOR.FORM_TITLE"", ""Translation-Tag-Generator"", ""FORM"", 278"
"EnsureTranslationSeed","modFwSetup","184","EnsureTranslationSeed workingDb, ""en-US"", ""FORM.FRMFWTRANSLATIONTAGGENERATOR.FORM_TITLE"", ""Translation tag generator"", ""FORM"", 278"
"EnsureTranslationSeed","modFwSetup","185","EnsureTranslationSeed workingDb, ""fr-CH"", ""FORM.FRMFWTRANSLATIONTAGGENERATOR.FORM_TITLE"", ""Generateur de balises de traduction"", ""FORM"", 278"
"EnsureTranslationSeed","modFwSetup","186","EnsureTranslationSeed workingDb, ""de-CH"", ""FORM.FRMFWTRANSLATIONTAGGENERATOR.FORM_NAME"", ""Formular"", ""FORM"", 279"
"EnsureTranslationSeed","modFwSetup","187","EnsureTranslationSeed workingDb, ""en-US"", ""FORM.FRMFWTRANSLATIONTAGGENERATOR.FORM_NAME"", ""Form"", ""FORM"", 279"
"EnsureTranslationSeed","modFwSetup","188","EnsureTranslationSeed workingDb, ""fr-CH"", ""FORM.FRMFWTRANSLATIONTAGGENERATOR.FORM_NAME"", ""Formulaire"", ""FORM"", 279"
"EnsureTranslationSeed","modFwSetup","189","EnsureTranslationSeed workingDb, ""de-CH"", ""FORM.FRMFWTRANSLATIONTAGGENERATOR.INCLUDE_HIDDEN"", ""Versteckte Controls einschliessen"", ""FORM"", 280"
"EnsureTranslationSeed","modFwSetup","190","EnsureTranslationSeed workingDb, ""en-US"", ""FORM.FRMFWTRANSLATIONTAGGENERATOR.INCLUDE_HIDDEN"", ""Include hidden controls"", ""FORM"", 280"
"EnsureTranslationSeed","modFwSetup","191","EnsureTranslationSeed workingDb, ""fr-CH"", ""FORM.FRMFWTRANSLATIONTAGGENERATOR.INCLUDE_HIDDEN"", ""Inclure les controles masques"", ""FORM"", 280"
"EnsureTranslationSeed","modFwSetup","192","EnsureTranslationSeed workingDb, ""de-CH"", ""FORM.FRMFWTRANSLATIONTAGGENERATOR.SHOW_ALL_CONTROLS"", ""Alle Controls anzeigen"", ""FORM"", 281"
"EnsureTranslationSeed","modFwSetup","193","EnsureTranslationSeed workingDb, ""en-US"", ""FORM.FRMFWTRANSLATIONTAGGENERATOR.SHOW_ALL_CONTROLS"", ""Show all controls"", ""FORM"", 281"
"EnsureTranslationSeed","modFwSetup","194","EnsureTranslationSeed workingDb, ""fr-CH"", ""FORM.FRMFWTRANSLATIONTAGGENERATOR.SHOW_ALL_CONTROLS"", ""Afficher tous les controles"", ""FORM"", 281"
"EnsureTranslationSeed","modFwSetup","195","EnsureTranslationSeed workingDb, ""de-CH"", ""FORM.FRMFWTRANSLATIONTAGGENERATOR.LOAD_FORM"", ""Formular laden"", ""FORM"", 282"
"EnsureTranslationSeed","modFwSetup","196","EnsureTranslationSeed workingDb, ""en-US"", ""FORM.FRMFWTRANSLATIONTAGGENERATOR.LOAD_FORM"", ""Load form"", ""FORM"", 282"
"EnsureTranslationSeed","modFwSetup","197","EnsureTranslationSeed workingDb, ""fr-CH"", ""FORM.FRMFWTRANSLATIONTAGGENERATOR.LOAD_FORM"", ""Charger le formulaire"", ""FORM"", 282"
"EnsureTranslationSeed","modFwSetup","198","EnsureTranslationSeed workingDb, ""de-CH"", ""FORM.FRMFWTRANSLATIONTAGGENERATOR.GENERATE_SUGGESTIONS"", ""Vorschlaege generieren"", ""FORM"", 283"
"EnsureTranslationSeed","modFwSetup","199","EnsureTranslationSeed workingDb, ""en-US"", ""FORM.FRMFWTRANSLATIONTAGGENERATOR.GENERATE_SUGGESTIONS"", ""Generate suggestions"", ""FORM"", 283"
"EnsureTranslationSeed","modFwSetup","200","EnsureTranslationSeed workingDb, ""fr-CH"", ""FORM.FRMFWTRANSLATIONTAGGENERATOR.GENERATE_SUGGESTIONS"", ""Generer les propositions"", ""FORM"", 283"
"EnsureTranslationSeed","modFwSetup","201","EnsureTranslationSeed workingDb, ""de-CH"", ""FORM.FRMFWTRANSLATIONTAGGENERATOR.SET_MISSING_KEYS"", ""Fehlende Keys setzen"", ""FORM"", 284"
"EnsureTranslationSeed","modFwSetup","202","EnsureTranslationSeed workingDb, ""en-US"", ""FORM.FRMFWTRANSLATIONTAGGENERATOR.SET_MISSING_KEYS"", ""Set missing keys"", ""FORM"", 284"
"EnsureTranslationSeed","modFwSetup","203","EnsureTranslationSeed workingDb, ""fr-CH"", ""FORM.FRMFWTRANSLATIONTAGGENERATOR.SET_MISSING_KEYS"", ""Definir les cles manquantes"", ""FORM"", 284"
"EnsureTranslationSeed","modFwSetup","204","EnsureTranslationSeed workingDb, ""de-CH"", ""FORM.FRMFWTRANSLATIONTAGGENERATOR.SET_SELECTED_KEY"", ""Key fuer Control setzen"", ""FORM"", 285"
"EnsureTranslationSeed","modFwSetup","205","EnsureTranslationSeed workingDb, ""en-US"", ""FORM.FRMFWTRANSLATIONTAGGENERATOR.SET_SELECTED_KEY"", ""Set key for control"", ""FORM"", 285"
"EnsureTranslationSeed","modFwSetup","206","EnsureTranslationSeed workingDb, ""fr-CH"", ""FORM.FRMFWTRANSLATIONTAGGENERATOR.SET_SELECTED_KEY"", ""Definir la cle pour le controle"", ""FORM"", 285"
"EnsureTranslationSeed","modFwSetup","207","EnsureTranslationSeed workingDb, ""de-CH"", ""FORM.FRMFWTRANSLATIONTAGGENERATOR.REMOVE_SELECTED_KEY"", ""Key fuer Control entfernen"", ""FORM"", 286"
"EnsureTranslationSeed","modFwSetup","208","EnsureTranslationSeed workingDb, ""en-US"", ""FORM.FRMFWTRANSLATIONTAGGENERATOR.REMOVE_SELECTED_KEY"", ""Remove key from control"", ""FORM"", 286"
"EnsureTranslationSeed","modFwSetup","209","EnsureTranslationSeed workingDb, ""fr-CH"", ""FORM.FRMFWTRANSLATIONTAGGENERATOR.REMOVE_SELECTED_KEY"", ""Supprimer la cle du controle"", ""FORM"", 286"
"EnsureTranslationSeed","modFwSetup","210","EnsureTranslationSeed workingDb, ""de-CH"", ""FORM.FRMFWTRANSLATIONTAGGENERATOR.SAVE"", ""Aenderungen speichern"", ""FORM"", 287"
"EnsureTranslationSeed","modFwSetup","211","EnsureTranslationSeed workingDb, ""en-US"", ""FORM.FRMFWTRANSLATIONTAGGENERATOR.SAVE"", ""Save changes"", ""FORM"", 287"
"EnsureTranslationSeed","modFwSetup","212","EnsureTranslationSeed workingDb, ""fr-CH"", ""FORM.FRMFWTRANSLATIONTAGGENERATOR.SAVE"", ""Enregistrer les modifications"", ""FORM"", 287"
"EnsureTranslationSeed","modFwSetup","213","EnsureTranslationSeed workingDb, ""de-CH"", ""FORM.FRMFWTRANSLATIONTAGGENERATOR.CANCEL"", ""Schliessen / verwerfen"", ""FORM"", 288"
"EnsureTranslationSeed","modFwSetup","214","EnsureTranslationSeed workingDb, ""en-US"", ""FORM.FRMFWTRANSLATIONTAGGENERATOR.CANCEL"", ""Close / discard"", ""FORM"", 288"
"EnsureTranslationSeed","modFwSetup","215","EnsureTranslationSeed workingDb, ""fr-CH"", ""FORM.FRMFWTRANSLATIONTAGGENERATOR.CANCEL"", ""Fermer / abandonner"", ""FORM"", 288"
"EnsureTranslationSeed","modFwSetup","216","EnsureTranslationSeed workingDb, ""de-CH"", ""FORM.FRMFWTRANSLATIONTAGGENERATOR.CONTROL_NAME"", ""Control-Name"", ""FORM"", 289"
"EnsureTranslationSeed","modFwSetup","217","EnsureTranslationSeed workingDb, ""en-US"", ""FORM.FRMFWTRANSLATIONTAGGENERATOR.CONTROL_NAME"", ""Control name"", ""FORM"", 289"
"EnsureTranslationSeed","modFwSetup","218","EnsureTranslationSeed workingDb, ""fr-CH"", ""FORM.FRMFWTRANSLATIONTAGGENERATOR.CONTROL_NAME"", ""Nom du controle"", ""FORM"", 289"
"EnsureTranslationSeed","modFwSetup","219","EnsureTranslationSeed workingDb, ""de-CH"", ""FORM.FRMFWTRANSLATIONTAGGENERATOR.CONTROL_TYPE"", ""Control-Typ"", ""FORM"", 290"
"EnsureTranslationSeed","modFwSetup","220","EnsureTranslationSeed workingDb, ""en-US"", ""FORM.FRMFWTRANSLATIONTAGGENERATOR.CONTROL_TYPE"", ""Control type"", ""FORM"", 290"
"EnsureTranslationSeed","modFwSetup","221","EnsureTranslationSeed workingDb, ""fr-CH"", ""FORM.FRMFWTRANSLATIONTAGGENERATOR.CONTROL_TYPE"", ""Type de controle"", ""FORM"", 290"
"EnsureTranslationSeed","modFwSetup","222","EnsureTranslationSeed workingDb, ""de-CH"", ""FORM.FRMFWTRANSLATIONTAGGENERATOR.SOURCE_TEXT"", ""Quelltext"", ""FORM"", 291"
"EnsureTranslationSeed","modFwSetup","223","EnsureTranslationSeed workingDb, ""en-US"", ""FORM.FRMFWTRANSLATIONTAGGENERATOR.SOURCE_TEXT"", ""Source text"", ""FORM"", 291"
"EnsureTranslationSeed","modFwSetup","224","EnsureTranslationSeed workingDb, ""fr-CH"", ""FORM.FRMFWTRANSLATIONTAGGENERATOR.SOURCE_TEXT"", ""Texte source"", ""FORM"", 291"
"EnsureTranslationSeed","modFwSetup","225","EnsureTranslationSeed workingDb, ""de-CH"", ""FORM.FRMFWTRANSLATIONTAGGENERATOR.CURRENT_TAG"", ""Aktueller Tag"", ""FORM"", 292"
"EnsureTranslationSeed","modFwSetup","226","EnsureTranslationSeed workingDb, ""en-US"", ""FORM.FRMFWTRANSLATIONTAGGENERATOR.CURRENT_TAG"", ""Current tag"", ""FORM"", 292"
"EnsureTranslationSeed","modFwSetup","227","EnsureTranslationSeed workingDb, ""fr-CH"", ""FORM.FRMFWTRANSLATIONTAGGENERATOR.CURRENT_TAG"", ""Balise actuelle"", ""FORM"", 292"
"EnsureTranslationSeed","modFwSetup","228","EnsureTranslationSeed workingDb, ""de-CH"", ""FORM.FRMFWTRANSLATIONTAGGENERATOR.CURRENT_TRANSLATION_KEY"", ""Vorhandener Translation-Key"", ""FORM"", 293"
"EnsureTranslationSeed","modFwSetup","229","EnsureTranslationSeed workingDb, ""en-US"", ""FORM.FRMFWTRANSLATIONTAGGENERATOR.CURRENT_TRANSLATION_KEY"", ""Existing translation key"", ""FORM"", 293"
"EnsureTranslationSeed","modFwSetup","230","EnsureTranslationSeed workingDb, ""fr-CH"", ""FORM.FRMFWTRANSLATIONTAGGENERATOR.CURRENT_TRANSLATION_KEY"", ""Cle de traduction existante"", ""FORM"", 293"
"EnsureTranslationSeed","modFwSetup","231","EnsureTranslationSeed workingDb, ""de-CH"", ""FORM.FRMFWTRANSLATIONTAGGENERATOR.SUGGESTED_TRANSLATION_KEY"", ""Vorgeschlagener Translation-Key"", ""FORM"", 294"
"EnsureTranslationSeed","modFwSetup","232","EnsureTranslationSeed workingDb, ""en-US"", ""FORM.FRMFWTRANSLATIONTAGGENERATOR.SUGGESTED_TRANSLATION_KEY"", ""Suggested translation key"", ""FORM"", 294"
"EnsureTranslationSeed","modFwSetup","233","EnsureTranslationSeed workingDb, ""fr-CH"", ""FORM.FRMFWTRANSLATIONTAGGENERATOR.SUGGESTED_TRANSLATION_KEY"", ""Cle de traduction proposee"", ""FORM"", 294"
"EnsureTranslationSeed","modFwSetup","234","EnsureTranslationSeed workingDb, ""de-CH"", ""FORM.FRMFWTRANSLATIONTAGGENERATOR.TAG_STATUS"", ""Tag-Status"", ""FORM"", 295"
"EnsureTranslationSeed","modFwSetup","235","EnsureTranslationSeed workingDb, ""en-US"", ""FORM.FRMFWTRANSLATIONTAGGENERATOR.TAG_STATUS"", ""Tag status"", ""FORM"", 295"
"EnsureTranslationSeed","modFwSetup","236","EnsureTranslationSeed workingDb, ""fr-CH"", ""FORM.FRMFWTRANSLATIONTAGGENERATOR.TAG_STATUS"", ""Statut de balise"", ""FORM"", 295"
"EnsureTranslationSeed","modFwSetup","238","EnsureTranslationSeed workingDb, ""de-CH"", ""MSG.FW_TRANSLATION_TAG_GENERATOR_LOAD_ERROR"", ""Fehler beim Laden des Translation-Tag-Generators."", ""MSG"", 295"
"EnsureTranslationSeed","modFwSetup","239","EnsureTranslationSeed workingDb, ""en-US"", ""MSG.FW_TRANSLATION_TAG_GENERATOR_LOAD_ERROR"", ""Error loading the translation tag generator."", ""MSG"", 295"
"EnsureTranslationSeed","modFwSetup","240","EnsureTranslationSeed workingDb, ""fr-CH"", ""MSG.FW_TRANSLATION_TAG_GENERATOR_LOAD_ERROR"", ""Erreur lors du chargement du generateur de balises de traduction."", ""MSG"", 295"
"EnsureTranslationSeed","modFwSetup","241","EnsureTranslationSeed workingDb, ""de-CH"", ""MSG.FW_TRANSLATION_TAG_GENERATOR_LOAD_FORM_ERROR"", ""Fehler beim Laden des ausgewaehlten Formulars."", ""MSG"", 296"
"EnsureTranslationSeed","modFwSetup","242","EnsureTranslationSeed workingDb, ""en-US"", ""MSG.FW_TRANSLATION_TAG_GENERATOR_LOAD_FORM_ERROR"", ""Error loading the selected form."", ""MSG"", 296"
"EnsureTranslationSeed","modFwSetup","243","EnsureTranslationSeed workingDb, ""fr-CH"", ""MSG.FW_TRANSLATION_TAG_GENERATOR_LOAD_FORM_ERROR"", ""Erreur lors du chargement du formulaire selectionne."", ""MSG"", 296"
"EnsureTranslationSeed","modFwSetup","244","EnsureTranslationSeed workingDb, ""de-CH"", ""MSG.FW_TRANSLATION_TAG_GENERATOR_FORM_REQUIRED"", ""Bitte zuerst ein Formular auswaehlen."", ""MSG"", 297"
"EnsureTranslationSeed","modFwSetup","245","EnsureTranslationSeed workingDb, ""en-US"", ""MSG.FW_TRANSLATION_TAG_GENERATOR_FORM_REQUIRED"", ""Please select a form first."", ""MSG"", 297"
"EnsureTranslationSeed","modFwSetup","246","EnsureTranslationSeed workingDb, ""fr-CH"", ""MSG.FW_TRANSLATION_TAG_GENERATOR_FORM_REQUIRED"", ""Veuillez d'abord selectionner un formulaire."", ""MSG"", 297"
"EnsureTranslationSeed","modFwSetup","247","EnsureTranslationSeed workingDb, ""de-CH"", ""MSG.FW_TRANSLATION_TAG_GENERATOR_SELECT_CONTROL"", ""Bitte zuerst ein Control auswaehlen."", ""MSG"", 298"
"EnsureTranslationSeed","modFwSetup","248","EnsureTranslationSeed workingDb, ""en-US"", ""MSG.FW_TRANSLATION_TAG_GENERATOR_SELECT_CONTROL"", ""Please select a control first."", ""MSG"", 298"
"EnsureTranslationSeed","modFwSetup","249","EnsureTranslationSeed workingDb, ""fr-CH"", ""MSG.FW_TRANSLATION_TAG_GENERATOR_SELECT_CONTROL"", ""Veuillez d'abord selectionner un controle."", ""MSG"", 298"
"EnsureTranslationSeed","modFwSetup","250","EnsureTranslationSeed workingDb, ""de-CH"", ""MSG.FW_TRANSLATION_TAG_GENERATOR_NOT_TRANSLATABLE"", ""Das markierte Control ist nicht fuer einen Translation-Key geeignet."", ""MSG"", 299"
"EnsureTranslationSeed","modFwSetup","251","EnsureTranslationSeed workingDb, ""en-US"", ""MSG.FW_TRANSLATION_TAG_GENERATOR_NOT_TRANSLATABLE"", ""The selected control is not suitable for a translation key."", ""MSG"", 299"
"EnsureTranslationSeed","modFwSetup","252","EnsureTranslationSeed workingDb, ""fr-CH"", ""MSG.FW_TRANSLATION_TAG_GENERATOR_NOT_TRANSLATABLE"", ""Le controle selectionne ne convient pas pour une cle de traduction."", ""MSG"", 299"
"EnsureTranslationSeed","modFwSetup","253","EnsureTranslationSeed workingDb, ""de-CH"", ""MSG.FW_TRANSLATION_TAG_GENERATOR_NO_MISSING_KEYS"", ""Keine fehlenden Translation-Keys zum Setzen gefunden."", ""MSG"", 300"
"EnsureTranslationSeed","modFwSetup","254","EnsureTranslationSeed workingDb, ""en-US"", ""MSG.FW_TRANSLATION_TAG_GENERATOR_NO_MISSING_KEYS"", ""No missing translation keys were found to set."", ""MSG"", 300"
"EnsureTranslationSeed","modFwSetup","255","EnsureTranslationSeed workingDb, ""fr-CH"", ""MSG.FW_TRANSLATION_TAG_GENERATOR_NO_MISSING_KEYS"", ""Aucune cle de traduction manquante a definir n'a ete trouvee."", ""MSG"", 300"
"EnsureTranslationSeed","modFwSetup","256","EnsureTranslationSeed workingDb, ""de-CH"", ""MSG.FW_TRANSLATION_TAG_GENERATOR_SAVE_SUCCESS"", ""Translation-Tags wurden gespeichert."", ""MSG"", 301"
"EnsureTranslationSeed","modFwSetup","257","EnsureTranslationSeed workingDb, ""en-US"", ""MSG.FW_TRANSLATION_TAG_GENERATOR_SAVE_SUCCESS"", ""Translation tags were saved."", ""MSG"", 301"
"EnsureTranslationSeed","modFwSetup","258","EnsureTranslationSeed workingDb, ""fr-CH"", ""MSG.FW_TRANSLATION_TAG_GENERATOR_SAVE_SUCCESS"", ""Les balises de traduction ont ete enregistrees."", ""MSG"", 301"
"EnsureTranslationSeed","modFwSetup","259","EnsureTranslationSeed workingDb, ""de-CH"", ""MSG.FW_TRANSLATION_TAG_GENERATOR_SAVE_ERROR"", ""Fehler beim Speichern der Translation-Tags."", ""MSG"", 302"
"EnsureTranslationSeed","modFwSetup","260","EnsureTranslationSeed workingDb, ""en-US"", ""MSG.FW_TRANSLATION_TAG_GENERATOR_SAVE_ERROR"", ""Error saving the translation tags."", ""MSG"", 302"
"EnsureTranslationSeed","modFwSetup","261","EnsureTranslationSeed workingDb, ""fr-CH"", ""MSG.FW_TRANSLATION_TAG_GENERATOR_SAVE_ERROR"", ""Erreur lors de l'enregistrement des balises de traduction."", ""MSG"", 302"
"EnsureTranslationSeed","modFwSetup","262","EnsureTranslationSeed workingDb, ""de-CH"", ""MSG.FW_TRANSLATION_TAG_GENERATOR_DISCARD_CONFIRM"", ""Ungespeicherte Tag-Aenderungen verwerfen?"", ""MSG"", 303"
"EnsureTranslationSeed","modFwSetup","263","EnsureTranslationSeed workingDb, ""en-US"", ""MSG.FW_TRANSLATION_TAG_GENERATOR_DISCARD_CONFIRM"", ""Discard unsaved tag changes?"", ""MSG"", 303"
"EnsureTranslationSeed","modFwSetup","264","EnsureTranslationSeed workingDb, ""fr-CH"", ""MSG.FW_TRANSLATION_TAG_GENERATOR_DISCARD_CONFIRM"", ""Abandonner les modifications de balises non enregistrees ?"", ""MSG"", 303"
"EnsureTranslationTagGeneratorTranslations","modFwSetup","266","modLoggingHandler.LogInfo MODULE_NAME & "".EnsureTranslationTagGeneratorTranslations"", _"
"LogInfo","modFwSetup","266","modLoggingHandler.LogInfo MODULE_NAME & "".EnsureTranslationTagGeneratorTranslations"", _"
"EnsureTranslationTagGeneratorTranslations","modFwSetup","271","modErrorHandler.HandleError MODULE_NAME, ""EnsureTranslationTagGeneratorTranslations"", Err"
"HandleError","modFwSetup","271","modErrorHandler.HandleError MODULE_NAME, ""EnsureTranslationTagGeneratorTranslations"", Err"
"EnsureTranslationSeed","modFwSetup","285","EnsureTranslationSeed workingDb, ""de-CH"", ""NAV.ADDRESS_COCKPIT"", ""Adress-Cockpit"", ""NAVIGATION"", 21"
"EnsureTranslationSeed","modFwSetup","286","EnsureTranslationSeed workingDb, ""en-US"", ""NAV.ADDRESS_COCKPIT"", ""Address cockpit"", ""NAVIGATION"", 21"
"EnsureTranslationSeed","modFwSetup","287","EnsureTranslationSeed workingDb, ""fr-CH"", ""NAV.ADDRESS_COCKPIT"", ""Cockpit adresse"", ""NAVIGATION"", 21"
"EnsureTranslationSeed","modFwSetup","289","EnsureTranslationSeed workingDb, ""de-CH"", ""FORM.FRMADDRESSCOCKPIT.FORM_TITLE"", ""Adress-Cockpit"", ""FORM"", 320"
"EnsureTranslationSeed","modFwSetup","290","EnsureTranslationSeed workingDb, ""en-US"", ""FORM.FRMADDRESSCOCKPIT.FORM_TITLE"", ""Address cockpit"", ""FORM"", 320"
"EnsureTranslationSeed","modFwSetup","291","EnsureTranslationSeed workingDb, ""fr-CH"", ""FORM.FRMADDRESSCOCKPIT.FORM_TITLE"", ""Cockpit adresse"", ""FORM"", 320"
"EnsureTranslationSeed","modFwSetup","292","EnsureTranslationSeed workingDb, ""de-CH"", ""FORM.FRMADDRESSCOCKPIT.ADDRESS"", ""Adresse"", ""FORM"", 321"
"EnsureTranslationSeed","modFwSetup","293","EnsureTranslationSeed workingDb, ""en-US"", ""FORM.FRMADDRESSCOCKPIT.ADDRESS"", ""Address"", ""FORM"", 321"
"EnsureTranslationSeed","modFwSetup","294","EnsureTranslationSeed workingDb, ""fr-CH"", ""FORM.FRMADDRESSCOCKPIT.ADDRESS"", ""Adresse"", ""FORM"", 321"
"EnsureTranslationSeed","modFwSetup","295","EnsureTranslationSeed workingDb, ""de-CH"", ""FORM.FRMADDRESSCOCKPIT.CONTACT"", ""Kontakt"", ""FORM"", 322"
"EnsureTranslationSeed","modFwSetup","296","EnsureTranslationSeed workingDb, ""en-US"", ""FORM.FRMADDRESSCOCKPIT.CONTACT"", ""Contact"", ""FORM"", 322"
"EnsureTranslationSeed","modFwSetup","297","EnsureTranslationSeed workingDb, ""fr-CH"", ""FORM.FRMADDRESSCOCKPIT.CONTACT"", ""Contact"", ""FORM"", 322"
"EnsureTranslationSeed","modFwSetup","298","EnsureTranslationSeed workingDb, ""de-CH"", ""FORM.FRMADDRESSCOCKPIT.STATUS"", ""Status"", ""FORM"", 323"
"EnsureTranslationSeed","modFwSetup","299","EnsureTranslationSeed workingDb, ""en-US"", ""FORM.FRMADDRESSCOCKPIT.STATUS"", ""Status"", ""FORM"", 323"
"EnsureTranslationSeed","modFwSetup","300","EnsureTranslationSeed workingDb, ""fr-CH"", ""FORM.FRMADDRESSCOCKPIT.STATUS"", ""Statut"", ""FORM"", 323"
"EnsureTranslationSeed","modFwSetup","301","EnsureTranslationSeed workingDb, ""de-CH"", ""FORM.FRMADDRESSCOCKPIT.LOCK_HINT"", ""Adresse ist gesperrt"", ""FORM"", 324"
"EnsureTranslationSeed","modFwSetup","302","EnsureTranslationSeed workingDb, ""en-US"", ""FORM.FRMADDRESSCOCKPIT.LOCK_HINT"", ""Address is locked"", ""FORM"", 324"
"EnsureTranslationSeed","modFwSetup","303","EnsureTranslationSeed workingDb, ""fr-CH"", ""FORM.FRMADDRESSCOCKPIT.LOCK_HINT"", ""L'adresse est bloquee"", ""FORM"", 324"
"EnsureTranslationSeed","modFwSetup","304","EnsureTranslationSeed workingDb, ""de-CH"", ""FORM.FRMADDRESSCOCKPIT.OPEN_INVOICES"", ""Offene Rechnungen"", ""FORM"", 325"
"EnsureTranslationSeed","modFwSetup","305","EnsureTranslationSeed workingDb, ""en-US"", ""FORM.FRMADDRESSCOCKPIT.OPEN_INVOICES"", ""Open invoices"", ""FORM"", 325"
"EnsureTranslationSeed","modFwSetup","306","EnsureTranslationSeed workingDb, ""fr-CH"", ""FORM.FRMADDRESSCOCKPIT.OPEN_INVOICES"", ""Factures ouvertes"", ""FORM"", 325"
"EnsureTranslationSeed","modFwSetup","307","EnsureTranslationSeed workingDb, ""de-CH"", ""FORM.FRMADDRESSCOCKPIT.OVERDUE_ITEMS"", ""Ueberfaellige Posten"", ""FORM"", 326"
"EnsureTranslationSeed","modFwSetup","308","EnsureTranslationSeed workingDb, ""en-US"", ""FORM.FRMADDRESSCOCKPIT.OVERDUE_ITEMS"", ""Overdue items"", ""FORM"", 326"
"EnsureTranslationSeed","modFwSetup","309","EnsureTranslationSeed workingDb, ""fr-CH"", ""FORM.FRMADDRESSCOCKPIT.OVERDUE_ITEMS"", ""Postes echus"", ""FORM"", 326"
"EnsureTranslationSeed","modFwSetup","310","EnsureTranslationSeed workingDb, ""de-CH"", ""FORM.FRMADDRESSCOCKPIT.DUNNINGS"", ""Mahnungen"", ""FORM"", 327"
"EnsureTranslationSeed","modFwSetup","311","EnsureTranslationSeed workingDb, ""en-US"", ""FORM.FRMADDRESSCOCKPIT.DUNNINGS"", ""Dunnings"", ""FORM"", 327"
"EnsureTranslationSeed","modFwSetup","312","EnsureTranslationSeed workingDb, ""fr-CH"", ""FORM.FRMADDRESSCOCKPIT.DUNNINGS"", ""Rappels"", ""FORM"", 327"
"EnsureTranslationSeed","modFwSetup","313","EnsureTranslationSeed workingDb, ""de-CH"", ""FORM.FRMADDRESSCOCKPIT.SALES_CURRENT_YEAR"", ""Umsatz laufendes Jahr"", ""FORM"", 328"
"EnsureTranslationSeed","modFwSetup","314","EnsureTranslationSeed workingDb, ""en-US"", ""FORM.FRMADDRESSCOCKPIT.SALES_CURRENT_YEAR"", ""Sales current year"", ""FORM"", 328"
"EnsureTranslationSeed","modFwSetup","315","EnsureTranslationSeed workingDb, ""fr-CH"", ""FORM.FRMADDRESSCOCKPIT.SALES_CURRENT_YEAR"", ""Chiffre d'affaires annee en cours"", ""FORM"", 328"
"EnsureTranslationSeed","modFwSetup","316","EnsureTranslationSeed workingDb, ""de-CH"", ""FORM.FRMADDRESSCOCKPIT.OPEN_ORDERS"", ""Offene Auftraege"", ""FORM"", 329"
"EnsureTranslationSeed","modFwSetup","317","EnsureTranslationSeed workingDb, ""en-US"", ""FORM.FRMADDRESSCOCKPIT.OPEN_ORDERS"", ""Open orders"", ""FORM"", 329"
"EnsureTranslationSeed","modFwSetup","318","EnsureTranslationSeed workingDb, ""fr-CH"", ""FORM.FRMADDRESSCOCKPIT.OPEN_ORDERS"", ""Commandes ouvertes"", ""FORM"", 329"
"EnsureTranslationSeed","modFwSetup","319","EnsureTranslationSeed workingDb, ""de-CH"", ""FORM.FRMADDRESSCOCKPIT.ACTIVE_SUBSCRIPTIONS"", ""Aktive Abos"", ""FORM"", 330"
"EnsureTranslationSeed","modFwSetup","320","EnsureTranslationSeed workingDb, ""en-US"", ""FORM.FRMADDRESSCOCKPIT.ACTIVE_SUBSCRIPTIONS"", ""Active subscriptions"", ""FORM"", 330"
"EnsureTranslationSeed","modFwSetup","321","EnsureTranslationSeed workingDb, ""fr-CH"", ""FORM.FRMADDRESSCOCKPIT.ACTIVE_SUBSCRIPTIONS"", ""Abonnements actifs"", ""FORM"", 330"
"EnsureTranslationSeed","modFwSetup","322","EnsureTranslationSeed workingDb, ""de-CH"", ""FORM.FRMADDRESSCOCKPIT.LAST_ACTIVITY"", ""Letzte Aktivitaet"", ""FORM"", 331"
"EnsureTranslationSeed","modFwSetup","323","EnsureTranslationSeed workingDb, ""en-US"", ""FORM.FRMADDRESSCOCKPIT.LAST_ACTIVITY"", ""Last activity"", ""FORM"", 331"
"EnsureTranslationSeed","modFwSetup","324","EnsureTranslationSeed workingDb, ""fr-CH"", ""FORM.FRMADDRESSCOCKPIT.LAST_ACTIVITY"", ""Derniere activite"", ""FORM"", 331"
"EnsureTranslationSeed","modFwSetup","325","EnsureTranslationSeed workingDb, ""de-CH"", ""FORM.FRMADDRESSCOCKPIT.NEW_ORDER"", ""Neue Bestellung"", ""FORM"", 332"
"EnsureTranslationSeed","modFwSetup","326","EnsureTranslationSeed workingDb, ""en-US"", ""FORM.FRMADDRESSCOCKPIT.NEW_ORDER"", ""New order"", ""FORM"", 332"
"EnsureTranslationSeed","modFwSetup","327","EnsureTranslationSeed workingDb, ""fr-CH"", ""FORM.FRMADDRESSCOCKPIT.NEW_ORDER"", ""Nouvelle commande"", ""FORM"", 332"
"EnsureTranslationSeed","modFwSetup","328","EnsureTranslationSeed workingDb, ""de-CH"", ""FORM.FRMADDRESSCOCKPIT.MANAGE_ORDERS"", ""Bestellungen verwalten"", ""FORM"", 333"
"EnsureTranslationSeed","modFwSetup","329","EnsureTranslationSeed workingDb, ""en-US"", ""FORM.FRMADDRESSCOCKPIT.MANAGE_ORDERS"", ""Manage orders"", ""FORM"", 333"
"EnsureTranslationSeed","modFwSetup","330","EnsureTranslationSeed workingDb, ""fr-CH"", ""FORM.FRMADDRESSCOCKPIT.MANAGE_ORDERS"", ""Gerer les commandes"", ""FORM"", 333"
"EnsureTranslationSeed","modFwSetup","331","EnsureTranslationSeed workingDb, ""de-CH"", ""FORM.FRMADDRESSCOCKPIT.NEW_SUBSCRIPTION"", ""Neues Abo"", ""FORM"", 334"
"EnsureTranslationSeed","modFwSetup","332","EnsureTranslationSeed workingDb, ""en-US"", ""FORM.FRMADDRESSCOCKPIT.NEW_SUBSCRIPTION"", ""New subscription"", ""FORM"", 334"
"EnsureTranslationSeed","modFwSetup","333","EnsureTranslationSeed workingDb, ""fr-CH"", ""FORM.FRMADDRESSCOCKPIT.NEW_SUBSCRIPTION"", ""Nouvel abonnement"", ""FORM"", 334"
"EnsureTranslationSeed","modFwSetup","334","EnsureTranslationSeed workingDb, ""de-CH"", ""FORM.FRMADDRESSCOCKPIT.MANAGE_SUBSCRIPTIONS"", ""Abos verwalten"", ""FORM"", 335"
"EnsureTranslationSeed","modFwSetup","335","EnsureTranslationSeed workingDb, ""en-US"", ""FORM.FRMADDRESSCOCKPIT.MANAGE_SUBSCRIPTIONS"", ""Manage subscriptions"", ""FORM"", 335"
"EnsureTranslationSeed","modFwSetup","336","EnsureTranslationSeed workingDb, ""fr-CH"", ""FORM.FRMADDRESSCOCKPIT.MANAGE_SUBSCRIPTIONS"", ""Gerer les abonnements"", ""FORM"", 335"
"EnsureTranslationSeed","modFwSetup","337","EnsureTranslationSeed workingDb, ""de-CH"", ""FORM.FRMADDRESSCOCKPIT.ACCOUNT_STATEMENT"", ""Kontoauszug"", ""FORM"", 336"
"EnsureTranslationSeed","modFwSetup","338","EnsureTranslationSeed workingDb, ""en-US"", ""FORM.FRMADDRESSCOCKPIT.ACCOUNT_STATEMENT"", ""Account statement"", ""FORM"", 336"
"EnsureTranslationSeed","modFwSetup","339","EnsureTranslationSeed workingDb, ""fr-CH"", ""FORM.FRMADDRESSCOCKPIT.ACCOUNT_STATEMENT"", ""Releve de compte"", ""FORM"", 336"
"EnsureTranslationSeed","modFwSetup","340","EnsureTranslationSeed workingDb, ""de-CH"", ""FORM.FRMADDRESSCOCKPIT.CAPTURE_PAYMENT"", ""Zahlungseingang erfassen"", ""FORM"", 337"
"EnsureTranslationSeed","modFwSetup","341","EnsureTranslationSeed workingDb, ""en-US"", ""FORM.FRMADDRESSCOCKPIT.CAPTURE_PAYMENT"", ""Capture payment"", ""FORM"", 337"
"EnsureTranslationSeed","modFwSetup","342","EnsureTranslationSeed workingDb, ""fr-CH"", ""FORM.FRMADDRESSCOCKPIT.CAPTURE_PAYMENT"", ""Saisir un paiement"", ""FORM"", 337"
"EnsureTranslationSeed","modFwSetup","343","EnsureTranslationSeed workingDb, ""de-CH"", ""FORM.FRMADDRESSCOCKPIT.DUNNINGS_ACTION"", ""Mahnungen"", ""FORM"", 338"
"EnsureTranslationSeed","modFwSetup","344","EnsureTranslationSeed workingDb, ""en-US"", ""FORM.FRMADDRESSCOCKPIT.DUNNINGS_ACTION"", ""Dunnings"", ""FORM"", 338"
"EnsureTranslationSeed","modFwSetup","345","EnsureTranslationSeed workingDb, ""fr-CH"", ""FORM.FRMADDRESSCOCKPIT.DUNNINGS_ACTION"", ""Rappels"", ""FORM"", 338"
"EnsureTranslationSeed","modFwSetup","346","EnsureTranslationSeed workingDb, ""de-CH"", ""FORM.FRMADDRESSCOCKPIT.NOTES"", ""Notizen"", ""FORM"", 339"
"EnsureTranslationSeed","modFwSetup","347","EnsureTranslationSeed workingDb, ""en-US"", ""FORM.FRMADDRESSCOCKPIT.NOTES"", ""Notes"", ""FORM"", 339"
"EnsureTranslationSeed","modFwSetup","348","EnsureTranslationSeed workingDb, ""fr-CH"", ""FORM.FRMADDRESSCOCKPIT.NOTES"", ""Notes"", ""FORM"", 339"
"EnsureTranslationSeed","modFwSetup","349","EnsureTranslationSeed workingDb, ""de-CH"", ""FORM.FRMADDRESSCOCKPIT.EMAILS"", ""E-Mails"", ""FORM"", 340"
"EnsureTranslationSeed","modFwSetup","350","EnsureTranslationSeed workingDb, ""en-US"", ""FORM.FRMADDRESSCOCKPIT.EMAILS"", ""Emails"", ""FORM"", 340"
"EnsureTranslationSeed","modFwSetup","351","EnsureTranslationSeed workingDb, ""fr-CH"", ""FORM.FRMADDRESSCOCKPIT.EMAILS"", ""E-mails"", ""FORM"", 340"
"EnsureTranslationSeed","modFwSetup","352","EnsureTranslationSeed workingDb, ""de-CH"", ""FORM.FRMADDRESSCOCKPIT.REPORTS"", ""Reports"", ""FORM"", 341"
"EnsureTranslationSeed","modFwSetup","353","EnsureTranslationSeed workingDb, ""en-US"", ""FORM.FRMADDRESSCOCKPIT.REPORTS"", ""Reports"", ""FORM"", 341"
"EnsureTranslationSeed","modFwSetup","354","EnsureTranslationSeed workingDb, ""fr-CH"", ""FORM.FRMADDRESSCOCKPIT.REPORTS"", ""Rapports"", ""FORM"", 341"
"EnsureTranslationSeed","modFwSetup","355","EnsureTranslationSeed workingDb, ""de-CH"", ""FORM.FRMADDRESSCOCKPIT.N_A"", ""n/a"", ""FORM"", 342"
"EnsureTranslationSeed","modFwSetup","356","EnsureTranslationSeed workingDb, ""en-US"", ""FORM.FRMADDRESSCOCKPIT.N_A"", ""n/a"", ""FORM"", 342"
"EnsureTranslationSeed","modFwSetup","357","EnsureTranslationSeed workingDb, ""fr-CH"", ""FORM.FRMADDRESSCOCKPIT.N_A"", ""n/a"", ""FORM"", 342"
"EnsureTranslationSeed","modFwSetup","358","EnsureTranslationSeed workingDb, ""de-CH"", ""FORM.FRMADDRESSCOCKPIT.STATUS_ACTIVE"", ""Aktiv"", ""FORM"", 343"
"EnsureTranslationSeed","modFwSetup","359","EnsureTranslationSeed workingDb, ""en-US"", ""FORM.FRMADDRESSCOCKPIT.STATUS_ACTIVE"", ""Active"", ""FORM"", 343"
"EnsureTranslationSeed","modFwSetup","360","EnsureTranslationSeed workingDb, ""fr-CH"", ""FORM.FRMADDRESSCOCKPIT.STATUS_ACTIVE"", ""Actif"", ""FORM"", 343"
"EnsureTranslationSeed","modFwSetup","361","EnsureTranslationSeed workingDb, ""de-CH"", ""FORM.FRMADDRESSCOCKPIT.STATUS_INACTIVE"", ""Inaktiv"", ""FORM"", 344"
"EnsureTranslationSeed","modFwSetup","362","EnsureTranslationSeed workingDb, ""en-US"", ""FORM.FRMADDRESSCOCKPIT.STATUS_INACTIVE"", ""Inactive"", ""FORM"", 344"
"EnsureTranslationSeed","modFwSetup","363","EnsureTranslationSeed workingDb, ""fr-CH"", ""FORM.FRMADDRESSCOCKPIT.STATUS_INACTIVE"", ""Inactif"", ""FORM"", 344"
"EnsureTranslationSeed","modFwSetup","365","EnsureTranslationSeed workingDb, ""de-CH"", ""MSG.ADDRESS_COCKPIT_SELECT_ADDRESS_FIRST"", ""Bitte zuerst eine Adresse auswaehlen."", ""MSG"", 345"
"EnsureTranslationSeed","modFwSetup","366","EnsureTranslationSeed workingDb, ""en-US"", ""MSG.ADDRESS_COCKPIT_SELECT_ADDRESS_FIRST"", ""Please select an address first."", ""MSG"", 345"
"EnsureTranslationSeed","modFwSetup","367","EnsureTranslationSeed workingDb, ""fr-CH"", ""MSG.ADDRESS_COCKPIT_SELECT_ADDRESS_FIRST"", ""Veuillez d'abord selectionner une adresse."", ""MSG"", 345"
"EnsureTranslationSeed","modFwSetup","368","EnsureTranslationSeed workingDb, ""de-CH"", ""MSG.ADDRESS_COCKPIT_ORDER_CREATE_FAILED"", ""Die Bestellung konnte nicht erstellt werden."", ""MSG"", 346"
"EnsureTranslationSeed","modFwSetup","369","EnsureTranslationSeed workingDb, ""en-US"", ""MSG.ADDRESS_COCKPIT_ORDER_CREATE_FAILED"", ""The order could not be created."", ""MSG"", 346"
"EnsureTranslationSeed","modFwSetup","370","EnsureTranslationSeed workingDb, ""fr-CH"", ""MSG.ADDRESS_COCKPIT_ORDER_CREATE_FAILED"", ""La commande n'a pas pu etre creee."", ""MSG"", 346"
"EnsureTranslationSeed","modFwSetup","371","EnsureTranslationSeed workingDb, ""de-CH"", ""MSG.ADDRESS_COCKPIT_ORDER_DETAIL_MISSING"", ""Die Bestellung wurde erstellt, aber frmOrderDetail ist nicht verfuegbar."", ""MSG"", 347"
"EnsureTranslationSeed","modFwSetup","372","EnsureTranslationSeed workingDb, ""en-US"", ""MSG.ADDRESS_COCKPIT_ORDER_DETAIL_MISSING"", ""The order was created, but frmOrderDetail is not available."", ""MSG"", 347"
"EnsureTranslationSeed","modFwSetup","373","EnsureTranslationSeed workingDb, ""fr-CH"", ""MSG.ADDRESS_COCKPIT_ORDER_DETAIL_MISSING"", ""La commande a ete creee, mais frmOrderDetail n'est pas disponible."", ""MSG"", 347"
"EnsureAddressCockpitTranslations","modFwSetup","375","modLoggingHandler.LogInfo MODULE_NAME & "".EnsureAddressCockpitTranslations"", _"
"LogInfo","modFwSetup","375","modLoggingHandler.LogInfo MODULE_NAME & "".EnsureAddressCockpitTranslations"", _"
"EnsureAddressCockpitTranslations","modFwSetup","380","modErrorHandler.HandleError MODULE_NAME, ""EnsureAddressCockpitTranslations"", Err"
"HandleError","modFwSetup","380","modErrorHandler.HandleError MODULE_NAME, ""EnsureAddressCockpitTranslations"", Err"
"FormObjectExists","modFwSetup","394","If Not FormObjectExists(FORM_ADDRESS_COCKPIT) Then"
"EnsureAddressCockpitTags","modFwSetup","395","modLoggingHandler.LogWarning MODULE_NAME & "".EnsureAddressCockpitTags"", _"
"LogWarning","modFwSetup","395","modLoggingHandler.LogWarning MODULE_NAME & "".EnsureAddressCockpitTags"", _"
"GetFormControlMetadata","modFwSetup","400","Set metadataItems = modFwComposerService.GetFormControlMetadata(FORM_ADDRESS_COCKPIT, True)"
"NzString","modFwSetup","405","ControlName = Trim$(modDaoHelper.NzString(metadata(""control_name"")))"
"NzString","modFwSetup","410","currentTag = modDaoHelper.NzString(metadata(""current_tag""))"
"SetTranslationKeyInTag","modFwSetup","411","updatedTag = modFwTranslationRuntime.SetTranslationKeyInTag( _"
"BuildAddressCockpitTranslationKey","modFwSetup","413","BuildAddressCockpitTranslationKey(ControlName))"
"SaveControlTagsToObject","modFwSetup","423","If Not modFwComposerService.SaveControlTagsToObject(modFwComposerService.OBJECT_TYPE_FORM, FORM_ADDRESS_COCKPIT, controlTagMap, updatedCount) Then"
"EnsureAddressCockpitTags","modFwSetup","424","Err.Raise vbObjectError + 6111, MODULE_NAME & "".EnsureAddressCockpitTags"", _"
"EnsureAddressCockpitTags","modFwSetup","429","modLoggingHandler.LogInfo MODULE_NAME & "".EnsureAddressCockpitTags"", _"
"LogInfo","modFwSetup","429","modLoggingHandler.LogInfo MODULE_NAME & "".EnsureAddressCockpitTags"", _"
"EnsureAddressCockpitTags","modFwSetup","434","modErrorHandler.HandleError MODULE_NAME, ""EnsureAddressCockpitTags"", Err"
"HandleError","modFwSetup","434","modErrorHandler.HandleError MODULE_NAME, ""EnsureAddressCockpitTags"", Err"
"EnsureTranslationSeed","modFwSetup","448","EnsureTranslationSeed workingDb, ""de-CH"", ""NAV.ORDER_DETAIL"", ""Bestellung"", ""NAVIGATION"", 348"
"EnsureTranslationSeed","modFwSetup","449","EnsureTranslationSeed workingDb, ""en-US"", ""NAV.ORDER_DETAIL"", ""Order"", ""NAVIGATION"", 348"
"EnsureTranslationSeed","modFwSetup","450","EnsureTranslationSeed workingDb, ""fr-CH"", ""NAV.ORDER_DETAIL"", ""Commande"", ""NAVIGATION"", 348"
"EnsureTranslationSeed","modFwSetup","452","EnsureTranslationSeed workingDb, ""de-CH"", ""FORM.FRMORDERDETAIL.FORM_TITLE"", ""Bestellung"", ""FORM"", 349"
"EnsureTranslationSeed","modFwSetup","453","EnsureTranslationSeed workingDb, ""en-US"", ""FORM.FRMORDERDETAIL.FORM_TITLE"", ""Order"", ""FORM"", 349"
"EnsureTranslationSeed","modFwSetup","454","EnsureTranslationSeed workingDb, ""fr-CH"", ""FORM.FRMORDERDETAIL.FORM_TITLE"", ""Commande"", ""FORM"", 349"
"EnsureTranslationSeed","modFwSetup","455","EnsureTranslationSeed workingDb, ""de-CH"", ""FORM.FRMORDERDETAIL.ORDER_NO"", ""Bestell-Nr."", ""FORM"", 350"
"EnsureTranslationSeed","modFwSetup","456","EnsureTranslationSeed workingDb, ""en-US"", ""FORM.FRMORDERDETAIL.ORDER_NO"", ""Order no."", ""FORM"", 350"
"EnsureTranslationSeed","modFwSetup","457","EnsureTranslationSeed workingDb, ""fr-CH"", ""FORM.FRMORDERDETAIL.ORDER_NO"", ""No de commande"", ""FORM"", 350"
"EnsureTranslationSeed","modFwSetup","458","EnsureTranslationSeed workingDb, ""de-CH"", ""FORM.FRMORDERDETAIL.CUSTOMER_NAME"", ""Kunde"", ""FORM"", 351"
"EnsureTranslationSeed","modFwSetup","459","EnsureTranslationSeed workingDb, ""en-US"", ""FORM.FRMORDERDETAIL.CUSTOMER_NAME"", ""Customer"", ""FORM"", 351"
"EnsureTranslationSeed","modFwSetup","460","EnsureTranslationSeed workingDb, ""fr-CH"", ""FORM.FRMORDERDETAIL.CUSTOMER_NAME"", ""Client"", ""FORM"", 351"
"EnsureTranslationSeed","modFwSetup","461","EnsureTranslationSeed workingDb, ""de-CH"", ""FORM.FRMORDERDETAIL.ORDER_DATE"", ""Bestelldatum"", ""FORM"", 352"
"EnsureTranslationSeed","modFwSetup","462","EnsureTranslationSeed workingDb, ""en-US"", ""FORM.FRMORDERDETAIL.ORDER_DATE"", ""Order date"", ""FORM"", 352"
"EnsureTranslationSeed","modFwSetup","463","EnsureTranslationSeed workingDb, ""fr-CH"", ""FORM.FRMORDERDETAIL.ORDER_DATE"", ""Date de commande"", ""FORM"", 352"
"EnsureTranslationSeed","modFwSetup","464","EnsureTranslationSeed workingDb, ""de-CH"", ""FORM.FRMORDERDETAIL.DELIVERY_DATE"", ""Lieferdatum"", ""FORM"", 353"
"EnsureTranslationSeed","modFwSetup","465","EnsureTranslationSeed workingDb, ""en-US"", ""FORM.FRMORDERDETAIL.DELIVERY_DATE"", ""Delivery date"", ""FORM"", 353"
"EnsureTranslationSeed","modFwSetup","466","EnsureTranslationSeed workingDb, ""fr-CH"", ""FORM.FRMORDERDETAIL.DELIVERY_DATE"", ""Date de livraison"", ""FORM"", 353"
"EnsureTranslationSeed","modFwSetup","467","EnsureTranslationSeed workingDb, ""de-CH"", ""FORM.FRMORDERDETAIL.VALID_UNTIL"", ""Gueltig bis"", ""FORM"", 354"
"EnsureTranslationSeed","modFwSetup","468","EnsureTranslationSeed workingDb, ""en-US"", ""FORM.FRMORDERDETAIL.VALID_UNTIL"", ""Valid until"", ""FORM"", 354"
"EnsureTranslationSeed","modFwSetup","469","EnsureTranslationSeed workingDb, ""fr-CH"", ""FORM.FRMORDERDETAIL.VALID_UNTIL"", ""Valable jusqu'au"", ""FORM"", 354"
"EnsureTranslationSeed","modFwSetup","470","EnsureTranslationSeed workingDb, ""de-CH"", ""FORM.FRMORDERDETAIL.REFERENCE_TEXT"", ""Referenz"", ""FORM"", 355"
"EnsureTranslationSeed","modFwSetup","471","EnsureTranslationSeed workingDb, ""en-US"", ""FORM.FRMORDERDETAIL.REFERENCE_TEXT"", ""Reference"", ""FORM"", 355"
"EnsureTranslationSeed","modFwSetup","472","EnsureTranslationSeed workingDb, ""fr-CH"", ""FORM.FRMORDERDETAIL.REFERENCE_TEXT"", ""Reference"", ""FORM"", 355"
"EnsureTranslationSeed","modFwSetup","473","EnsureTranslationSeed workingDb, ""de-CH"", ""FORM.FRMORDERDETAIL.EXTERNAL_REFERENCE"", ""Externe Referenz"", ""FORM"", 356"
"EnsureTranslationSeed","modFwSetup","474","EnsureTranslationSeed workingDb, ""en-US"", ""FORM.FRMORDERDETAIL.EXTERNAL_REFERENCE"", ""External reference"", ""FORM"", 356"
"EnsureTranslationSeed","modFwSetup","475","EnsureTranslationSeed workingDb, ""fr-CH"", ""FORM.FRMORDERDETAIL.EXTERNAL_REFERENCE"", ""Reference externe"", ""FORM"", 356"
"EnsureTranslationSeed","modFwSetup","476","EnsureTranslationSeed workingDb, ""de-CH"", ""FORM.FRMORDERDETAIL.LANGUAGE_CODE"", ""Sprache"", ""FORM"", 357"
"EnsureTranslationSeed","modFwSetup","477","EnsureTranslationSeed workingDb, ""en-US"", ""FORM.FRMORDERDETAIL.LANGUAGE_CODE"", ""Language"", ""FORM"", 357"
"EnsureTranslationSeed","modFwSetup","478","EnsureTranslationSeed workingDb, ""fr-CH"", ""FORM.FRMORDERDETAIL.LANGUAGE_CODE"", ""Langue"", ""FORM"", 357"
"EnsureTranslationSeed","modFwSetup","479","EnsureTranslationSeed workingDb, ""de-CH"", ""FORM.FRMORDERDETAIL.CURRENCY_CODE"", ""Waehrung"", ""FORM"", 358"
"EnsureTranslationSeed","modFwSetup","480","EnsureTranslationSeed workingDb, ""en-US"", ""FORM.FRMORDERDETAIL.CURRENCY_CODE"", ""Currency"", ""FORM"", 358"
"EnsureTranslationSeed","modFwSetup","481","EnsureTranslationSeed workingDb, ""fr-CH"", ""FORM.FRMORDERDETAIL.CURRENCY_CODE"", ""Devise"", ""FORM"", 358"
"EnsureTranslationSeed","modFwSetup","482","EnsureTranslationSeed workingDb, ""de-CH"", ""FORM.FRMORDERDETAIL.PAYMENT_TERM_CODE"", ""Zahlungsbedingung"", ""FORM"", 359"
"EnsureTranslationSeed","modFwSetup","483","EnsureTranslationSeed workingDb, ""en-US"", ""FORM.FRMORDERDETAIL.PAYMENT_TERM_CODE"", ""Payment term"", ""FORM"", 359"
"EnsureTranslationSeed","modFwSetup","484","EnsureTranslationSeed workingDb, ""fr-CH"", ""FORM.FRMORDERDETAIL.PAYMENT_TERM_CODE"", ""Condition de paiement"", ""FORM"", 359"
"EnsureTranslationSeed","modFwSetup","485","EnsureTranslationSeed workingDb, ""de-CH"", ""FORM.FRMORDERDETAIL.VAT_MODE"", ""MWST-Modus"", ""FORM"", 360"
"EnsureTranslationSeed","modFwSetup","486","EnsureTranslationSeed workingDb, ""en-US"", ""FORM.FRMORDERDETAIL.VAT_MODE"", ""VAT mode"", ""FORM"", 360"
"EnsureTranslationSeed","modFwSetup","487","EnsureTranslationSeed workingDb, ""fr-CH"", ""FORM.FRMORDERDETAIL.VAT_MODE"", ""Mode TVA"", ""FORM"", 360"
"EnsureTranslationSeed","modFwSetup","488","EnsureTranslationSeed workingDb, ""de-CH"", ""FORM.FRMORDERDETAIL.ORDER_STATUS_CODE"", ""Status"", ""FORM"", 361"
"EnsureTranslationSeed","modFwSetup","489","EnsureTranslationSeed workingDb, ""en-US"", ""FORM.FRMORDERDETAIL.ORDER_STATUS_CODE"", ""Status"", ""FORM"", 361"
"EnsureTranslationSeed","modFwSetup","490","EnsureTranslationSeed workingDb, ""fr-CH"", ""FORM.FRMORDERDETAIL.ORDER_STATUS_CODE"", ""Statut"", ""FORM"", 361"
"EnsureTranslationSeed","modFwSetup","491","EnsureTranslationSeed workingDb, ""de-CH"", ""FORM.FRMORDERDETAIL.NOTES_TEXT"", ""Notizen"", ""FORM"", 362"
"EnsureTranslationSeed","modFwSetup","492","EnsureTranslationSeed workingDb, ""en-US"", ""FORM.FRMORDERDETAIL.NOTES_TEXT"", ""Notes"", ""FORM"", 362"
"EnsureTranslationSeed","modFwSetup","493","EnsureTranslationSeed workingDb, ""fr-CH"", ""FORM.FRMORDERDETAIL.NOTES_TEXT"", ""Notes"", ""FORM"", 362"
"EnsureTranslationSeed","modFwSetup","494","EnsureTranslationSeed workingDb, ""de-CH"", ""FORM.FRMORDERDETAIL.INTERNAL_NOTES_TEXT"", ""Interne Notizen"", ""FORM"", 363"
"EnsureTranslationSeed","modFwSetup","495","EnsureTranslationSeed workingDb, ""en-US"", ""FORM.FRMORDERDETAIL.INTERNAL_NOTES_TEXT"", ""Internal notes"", ""FORM"", 363"
"EnsureTranslationSeed","modFwSetup","496","EnsureTranslationSeed workingDb, ""fr-CH"", ""FORM.FRMORDERDETAIL.INTERNAL_NOTES_TEXT"", ""Notes internes"", ""FORM"", 363"
"EnsureTranslationSeed","modFwSetup","497","EnsureTranslationSeed workingDb, ""de-CH"", ""FORM.FRMORDERDETAIL.SUBTOTAL_NET_AMOUNT"", ""Zwischentotal netto"", ""FORM"", 364"
"EnsureTranslationSeed","modFwSetup","498","EnsureTranslationSeed workingDb, ""en-US"", ""FORM.FRMORDERDETAIL.SUBTOTAL_NET_AMOUNT"", ""Subtotal net"", ""FORM"", 364"
"EnsureTranslationSeed","modFwSetup","499","EnsureTranslationSeed workingDb, ""fr-CH"", ""FORM.FRMORDERDETAIL.SUBTOTAL_NET_AMOUNT"", ""Sous-total net"", ""FORM"", 364"
"EnsureTranslationSeed","modFwSetup","500","EnsureTranslationSeed workingDb, ""de-CH"", ""FORM.FRMORDERDETAIL.NET_AMOUNT"", ""Netto"", ""FORM"", 365"
"EnsureTranslationSeed","modFwSetup","501","EnsureTranslationSeed workingDb, ""en-US"", ""FORM.FRMORDERDETAIL.NET_AMOUNT"", ""Net"", ""FORM"", 365"
"EnsureTranslationSeed","modFwSetup","502","EnsureTranslationSeed workingDb, ""fr-CH"", ""FORM.FRMORDERDETAIL.NET_AMOUNT"", ""Net"", ""FORM"", 365"
"EnsureTranslationSeed","modFwSetup","503","EnsureTranslationSeed workingDb, ""de-CH"", ""FORM.FRMORDERDETAIL.VAT_AMOUNT"", ""MWST"", ""FORM"", 366"
"EnsureTranslationSeed","modFwSetup","504","EnsureTranslationSeed workingDb, ""en-US"", ""FORM.FRMORDERDETAIL.VAT_AMOUNT"", ""VAT"", ""FORM"", 366"
"EnsureTranslationSeed","modFwSetup","505","EnsureTranslationSeed workingDb, ""fr-CH"", ""FORM.FRMORDERDETAIL.VAT_AMOUNT"", ""TVA"", ""FORM"", 366"
"EnsureTranslationSeed","modFwSetup","506","EnsureTranslationSeed workingDb, ""de-CH"", ""FORM.FRMORDERDETAIL.GROSS_AMOUNT"", ""Brutto"", ""FORM"", 367"
"EnsureTranslationSeed","modFwSetup","507","EnsureTranslationSeed workingDb, ""en-US"", ""FORM.FRMORDERDETAIL.GROSS_AMOUNT"", ""Gross"", ""FORM"", 367"
"EnsureTranslationSeed","modFwSetup","508","EnsureTranslationSeed workingDb, ""fr-CH"", ""FORM.FRMORDERDETAIL.GROSS_AMOUNT"", ""Brut"", ""FORM"", 367"
"EnsureTranslationSeed","modFwSetup","510","EnsureTranslationSeed workingDb, ""de-CH"", ""MSG.ORDER_DETAIL_MISSING_ID"", ""Keine Bestellung uebergeben."", ""MSG"", 368"
"EnsureTranslationSeed","modFwSetup","511","EnsureTranslationSeed workingDb, ""en-US"", ""MSG.ORDER_DETAIL_MISSING_ID"", ""No order was provided."", ""MSG"", 368"
"EnsureTranslationSeed","modFwSetup","512","EnsureTranslationSeed workingDb, ""fr-CH"", ""MSG.ORDER_DETAIL_MISSING_ID"", ""Aucune commande n'a ete transmise."", ""MSG"", 368"
"EnsureTranslationSeed","modFwSetup","513","EnsureTranslationSeed workingDb, ""de-CH"", ""MSG.ORDER_DETAIL_INVALID_ID"", ""Die uebergebene Bestell-ID ist ungueltig."", ""MSG"", 369"
"EnsureTranslationSeed","modFwSetup","514","EnsureTranslationSeed workingDb, ""en-US"", ""MSG.ORDER_DETAIL_INVALID_ID"", ""The provided order id is invalid."", ""MSG"", 369"
"EnsureTranslationSeed","modFwSetup","515","EnsureTranslationSeed workingDb, ""fr-CH"", ""MSG.ORDER_DETAIL_INVALID_ID"", ""L'identifiant de commande transmis est invalide."", ""MSG"", 369"
"EnsureTranslationSeed","modFwSetup","516","EnsureTranslationSeed workingDb, ""de-CH"", ""MSG.ORDER_DETAIL_NOT_FOUND"", ""Die Bestellung konnte nicht gefunden werden."", ""MSG"", 370"
"EnsureTranslationSeed","modFwSetup","517","EnsureTranslationSeed workingDb, ""en-US"", ""MSG.ORDER_DETAIL_NOT_FOUND"", ""The order could not be found."", ""MSG"", 370"
"EnsureTranslationSeed","modFwSetup","518","EnsureTranslationSeed workingDb, ""fr-CH"", ""MSG.ORDER_DETAIL_NOT_FOUND"", ""La commande n'a pas pu etre trouvee."", ""MSG"", 370"
"EnsureTranslationSeed","modFwSetup","519","EnsureTranslationSeed workingDb, ""de-CH"", ""MSG.ORDER_DETAIL_SAVE_ERROR"", ""Fehler beim Speichern der Bestellung."", ""MSG"", 371"
"EnsureTranslationSeed","modFwSetup","520","EnsureTranslationSeed workingDb, ""en-US"", ""MSG.ORDER_DETAIL_SAVE_ERROR"", ""Error saving the order."", ""MSG"", 371"
"EnsureTranslationSeed","modFwSetup","521","EnsureTranslationSeed workingDb, ""fr-CH"", ""MSG.ORDER_DETAIL_SAVE_ERROR"", ""Erreur lors de l'enregistrement de la commande."", ""MSG"", 371"
"EnsureTranslationSeed","modFwSetup","522","EnsureTranslationSeed workingDb, ""de-CH"", ""MSG.ORDER_DETAIL_CANCEL_CONFIRM"", ""Aenderungen verwerfen?"", ""MSG"", 372"
"EnsureTranslationSeed","modFwSetup","523","EnsureTranslationSeed workingDb, ""en-US"", ""MSG.ORDER_DETAIL_CANCEL_CONFIRM"", ""Discard changes?"", ""MSG"", 372"
"EnsureTranslationSeed","modFwSetup","524","EnsureTranslationSeed workingDb, ""fr-CH"", ""MSG.ORDER_DETAIL_CANCEL_CONFIRM"", ""Abandonner les modifications ?"", ""MSG"", 372"
"EnsureTranslationSeed","modFwSetup","526","EnsureTranslationSeed workingDb, ""de-CH"", ""COMMON.SAVE"", ""Speichern"", ""COMMON"", 373"
"EnsureTranslationSeed","modFwSetup","527","EnsureTranslationSeed workingDb, ""en-US"", ""COMMON.SAVE"", ""Save"", ""COMMON"", 373"
"EnsureTranslationSeed","modFwSetup","528","EnsureTranslationSeed workingDb, ""fr-CH"", ""COMMON.SAVE"", ""Enregistrer"", ""COMMON"", 373"
"EnsureTranslationSeed","modFwSetup","529","EnsureTranslationSeed workingDb, ""de-CH"", ""COMMON.CANCEL"", ""Abbrechen"", ""COMMON"", 374"
"EnsureTranslationSeed","modFwSetup","530","EnsureTranslationSeed workingDb, ""en-US"", ""COMMON.CANCEL"", ""Cancel"", ""COMMON"", 374"
"EnsureTranslationSeed","modFwSetup","531","EnsureTranslationSeed workingDb, ""fr-CH"", ""COMMON.CANCEL"", ""Annuler"", ""COMMON"", 374"
"EnsureOrderDetailTranslations","modFwSetup","533","modLoggingHandler.LogInfo MODULE_NAME & "".EnsureOrderDetailTranslations"", _"
"LogInfo","modFwSetup","533","modLoggingHandler.LogInfo MODULE_NAME & "".EnsureOrderDetailTranslations"", _"
"EnsureOrderDetailTranslations","modFwSetup","538","modErrorHandler.HandleError MODULE_NAME, ""EnsureOrderDetailTranslations"", Err"
"HandleError","modFwSetup","538","modErrorHandler.HandleError MODULE_NAME, ""EnsureOrderDetailTranslations"", Err"
"EnsureTranslationSeed","modFwSetup","552","EnsureTranslationSeed workingDb, ""de-CH"", ""FORM.SFRMORDERLINES.LINE_NO"", ""Pos."", ""FORM"", 375"
"EnsureTranslationSeed","modFwSetup","553","EnsureTranslationSeed workingDb, ""en-US"", ""FORM.SFRMORDERLINES.LINE_NO"", ""Line"", ""FORM"", 375"
"EnsureTranslationSeed","modFwSetup","554","EnsureTranslationSeed workingDb, ""fr-CH"", ""FORM.SFRMORDERLINES.LINE_NO"", ""Pos."", ""FORM"", 375"
"EnsureTranslationSeed","modFwSetup","555","EnsureTranslationSeed workingDb, ""de-CH"", ""FORM.SFRMORDERLINES.ARTICLE_ID"", ""Artikel-ID"", ""FORM"", 376"
"EnsureTranslationSeed","modFwSetup","556","EnsureTranslationSeed workingDb, ""en-US"", ""FORM.SFRMORDERLINES.ARTICLE_ID"", ""Article id"", ""FORM"", 376"
"EnsureTranslationSeed","modFwSetup","557","EnsureTranslationSeed workingDb, ""fr-CH"", ""FORM.SFRMORDERLINES.ARTICLE_ID"", ""Id article"", ""FORM"", 376"
"EnsureTranslationSeed","modFwSetup","558","EnsureTranslationSeed workingDb, ""de-CH"", ""FORM.SFRMORDERLINES.ARTICLE_NO"", ""Artikel-Nr."", ""FORM"", 377"
"EnsureTranslationSeed","modFwSetup","559","EnsureTranslationSeed workingDb, ""en-US"", ""FORM.SFRMORDERLINES.ARTICLE_NO"", ""Article no."", ""FORM"", 377"
"EnsureTranslationSeed","modFwSetup","560","EnsureTranslationSeed workingDb, ""fr-CH"", ""FORM.SFRMORDERLINES.ARTICLE_NO"", ""No article"", ""FORM"", 377"
"EnsureTranslationSeed","modFwSetup","561","EnsureTranslationSeed workingDb, ""de-CH"", ""FORM.SFRMORDERLINES.DESCRIPTION_TEXT"", ""Beschreibung"", ""FORM"", 378"
"EnsureTranslationSeed","modFwSetup","562","EnsureTranslationSeed workingDb, ""en-US"", ""FORM.SFRMORDERLINES.DESCRIPTION_TEXT"", ""Description"", ""FORM"", 378"
"EnsureTranslationSeed","modFwSetup","563","EnsureTranslationSeed workingDb, ""fr-CH"", ""FORM.SFRMORDERLINES.DESCRIPTION_TEXT"", ""Description"", ""FORM"", 378"
"EnsureTranslationSeed","modFwSetup","564","EnsureTranslationSeed workingDb, ""de-CH"", ""FORM.SFRMORDERLINES.QUANTITY"", ""Menge"", ""FORM"", 379"
"EnsureTranslationSeed","modFwSetup","565","EnsureTranslationSeed workingDb, ""en-US"", ""FORM.SFRMORDERLINES.QUANTITY"", ""Quantity"", ""FORM"", 379"
"EnsureTranslationSeed","modFwSetup","566","EnsureTranslationSeed workingDb, ""fr-CH"", ""FORM.SFRMORDERLINES.QUANTITY"", ""Quantite"", ""FORM"", 379"
"EnsureTranslationSeed","modFwSetup","567","EnsureTranslationSeed workingDb, ""de-CH"", ""FORM.SFRMORDERLINES.UNIT_CODE"", ""Einheit"", ""FORM"", 380"
"EnsureTranslationSeed","modFwSetup","568","EnsureTranslationSeed workingDb, ""en-US"", ""FORM.SFRMORDERLINES.UNIT_CODE"", ""Unit"", ""FORM"", 380"
"EnsureTranslationSeed","modFwSetup","569","EnsureTranslationSeed workingDb, ""fr-CH"", ""FORM.SFRMORDERLINES.UNIT_CODE"", ""Unite"", ""FORM"", 380"
"EnsureTranslationSeed","modFwSetup","570","EnsureTranslationSeed workingDb, ""de-CH"", ""FORM.SFRMORDERLINES.UNIT_PRICE"", ""Preis"", ""FORM"", 381"
"EnsureTranslationSeed","modFwSetup","571","EnsureTranslationSeed workingDb, ""en-US"", ""FORM.SFRMORDERLINES.UNIT_PRICE"", ""Price"", ""FORM"", 381"
"EnsureTranslationSeed","modFwSetup","572","EnsureTranslationSeed workingDb, ""fr-CH"", ""FORM.SFRMORDERLINES.UNIT_PRICE"", ""Prix"", ""FORM"", 381"
"EnsureTranslationSeed","modFwSetup","573","EnsureTranslationSeed workingDb, ""de-CH"", ""FORM.SFRMORDERLINES.DISCOUNT_TYPE"", ""Rabattart"", ""FORM"", 382"
"EnsureTranslationSeed","modFwSetup","574","EnsureTranslationSeed workingDb, ""en-US"", ""FORM.SFRMORDERLINES.DISCOUNT_TYPE"", ""Discount type"", ""FORM"", 382"
"EnsureTranslationSeed","modFwSetup","575","EnsureTranslationSeed workingDb, ""fr-CH"", ""FORM.SFRMORDERLINES.DISCOUNT_TYPE"", ""Type de rabais"", ""FORM"", 382"
"EnsureTranslationSeed","modFwSetup","576","EnsureTranslationSeed workingDb, ""de-CH"", ""FORM.SFRMORDERLINES.DISCOUNT_VALUE"", ""Rabatt"", ""FORM"", 383"
"EnsureTranslationSeed","modFwSetup","577","EnsureTranslationSeed workingDb, ""en-US"", ""FORM.SFRMORDERLINES.DISCOUNT_VALUE"", ""Discount"", ""FORM"", 383"
"EnsureTranslationSeed","modFwSetup","578","EnsureTranslationSeed workingDb, ""fr-CH"", ""FORM.SFRMORDERLINES.DISCOUNT_VALUE"", ""Rabais"", ""FORM"", 383"
"EnsureTranslationSeed","modFwSetup","579","EnsureTranslationSeed workingDb, ""de-CH"", ""FORM.SFRMORDERLINES.SURCHARGE_TYPE"", ""Zuschlagsart"", ""FORM"", 384"
"EnsureTranslationSeed","modFwSetup","580","EnsureTranslationSeed workingDb, ""en-US"", ""FORM.SFRMORDERLINES.SURCHARGE_TYPE"", ""Surcharge type"", ""FORM"", 384"
"EnsureTranslationSeed","modFwSetup","581","EnsureTranslationSeed workingDb, ""fr-CH"", ""FORM.SFRMORDERLINES.SURCHARGE_TYPE"", ""Type de supplement"", ""FORM"", 384"
"EnsureTranslationSeed","modFwSetup","582","EnsureTranslationSeed workingDb, ""de-CH"", ""FORM.SFRMORDERLINES.SURCHARGE_VALUE"", ""Zuschlag"", ""FORM"", 385"
"EnsureTranslationSeed","modFwSetup","583","EnsureTranslationSeed workingDb, ""en-US"", ""FORM.SFRMORDERLINES.SURCHARGE_VALUE"", ""Surcharge"", ""FORM"", 385"
"EnsureTranslationSeed","modFwSetup","584","EnsureTranslationSeed workingDb, ""fr-CH"", ""FORM.SFRMORDERLINES.SURCHARGE_VALUE"", ""Supplement"", ""FORM"", 385"
"EnsureTranslationSeed","modFwSetup","585","EnsureTranslationSeed workingDb, ""de-CH"", ""FORM.SFRMORDERLINES.VAT_CODE"", ""MWST-Code"", ""FORM"", 386"
"EnsureTranslationSeed","modFwSetup","586","EnsureTranslationSeed workingDb, ""en-US"", ""FORM.SFRMORDERLINES.VAT_CODE"", ""VAT code"", ""FORM"", 386"
"EnsureTranslationSeed","modFwSetup","587","EnsureTranslationSeed workingDb, ""fr-CH"", ""FORM.SFRMORDERLINES.VAT_CODE"", ""Code TVA"", ""FORM"", 386"
"EnsureTranslationSeed","modFwSetup","588","EnsureTranslationSeed workingDb, ""de-CH"", ""FORM.SFRMORDERLINES.VAT_RATE"", ""MWST-Satz"", ""FORM"", 387"
"EnsureTranslationSeed","modFwSetup","589","EnsureTranslationSeed workingDb, ""en-US"", ""FORM.SFRMORDERLINES.VAT_RATE"", ""VAT rate"", ""FORM"", 387"
"EnsureTranslationSeed","modFwSetup","590","EnsureTranslationSeed workingDb, ""fr-CH"", ""FORM.SFRMORDERLINES.VAT_RATE"", ""Taux TVA"", ""FORM"", 387"
"EnsureTranslationSeed","modFwSetup","591","EnsureTranslationSeed workingDb, ""de-CH"", ""FORM.SFRMORDERLINES.LINE_NET_AMOUNT"", ""Netto"", ""FORM"", 388"
"EnsureTranslationSeed","modFwSetup","592","EnsureTranslationSeed workingDb, ""en-US"", ""FORM.SFRMORDERLINES.LINE_NET_AMOUNT"", ""Net"", ""FORM"", 388"
"EnsureTranslationSeed","modFwSetup","593","EnsureTranslationSeed workingDb, ""fr-CH"", ""FORM.SFRMORDERLINES.LINE_NET_AMOUNT"", ""Net"", ""FORM"", 388"
"EnsureTranslationSeed","modFwSetup","594","EnsureTranslationSeed workingDb, ""de-CH"", ""FORM.SFRMORDERLINES.LINE_VAT_AMOUNT"", ""MWST"", ""FORM"", 389"
"EnsureTranslationSeed","modFwSetup","595","EnsureTranslationSeed workingDb, ""en-US"", ""FORM.SFRMORDERLINES.LINE_VAT_AMOUNT"", ""VAT"", ""FORM"", 389"
"EnsureTranslationSeed","modFwSetup","596","EnsureTranslationSeed workingDb, ""fr-CH"", ""FORM.SFRMORDERLINES.LINE_VAT_AMOUNT"", ""TVA"", ""FORM"", 389"
"EnsureTranslationSeed","modFwSetup","597","EnsureTranslationSeed workingDb, ""de-CH"", ""FORM.SFRMORDERLINES.LINE_GROSS_AMOUNT"", ""Brutto"", ""FORM"", 390"
"EnsureTranslationSeed","modFwSetup","598","EnsureTranslationSeed workingDb, ""en-US"", ""FORM.SFRMORDERLINES.LINE_GROSS_AMOUNT"", ""Gross"", ""FORM"", 390"
"EnsureTranslationSeed","modFwSetup","599","EnsureTranslationSeed workingDb, ""fr-CH"", ""FORM.SFRMORDERLINES.LINE_GROSS_AMOUNT"", ""Brut"", ""FORM"", 390"
"EnsureOrderLinesTranslations","modFwSetup","601","modLoggingHandler.LogInfo MODULE_NAME & "".EnsureOrderLinesTranslations"", _"
"LogInfo","modFwSetup","601","modLoggingHandler.LogInfo MODULE_NAME & "".EnsureOrderLinesTranslations"", _"
"EnsureOrderLinesTranslations","modFwSetup","606","modErrorHandler.HandleError MODULE_NAME, ""EnsureOrderLinesTranslations"", Err"
"HandleError","modFwSetup","606","modErrorHandler.HandleError MODULE_NAME, ""EnsureOrderLinesTranslations"", Err"
"FormObjectExists","modFwSetup","620","If Not FormObjectExists(FORM_ORDER_LINES_SUBFORM) Then"
"EnsureOrderLinesTags","modFwSetup","621","modLoggingHandler.LogWarning MODULE_NAME & "".EnsureOrderLinesTags"", _"
"LogWarning","modFwSetup","621","modLoggingHandler.LogWarning MODULE_NAME & "".EnsureOrderLinesTags"", _"
"GetFormControlMetadata","modFwSetup","626","Set metadataItems = modFwComposerService.GetFormControlMetadata(FORM_ORDER_LINES_SUBFORM, True)"
"NzString","modFwSetup","631","ControlName = Trim$(modDaoHelper.NzString(metadata(""control_name"")))"
"NzString","modFwSetup","636","currentTag = modDaoHelper.NzString(metadata(""current_tag""))"
"SetTranslationKeyInTag","modFwSetup","637","updatedTag = modFwTranslationRuntime.SetTranslationKeyInTag( _"
"BuildOrderLinesTranslationKey","modFwSetup","639","BuildOrderLinesTranslationKey(ControlName))"
"SaveControlTagsToObject","modFwSetup","649","If Not modFwComposerService.SaveControlTagsToObject(modFwComposerService.OBJECT_TYPE_FORM, FORM_ORDER_LINES_SUBFORM, controlTagMap, updatedCount) Then"
"EnsureOrderLinesTags","modFwSetup","650","Err.Raise vbObjectError + 6112, MODULE_NAME & "".EnsureOrderLinesTags"", _"
"EnsureOrderLinesTags","modFwSetup","655","modLoggingHandler.LogInfo MODULE_NAME & "".EnsureOrderLinesTags"", _"
"LogInfo","modFwSetup","655","modLoggingHandler.LogInfo MODULE_NAME & "".EnsureOrderLinesTags"", _"
"EnsureOrderLinesTags","modFwSetup","660","modErrorHandler.HandleError MODULE_NAME, ""EnsureOrderLinesTags"", Err"
"HandleError","modFwSetup","660","modErrorHandler.HandleError MODULE_NAME, ""EnsureOrderLinesTags"", Err"
"NzString","modFwSetup","664","ControlName = UCase$(Trim$(modDaoHelper.NzString(ControlName)))"
"BuildTagGeneratorTranslationKey","modFwSetup","665","BuildTagGeneratorTranslationKey = ""FORM."" & UCase$(FORM_TRANSLATION_TAG_GENERATOR) & ""."" & ControlName"
"NzString","modFwSetup","669","ControlName = UCase$(Trim$(modDaoHelper.NzString(ControlName)))"
"BuildAddressCockpitTranslationKey","modFwSetup","670","BuildAddressCockpitTranslationKey = ""FORM."" & UCase$(FORM_ADDRESS_COCKPIT) & ""."" & ControlName"
"NzString","modFwSetup","674","ControlName = UCase$(Trim$(modDaoHelper.NzString(ControlName)))"
"BuildOrderLinesTranslationKey","modFwSetup","675","BuildOrderLinesTranslationKey = ""FORM."" & UCase$(FORM_ORDER_LINES_SUBFORM) & ""."" & ControlName"
"FormObjectExists","modFwSetup","685","FormObjectExists = True"
"InsertShellTranslations","modFwSetup","699","InsertShellTranslations db"
"InsertVatCode","modFwSetup","714","InsertVatCode db, ""CH_STANDARD"", ""VAT.CH.STANDARD"", 7.7, ""CH"", #1/1/2018#, Null, 10, True"
"InsertVatCode","modFwSetup","715","InsertVatCode db, ""CH_REDUCED"", ""VAT.CH.REDUCED"", 2.5, ""CH"", #1/1/2018#, Null, 20, True"
"InsertVatCode","modFwSetup","716","InsertVatCode db, ""CH_SPECIAL"", ""VAT.CH.SPECIAL"", 3.7, ""CH"", #1/1/2018#, Null, 30, True"
"InsertVatCode","modFwSetup","717","InsertVatCode db, ""CH_ZERO"", ""VAT.CH.ZERO"", 0, ""CH"", #1/1/2018#, Null, 40, True"
"InsertVatCodeTranslations","modFwSetup","719","InsertVatCodeTranslations db"
"InsertUnit","modFwSetup","735","InsertUnit db, ""PCS"", ""UNIT.PCS"", 10, True"
"InsertUnit","modFwSetup","736","InsertUnit db, ""H"", ""UNIT.HOUR"", 20, True"
"InsertUnit","modFwSetup","737","InsertUnit db, ""KG"", ""UNIT.KG"", 30, True"
"InsertUnit","modFwSetup","738","InsertUnit db, ""M"", ""UNIT.METER"", 40, True"
"InsertUnit","modFwSetup","739","InsertUnit db, ""L"", ""UNIT.LITER"", 50, True"
"InsertUnit","modFwSetup","740","InsertUnit db, ""PK"", ""UNIT.PACKAGE"", 60, True"
"InsertUnitTranslations","modFwSetup","742","InsertUnitTranslations db"
"InsertAddressType","modFwSetup","758","InsertAddressType db, ""PRIVATE"", ""ADDRESS_TYPE.PRIVATE"", 10, True"
"InsertAddressType","modFwSetup","759","InsertAddressType db, ""COMPANY"", ""ADDRESS_TYPE.COMPANY"", 20, True"
"InsertAddressType","modFwSetup","760","InsertAddressType db, ""CUSTOMER"", ""ADDRESS_TYPE.CUSTOMER"", 30, True"
"InsertAddressType","modFwSetup","761","InsertAddressType db, ""SUPPLIER"", ""ADDRESS_TYPE.SUPPLIER"", 40, True"
"InsertAddressType","modFwSetup","762","InsertAddressType db, ""PARTNER"", ""ADDRESS_TYPE.PARTNER"", 50, True"
"InsertAddressType","modFwSetup","763","InsertAddressType db, ""EMPLOYEE"", ""ADDRESS_TYPE.EMPLOYEE"", 60, True"
"InsertAddressType","modFwSetup","764","InsertAddressType db, ""OTHER"", ""ADDRESS_TYPE.OTHER"", 90, True"
"InsertAddressTypeTranslations","modFwSetup","766","InsertAddressTypeTranslations db"
"InsertSalutation","modFwSetup","783","InsertSalutation db, ""MR"", ""SALUTATION.MR"", 10, True"
"InsertSalutation","modFwSetup","784","InsertSalutation db, ""MS"", ""SALUTATION.MS"", 20, True"
"InsertSalutation","modFwSetup","785","InsertSalutation db, ""COMPANY"", ""SALUTATION.COMPANY"", 30, True"
"InsertSalutation","modFwSetup","786","InsertSalutation db, ""NEUTRAL"", ""SALUTATION.NEUTRAL"", 90, True"
"InsertAddressingMode","modFwSetup","788","InsertAddressingMode db, ""FORMAL"", ""ADDRESSING_MODE.FORMAL"", 10, True"
"InsertAddressingMode","modFwSetup","789","InsertAddressingMode db, ""INFORMAL"", ""ADDRESSING_MODE.INFORMAL"", 20, True"
"InsertSalutationTranslations","modFwSetup","791","InsertSalutationTranslations db"
"InsertAddressingModeTranslations","modFwSetup","792","InsertAddressingModeTranslations db"
"InsertContactType","modFwSetup","808","InsertContactType db, ""EMAIL"", ""CONTACT_TYPE.EMAIL"", 10, True"
"InsertContactType","modFwSetup","809","InsertContactType db, ""PHONE"", ""CONTACT_TYPE.PHONE"", 20, True"
"InsertContactType","modFwSetup","810","InsertContactType db, ""MOBILE"", ""CONTACT_TYPE.MOBILE"", 30, True"
"InsertContactType","modFwSetup","811","InsertContactType db, ""WEBSITE"", ""CONTACT_TYPE.WEBSITE"", 40, True"
"InsertContactType","modFwSetup","812","InsertContactType db, ""FAX"", ""CONTACT_TYPE.FAX"", 50, True"
"InsertContactType","modFwSetup","813","InsertContactType db, ""OTHER"", ""CONTACT_TYPE.OTHER"", 90, True"
"InsertContactTypeTranslations","modFwSetup","815","InsertContactTypeTranslations db"
"NormalizeSeedLanguageCode","modFwSetup","835","languageCode = NormalizeSeedLanguageCode(languageCode)"
"TranslationSeedExists","modFwSetup","837","If TranslationSeedExists(db, languageCode, translationKey) Then"
"SqlText","modFwSetup","844","SqlText(languageCode) & "", "" & _"
"SqlText","modFwSetup","845","SqlText(translationKey) & "", "" & _"
"SqlText","modFwSetup","846","SqlText(TranslationValue) & "", "" & _"
"SqlNullableText","modFwSetup","848","SqlNullableText(moduleCode) & "", "" & _"
"EnsureArticleTypeSeed","modFwSetup","861","EnsureArticleTypeSeed db, ""PRODUCT"", ""Product"", ""REF.ARTICLE_TYPE.PRODUCT"", ""Standard article or physical product."", 10, True"
"EnsureArticleTypeSeed","modFwSetup","862","EnsureArticleTypeSeed db, ""SERVICE"", ""Service"", ""REF.ARTICLE_TYPE.SERVICE"", ""Service article without stock behavior."", 20, True"
"EnsureArticleTypeSeed","modFwSetup","863","EnsureArticleTypeSeed db, ""SUBSCRIPTION"", ""Subscription"", ""REF.ARTICLE_TYPE.SUBSCRIPTION"", ""Recurring service or subscription article."", 30, True"
"EnsureArticleTypeSeed","modFwSetup","864","EnsureArticleTypeSeed db, ""FEE"", ""Fee"", ""REF.ARTICLE_TYPE.FEE"", ""Fee article for fixed charges."", 40, True"
"EnsureArticleTypeSeed","modFwSetup","865","EnsureArticleTypeSeed db, ""DISCOUNT"", ""Discount"", ""REF.ARTICLE_TYPE.DISCOUNT"", ""Discount article for explicit reductions."", 50, True"
"EnsureArticleTypeSeed","modFwSetup","866","EnsureArticleTypeSeed db, ""WINE"", ""Wine"", ""REF.ARTICLE_TYPE.WINE"", ""Wine article prepared for future wine-specific extensions."", 60, True"
"EnsureArticleTypeSeed","modFwSetup","867","EnsureArticleTypeSeed db, ""CUSTOM_SIZE"", ""Custom Size"", ""REF.ARTICLE_TYPE.CUSTOM_SIZE"", ""Article with future dimensional specialization."", 70, True"
"EnsureArticleTypeSeed","modFwSetup","868","EnsureArticleTypeSeed db, ""APPAREL_SIZE"", ""Apparel Size"", ""REF.ARTICLE_TYPE.APPAREL_SIZE"", ""Article with future apparel size specialization."", 80, True"
"EnsureTranslationSeed","modFwSetup","870","EnsureTranslationSeed db, ""de-CH"", ""REF.ARTICLE_TYPE.PRODUCT"", ""Produkt"", ""REF"", 400"
"EnsureTranslationSeed","modFwSetup","871","EnsureTranslationSeed db, ""en-US"", ""REF.ARTICLE_TYPE.PRODUCT"", ""Product"", ""REF"", 400"
"EnsureTranslationSeed","modFwSetup","872","EnsureTranslationSeed db, ""fr-CH"", ""REF.ARTICLE_TYPE.PRODUCT"", ""Produit"", ""REF"", 400"
"EnsureTranslationSeed","modFwSetup","874","EnsureTranslationSeed db, ""de-CH"", ""REF.ARTICLE_TYPE.SERVICE"", ""Dienstleistung"", ""REF"", 401"
"EnsureTranslationSeed","modFwSetup","875","EnsureTranslationSeed db, ""en-US"", ""REF.ARTICLE_TYPE.SERVICE"", ""Service"", ""REF"", 401"
"EnsureTranslationSeed","modFwSetup","876","EnsureTranslationSeed db, ""fr-CH"", ""REF.ARTICLE_TYPE.SERVICE"", ""Service"", ""REF"", 401"
"EnsureTranslationSeed","modFwSetup","878","EnsureTranslationSeed db, ""de-CH"", ""REF.ARTICLE_TYPE.SUBSCRIPTION"", ""Abonnement"", ""REF"", 402"
"EnsureTranslationSeed","modFwSetup","879","EnsureTranslationSeed db, ""en-US"", ""REF.ARTICLE_TYPE.SUBSCRIPTION"", ""Subscription"", ""REF"", 402"
"EnsureTranslationSeed","modFwSetup","880","EnsureTranslationSeed db, ""fr-CH"", ""REF.ARTICLE_TYPE.SUBSCRIPTION"", ""Abonnement"", ""REF"", 402"
"EnsureTranslationSeed","modFwSetup","882","EnsureTranslationSeed db, ""de-CH"", ""REF.ARTICLE_TYPE.FEE"", ""Gebuehr"", ""REF"", 403"
"EnsureTranslationSeed","modFwSetup","883","EnsureTranslationSeed db, ""en-US"", ""REF.ARTICLE_TYPE.FEE"", ""Fee"", ""REF"", 403"
"EnsureTranslationSeed","modFwSetup","884","EnsureTranslationSeed db, ""fr-CH"", ""REF.ARTICLE_TYPE.FEE"", ""Frais"", ""REF"", 403"
"EnsureTranslationSeed","modFwSetup","886","EnsureTranslationSeed db, ""de-CH"", ""REF.ARTICLE_TYPE.DISCOUNT"", ""Rabatt"", ""REF"", 404"
"EnsureTranslationSeed","modFwSetup","887","EnsureTranslationSeed db, ""en-US"", ""REF.ARTICLE_TYPE.DISCOUNT"", ""Discount"", ""REF"", 404"
"EnsureTranslationSeed","modFwSetup","888","EnsureTranslationSeed db, ""fr-CH"", ""REF.ARTICLE_TYPE.DISCOUNT"", ""Remise"", ""REF"", 404"
"EnsureTranslationSeed","modFwSetup","890","EnsureTranslationSeed db, ""de-CH"", ""REF.ARTICLE_TYPE.WINE"", ""Wein"", ""REF"", 405"
"EnsureTranslationSeed","modFwSetup","891","EnsureTranslationSeed db, ""en-US"", ""REF.ARTICLE_TYPE.WINE"", ""Wine"", ""REF"", 405"
"EnsureTranslationSeed","modFwSetup","892","EnsureTranslationSeed db, ""fr-CH"", ""REF.ARTICLE_TYPE.WINE"", ""Vin"", ""REF"", 405"
"EnsureTranslationSeed","modFwSetup","894","EnsureTranslationSeed db, ""de-CH"", ""REF.ARTICLE_TYPE.CUSTOM_SIZE"", ""Massanfertigung"", ""REF"", 406"
"EnsureTranslationSeed","modFwSetup","895","EnsureTranslationSeed db, ""en-US"", ""REF.ARTICLE_TYPE.CUSTOM_SIZE"", ""Custom Size"", ""REF"", 406"
"EnsureTranslationSeed","modFwSetup","896","EnsureTranslationSeed db, ""fr-CH"", ""REF.ARTICLE_TYPE.CUSTOM_SIZE"", ""Sur mesure"", ""REF"", 406"
"EnsureTranslationSeed","modFwSetup","898","EnsureTranslationSeed db, ""de-CH"", ""REF.ARTICLE_TYPE.APPAREL_SIZE"", ""Kleidergroesse"", ""REF"", 407"
"EnsureTranslationSeed","modFwSetup","899","EnsureTranslationSeed db, ""en-US"", ""REF.ARTICLE_TYPE.APPAREL_SIZE"", ""Apparel Size"", ""REF"", 407"
"EnsureTranslationSeed","modFwSetup","900","EnsureTranslationSeed db, ""fr-CH"", ""REF.ARTICLE_TYPE.APPAREL_SIZE"", ""Taille de vetement"", ""REF"", 407"
"SqlText","modFwSetup","921","SqlText(addressTypeCode) & "", "" & _"
"SqlText","modFwSetup","922","SqlText(translationKey) & "", "" & _"
"SqlText","modFwSetup","942","SqlText(salutationCode) & "", "" & _"
"SqlText","modFwSetup","943","SqlText(translationKey) & "", "" & _"
"SqlText","modFwSetup","963","SqlText(addressingModeCode) & "", "" & _"
"SqlText","modFwSetup","964","SqlText(translationKey) & "", "" & _"
"SqlText","modFwSetup","984","SqlText(contactTypeCode) & "", "" & _"
"SqlText","modFwSetup","985","SqlText(translationKey) & "", "" & _"
"SqlText","modFwSetup","1005","SqlText(UnitCode) & "", "" & _"
"SqlText","modFwSetup","1006","SqlText(translationKey) & "", "" & _"
"SqlText","modFwSetup","1028","SqlText(articleTypeCode) & "", "" & _"
"SqlText","modFwSetup","1029","SqlText(articleTypeName) & "", "" & _"
"SqlText","modFwSetup","1030","SqlText(translationKey) & "", "" & _"
"SqlNullableText","modFwSetup","1031","SqlNullableText(DescriptionText) & "", "" & _"
"SqlText","modFwSetup","1052","criteria = ""article_type_code = "" & SqlText(articleTypeCode)"
"SqlText","modFwSetup","1056","""article_type_name = "" & SqlText(articleTypeName) & "", "" & _"
"SqlText","modFwSetup","1057","""translation_key = "" & SqlText(translationKey) & "", "" & _"
"SqlNullableText","modFwSetup","1058","""description_text = "" & SqlNullableText(DescriptionText) & "", "" & _"
"InsertArticleType","modFwSetup","1066","InsertArticleType db, articleTypeCode, articleTypeName, translationKey, DescriptionText, sortOrder, isActive"
"EnsureArticleTypeSeed","modFwSetup","1071","Err.Raise Err.Number, MODULE_NAME & "".EnsureArticleTypeSeed"", Err.description"
"SqlText","modFwSetup","1090","SqlText(VatCode) & "", "" & _"
"SqlText","modFwSetup","1091","SqlText(translationKey) & "", "" & _"
"SqlText","modFwSetup","1093","SqlText(countryCode) & "", "" & _"
"SqlDateOrNull","modFwSetup","1095","SqlDateOrNull(validTo) & "", "" & _"
"InsertTranslation","modFwSetup","1104","InsertTranslation db, ""de-CH"", ""ADDRESS_TYPE.PRIVATE"", ""Privat"", True"
"InsertTranslation","modFwSetup","1105","InsertTranslation db, ""DE-DE"", ""ADDRESS_TYPE.PRIVATE"", ""Privat"", True"
"InsertTranslation","modFwSetup","1106","InsertTranslation db, ""fr-CH"", ""ADDRESS_TYPE.PRIVATE"", ""Prive"", True"
"InsertTranslation","modFwSetup","1107","InsertTranslation db, ""it-CH"", ""ADDRESS_TYPE.PRIVATE"", ""Privato"", True"
"InsertTranslation","modFwSetup","1108","InsertTranslation db, ""en-US"", ""ADDRESS_TYPE.PRIVATE"", ""Private"", True"
"InsertTranslation","modFwSetup","1110","InsertTranslation db, ""de-CH"", ""ADDRESS_TYPE.COMPANY"", ""Firma"", True"
"InsertTranslation","modFwSetup","1111","InsertTranslation db, ""DE-DE"", ""ADDRESS_TYPE.COMPANY"", ""Unternehmen"", True"
"InsertTranslation","modFwSetup","1112","InsertTranslation db, ""fr-CH"", ""ADDRESS_TYPE.COMPANY"", ""Entreprise"", True"
"InsertTranslation","modFwSetup","1113","InsertTranslation db, ""it-CH"", ""ADDRESS_TYPE.COMPANY"", ""Azienda"", True"
"InsertTranslation","modFwSetup","1114","InsertTranslation db, ""en-US"", ""ADDRESS_TYPE.COMPANY"", ""Company"", True"
"InsertTranslation","modFwSetup","1116","InsertTranslation db, ""de-CH"", ""ADDRESS_TYPE.CUSTOMER"", ""Kunde"", True"
"InsertTranslation","modFwSetup","1117","InsertTranslation db, ""DE-DE"", ""ADDRESS_TYPE.CUSTOMER"", ""Kunde"", True"
"InsertTranslation","modFwSetup","1118","InsertTranslation db, ""fr-CH"", ""ADDRESS_TYPE.CUSTOMER"", ""Client"", True"
"InsertTranslation","modFwSetup","1119","InsertTranslation db, ""it-CH"", ""ADDRESS_TYPE.CUSTOMER"", ""Cliente"", True"
"InsertTranslation","modFwSetup","1120","InsertTranslation db, ""en-US"", ""ADDRESS_TYPE.CUSTOMER"", ""Customer"", True"
"InsertTranslation","modFwSetup","1122","InsertTranslation db, ""de-CH"", ""ADDRESS_TYPE.SUPPLIER"", ""Lieferant"", True"
"InsertTranslation","modFwSetup","1123","InsertTranslation db, ""DE-DE"", ""ADDRESS_TYPE.SUPPLIER"", ""Lieferant"", True"
"InsertTranslation","modFwSetup","1124","InsertTranslation db, ""fr-CH"", ""ADDRESS_TYPE.SUPPLIER"", ""Fournisseur"", True"
"InsertTranslation","modFwSetup","1125","InsertTranslation db, ""it-CH"", ""ADDRESS_TYPE.SUPPLIER"", ""Fornitore"", True"
"InsertTranslation","modFwSetup","1126","InsertTranslation db, ""en-US"", ""ADDRESS_TYPE.SUPPLIER"", ""Supplier"", True"
"InsertTranslation","modFwSetup","1128","InsertTranslation db, ""de-CH"", ""ADDRESS_TYPE.PARTNER"", ""Partner"", True"
"InsertTranslation","modFwSetup","1129","InsertTranslation db, ""DE-DE"", ""ADDRESS_TYPE.PARTNER"", ""Partner"", True"
"InsertTranslation","modFwSetup","1130","InsertTranslation db, ""fr-CH"", ""ADDRESS_TYPE.PARTNER"", ""Partenaire"", True"
"InsertTranslation","modFwSetup","1131","InsertTranslation db, ""it-CH"", ""ADDRESS_TYPE.PARTNER"", ""Partner"", True"
"InsertTranslation","modFwSetup","1132","InsertTranslation db, ""en-US"", ""ADDRESS_TYPE.PARTNER"", ""Partner"", True"
"InsertTranslation","modFwSetup","1134","InsertTranslation db, ""de-CH"", ""ADDRESS_TYPE.EMPLOYEE"", ""Mitarbeiter"", True"
"InsertTranslation","modFwSetup","1135","InsertTranslation db, ""DE-DE"", ""ADDRESS_TYPE.EMPLOYEE"", ""Mitarbeiter"", True"
"InsertTranslation","modFwSetup","1136","InsertTranslation db, ""fr-CH"", ""ADDRESS_TYPE.EMPLOYEE"", ""Employe"", True"
"InsertTranslation","modFwSetup","1137","InsertTranslation db, ""it-CH"", ""ADDRESS_TYPE.EMPLOYEE"", ""Collaboratore"", True"
"InsertTranslation","modFwSetup","1138","InsertTranslation db, ""en-US"", ""ADDRESS_TYPE.EMPLOYEE"", ""Employee"", True"
"InsertTranslation","modFwSetup","1140","InsertTranslation db, ""de-CH"", ""ADDRESS_TYPE.OTHER"", ""Andere"", True"
"InsertTranslation","modFwSetup","1141","InsertTranslation db, ""DE-DE"", ""ADDRESS_TYPE.OTHER"", ""Sonstige"", True"
"InsertTranslation","modFwSetup","1142","InsertTranslation db, ""fr-CH"", ""ADDRESS_TYPE.OTHER"", ""Autre"", True"
"InsertTranslation","modFwSetup","1143","InsertTranslation db, ""it-CH"", ""ADDRESS_TYPE.OTHER"", ""Altro"", True"
"InsertTranslation","modFwSetup","1144","InsertTranslation db, ""en-US"", ""ADDRESS_TYPE.OTHER"", ""Other"", True"
"InsertTranslation","modFwSetup","1148","InsertTranslation db, ""de-CH"", ""SALUTATION.MR"", ""Herr"", True"
"InsertTranslation","modFwSetup","1149","InsertTranslation db, ""DE-DE"", ""SALUTATION.MR"", ""Herr"", True"
"InsertTranslation","modFwSetup","1150","InsertTranslation db, ""fr-CH"", ""SALUTATION.MR"", ""Monsieur"", True"
"InsertTranslation","modFwSetup","1151","InsertTranslation db, ""it-CH"", ""SALUTATION.MR"", ""Signor"", True"
"InsertTranslation","modFwSetup","1152","InsertTranslation db, ""en-US"", ""SALUTATION.MR"", ""Mr."", True"
"InsertTranslation","modFwSetup","1154","InsertTranslation db, ""de-CH"", ""SALUTATION.MS"", ""Frau"", True"
"InsertTranslation","modFwSetup","1155","InsertTranslation db, ""DE-DE"", ""SALUTATION.MS"", ""Frau"", True"
"InsertTranslation","modFwSetup","1156","InsertTranslation db, ""fr-CH"", ""SALUTATION.MS"", ""Madame"", True"
"InsertTranslation","modFwSetup","1157","InsertTranslation db, ""it-CH"", ""SALUTATION.MS"", ""Signora"", True"
"InsertTranslation","modFwSetup","1158","InsertTranslation db, ""en-US"", ""SALUTATION.MS"", ""Ms."", True"
"InsertTranslation","modFwSetup","1160","InsertTranslation db, ""de-CH"", ""SALUTATION.COMPANY"", ""Firma"", True"
"InsertTranslation","modFwSetup","1161","InsertTranslation db, ""DE-DE"", ""SALUTATION.COMPANY"", ""Unternehmen"", True"
"InsertTranslation","modFwSetup","1162","InsertTranslation db, ""fr-CH"", ""SALUTATION.COMPANY"", ""Entreprise"", True"
"InsertTranslation","modFwSetup","1163","InsertTranslation db, ""it-CH"", ""SALUTATION.COMPANY"", ""Azienda"", True"
"InsertTranslation","modFwSetup","1164","InsertTranslation db, ""en-US"", ""SALUTATION.COMPANY"", ""Company"", True"
"InsertTranslation","modFwSetup","1166","InsertTranslation db, ""de-CH"", ""SALUTATION.NEUTRAL"", ""Neutral"", True"
"InsertTranslation","modFwSetup","1167","InsertTranslation db, ""DE-DE"", ""SALUTATION.NEUTRAL"", ""Neutral"", True"
"InsertTranslation","modFwSetup","1168","InsertTranslation db, ""fr-CH"", ""SALUTATION.NEUTRAL"", ""Neutre"", True"
"InsertTranslation","modFwSetup","1169","InsertTranslation db, ""it-CH"", ""SALUTATION.NEUTRAL"", ""Neutrale"", True"
"InsertTranslation","modFwSetup","1170","InsertTranslation db, ""en-US"", ""SALUTATION.NEUTRAL"", ""Neutral"", True"
"InsertTranslation","modFwSetup","1174","InsertTranslation db, ""de-CH"", ""ADDRESSING_MODE.FORMAL"", ""Formal"", True"
"InsertTranslation","modFwSetup","1175","InsertTranslation db, ""DE-DE"", ""ADDRESSING_MODE.FORMAL"", ""Formal"", True"
"InsertTranslation","modFwSetup","1176","InsertTranslation db, ""fr-CH"", ""ADDRESSING_MODE.FORMAL"", ""Formel"", True"
"InsertTranslation","modFwSetup","1177","InsertTranslation db, ""it-CH"", ""ADDRESSING_MODE.FORMAL"", ""Formale"", True"
"InsertTranslation","modFwSetup","1178","InsertTranslation db, ""en-US"", ""ADDRESSING_MODE.FORMAL"", ""Formal"", True"
"InsertTranslation","modFwSetup","1180","InsertTranslation db, ""de-CH"", ""ADDRESSING_MODE.INFORMAL"", ""Informell"", True"
"InsertTranslation","modFwSetup","1181","InsertTranslation db, ""DE-DE"", ""ADDRESSING_MODE.INFORMAL"", ""Informell"", True"
"InsertTranslation","modFwSetup","1182","InsertTranslation db, ""fr-CH"", ""ADDRESSING_MODE.INFORMAL"", ""Informel"", True"
"InsertTranslation","modFwSetup","1183","InsertTranslation db, ""it-CH"", ""ADDRESSING_MODE.INFORMAL"", ""Informale"", True"
"InsertTranslation","modFwSetup","1184","InsertTranslation db, ""en-US"", ""ADDRESSING_MODE.INFORMAL"", ""Informal"", True"
"InsertTranslation","modFwSetup","1188","InsertTranslation db, ""de-CH"", ""CONTACT_TYPE.EMAIL"", ""E-Mail"", True"
"InsertTranslation","modFwSetup","1189","InsertTranslation db, ""DE-DE"", ""CONTACT_TYPE.EMAIL"", ""E-Mail"", True"
"InsertTranslation","modFwSetup","1190","InsertTranslation db, ""fr-CH"", ""CONTACT_TYPE.EMAIL"", ""E-mail"", True"
"InsertTranslation","modFwSetup","1191","InsertTranslation db, ""it-CH"", ""CONTACT_TYPE.EMAIL"", ""E-mail"", True"
"InsertTranslation","modFwSetup","1192","InsertTranslation db, ""en-US"", ""CONTACT_TYPE.EMAIL"", ""E-Mail"", True"
"InsertTranslation","modFwSetup","1194","InsertTranslation db, ""de-CH"", ""CONTACT_TYPE.PHONE"", ""Telefon"", True"
"InsertTranslation","modFwSetup","1195","InsertTranslation db, ""DE-DE"", ""CONTACT_TYPE.PHONE"", ""Telefon"", True"
"InsertTranslation","modFwSetup","1196","InsertTranslation db, ""fr-CH"", ""CONTACT_TYPE.PHONE"", ""Telephone"", True"
"InsertTranslation","modFwSetup","1197","InsertTranslation db, ""it-CH"", ""CONTACT_TYPE.PHONE"", ""Telefono"", True"
"InsertTranslation","modFwSetup","1198","InsertTranslation db, ""en-US"", ""CONTACT_TYPE.PHONE"", ""Phone"", True"
"InsertTranslation","modFwSetup","1200","InsertTranslation db, ""de-CH"", ""CONTACT_TYPE.MOBILE"", ""Mobil"", True"
"InsertTranslation","modFwSetup","1201","InsertTranslation db, ""DE-DE"", ""CONTACT_TYPE.MOBILE"", ""Mobil"", True"
"InsertTranslation","modFwSetup","1202","InsertTranslation db, ""fr-CH"", ""CONTACT_TYPE.MOBILE"", ""Mobile"", True"
"InsertTranslation","modFwSetup","1203","InsertTranslation db, ""it-CH"", ""CONTACT_TYPE.MOBILE"", ""Mobile"", True"
"InsertTranslation","modFwSetup","1204","InsertTranslation db, ""en-US"", ""CONTACT_TYPE.MOBILE"", ""Mobile"", True"
"InsertTranslation","modFwSetup","1206","InsertTranslation db, ""de-CH"", ""CONTACT_TYPE.WEBSITE"", ""Webseite"", True"
"InsertTranslation","modFwSetup","1207","InsertTranslation db, ""DE-DE"", ""CONTACT_TYPE.WEBSITE"", ""Webseite"", True"
"InsertTranslation","modFwSetup","1208","InsertTranslation db, ""fr-CH"", ""CONTACT_TYPE.WEBSITE"", ""Site web"", True"
"InsertTranslation","modFwSetup","1209","InsertTranslation db, ""it-CH"", ""CONTACT_TYPE.WEBSITE"", ""Sito web"", True"
"InsertTranslation","modFwSetup","1210","InsertTranslation db, ""en-US"", ""CONTACT_TYPE.WEBSITE"", ""Website"", True"
"InsertTranslation","modFwSetup","1212","InsertTranslation db, ""de-CH"", ""CONTACT_TYPE.FAX"", ""Fax"", True"
"InsertTranslation","modFwSetup","1213","InsertTranslation db, ""DE-DE"", ""CONTACT_TYPE.FAX"", ""Fax"", True"
"InsertTranslation","modFwSetup","1214","InsertTranslation db, ""fr-CH"", ""CONTACT_TYPE.FAX"", ""Fax"", True"
"InsertTranslation","modFwSetup","1215","InsertTranslation db, ""it-CH"", ""CONTACT_TYPE.FAX"", ""Fax"", True"
"InsertTranslation","modFwSetup","1216","InsertTranslation db, ""en-US"", ""CONTACT_TYPE.FAX"", ""Fax"", True"
"InsertTranslation","modFwSetup","1218","InsertTranslation db, ""de-CH"", ""CONTACT_TYPE.OTHER"", ""Sonstige"", True"
"InsertTranslation","modFwSetup","1219","InsertTranslation db, ""DE-DE"", ""CONTACT_TYPE.OTHER"", ""Sonstige"", True"
"InsertTranslation","modFwSetup","1220","InsertTranslation db, ""fr-CH"", ""CONTACT_TYPE.OTHER"", ""Autre"", True"
"InsertTranslation","modFwSetup","1221","InsertTranslation db, ""it-CH"", ""CONTACT_TYPE.OTHER"", ""Altro"", True"
"InsertTranslation","modFwSetup","1222","InsertTranslation db, ""en-US"", ""CONTACT_TYPE.OTHER"", ""Other"", True"
"InsertTranslation","modFwSetup","1226","InsertTranslation db, ""de-CH"", ""UNIT.PCS"", ""Stk"", True"
"InsertTranslation","modFwSetup","1227","InsertTranslation db, ""DE-DE"", ""UNIT.PCS"", ""Stk"", True"
"InsertTranslation","modFwSetup","1228","InsertTranslation db, ""fr-CH"", ""UNIT.PCS"", ""pcs"", True"
"InsertTranslation","modFwSetup","1229","InsertTranslation db, ""it-CH"", ""UNIT.PCS"", ""pz"", True"
"InsertTranslation","modFwSetup","1230","InsertTranslation db, ""en-US"", ""UNIT.PCS"", ""pcs"", True"
"InsertTranslation","modFwSetup","1232","InsertTranslation db, ""de-CH"", ""UNIT.HOUR"", ""Stunde"", True"
"InsertTranslation","modFwSetup","1233","InsertTranslation db, ""DE-DE"", ""UNIT.HOUR"", ""Stunde"", True"
"InsertTranslation","modFwSetup","1234","InsertTranslation db, ""fr-CH"", ""UNIT.HOUR"", ""Heure"", True"
"InsertTranslation","modFwSetup","1235","InsertTranslation db, ""it-CH"", ""UNIT.HOUR"", ""Ora"", True"
"InsertTranslation","modFwSetup","1236","InsertTranslation db, ""en-US"", ""UNIT.HOUR"", ""Hour"", True"
"InsertTranslation","modFwSetup","1238","InsertTranslation db, ""de-CH"", ""UNIT.KG"", ""Kilogramm"", True"
"InsertTranslation","modFwSetup","1239","InsertTranslation db, ""DE-DE"", ""UNIT.KG"", ""Kilogramm"", True"
"InsertTranslation","modFwSetup","1240","InsertTranslation db, ""fr-CH"", ""UNIT.KG"", ""Kilogramme"", True"
"InsertTranslation","modFwSetup","1241","InsertTranslation db, ""it-CH"", ""UNIT.KG"", ""Chilogrammo"", True"
"InsertTranslation","modFwSetup","1242","InsertTranslation db, ""en-US"", ""UNIT.KG"", ""Kilogram"", True"
"InsertTranslation","modFwSetup","1244","InsertTranslation db, ""de-CH"", ""UNIT.METER"", ""Meter"", True"
"InsertTranslation","modFwSetup","1245","InsertTranslation db, ""DE-DE"", ""UNIT.METER"", ""Meter"", True"
"InsertTranslation","modFwSetup","1246","InsertTranslation db, ""fr-CH"", ""UNIT.METER"", ""Metre"", True"
"InsertTranslation","modFwSetup","1247","InsertTranslation db, ""it-CH"", ""UNIT.METER"", ""Metro"", True"
"InsertTranslation","modFwSetup","1248","InsertTranslation db, ""en-US"", ""UNIT.METER"", ""Meter"", True"
"InsertTranslation","modFwSetup","1250","InsertTranslation db, ""de-CH"", ""UNIT.LITER"", ""Liter"", True"
"InsertTranslation","modFwSetup","1251","InsertTranslation db, ""DE-DE"", ""UNIT.LITER"", ""Liter"", True"
"InsertTranslation","modFwSetup","1252","InsertTranslation db, ""fr-CH"", ""UNIT.LITER"", ""Litre"", True"
"InsertTranslation","modFwSetup","1253","InsertTranslation db, ""it-CH"", ""UNIT.LITER"", ""Litro"", True"
"InsertTranslation","modFwSetup","1254","InsertTranslation db, ""en-US"", ""UNIT.LITER"", ""Liter"", True"
"InsertTranslation","modFwSetup","1256","InsertTranslation db, ""de-CH"", ""UNIT.PACKAGE"", ""Paket"", True"
"InsertTranslation","modFwSetup","1257","InsertTranslation db, ""DE-DE"", ""UNIT.PACKAGE"", ""Paket"", True"
"InsertTranslation","modFwSetup","1258","InsertTranslation db, ""fr-CH"", ""UNIT.PACKAGE"", ""Colis"", True"
"InsertTranslation","modFwSetup","1259","InsertTranslation db, ""it-CH"", ""UNIT.PACKAGE"", ""Pacco"", True"
"InsertTranslation","modFwSetup","1260","InsertTranslation db, ""en-US"", ""UNIT.PACKAGE"", ""Package"", True"
"InsertTranslation","modFwSetup","1264","InsertTranslation db, ""de-CH"", ""VAT.CH.STANDARD"", ""Normalsatz"", True"
"InsertTranslation","modFwSetup","1265","InsertTranslation db, ""DE-DE"", ""VAT.CH.STANDARD"", ""Standardsatz"", True"
"InsertTranslation","modFwSetup","1266","InsertTranslation db, ""fr-CH"", ""VAT.CH.STANDARD"", ""Taux normal"", True"
"InsertTranslation","modFwSetup","1267","InsertTranslation db, ""it-CH"", ""VAT.CH.STANDARD"", ""Aliquota normale"", True"
"InsertTranslation","modFwSetup","1268","InsertTranslation db, ""en-US"", ""VAT.CH.STANDARD"", ""Standard rate"", True"
"InsertTranslation","modFwSetup","1270","InsertTranslation db, ""de-CH"", ""VAT.CH.REDUCED"", ""Reduzierter Satz"", True"
"InsertTranslation","modFwSetup","1271","InsertTranslation db, ""DE-DE"", ""VAT.CH.REDUCED"", ""Ermaessigter Satz"", True"
"InsertTranslation","modFwSetup","1272","InsertTranslation db, ""fr-CH"", ""VAT.CH.REDUCED"", ""Taux reduit"", True"
"InsertTranslation","modFwSetup","1273","InsertTranslation db, ""it-CH"", ""VAT.CH.REDUCED"", ""Aliquota ridotta"", True"
"InsertTranslation","modFwSetup","1274","InsertTranslation db, ""en-US"", ""VAT.CH.REDUCED"", ""Reduced rate"", True"
"InsertTranslation","modFwSetup","1276","InsertTranslation db, ""de-CH"", ""VAT.CH.SPECIAL"", ""Sondersatz"", True"
"InsertTranslation","modFwSetup","1277","InsertTranslation db, ""DE-DE"", ""VAT.CH.SPECIAL"", ""Sondersatz"", True"
"InsertTranslation","modFwSetup","1278","InsertTranslation db, ""fr-CH"", ""VAT.CH.SPECIAL"", ""Taux special"", True"
"InsertTranslation","modFwSetup","1279","InsertTranslation db, ""it-CH"", ""VAT.CH.SPECIAL"", ""Aliquota speciale"", True"
"InsertTranslation","modFwSetup","1280","InsertTranslation db, ""en-US"", ""VAT.CH.SPECIAL"", ""Special rate"", True"
"InsertTranslation","modFwSetup","1282","InsertTranslation db, ""de-CH"", ""VAT.CH.ZERO"", ""Nullsatz"", True"
"InsertTranslation","modFwSetup","1283","InsertTranslation db, ""DE-DE"", ""VAT.CH.ZERO"", ""Nullsatz"", True"
"InsertTranslation","modFwSetup","1284","InsertTranslation db, ""fr-CH"", ""VAT.CH.ZERO"", ""Taux zero"", True"
"InsertTranslation","modFwSetup","1285","InsertTranslation db, ""it-CH"", ""VAT.CH.ZERO"", ""Aliquota zero"", True"
"InsertTranslation","modFwSetup","1286","InsertTranslation db, ""en-US"", ""VAT.CH.ZERO"", ""Zero rate"", True"
"EnsureTranslationSeed","modFwSetup","1290","EnsureTranslationSeed db, ""de-CH"", ""NAV.GROUP.ADDRESSES"", ""Adressen"", ""NAVIGATION"", 10"
"EnsureTranslationSeed","modFwSetup","1291","EnsureTranslationSeed db, ""en-US"", ""NAV.GROUP.ADDRESSES"", ""Addresses"", ""NAVIGATION"", 10"
"EnsureTranslationSeed","modFwSetup","1292","EnsureTranslationSeed db, ""de-CH"", ""NAV.ADDRESS_LIST"", ""Adressliste"", ""NAVIGATION"", 20"
"EnsureTranslationSeed","modFwSetup","1293","EnsureTranslationSeed db, ""en-US"", ""NAV.ADDRESS_LIST"", ""Address list"", ""NAVIGATION"", 20"
"EnsureTranslationSeed","modFwSetup","1294","EnsureTranslationSeed db, ""de-CH"", ""NAV.NEW_ADDRESS"", ""Neue Adresse"", ""NAVIGATION"", 30"
"EnsureTranslationSeed","modFwSetup","1295","EnsureTranslationSeed db, ""en-US"", ""NAV.NEW_ADDRESS"", ""New address"", ""NAVIGATION"", 30"
"EnsureTranslationSeed","modFwSetup","1296","EnsureTranslationSeed db, ""de-CH"", ""NAV.GROUP.DOCUMENTS"", ""Dokumente"", ""NAVIGATION"", 40"
"EnsureTranslationSeed","modFwSetup","1297","EnsureTranslationSeed db, ""en-US"", ""NAV.GROUP.DOCUMENTS"", ""Documents"", ""NAVIGATION"", 40"
"EnsureTranslationSeed","modFwSetup","1298","EnsureTranslationSeed db, ""de-CH"", ""NAV.DOCUMENT_PREVIEW"", ""Dokumentvorschau"", ""NAVIGATION"", 50"
"EnsureTranslationSeed","modFwSetup","1299","EnsureTranslationSeed db, ""en-US"", ""NAV.DOCUMENT_PREVIEW"", ""Document preview"", ""NAVIGATION"", 50"
"EnsureTranslationSeed","modFwSetup","1300","EnsureTranslationSeed db, ""de-CH"", ""NAV.GROUP.FRAMEWORK"", ""Framework"", ""NAVIGATION"", 60"
"EnsureTranslationSeed","modFwSetup","1301","EnsureTranslationSeed db, ""en-US"", ""NAV.GROUP.FRAMEWORK"", ""Framework"", ""NAVIGATION"", 60"
"EnsureTranslationSeed","modFwSetup","1302","EnsureTranslationSeed db, ""de-CH"", ""NAV.TRANSLATIONS"", ""Uebersetzungen"", ""NAVIGATION"", 70"
"EnsureTranslationSeed","modFwSetup","1303","EnsureTranslationSeed db, ""en-US"", ""NAV.TRANSLATIONS"", ""Translations"", ""NAVIGATION"", 70"
"EnsureTranslationSeed","modFwSetup","1304","EnsureTranslationSeed db, ""de-CH"", ""NAV.FW_TRANSLATIONS"", ""Uebersetzungen pflegen"", ""NAVIGATION"", 80"
"EnsureTranslationSeed","modFwSetup","1305","EnsureTranslationSeed db, ""en-US"", ""NAV.FW_TRANSLATIONS"", ""Maintain translations"", ""NAVIGATION"", 80"
"EnsureTranslationSeed","modFwSetup","1306","EnsureTranslationSeed db, ""de-CH"", ""NAV.LOCALISATION"", ""Lokalisierung"", ""NAVIGATION"", 90"
"EnsureTranslationSeed","modFwSetup","1307","EnsureTranslationSeed db, ""en-US"", ""NAV.LOCALISATION"", ""Localisation"", ""NAVIGATION"", 90"
"EnsureTranslationSeed","modFwSetup","1308","EnsureTranslationSeed db, ""de-CH"", ""NAV.TAGS"", ""Tags"", ""NAVIGATION"", 100"
"EnsureTranslationSeed","modFwSetup","1309","EnsureTranslationSeed db, ""en-US"", ""NAV.TAGS"", ""Tags"", ""NAVIGATION"", 100"
"EnsureTranslationSeed","modFwSetup","1310","EnsureTranslationSeed db, ""de-CH"", ""NAV.TAG_HELP"", ""Tag-Hilfe"", ""NAVIGATION"", 110"
"EnsureTranslationSeed","modFwSetup","1311","EnsureTranslationSeed db, ""en-US"", ""NAV.TAG_HELP"", ""Tag help"", ""NAVIGATION"", 110"
"EnsureTranslationSeed","modFwSetup","1312","EnsureTranslationSeed db, ""de-CH"", ""NAV.GROUP.ORDERS"", ""Bestellungen"", ""NAVIGATION"", 120"
"EnsureTranslationSeed","modFwSetup","1313","EnsureTranslationSeed db, ""en-US"", ""NAV.GROUP.ORDERS"", ""Orders"", ""NAVIGATION"", 120"
"EnsureTranslationSeed","modFwSetup","1314","EnsureTranslationSeed db, ""de-CH"", ""NAV.GROUP.FINANCE"", ""Finanzen"", ""NAVIGATION"", 130"
"EnsureTranslationSeed","modFwSetup","1315","EnsureTranslationSeed db, ""en-US"", ""NAV.GROUP.FINANCE"", ""Finance"", ""NAVIGATION"", 130"
"EnsureTranslationSeed","modFwSetup","1316","EnsureTranslationSeed db, ""de-CH"", ""NAV.GROUP.REPORTING"", ""Auswertungen"", ""NAVIGATION"", 140"
"EnsureTranslationSeed","modFwSetup","1317","EnsureTranslationSeed db, ""en-US"", ""NAV.GROUP.REPORTING"", ""Reports"", ""NAVIGATION"", 140"
"EnsureTranslationSeed","modFwSetup","1318","EnsureTranslationSeed db, ""de-CH"", ""NAV.GROUP.TENANT"", ""Mandant"", ""NAVIGATION"", 150"
"EnsureTranslationSeed","modFwSetup","1319","EnsureTranslationSeed db, ""en-US"", ""NAV.GROUP.TENANT"", ""Tenant"", ""NAVIGATION"", 150"
"EnsureTranslationSeed","modFwSetup","1320","EnsureTranslationSeed db, ""de-CH"", ""NAV.ARTICLE_GROUPS"", ""Artikelgruppen"", ""NAVIGATION"", 155"
"EnsureTranslationSeed","modFwSetup","1321","EnsureTranslationSeed db, ""en-US"", ""NAV.ARTICLE_GROUPS"", ""Article groups"", ""NAVIGATION"", 155"
"EnsureTranslationSeed","modFwSetup","1322","EnsureTranslationSeed db, ""de-CH"", ""NAV.NEW_ARTICLE_GROUP"", ""Neue Artikelgruppe"", ""NAVIGATION"", 156"
"EnsureTranslationSeed","modFwSetup","1323","EnsureTranslationSeed db, ""en-US"", ""NAV.NEW_ARTICLE_GROUP"", ""New article group"", ""NAVIGATION"", 156"
"EnsureTranslationSeed","modFwSetup","1324","EnsureTranslationSeed db, ""de-CH"", ""NAV.ARTICLES"", ""Artikel"", ""NAVIGATION"", 157"
"EnsureTranslationSeed","modFwSetup","1325","EnsureTranslationSeed db, ""en-US"", ""NAV.ARTICLES"", ""Articles"", ""NAVIGATION"", 157"
"EnsureTranslationSeed","modFwSetup","1326","EnsureTranslationSeed db, ""de-CH"", ""NAV.GROUP.SYSTEM"", ""System"", ""NAVIGATION"", 160"
"EnsureTranslationSeed","modFwSetup","1327","EnsureTranslationSeed db, ""en-US"", ""NAV.GROUP.SYSTEM"", ""System"", ""NAVIGATION"", 160"
"EnsureTranslationSeed","modFwSetup","1328","EnsureTranslationSeed db, ""de-CH"", ""NAV.FW_NAVIGATION_ADMIN"", ""Navigation verwalten"", ""NAVIGATION"", 170"
"EnsureTranslationSeed","modFwSetup","1329","EnsureTranslationSeed db, ""en-US"", ""NAV.FW_NAVIGATION_ADMIN"", ""Manage navigation"", ""NAVIGATION"", 170"
"EnsureTranslationSeed","modFwSetup","1331","EnsureTranslationSeed db, ""de-CH"", ""COMMON.NEW"", ""Neu"", ""COMMON"", 171"
"EnsureTranslationSeed","modFwSetup","1332","EnsureTranslationSeed db, ""en-US"", ""COMMON.NEW"", ""New"", ""COMMON"", 171"
"EnsureTranslationSeed","modFwSetup","1333","EnsureTranslationSeed db, ""fr-CH"", ""COMMON.NEW"", ""Nouveau"", ""COMMON"", 171"
"EnsureTranslationSeed","modFwSetup","1334","EnsureTranslationSeed db, ""de-CH"", ""COMMON.EDIT"", ""Bearbeiten"", ""COMMON"", 172"
"EnsureTranslationSeed","modFwSetup","1335","EnsureTranslationSeed db, ""en-US"", ""COMMON.EDIT"", ""Edit"", ""COMMON"", 172"
"EnsureTranslationSeed","modFwSetup","1336","EnsureTranslationSeed db, ""fr-CH"", ""COMMON.EDIT"", ""Modifier"", ""COMMON"", 172"
"EnsureTranslationSeed","modFwSetup","1337","EnsureTranslationSeed db, ""de-CH"", ""COMMON.REFRESH"", ""Aktualisieren"", ""COMMON"", 173"
"EnsureTranslationSeed","modFwSetup","1338","EnsureTranslationSeed db, ""en-US"", ""COMMON.REFRESH"", ""Refresh"", ""COMMON"", 173"
"EnsureTranslationSeed","modFwSetup","1339","EnsureTranslationSeed db, ""fr-CH"", ""COMMON.REFRESH"", ""Actualiser"", ""COMMON"", 173"
"EnsureTranslationSeed","modFwSetup","1340","EnsureTranslationSeed db, ""de-CH"", ""COMMON.SEARCH"", ""Suche"", ""COMMON"", 174"
"EnsureTranslationSeed","modFwSetup","1341","EnsureTranslationSeed db, ""en-US"", ""COMMON.SEARCH"", ""Search"", ""COMMON"", 174"
"EnsureTranslationSeed","modFwSetup","1342","EnsureTranslationSeed db, ""fr-CH"", ""COMMON.SEARCH"", ""Recherche"", ""COMMON"", 174"
"EnsureTranslationSeed","modFwSetup","1343","EnsureTranslationSeed db, ""de-CH"", ""COMMON.CLEAR_SEARCH"", ""Leeren"", ""COMMON"", 175"
"EnsureTranslationSeed","modFwSetup","1344","EnsureTranslationSeed db, ""en-US"", ""COMMON.CLEAR_SEARCH"", ""Clear"", ""COMMON"", 175"
"EnsureTranslationSeed","modFwSetup","1345","EnsureTranslationSeed db, ""fr-CH"", ""COMMON.CLEAR_SEARCH"", ""Effacer"", ""COMMON"", 175"
"EnsureTranslationSeed","modFwSetup","1346","EnsureTranslationSeed db, ""de-CH"", ""COMMON.HOME"", ""Home"", ""COMMON"", 176"
"EnsureTranslationSeed","modFwSetup","1347","EnsureTranslationSeed db, ""en-US"", ""COMMON.HOME"", ""Home"", ""COMMON"", 176"
"EnsureTranslationSeed","modFwSetup","1348","EnsureTranslationSeed db, ""fr-CH"", ""COMMON.HOME"", ""Accueil"", ""COMMON"", 176"
"EnsureTranslationSeed","modFwSetup","1349","EnsureTranslationSeed db, ""de-CH"", ""COMMON.BACK"", ""Zurueck"", ""COMMON"", 177"
"EnsureTranslationSeed","modFwSetup","1350","EnsureTranslationSeed db, ""en-US"", ""COMMON.BACK"", ""Back"", ""COMMON"", 177"
"EnsureTranslationSeed","modFwSetup","1351","EnsureTranslationSeed db, ""fr-CH"", ""COMMON.BACK"", ""Retour"", ""COMMON"", 177"
"EnsureTranslationSeed","modFwSetup","1353","EnsureTranslationSeed db, ""de-CH"", ""FORM.FRMAPPSHELL.APP_TITLE"", ""EASIS v4"", ""FORM"", 10"
"EnsureTranslationSeed","modFwSetup","1354","EnsureTranslationSeed db, ""en-US"", ""FORM.FRMAPPSHELL.APP_TITLE"", ""EASIS v4"", ""FORM"", 10"
"EnsureTranslationSeed","modFwSetup","1355","EnsureTranslationSeed db, ""de-CH"", ""FORM.FRMAPPSHELL.APP_SUBTITLE"", ""Access Framework"", ""FORM"", 20"
"EnsureTranslationSeed","modFwSetup","1356","EnsureTranslationSeed db, ""en-US"", ""FORM.FRMAPPSHELL.APP_SUBTITLE"", ""Access Framework"", ""FORM"", 20"
"EnsureTranslationSeed","modFwSetup","1357","EnsureTranslationSeed db, ""de-CH"", ""FORM.FRMAPPSHELL.USER"", ""Benutzer"", ""FORM"", 30"
"EnsureTranslationSeed","modFwSetup","1358","EnsureTranslationSeed db, ""en-US"", ""FORM.FRMAPPSHELL.USER"", ""User"", ""FORM"", 30"
"EnsureTranslationSeed","modFwSetup","1359","EnsureTranslationSeed db, ""de-CH"", ""FORM.FRMAPPSHELL.TENANT"", ""Mandant"", ""FORM"", 40"
"EnsureTranslationSeed","modFwSetup","1360","EnsureTranslationSeed db, ""en-US"", ""FORM.FRMAPPSHELL.TENANT"", ""Tenant"", ""FORM"", 40"
"EnsureTranslationSeed","modFwSetup","1361","EnsureTranslationSeed db, ""de-CH"", ""FORM.FRMAPPSHELL.ROLE"", ""Rolle"", ""FORM"", 50"
"EnsureTranslationSeed","modFwSetup","1362","EnsureTranslationSeed db, ""en-US"", ""FORM.FRMAPPSHELL.ROLE"", ""Role"", ""FORM"", 50"
"EnsureTranslationSeed","modFwSetup","1363","EnsureTranslationSeed db, ""de-CH"", ""FORM.FRMAPPSHELL.ENVIRONMENT"", ""Umgebung"", ""FORM"", 60"
"EnsureTranslationSeed","modFwSetup","1364","EnsureTranslationSeed db, ""en-US"", ""FORM.FRMAPPSHELL.ENVIRONMENT"", ""Environment"", ""FORM"", 60"
"EnsureTranslationSeed","modFwSetup","1365","EnsureTranslationSeed db, ""de-CH"", ""FORM.FRMAPPSHELL.BACKEND"", ""Backend"", ""FORM"", 70"
"EnsureTranslationSeed","modFwSetup","1366","EnsureTranslationSeed db, ""en-US"", ""FORM.FRMAPPSHELL.BACKEND"", ""Backend"", ""FORM"", 70"
"EnsureTranslationSeed","modFwSetup","1368","EnsureTranslationSeed db, ""de-CH"", ""FORM.FRMAPPDASHBOARD.TENANT"", ""Mandant"", ""FORM"", 80"
"EnsureTranslationSeed","modFwSetup","1369","EnsureTranslationSeed db, ""en-US"", ""FORM.FRMAPPDASHBOARD.TENANT"", ""Tenant"", ""FORM"", 80"
"EnsureTranslationSeed","modFwSetup","1370","EnsureTranslationSeed db, ""de-CH"", ""FORM.FRMAPPDASHBOARD.USER"", ""Benutzer"", ""FORM"", 90"
"EnsureTranslationSeed","modFwSetup","1371","EnsureTranslationSeed db, ""en-US"", ""FORM.FRMAPPDASHBOARD.USER"", ""User"", ""FORM"", 90"
"EnsureTranslationSeed","modFwSetup","1372","EnsureTranslationSeed db, ""de-CH"", ""FORM.FRMAPPDASHBOARD.BACKEND"", ""Backend"", ""FORM"", 100"
"EnsureTranslationSeed","modFwSetup","1373","EnsureTranslationSeed db, ""en-US"", ""FORM.FRMAPPDASHBOARD.BACKEND"", ""Backend"", ""FORM"", 100"
"EnsureTranslationSeed","modFwSetup","1374","EnsureTranslationSeed db, ""de-CH"", ""FORM.FRMAPPDASHBOARD.FRAMEWORK"", ""Framework"", ""FORM"", 110"
"EnsureTranslationSeed","modFwSetup","1375","EnsureTranslationSeed db, ""en-US"", ""FORM.FRMAPPDASHBOARD.FRAMEWORK"", ""Framework"", ""FORM"", 110"
"EnsureTranslationSeed","modFwSetup","1376","EnsureTranslationSeed db, ""de-CH"", ""FORM.FRMAPPDASHBOARD.STATUS"", ""Status"", ""FORM"", 120"
"EnsureTranslationSeed","modFwSetup","1377","EnsureTranslationSeed db, ""en-US"", ""FORM.FRMAPPDASHBOARD.STATUS"", ""Status"", ""FORM"", 120"
"EnsureTranslationSeed","modFwSetup","1379","EnsureTranslationSeed db, ""de-CH"", ""FORM.FRMFWNAVIGATIONADMIN.FORM_TITLE"", ""Navigation verwalten"", ""FORM"", 130"
"EnsureTranslationSeed","modFwSetup","1380","EnsureTranslationSeed db, ""en-US"", ""FORM.FRMFWNAVIGATIONADMIN.FORM_TITLE"", ""Manage navigation"", ""FORM"", 130"
"EnsureTranslationSeed","modFwSetup","1381","EnsureTranslationSeed db, ""de-CH"", ""FORM.FRMFWNAVIGATIONADMIN.SAVE"", ""Speichern"", ""FORM"", 140"
"EnsureTranslationSeed","modFwSetup","1382","EnsureTranslationSeed db, ""en-US"", ""FORM.FRMFWNAVIGATIONADMIN.SAVE"", ""Save"", ""FORM"", 140"
"EnsureTranslationSeed","modFwSetup","1383","EnsureTranslationSeed db, ""de-CH"", ""FORM.FRMFWNAVIGATIONADMIN.REFRESH"", ""Aktualisieren"", ""FORM"", 150"
"EnsureTranslationSeed","modFwSetup","1384","EnsureTranslationSeed db, ""en-US"", ""FORM.FRMFWNAVIGATIONADMIN.REFRESH"", ""Refresh"", ""FORM"", 150"
"EnsureTranslationSeed","modFwSetup","1385","EnsureTranslationSeed db, ""de-CH"", ""FORM.FRMFWNAVIGATIONADMIN.NEW_GROUP"", ""Neue Gruppe"", ""FORM"", 160"
"EnsureTranslationSeed","modFwSetup","1386","EnsureTranslationSeed db, ""en-US"", ""FORM.FRMFWNAVIGATIONADMIN.NEW_GROUP"", ""New group"", ""FORM"", 160"
"EnsureTranslationSeed","modFwSetup","1387","EnsureTranslationSeed db, ""de-CH"", ""FORM.FRMFWNAVIGATIONADMIN.NEW_ITEM"", ""Neuer Eintrag"", ""FORM"", 170"
"EnsureTranslationSeed","modFwSetup","1388","EnsureTranslationSeed db, ""en-US"", ""FORM.FRMFWNAVIGATIONADMIN.NEW_ITEM"", ""New item"", ""FORM"", 170"
"EnsureTranslationSeed","modFwSetup","1389","EnsureTranslationSeed db, ""de-CH"", ""FORM.FRMFWNAVIGATIONADMIN.DEACTIVATE"", ""Deaktivieren"", ""FORM"", 180"
"EnsureTranslationSeed","modFwSetup","1390","EnsureTranslationSeed db, ""en-US"", ""FORM.FRMFWNAVIGATIONADMIN.DEACTIVATE"", ""Deactivate"", ""FORM"", 180"
"EnsureTranslationSeed","modFwSetup","1391","EnsureTranslationSeed db, ""de-CH"", ""FORM.FRMFWNAVIGATIONADMIN.HIDE"", ""Ausblenden"", ""FORM"", 190"
"EnsureTranslationSeed","modFwSetup","1392","EnsureTranslationSeed db, ""en-US"", ""FORM.FRMFWNAVIGATIONADMIN.HIDE"", ""Hide"", ""FORM"", 190"
"EnsureTranslationSeed","modFwSetup","1393","EnsureTranslationSeed db, ""de-CH"", ""FORM.FRMFWNAVIGATIONADMIN.SHOW"", ""Einblenden"", ""FORM"", 200"
"EnsureTranslationSeed","modFwSetup","1394","EnsureTranslationSeed db, ""en-US"", ""FORM.FRMFWNAVIGATIONADMIN.SHOW"", ""Show"", ""FORM"", 200"
"EnsureTranslationSeed","modFwSetup","1396","EnsureTranslationSeed db, ""de-CH"", ""FORM.FRMARTICLEGROUPLIST.FORM_TITLE"", ""Artikelgruppen"", ""FORM"", 205"
"EnsureTranslationSeed","modFwSetup","1397","EnsureTranslationSeed db, ""en-US"", ""FORM.FRMARTICLEGROUPLIST.FORM_TITLE"", ""Article groups"", ""FORM"", 205"
"EnsureTranslationSeed","modFwSetup","1398","EnsureTranslationSeed db, ""de-CH"", ""FORM.FRMARTICLEGROUPLIST.SEARCH"", ""Suche"", ""FORM"", 206"
"EnsureTranslationSeed","modFwSetup","1399","EnsureTranslationSeed db, ""en-US"", ""FORM.FRMARTICLEGROUPLIST.SEARCH"", ""Search"", ""FORM"", 206"
"EnsureTranslationSeed","modFwSetup","1400","EnsureTranslationSeed db, ""de-CH"", ""FORM.FRMARTICLEGROUPLIST.EDIT"", ""Bearbeiten"", ""FORM"", 207"
"EnsureTranslationSeed","modFwSetup","1401","EnsureTranslationSeed db, ""en-US"", ""FORM.FRMARTICLEGROUPLIST.EDIT"", ""Edit"", ""FORM"", 207"
"EnsureTranslationSeed","modFwSetup","1402","EnsureTranslationSeed db, ""de-CH"", ""FORM.FRMARTICLEGROUPLIST.REFRESH"", ""Aktualisieren"", ""FORM"", 208"
"EnsureTranslationSeed","modFwSetup","1403","EnsureTranslationSeed db, ""en-US"", ""FORM.FRMARTICLEGROUPLIST.REFRESH"", ""Refresh"", ""FORM"", 208"
"EnsureTranslationSeed","modFwSetup","1405","EnsureTranslationSeed db, ""de-CH"", ""FORM.FRMARTICLELIST.FORM_TITLE"", ""Artikel"", ""FORM"", 2081"
"EnsureTranslationSeed","modFwSetup","1406","EnsureTranslationSeed db, ""en-US"", ""FORM.FRMARTICLELIST.FORM_TITLE"", ""Articles"", ""FORM"", 2081"
"EnsureTranslationSeed","modFwSetup","1407","EnsureTranslationSeed db, ""de-CH"", ""FORM.FRMARTICLELIST.SEARCH"", ""Suche"", ""FORM"", 2082"
"EnsureTranslationSeed","modFwSetup","1408","EnsureTranslationSeed db, ""en-US"", ""FORM.FRMARTICLELIST.SEARCH"", ""Search"", ""FORM"", 2082"
"EnsureTranslationSeed","modFwSetup","1409","EnsureTranslationSeed db, ""de-CH"", ""FORM.FRMARTICLELIST.REFRESH"", ""Aktualisieren"", ""FORM"", 2083"
"EnsureTranslationSeed","modFwSetup","1410","EnsureTranslationSeed db, ""en-US"", ""FORM.FRMARTICLELIST.REFRESH"", ""Refresh"", ""FORM"", 2083"
"EnsureTranslationSeed","modFwSetup","1411","EnsureTranslationSeed db, ""de-CH"", ""FORM.FRMARTICLELIST.ARTICLE_NO"", ""Artikel-Nr."", ""FORM"", 2084"
"EnsureTranslationSeed","modFwSetup","1412","EnsureTranslationSeed db, ""en-US"", ""FORM.FRMARTICLELIST.ARTICLE_NO"", ""Article no."", ""FORM"", 2084"
"EnsureTranslationSeed","modFwSetup","1413","EnsureTranslationSeed db, ""de-CH"", ""FORM.FRMARTICLELIST.ARTICLE_NAME"", ""Artikelname"", ""FORM"", 2085"
"EnsureTranslationSeed","modFwSetup","1414","EnsureTranslationSeed db, ""en-US"", ""FORM.FRMARTICLELIST.ARTICLE_NAME"", ""Article name"", ""FORM"", 2085"
"EnsureTranslationSeed","modFwSetup","1415","EnsureTranslationSeed db, ""de-CH"", ""FORM.FRMARTICLELIST.PRODUCT_GROUP"", ""Artikelgruppe"", ""FORM"", 2086"
"EnsureTranslationSeed","modFwSetup","1416","EnsureTranslationSeed db, ""en-US"", ""FORM.FRMARTICLELIST.PRODUCT_GROUP"", ""Product group"", ""FORM"", 2086"
"EnsureTranslationSeed","modFwSetup","1417","EnsureTranslationSeed db, ""de-CH"", ""FORM.FRMARTICLELIST.UNIT_CODE"", ""Einheit"", ""FORM"", 2087"
"EnsureTranslationSeed","modFwSetup","1418","EnsureTranslationSeed db, ""en-US"", ""FORM.FRMARTICLELIST.UNIT_CODE"", ""Unit"", ""FORM"", 2087"
"EnsureTranslationSeed","modFwSetup","1419","EnsureTranslationSeed db, ""de-CH"", ""FORM.FRMARTICLELIST.VAT_CODE"", ""MWST-Code"", ""FORM"", 2088"
"EnsureTranslationSeed","modFwSetup","1420","EnsureTranslationSeed db, ""en-US"", ""FORM.FRMARTICLELIST.VAT_CODE"", ""VAT code"", ""FORM"", 2088"
"EnsureTranslationSeed","modFwSetup","1421","EnsureTranslationSeed db, ""de-CH"", ""FORM.FRMARTICLELIST.SALES_PRICE"", ""Verkaufspreis"", ""FORM"", 2089"
"EnsureTranslationSeed","modFwSetup","1422","EnsureTranslationSeed db, ""en-US"", ""FORM.FRMARTICLELIST.SALES_PRICE"", ""Sales price"", ""FORM"", 2089"
"EnsureTranslationSeed","modFwSetup","1423","EnsureTranslationSeed db, ""de-CH"", ""FORM.FRMARTICLELIST.IS_ACTIVE"", ""Aktiv"", ""FORM"", 2090"
"EnsureTranslationSeed","modFwSetup","1424","EnsureTranslationSeed db, ""en-US"", ""FORM.FRMARTICLELIST.IS_ACTIVE"", ""Active"", ""FORM"", 2090"
"EnsureTranslationSeed","modFwSetup","1426","EnsureTranslationSeed db, ""de-CH"", ""FORM.FRMARTICLEDETAIL.FORM_TITLE"", ""Artikel"", ""FORM"", 2091"
"EnsureTranslationSeed","modFwSetup","1427","EnsureTranslationSeed db, ""en-US"", ""FORM.FRMARTICLEDETAIL.FORM_TITLE"", ""Article"", ""FORM"", 2091"
"EnsureTranslationSeed","modFwSetup","1428","EnsureTranslationSeed db, ""de-CH"", ""FORM.FRMARTICLEDETAIL.ARTICLE_NO"", ""Artikel-Nr."", ""FORM"", 2092"
"EnsureTranslationSeed","modFwSetup","1429","EnsureTranslationSeed db, ""en-US"", ""FORM.FRMARTICLEDETAIL.ARTICLE_NO"", ""Article no."", ""FORM"", 2092"
"EnsureTranslationSeed","modFwSetup","1430","EnsureTranslationSeed db, ""de-CH"", ""FORM.FRMARTICLEDETAIL.ARTICLE_NAME"", ""Artikelname"", ""FORM"", 2093"
"EnsureTranslationSeed","modFwSetup","1431","EnsureTranslationSeed db, ""en-US"", ""FORM.FRMARTICLEDETAIL.ARTICLE_NAME"", ""Article name"", ""FORM"", 2093"
"EnsureTranslationSeed","modFwSetup","1432","EnsureTranslationSeed db, ""de-CH"", ""FORM.FRMARTICLEDETAIL.PRODUCT_GROUP"", ""Artikelgruppe"", ""FORM"", 2094"
"EnsureTranslationSeed","modFwSetup","1433","EnsureTranslationSeed db, ""en-US"", ""FORM.FRMARTICLEDETAIL.PRODUCT_GROUP"", ""Product group"", ""FORM"", 2094"
"EnsureTranslationSeed","modFwSetup","1434","EnsureTranslationSeed db, ""de-CH"", ""FORM.FRMARTICLEDETAIL.ARTICLE_TYPE_CODE"", ""Artikeltyp"", ""FORM"", 2095"
"EnsureTranslationSeed","modFwSetup","1435","EnsureTranslationSeed db, ""en-US"", ""FORM.FRMARTICLEDETAIL.ARTICLE_TYPE_CODE"", ""Article type"", ""FORM"", 2095"
"EnsureTranslationSeed","modFwSetup","1436","EnsureTranslationSeed db, ""de-CH"", ""FORM.FRMARTICLEDETAIL.UNIT_CODE"", ""Einheit"", ""FORM"", 2096"
"EnsureTranslationSeed","modFwSetup","1437","EnsureTranslationSeed db, ""en-US"", ""FORM.FRMARTICLEDETAIL.UNIT_CODE"", ""Unit"", ""FORM"", 2096"
"EnsureTranslationSeed","modFwSetup","1438","EnsureTranslationSeed db, ""de-CH"", ""FORM.FRMARTICLEDETAIL.VAT_CODE"", ""MWST-Code"", ""FORM"", 2097"
"EnsureTranslationSeed","modFwSetup","1439","EnsureTranslationSeed db, ""en-US"", ""FORM.FRMARTICLEDETAIL.VAT_CODE"", ""VAT code"", ""FORM"", 2097"
"EnsureTranslationSeed","modFwSetup","1440","EnsureTranslationSeed db, ""de-CH"", ""FORM.FRMARTICLEDETAIL.PURCHASE_PRICE"", ""Einkaufspreis"", ""FORM"", 2098"
"EnsureTranslationSeed","modFwSetup","1441","EnsureTranslationSeed db, ""en-US"", ""FORM.FRMARTICLEDETAIL.PURCHASE_PRICE"", ""Purchase price"", ""FORM"", 2098"
"EnsureTranslationSeed","modFwSetup","1442","EnsureTranslationSeed db, ""de-CH"", ""FORM.FRMARTICLEDETAIL.SALES_PRICE"", ""Verkaufspreis"", ""FORM"", 2099"
"EnsureTranslationSeed","modFwSetup","1443","EnsureTranslationSeed db, ""en-US"", ""FORM.FRMARTICLEDETAIL.SALES_PRICE"", ""Sales price"", ""FORM"", 2099"
"EnsureTranslationSeed","modFwSetup","1444","EnsureTranslationSeed db, ""de-CH"", ""FORM.FRMARTICLEDETAIL.BARCODE"", ""Barcode"", ""FORM"", 2100"
"EnsureTranslationSeed","modFwSetup","1445","EnsureTranslationSeed db, ""en-US"", ""FORM.FRMARTICLEDETAIL.BARCODE"", ""Barcode"", ""FORM"", 2100"
"EnsureTranslationSeed","modFwSetup","1446","EnsureTranslationSeed db, ""de-CH"", ""FORM.FRMARTICLEDETAIL.DESCRIPTION_TEXT"", ""Beschreibung"", ""FORM"", 2101"
"EnsureTranslationSeed","modFwSetup","1447","EnsureTranslationSeed db, ""en-US"", ""FORM.FRMARTICLEDETAIL.DESCRIPTION_TEXT"", ""Description"", ""FORM"", 2101"
"EnsureTranslationSeed","modFwSetup","1448","EnsureTranslationSeed db, ""de-CH"", ""FORM.FRMARTICLEDETAIL.IS_ACTIVE"", ""Aktiv"", ""FORM"", 2102"
"EnsureTranslationSeed","modFwSetup","1449","EnsureTranslationSeed db, ""en-US"", ""FORM.FRMARTICLEDETAIL.IS_ACTIVE"", ""Active"", ""FORM"", 2102"
"EnsureTranslationSeed","modFwSetup","1450","EnsureTranslationSeed db, ""de-CH"", ""FORM.FRMARTICLEDETAIL.SAVE"", ""Speichern"", ""FORM"", 2103"
"EnsureTranslationSeed","modFwSetup","1451","EnsureTranslationSeed db, ""en-US"", ""FORM.FRMARTICLEDETAIL.SAVE"", ""Save"", ""FORM"", 2103"
"EnsureTranslationSeed","modFwSetup","1452","EnsureTranslationSeed db, ""de-CH"", ""FORM.FRMARTICLEDETAIL.CANCEL"", ""Abbrechen"", ""FORM"", 2104"
"EnsureTranslationSeed","modFwSetup","1453","EnsureTranslationSeed db, ""en-US"", ""FORM.FRMARTICLEDETAIL.CANCEL"", ""Cancel"", ""FORM"", 2104"
"EnsureTranslationSeed","modFwSetup","1455","EnsureTranslationSeed db, ""de-CH"", ""FORM.FRMARTICLEGROUPDETAIL.FORM_TITLE"", ""Artikelgruppe"", ""FORM"", 209"
"EnsureTranslationSeed","modFwSetup","1456","EnsureTranslationSeed db, ""en-US"", ""FORM.FRMARTICLEGROUPDETAIL.FORM_TITLE"", ""Article group"", ""FORM"", 209"
"EnsureTranslationSeed","modFwSetup","1457","EnsureTranslationSeed db, ""de-CH"", ""FORM.FRMARTICLEGROUPDETAIL.PRODUCT_GROUP_CODE"", ""Artikelgruppen-Code"", ""FORM"", 210"
"EnsureTranslationSeed","modFwSetup","1458","EnsureTranslationSeed db, ""en-US"", ""FORM.FRMARTICLEGROUPDETAIL.PRODUCT_GROUP_CODE"", ""Article group code"", ""FORM"", 210"
"EnsureTranslationSeed","modFwSetup","1459","EnsureTranslationSeed db, ""de-CH"", ""FORM.FRMARTICLEGROUPDETAIL.PRODUCT_GROUP_NAME"", ""Artikelgruppen-Name"", ""FORM"", 211"
"EnsureTranslationSeed","modFwSetup","1460","EnsureTranslationSeed db, ""en-US"", ""FORM.FRMARTICLEGROUPDETAIL.PRODUCT_GROUP_NAME"", ""Article group name"", ""FORM"", 211"
"EnsureTranslationSeed","modFwSetup","1461","EnsureTranslationSeed db, ""de-CH"", ""FORM.FRMARTICLEGROUPDETAIL.DESCRIPTION_TEXT"", ""Beschreibung"", ""FORM"", 212"
"EnsureTranslationSeed","modFwSetup","1462","EnsureTranslationSeed db, ""en-US"", ""FORM.FRMARTICLEGROUPDETAIL.DESCRIPTION_TEXT"", ""Description"", ""FORM"", 212"
"EnsureTranslationSeed","modFwSetup","1463","EnsureTranslationSeed db, ""de-CH"", ""FORM.FRMARTICLEGROUPDETAIL.ARTICLE_GROUP_CODE"", ""Artikelgruppen-Code"", ""FORM"", 210"
"EnsureTranslationSeed","modFwSetup","1464","EnsureTranslationSeed db, ""en-US"", ""FORM.FRMARTICLEGROUPDETAIL.ARTICLE_GROUP_CODE"", ""Article group code"", ""FORM"", 210"
"EnsureTranslationSeed","modFwSetup","1465","EnsureTranslationSeed db, ""de-CH"", ""FORM.FRMARTICLEGROUPDETAIL.ARTICLE_GROUP_NAME"", ""Artikelgruppen-Name"", ""FORM"", 211"
"EnsureTranslationSeed","modFwSetup","1466","EnsureTranslationSeed db, ""en-US"", ""FORM.FRMARTICLEGROUPDETAIL.ARTICLE_GROUP_NAME"", ""Article group name"", ""FORM"", 211"
"EnsureTranslationSeed","modFwSetup","1467","EnsureTranslationSeed db, ""de-CH"", ""FORM.FRMARTICLEGROUPDETAIL.DESCRIPTION"", ""Beschreibung"", ""FORM"", 212"
"EnsureTranslationSeed","modFwSetup","1468","EnsureTranslationSeed db, ""en-US"", ""FORM.FRMARTICLEGROUPDETAIL.DESCRIPTION"", ""Description"", ""FORM"", 212"
"EnsureTranslationSeed","modFwSetup","1469","EnsureTranslationSeed db, ""de-CH"", ""FORM.FRMARTICLEGROUPDETAIL.IS_ACTIVE"", ""Aktiv"", ""FORM"", 213"
"EnsureTranslationSeed","modFwSetup","1470","EnsureTranslationSeed db, ""en-US"", ""FORM.FRMARTICLEGROUPDETAIL.IS_ACTIVE"", ""Active"", ""FORM"", 213"
"EnsureTranslationSeed","modFwSetup","1471","EnsureTranslationSeed db, ""de-CH"", ""FORM.FRMARTICLEGROUPDETAIL.SORT_ORDER"", ""Sortierung"", ""FORM"", 214"
"EnsureTranslationSeed","modFwSetup","1472","EnsureTranslationSeed db, ""en-US"", ""FORM.FRMARTICLEGROUPDETAIL.SORT_ORDER"", ""Sort order"", ""FORM"", 214"
"EnsureTranslationSeed","modFwSetup","1473","EnsureTranslationSeed db, ""de-CH"", ""FORM.FRMARTICLEGROUPDETAIL.SAVE"", ""Speichern"", ""FORM"", 215"
"EnsureTranslationSeed","modFwSetup","1474","EnsureTranslationSeed db, ""en-US"", ""FORM.FRMARTICLEGROUPDETAIL.SAVE"", ""Save"", ""FORM"", 215"
"EnsureTranslationSeed","modFwSetup","1475","EnsureTranslationSeed db, ""de-CH"", ""FORM.FRMARTICLEGROUPDETAIL.CANCEL"", ""Abbrechen"", ""FORM"", 216"
"EnsureTranslationSeed","modFwSetup","1476","EnsureTranslationSeed db, ""en-US"", ""FORM.FRMARTICLEGROUPDETAIL.CANCEL"", ""Cancel"", ""FORM"", 216"
"EnsureTranslationSeed","modFwSetup","1478","EnsureTranslationSeed db, ""de-CH"", ""MSG.ARTICLE_GROUP_CODE_REQUIRED"", ""Artikelgruppen-Code ist erforderlich."", ""MSG"", 217"
"EnsureTranslationSeed","modFwSetup","1479","EnsureTranslationSeed db, ""en-US"", ""MSG.ARTICLE_GROUP_CODE_REQUIRED"", ""Article group code is required."", ""MSG"", 217"
"EnsureTranslationSeed","modFwSetup","1480","EnsureTranslationSeed db, ""de-CH"", ""MSG.ARTICLE_GROUP_NAME_REQUIRED"", ""Artikelgruppen-Name ist erforderlich."", ""MSG"", 218"
"EnsureTranslationSeed","modFwSetup","1481","EnsureTranslationSeed db, ""en-US"", ""MSG.ARTICLE_GROUP_NAME_REQUIRED"", ""Article group name is required."", ""MSG"", 218"
"EnsureTranslationSeed","modFwSetup","1482","EnsureTranslationSeed db, ""de-CH"", ""MSG.ARTICLE_GROUP_DUPLICATE_CODE"", ""Artikelgruppen-Code existiert bereits."", ""MSG"", 219"
"EnsureTranslationSeed","modFwSetup","1483","EnsureTranslationSeed db, ""en-US"", ""MSG.ARTICLE_GROUP_DUPLICATE_CODE"", ""Article group code already exists."", ""MSG"", 219"
"EnsureTranslationSeed","modFwSetup","1484","EnsureTranslationSeed db, ""de-CH"", ""MSG.ARTICLE_GROUP_SELECT_FIRST"", ""Bitte zuerst eine Artikelgruppe auswaehlen."", ""MSG"", 221"
"EnsureTranslationSeed","modFwSetup","1485","EnsureTranslationSeed db, ""en-US"", ""MSG.ARTICLE_GROUP_SELECT_FIRST"", ""Please select an article group first."", ""MSG"", 221"
"EnsureTranslationSeed","modFwSetup","1486","EnsureTranslationSeed db, ""de-CH"", ""MSG.ARTICLE_GROUP_DISCARD_CHANGES"", ""Ungespeicherte Aenderungen verwerfen?"", ""MSG"", 222"
"EnsureTranslationSeed","modFwSetup","1487","EnsureTranslationSeed db, ""en-US"", ""MSG.ARTICLE_GROUP_DISCARD_CHANGES"", ""Discard unsaved changes?"", ""MSG"", 222"
"EnsureTranslationSeed","modFwSetup","1488","EnsureTranslationSeed db, ""de-CH"", ""MSG.ARTICLE_GROUP_CANCEL_CONFIRM"", ""Aenderungen verwerfen?"", ""MSG"", 223"
"EnsureTranslationSeed","modFwSetup","1489","EnsureTranslationSeed db, ""en-US"", ""MSG.ARTICLE_GROUP_CANCEL_CONFIRM"", ""Discard changes?"", ""MSG"", 223"
"EnsureTranslationSeed","modFwSetup","1490","EnsureTranslationSeed db, ""de-CH"", ""MSG.ARTICLE_GROUP_SAVE_OR_CANCEL_FIRST"", ""Bitte zuerst speichern oder abbrechen."", ""MSG"", 224"
"EnsureTranslationSeed","modFwSetup","1491","EnsureTranslationSeed db, ""en-US"", ""MSG.ARTICLE_GROUP_SAVE_OR_CANCEL_FIRST"", ""Please save or cancel first."", ""MSG"", 224"
"EnsureTranslationSeed","modFwSetup","1492","EnsureTranslationSeed db, ""de-CH"", ""MSG.ARTICLE_GROUP_LIST_LOAD_ERROR"", ""Fehler beim Laden der Artikelgruppenliste."", ""MSG"", 225"
"EnsureTranslationSeed","modFwSetup","1493","EnsureTranslationSeed db, ""en-US"", ""MSG.ARTICLE_GROUP_LIST_LOAD_ERROR"", ""Error loading the article group list."", ""MSG"", 225"
"EnsureTranslationSeed","modFwSetup","1494","EnsureTranslationSeed db, ""de-CH"", ""MSG.ARTICLE_GROUP_DETAIL_LOAD_ERROR"", ""Fehler beim Laden der Artikelgruppendetails."", ""MSG"", 226"
"EnsureTranslationSeed","modFwSetup","1495","EnsureTranslationSeed db, ""en-US"", ""MSG.ARTICLE_GROUP_DETAIL_LOAD_ERROR"", ""Error loading the article group details."", ""MSG"", 226"
"EnsureTranslationSeed","modFwSetup","1496","EnsureTranslationSeed db, ""de-CH"", ""MSG.ARTICLE_GROUP_SAVE_ERROR"", ""Fehler beim Speichern der Artikelgruppe."", ""MSG"", 227"
"EnsureTranslationSeed","modFwSetup","1497","EnsureTranslationSeed db, ""en-US"", ""MSG.ARTICLE_GROUP_SAVE_ERROR"", ""Error saving the article group."", ""MSG"", 227"
"EnsureTranslationSeed","modFwSetup","1498","EnsureTranslationSeed db, ""de-CH"", ""MSG.ARTICLE_LIST_LOAD_ERROR"", ""Fehler beim Laden der Artikelliste."", ""MSG"", 228"
"EnsureTranslationSeed","modFwSetup","1499","EnsureTranslationSeed db, ""en-US"", ""MSG.ARTICLE_LIST_LOAD_ERROR"", ""Error loading the article list."", ""MSG"", 228"
"EnsureTranslationSeed","modFwSetup","1500","EnsureTranslationSeed db, ""de-CH"", ""MSG.ARTICLE_NO_REQUIRED"", ""Artikel-Nr. ist erforderlich."", ""MSG"", 229"
"EnsureTranslationSeed","modFwSetup","1501","EnsureTranslationSeed db, ""en-US"", ""MSG.ARTICLE_NO_REQUIRED"", ""Article no. is required."", ""MSG"", 229"
"EnsureTranslationSeed","modFwSetup","1502","EnsureTranslationSeed db, ""de-CH"", ""MSG.ARTICLE_NAME_REQUIRED"", ""Artikelname ist erforderlich."", ""MSG"", 230"
"EnsureTranslationSeed","modFwSetup","1503","EnsureTranslationSeed db, ""en-US"", ""MSG.ARTICLE_NAME_REQUIRED"", ""Article name is required."", ""MSG"", 230"
"EnsureTranslationSeed","modFwSetup","1504","EnsureTranslationSeed db, ""de-CH"", ""MSG.ARTICLE_GROUP_REQUIRED"", ""Artikelgruppe ist erforderlich."", ""MSG"", 231"
"EnsureTranslationSeed","modFwSetup","1505","EnsureTranslationSeed db, ""en-US"", ""MSG.ARTICLE_GROUP_REQUIRED"", ""Product group is required."", ""MSG"", 231"
"EnsureTranslationSeed","modFwSetup","1506","EnsureTranslationSeed db, ""de-CH"", ""MSG.ARTICLE_UNIT_REQUIRED"", ""Einheit ist erforderlich."", ""MSG"", 232"
"EnsureTranslationSeed","modFwSetup","1507","EnsureTranslationSeed db, ""en-US"", ""MSG.ARTICLE_UNIT_REQUIRED"", ""Unit is required."", ""MSG"", 232"
"EnsureTranslationSeed","modFwSetup","1508","EnsureTranslationSeed db, ""de-CH"", ""MSG.ARTICLE_VAT_REQUIRED"", ""MWST-Code ist erforderlich."", ""MSG"", 233"
"EnsureTranslationSeed","modFwSetup","1509","EnsureTranslationSeed db, ""en-US"", ""MSG.ARTICLE_VAT_REQUIRED"", ""VAT code is required."", ""MSG"", 233"
"EnsureTranslationSeed","modFwSetup","1510","EnsureTranslationSeed db, ""de-CH"", ""MSG.ARTICLE_SALES_PRICE_REQUIRED"", ""Verkaufspreis ist erforderlich."", ""MSG"", 234"
"EnsureTranslationSeed","modFwSetup","1511","EnsureTranslationSeed db, ""en-US"", ""MSG.ARTICLE_SALES_PRICE_REQUIRED"", ""Sales price is required."", ""MSG"", 234"
"EnsureTranslationSeed","modFwSetup","1512","EnsureTranslationSeed db, ""de-CH"", ""MSG.ARTICLE_DUPLICATE_NO"", ""Artikel-Nr. existiert bereits."", ""MSG"", 235"
"EnsureTranslationSeed","modFwSetup","1513","EnsureTranslationSeed db, ""en-US"", ""MSG.ARTICLE_DUPLICATE_NO"", ""Article no. already exists."", ""MSG"", 235"
"EnsureTranslationSeed","modFwSetup","1514","EnsureTranslationSeed db, ""de-CH"", ""MSG.ARTICLE_SAVE_ERROR"", ""Fehler beim Speichern des Artikels."", ""MSG"", 236"
"EnsureTranslationSeed","modFwSetup","1515","EnsureTranslationSeed db, ""en-US"", ""MSG.ARTICLE_SAVE_ERROR"", ""Error saving the article."", ""MSG"", 236"
"EnsureTranslationSeed","modFwSetup","1516","EnsureTranslationSeed db, ""de-CH"", ""MSG.ARTICLE_CANCEL_CONFIRM"", ""Aenderungen verwerfen?"", ""MSG"", 237"
"EnsureTranslationSeed","modFwSetup","1517","EnsureTranslationSeed db, ""en-US"", ""MSG.ARTICLE_CANCEL_CONFIRM"", ""Discard changes?"", ""MSG"", 237"
"EnsureTranslationSeed","modFwSetup","1519","EnsureTranslationSeed db, ""de-CH"", ""STATUS.READY"", ""Bereit"", ""STATUS"", 238"
"EnsureTranslationSeed","modFwSetup","1520","EnsureTranslationSeed db, ""en-US"", ""STATUS.READY"", ""Ready"", ""STATUS"", 238"
"EnsureTranslationSeed","modFwSetup","1521","EnsureTranslationSeed db, ""fr-CH"", ""STATUS.READY"", ""Pret"", ""STATUS"", 238"
"EnsureTranslationSeed","modFwSetup","1523","EnsureTranslationSeed db, ""de-CH"", ""COMMON.ALL"", ""Alle"", ""COMMON"", 239"
"EnsureTranslationSeed","modFwSetup","1524","EnsureTranslationSeed db, ""en-US"", ""COMMON.ALL"", ""All"", ""COMMON"", 239"
"EnsureTranslationSeed","modFwSetup","1525","EnsureTranslationSeed db, ""fr-CH"", ""COMMON.ALL"", ""Tous"", ""COMMON"", 239"
"EnsureTranslationSeed","modFwSetup","1527","EnsureTranslationSeed db, ""de-CH"", ""NAV.FW_TRANSLATION_AUDIT"", ""Uebersetzungs-Audit"", ""NAVIGATION"", 240"
"EnsureTranslationSeed","modFwSetup","1528","EnsureTranslationSeed db, ""en-US"", ""NAV.FW_TRANSLATION_AUDIT"", ""Translation audit"", ""NAVIGATION"", 240"
"EnsureTranslationSeed","modFwSetup","1529","EnsureTranslationSeed db, ""fr-CH"", ""NAV.FW_TRANSLATION_AUDIT"", ""Audit des traductions"", ""NAVIGATION"", 240"
"EnsureTranslationSeed","modFwSetup","1530","EnsureTranslationSeed db, ""de-CH"", ""FORM.FRMFWTRANSLATIONAUDIT.FORM_TITLE"", ""Uebersetzungs-Audit"", ""FORM"", 241"
"EnsureTranslationSeed","modFwSetup","1531","EnsureTranslationSeed db, ""en-US"", ""FORM.FRMFWTRANSLATIONAUDIT.FORM_TITLE"", ""Translation audit"", ""FORM"", 241"
"EnsureTranslationSeed","modFwSetup","1532","EnsureTranslationSeed db, ""fr-CH"", ""FORM.FRMFWTRANSLATIONAUDIT.FORM_TITLE"", ""Audit des traductions"", ""FORM"", 241"
"EnsureTranslationSeed","modFwSetup","1533","EnsureTranslationSeed db, ""de-CH"", ""FORM.FRMFWTRANSLATIONAUDIT.SCOPE_CODE"", ""Bereich"", ""FORM"", 242"
"EnsureTranslationSeed","modFwSetup","1534","EnsureTranslationSeed db, ""en-US"", ""FORM.FRMFWTRANSLATIONAUDIT.SCOPE_CODE"", ""Scope"", ""FORM"", 242"
"EnsureTranslationSeed","modFwSetup","1535","EnsureTranslationSeed db, ""fr-CH"", ""FORM.FRMFWTRANSLATIONAUDIT.SCOPE_CODE"", ""Portee"", ""FORM"", 242"
"EnsureTranslationSeed","modFwSetup","1536","EnsureTranslationSeed db, ""de-CH"", ""FORM.FRMFWTRANSLATIONAUDIT.LANGUAGE_CODE"", ""Sprache"", ""FORM"", 243"
"EnsureTranslationSeed","modFwSetup","1537","EnsureTranslationSeed db, ""en-US"", ""FORM.FRMFWTRANSLATIONAUDIT.LANGUAGE_CODE"", ""Language"", ""FORM"", 243"
"EnsureTranslationSeed","modFwSetup","1538","EnsureTranslationSeed db, ""fr-CH"", ""FORM.FRMFWTRANSLATIONAUDIT.LANGUAGE_CODE"", ""Langue"", ""FORM"", 243"
"EnsureTranslationSeed","modFwSetup","1539","EnsureTranslationSeed db, ""de-CH"", ""FORM.FRMFWTRANSLATIONAUDIT.AUDIT_STATUS"", ""Audit-Status"", ""FORM"", 244"
"EnsureTranslationSeed","modFwSetup","1540","EnsureTranslationSeed db, ""en-US"", ""FORM.FRMFWTRANSLATIONAUDIT.AUDIT_STATUS"", ""Audit status"", ""FORM"", 244"
"EnsureTranslationSeed","modFwSetup","1541","EnsureTranslationSeed db, ""fr-CH"", ""FORM.FRMFWTRANSLATIONAUDIT.AUDIT_STATUS"", ""Statut d'audit"", ""FORM"", 244"
"EnsureTranslationSeed","modFwSetup","1542","EnsureTranslationSeed db, ""de-CH"", ""FORM.FRMFWTRANSLATIONAUDIT.SEARCH"", ""Suche"", ""FORM"", 245"
"EnsureTranslationSeed","modFwSetup","1543","EnsureTranslationSeed db, ""en-US"", ""FORM.FRMFWTRANSLATIONAUDIT.SEARCH"", ""Search"", ""FORM"", 245"
"EnsureTranslationSeed","modFwSetup","1544","EnsureTranslationSeed db, ""fr-CH"", ""FORM.FRMFWTRANSLATIONAUDIT.SEARCH"", ""Recherche"", ""FORM"", 245"
"EnsureTranslationSeed","modFwSetup","1545","EnsureTranslationSeed db, ""de-CH"", ""FORM.FRMFWTRANSLATIONAUDIT.COVERAGE_SUMMARY"", ""Abdeckungsuebersicht"", ""FORM"", 246"
"EnsureTranslationSeed","modFwSetup","1546","EnsureTranslationSeed db, ""en-US"", ""FORM.FRMFWTRANSLATIONAUDIT.COVERAGE_SUMMARY"", ""Coverage summary"", ""FORM"", 246"
"EnsureTranslationSeed","modFwSetup","1547","EnsureTranslationSeed db, ""fr-CH"", ""FORM.FRMFWTRANSLATIONAUDIT.COVERAGE_SUMMARY"", ""Resume de couverture"", ""FORM"", 246"
"EnsureTranslationSeed","modFwSetup","1548","EnsureTranslationSeed db, ""de-CH"", ""FORM.FRMFWTRANSLATIONAUDIT.REFRESH_AUDIT"", ""Audit pruefen"", ""FORM"", 247"
"EnsureTranslationSeed","modFwSetup","1549","EnsureTranslationSeed db, ""en-US"", ""FORM.FRMFWTRANSLATIONAUDIT.REFRESH_AUDIT"", ""Run audit"", ""FORM"", 247"
"EnsureTranslationSeed","modFwSetup","1550","EnsureTranslationSeed db, ""fr-CH"", ""FORM.FRMFWTRANSLATIONAUDIT.REFRESH_AUDIT"", ""Verifier l'audit"", ""FORM"", 247"
"EnsureTranslationSeed","modFwSetup","1551","EnsureTranslationSeed db, ""de-CH"", ""FORM.FRMFWTRANSLATIONAUDIT.CREATE_MISSING_ROWS"", ""Fehlende Eintraege erzeugen"", ""FORM"", 248"
"EnsureTranslationSeed","modFwSetup","1552","EnsureTranslationSeed db, ""en-US"", ""FORM.FRMFWTRANSLATIONAUDIT.CREATE_MISSING_ROWS"", ""Create missing rows"", ""FORM"", 248"
"EnsureTranslationSeed","modFwSetup","1553","EnsureTranslationSeed db, ""fr-CH"", ""FORM.FRMFWTRANSLATIONAUDIT.CREATE_MISSING_ROWS"", ""Creer les lignes manquantes"", ""FORM"", 248"
"EnsureTranslationSeed","modFwSetup","1554","EnsureTranslationSeed db, ""de-CH"", ""FORM.FRMFWTRANSLATIONAUDIT.OPEN_TRANSLATION"", ""Uebersetzung oeffnen"", ""FORM"", 249"
"EnsureTranslationSeed","modFwSetup","1555","EnsureTranslationSeed db, ""en-US"", ""FORM.FRMFWTRANSLATIONAUDIT.OPEN_TRANSLATION"", ""Open translation"", ""FORM"", 249"
"EnsureTranslationSeed","modFwSetup","1556","EnsureTranslationSeed db, ""fr-CH"", ""FORM.FRMFWTRANSLATIONAUDIT.OPEN_TRANSLATION"", ""Ouvrir la traduction"", ""FORM"", 249"
"EnsureTranslationSeed","modFwSetup","1557","EnsureTranslationSeed db, ""de-CH"", ""FORM.FRMFWTRANSLATIONAUDIT.CLEAR_FILTERS"", ""Filter loeschen"", ""FORM"", 250"
"EnsureTranslationSeed","modFwSetup","1558","EnsureTranslationSeed db, ""en-US"", ""FORM.FRMFWTRANSLATIONAUDIT.CLEAR_FILTERS"", ""Clear filters"", ""FORM"", 250"
"EnsureTranslationSeed","modFwSetup","1559","EnsureTranslationSeed db, ""fr-CH"", ""FORM.FRMFWTRANSLATIONAUDIT.CLEAR_FILTERS"", ""Effacer les filtres"", ""FORM"", 250"
"EnsureTranslationSeed","modFwSetup","1561","EnsureTranslationSeed db, ""de-CH"", ""MSG.FW_TRANSLATION_AUDIT_LOAD_ERROR"", ""Fehler beim Laden des Uebersetzungs-Audits."", ""MSG"", 251"
"EnsureTranslationSeed","modFwSetup","1562","EnsureTranslationSeed db, ""en-US"", ""MSG.FW_TRANSLATION_AUDIT_LOAD_ERROR"", ""Error loading the translation audit."", ""MSG"", 251"
"EnsureTranslationSeed","modFwSetup","1563","EnsureTranslationSeed db, ""fr-CH"", ""MSG.FW_TRANSLATION_AUDIT_LOAD_ERROR"", ""Erreur lors du chargement de l'audit des traductions."", ""MSG"", 251"
"EnsureTranslationSeed","modFwSetup","1564","EnsureTranslationSeed db, ""de-CH"", ""MSG.FW_TRANSLATION_AUDIT_REFRESH_ERROR"", ""Fehler beim Aktualisieren des Uebersetzungs-Audits."", ""MSG"", 252"
"EnsureTranslationSeed","modFwSetup","1565","EnsureTranslationSeed db, ""en-US"", ""MSG.FW_TRANSLATION_AUDIT_REFRESH_ERROR"", ""Error refreshing the translation audit."", ""MSG"", 252"
"EnsureTranslationSeed","modFwSetup","1566","EnsureTranslationSeed db, ""fr-CH"", ""MSG.FW_TRANSLATION_AUDIT_REFRESH_ERROR"", ""Erreur lors de l'actualisation de l'audit des traductions."", ""MSG"", 252"
"EnsureTranslationSeed","modFwSetup","1567","EnsureTranslationSeed db, ""de-CH"", ""MSG.FW_TRANSLATION_AUDIT_CREATE_MISSING_ERROR"", ""Fehler beim Erzeugen fehlender Uebersetzungseintraege."", ""MSG"", 253"
"EnsureTranslationSeed","modFwSetup","1568","EnsureTranslationSeed db, ""en-US"", ""MSG.FW_TRANSLATION_AUDIT_CREATE_MISSING_ERROR"", ""Error creating missing translation rows."", ""MSG"", 253"
"EnsureTranslationSeed","modFwSetup","1569","EnsureTranslationSeed db, ""fr-CH"", ""MSG.FW_TRANSLATION_AUDIT_CREATE_MISSING_ERROR"", ""Erreur lors de la creation des lignes de traduction manquantes."", ""MSG"", 253"
"EnsureTranslationSeed","modFwSetup","1570","EnsureTranslationSeed db, ""de-CH"", ""MSG.FW_TRANSLATION_AUDIT_OPEN_ERROR"", ""Fehler beim Oeffnen der Uebersetzung."", ""MSG"", 254"
"EnsureTranslationSeed","modFwSetup","1571","EnsureTranslationSeed db, ""en-US"", ""MSG.FW_TRANSLATION_AUDIT_OPEN_ERROR"", ""Error opening the translation."", ""MSG"", 254"
"EnsureTranslationSeed","modFwSetup","1572","EnsureTranslationSeed db, ""fr-CH"", ""MSG.FW_TRANSLATION_AUDIT_OPEN_ERROR"", ""Erreur lors de l'ouverture de la traduction."", ""MSG"", 254"
"EnsureTranslationSeed","modFwSetup","1573","EnsureTranslationSeed db, ""de-CH"", ""MSG.FW_TRANSLATION_AUDIT_SELECT_FIRST"", ""Bitte zuerst einen Uebersetzungseintrag auswaehlen."", ""MSG"", 255"
"EnsureTranslationSeed","modFwSetup","1574","EnsureTranslationSeed db, ""en-US"", ""MSG.FW_TRANSLATION_AUDIT_SELECT_FIRST"", ""Please select a translation entry first."", ""MSG"", 255"
"EnsureTranslationSeed","modFwSetup","1575","EnsureTranslationSeed db, ""fr-CH"", ""MSG.FW_TRANSLATION_AUDIT_SELECT_FIRST"", ""Veuillez d'abord selectionner une entree de traduction."", ""MSG"", 255"
"EnsureTranslationSeed","modFwSetup","1577","EnsureTranslationSeed db, ""de-CH"", ""FORM.FRMFWTRANSLATIONEDIT.FORM_TITLE"", ""Uebersetzung bearbeiten"", ""FORM"", 256"
"EnsureTranslationSeed","modFwSetup","1578","EnsureTranslationSeed db, ""en-US"", ""FORM.FRMFWTRANSLATIONEDIT.FORM_TITLE"", ""Edit translation"", ""FORM"", 256"
"EnsureTranslationSeed","modFwSetup","1579","EnsureTranslationSeed db, ""fr-CH"", ""FORM.FRMFWTRANSLATIONEDIT.FORM_TITLE"", ""Modifier la traduction"", ""FORM"", 256"
"EnsureTranslationSeed","modFwSetup","1580","EnsureTranslationSeed db, ""de-CH"", ""FORM.FRMFWTRANSLATIONEDIT.TRANSLATION_KEY"", ""Uebersetzungsschluessel"", ""FORM"", 257"
"EnsureTranslationSeed","modFwSetup","1581","EnsureTranslationSeed db, ""en-US"", ""FORM.FRMFWTRANSLATIONEDIT.TRANSLATION_KEY"", ""Translation key"", ""FORM"", 257"
"EnsureTranslationSeed","modFwSetup","1582","EnsureTranslationSeed db, ""fr-CH"", ""FORM.FRMFWTRANSLATIONEDIT.TRANSLATION_KEY"", ""Cle de traduction"", ""FORM"", 257"
"EnsureTranslationSeed","modFwSetup","1583","EnsureTranslationSeed db, ""de-CH"", ""FORM.FRMFWTRANSLATIONEDIT.SCOPE_CODE"", ""Bereich"", ""FORM"", 258"
"EnsureTranslationSeed","modFwSetup","1584","EnsureTranslationSeed db, ""en-US"", ""FORM.FRMFWTRANSLATIONEDIT.SCOPE_CODE"", ""Scope"", ""FORM"", 258"
"EnsureTranslationSeed","modFwSetup","1585","EnsureTranslationSeed db, ""fr-CH"", ""FORM.FRMFWTRANSLATIONEDIT.SCOPE_CODE"", ""Portee"", ""FORM"", 258"
"EnsureTranslationSeed","modFwSetup","1586","EnsureTranslationSeed db, ""de-CH"", ""FORM.FRMFWTRANSLATIONEDIT.AUDIT_STATUS"", ""Audit-Status"", ""FORM"", 259"
"EnsureTranslationSeed","modFwSetup","1587","EnsureTranslationSeed db, ""en-US"", ""FORM.FRMFWTRANSLATIONEDIT.AUDIT_STATUS"", ""Audit status"", ""FORM"", 259"
"EnsureTranslationSeed","modFwSetup","1588","EnsureTranslationSeed db, ""fr-CH"", ""FORM.FRMFWTRANSLATIONEDIT.AUDIT_STATUS"", ""Statut d'audit"", ""FORM"", 259"
"EnsureTranslationSeed","modFwSetup","1589","EnsureTranslationSeed db, ""de-CH"", ""FORM.FRMFWTRANSLATIONEDIT.SOURCE_TYPE"", ""Quelltyp"", ""FORM"", 260"
"EnsureTranslationSeed","modFwSetup","1590","EnsureTranslationSeed db, ""en-US"", ""FORM.FRMFWTRANSLATIONEDIT.SOURCE_TYPE"", ""Source type"", ""FORM"", 260"
"EnsureTranslationSeed","modFwSetup","1591","EnsureTranslationSeed db, ""fr-CH"", ""FORM.FRMFWTRANSLATIONEDIT.SOURCE_TYPE"", ""Type de source"", ""FORM"", 260"
"EnsureTranslationSeed","modFwSetup","1592","EnsureTranslationSeed db, ""de-CH"", ""FORM.FRMFWTRANSLATIONEDIT.SOURCE_OBJECT"", ""Quellobjekt"", ""FORM"", 261"
"EnsureTranslationSeed","modFwSetup","1593","EnsureTranslationSeed db, ""en-US"", ""FORM.FRMFWTRANSLATIONEDIT.SOURCE_OBJECT"", ""Source object"", ""FORM"", 261"
"EnsureTranslationSeed","modFwSetup","1594","EnsureTranslationSeed db, ""fr-CH"", ""FORM.FRMFWTRANSLATIONEDIT.SOURCE_OBJECT"", ""Objet source"", ""FORM"", 261"
"EnsureTranslationSeed","modFwSetup","1595","EnsureTranslationSeed db, ""de-CH"", ""FORM.FRMFWTRANSLATIONEDIT.SOURCE_CONTROL"", ""Quellsteuerelement"", ""FORM"", 262"
"EnsureTranslationSeed","modFwSetup","1596","EnsureTranslationSeed db, ""en-US"", ""FORM.FRMFWTRANSLATIONEDIT.SOURCE_CONTROL"", ""Source control"", ""FORM"", 262"
"EnsureTranslationSeed","modFwSetup","1597","EnsureTranslationSeed db, ""fr-CH"", ""FORM.FRMFWTRANSLATIONEDIT.SOURCE_CONTROL"", ""Controle source"", ""FORM"", 262"
"EnsureTranslationSeed","modFwSetup","1598","EnsureTranslationSeed db, ""de-CH"", ""FORM.FRMFWTRANSLATIONEDIT.FALLBACK_TEXT"", ""Fallback-Text"", ""FORM"", 263"
"EnsureTranslationSeed","modFwSetup","1599","EnsureTranslationSeed db, ""en-US"", ""FORM.FRMFWTRANSLATIONEDIT.FALLBACK_TEXT"", ""Fallback text"", ""FORM"", 263"
"EnsureTranslationSeed","modFwSetup","1600","EnsureTranslationSeed db, ""fr-CH"", ""FORM.FRMFWTRANSLATIONEDIT.FALLBACK_TEXT"", ""Texte de secours"", ""FORM"", 263"
"EnsureTranslationSeed","modFwSetup","1601","EnsureTranslationSeed db, ""de-CH"", ""FORM.FRMFWTRANSLATIONEDIT.DE_CH"", ""Deutsch (Schweiz)"", ""FORM"", 264"
"EnsureTranslationSeed","modFwSetup","1602","EnsureTranslationSeed db, ""en-US"", ""FORM.FRMFWTRANSLATIONEDIT.DE_CH"", ""German (Switzerland)"", ""FORM"", 264"
"EnsureTranslationSeed","modFwSetup","1603","EnsureTranslationSeed db, ""fr-CH"", ""FORM.FRMFWTRANSLATIONEDIT.DE_CH"", ""Allemand (Suisse)"", ""FORM"", 264"
"EnsureTranslationSeed","modFwSetup","1604","EnsureTranslationSeed db, ""de-CH"", ""FORM.FRMFWTRANSLATIONEDIT.EN_US"", ""Englisch (USA)"", ""FORM"", 265"
"EnsureTranslationSeed","modFwSetup","1605","EnsureTranslationSeed db, ""en-US"", ""FORM.FRMFWTRANSLATIONEDIT.EN_US"", ""English (US)"", ""FORM"", 265"
"EnsureTranslationSeed","modFwSetup","1606","EnsureTranslationSeed db, ""fr-CH"", ""FORM.FRMFWTRANSLATIONEDIT.EN_US"", ""Anglais (Etats-Unis)"", ""FORM"", 265"
"EnsureTranslationSeed","modFwSetup","1607","EnsureTranslationSeed db, ""de-CH"", ""FORM.FRMFWTRANSLATIONEDIT.FR_FR"", ""Franzoesisch (Schweiz)"", ""FORM"", 266"
"EnsureTranslationSeed","modFwSetup","1608","EnsureTranslationSeed db, ""en-US"", ""FORM.FRMFWTRANSLATIONEDIT.FR_FR"", ""French (Switzerland)"", ""FORM"", 266"
"EnsureTranslationSeed","modFwSetup","1609","EnsureTranslationSeed db, ""fr-CH"", ""FORM.FRMFWTRANSLATIONEDIT.FR_FR"", ""Francais (Suisse)"", ""FORM"", 266"
"EnsureTranslationSeed","modFwSetup","1610","EnsureTranslationSeed db, ""de-CH"", ""FORM.FRMFWTRANSLATIONEDIT.SAVE"", ""Speichern"", ""FORM"", 267"
"EnsureTranslationSeed","modFwSetup","1611","EnsureTranslationSeed db, ""en-US"", ""FORM.FRMFWTRANSLATIONEDIT.SAVE"", ""Save"", ""FORM"", 267"
"EnsureTranslationSeed","modFwSetup","1612","EnsureTranslationSeed db, ""fr-CH"", ""FORM.FRMFWTRANSLATIONEDIT.SAVE"", ""Enregistrer"", ""FORM"", 267"
"EnsureTranslationSeed","modFwSetup","1613","EnsureTranslationSeed db, ""de-CH"", ""FORM.FRMFWTRANSLATIONEDIT.CANCEL"", ""Abbrechen"", ""FORM"", 268"
"EnsureTranslationSeed","modFwSetup","1614","EnsureTranslationSeed db, ""en-US"", ""FORM.FRMFWTRANSLATIONEDIT.CANCEL"", ""Cancel"", ""FORM"", 268"
"EnsureTranslationSeed","modFwSetup","1615","EnsureTranslationSeed db, ""fr-CH"", ""FORM.FRMFWTRANSLATIONEDIT.CANCEL"", ""Annuler"", ""FORM"", 268"
"EnsureTranslationSeed","modFwSetup","1616","EnsureTranslationSeed db, ""de-CH"", ""FORM.FRMFWTRANSLATIONEDIT.DEEPL_SUGGESTION"", ""DeepL Vorschlag"", ""FORM"", 269"
"EnsureTranslationSeed","modFwSetup","1617","EnsureTranslationSeed db, ""en-US"", ""FORM.FRMFWTRANSLATIONEDIT.DEEPL_SUGGESTION"", ""DeepL suggestion"", ""FORM"", 269"
"EnsureTranslationSeed","modFwSetup","1618","EnsureTranslationSeed db, ""fr-CH"", ""FORM.FRMFWTRANSLATIONEDIT.DEEPL_SUGGESTION"", ""Suggestion DeepL"", ""FORM"", 269"
"EnsureTranslationSeed","modFwSetup","1619","EnsureTranslationSeed db, ""de-CH"", ""FORM.FRMFWTRANSLATIONEDIT.SOURCE_LANGUAGE"", ""Ausgangssprache"", ""FORM"", 270"
"EnsureTranslationSeed","modFwSetup","1620","EnsureTranslationSeed db, ""en-US"", ""FORM.FRMFWTRANSLATIONEDIT.SOURCE_LANGUAGE"", ""Source language"", ""FORM"", 270"
"EnsureTranslationSeed","modFwSetup","1621","EnsureTranslationSeed db, ""fr-CH"", ""FORM.FRMFWTRANSLATIONEDIT.SOURCE_LANGUAGE"", ""Langue source"", ""FORM"", 270"
"EnsureTranslationSeed","modFwSetup","1623","EnsureTranslationSeed db, ""de-CH"", ""MSG.TRANSLATION_KEY_REQUIRED"", ""Uebersetzungsschluessel ist erforderlich."", ""MSG"", 270"
"EnsureTranslationSeed","modFwSetup","1624","EnsureTranslationSeed db, ""en-US"", ""MSG.TRANSLATION_KEY_REQUIRED"", ""Translation key is required."", ""MSG"", 270"
"EnsureTranslationSeed","modFwSetup","1625","EnsureTranslationSeed db, ""fr-CH"", ""MSG.TRANSLATION_KEY_REQUIRED"", ""La cle de traduction est obligatoire."", ""MSG"", 270"
"EnsureTranslationSeed","modFwSetup","1626","EnsureTranslationSeed db, ""de-CH"", ""MSG.TRANSLATION_EDIT_LOAD_ERROR"", ""Fehler beim Laden der Uebersetzung."", ""MSG"", 271"
"EnsureTranslationSeed","modFwSetup","1627","EnsureTranslationSeed db, ""en-US"", ""MSG.TRANSLATION_EDIT_LOAD_ERROR"", ""Error loading the translation."", ""MSG"", 271"
"EnsureTranslationSeed","modFwSetup","1628","EnsureTranslationSeed db, ""fr-CH"", ""MSG.TRANSLATION_EDIT_LOAD_ERROR"", ""Erreur lors du chargement de la traduction."", ""MSG"", 271"
"EnsureTranslationSeed","modFwSetup","1629","EnsureTranslationSeed db, ""de-CH"", ""MSG.TRANSLATION_EDIT_SAVE_ERROR"", ""Fehler beim Speichern der Uebersetzung."", ""MSG"", 272"
"EnsureTranslationSeed","modFwSetup","1630","EnsureTranslationSeed db, ""en-US"", ""MSG.TRANSLATION_EDIT_SAVE_ERROR"", ""Error saving the translation."", ""MSG"", 272"
"EnsureTranslationSeed","modFwSetup","1631","EnsureTranslationSeed db, ""fr-CH"", ""MSG.TRANSLATION_EDIT_SAVE_ERROR"", ""Erreur lors de l'enregistrement de la traduction."", ""MSG"", 272"
"EnsureTranslationSeed","modFwSetup","1632","EnsureTranslationSeed db, ""de-CH"", ""MSG.TRANSLATION_EDIT_CANCEL_CONFIRM"", ""Ungespeicherte Aenderungen verwerfen?"", ""MSG"", 273"
"EnsureTranslationSeed","modFwSetup","1633","EnsureTranslationSeed db, ""en-US"", ""MSG.TRANSLATION_EDIT_CANCEL_CONFIRM"", ""Discard unsaved changes?"", ""MSG"", 273"
"EnsureTranslationSeed","modFwSetup","1634","EnsureTranslationSeed db, ""fr-CH"", ""MSG.TRANSLATION_EDIT_CANCEL_CONFIRM"", ""Ignorer les modifications non enregistrees ?"", ""MSG"", 273"
"EnsureTranslationSeed","modFwSetup","1635","EnsureTranslationSeed db, ""de-CH"", ""MSG.DEEPL_API_KEY_MISSING"", ""DeepL API-Schluessel ist nicht konfiguriert."", ""MSG"", 274"
"EnsureTranslationSeed","modFwSetup","1636","EnsureTranslationSeed db, ""en-US"", ""MSG.DEEPL_API_KEY_MISSING"", ""DeepL API key is not configured."", ""MSG"", 274"
"EnsureTranslationSeed","modFwSetup","1637","EnsureTranslationSeed db, ""fr-CH"", ""MSG.DEEPL_API_KEY_MISSING"", ""La cle API DeepL n'est pas configuree."", ""MSG"", 274"
"EnsureTranslationSeed","modFwSetup","1638","EnsureTranslationSeed db, ""de-CH"", ""MSG.TRANSLATION_EDIT_DEEPL_ERROR"", ""Fehler beim Abrufen der DeepL-Vorschlaege."", ""MSG"", 275"
"EnsureTranslationSeed","modFwSetup","1639","EnsureTranslationSeed db, ""en-US"", ""MSG.TRANSLATION_EDIT_DEEPL_ERROR"", ""Error retrieving DeepL suggestions."", ""MSG"", 275"
"EnsureTranslationSeed","modFwSetup","1640","EnsureTranslationSeed db, ""fr-CH"", ""MSG.TRANSLATION_EDIT_DEEPL_ERROR"", ""Erreur lors de la recuperation des suggestions DeepL."", ""MSG"", 275"
"EnsureTranslationSeed","modFwSetup","1641","EnsureTranslationSeed db, ""de-CH"", ""MSG.TRANSLATION_EDIT_DEEPL_SOURCE_REQUIRED"", ""Bitte zuerst einen Text in der Ausgangssprache erfassen."", ""MSG"", 276"
"EnsureTranslationSeed","modFwSetup","1642","EnsureTranslationSeed db, ""en-US"", ""MSG.TRANSLATION_EDIT_DEEPL_SOURCE_REQUIRED"", ""Please enter a text in the source language first."", ""MSG"", 276"
"EnsureTranslationSeed","modFwSetup","1643","EnsureTranslationSeed db, ""fr-CH"", ""MSG.TRANSLATION_EDIT_DEEPL_SOURCE_REQUIRED"", ""Veuillez d'abord saisir un texte dans la langue source."", ""MSG"", 276"
"EnsureTranslationSeed","modFwSetup","1644","EnsureTranslationSeed db, ""de-CH"", ""MSG.TRANSLATION_EDIT_DEEPL_OVERWRITE_CONFIRM"", ""Bestehende Zieltexte mit DeepL-Vorschlaegen ersetzen?"", ""MSG"", 277"
"EnsureTranslationSeed","modFwSetup","1645","EnsureTranslationSeed db, ""en-US"", ""MSG.TRANSLATION_EDIT_DEEPL_OVERWRITE_CONFIRM"", ""Replace existing target texts with DeepL suggestions?"", ""MSG"", 277"
"EnsureTranslationSeed","modFwSetup","1646","EnsureTranslationSeed db, ""fr-CH"", ""MSG.TRANSLATION_EDIT_DEEPL_OVERWRITE_CONFIRM"", ""Remplacer les textes cibles existants par des suggestions DeepL ?"", ""MSG"", 277"
"NormalizeSeedLanguageCode","modFwSetup","1658","languageCode = NormalizeSeedLanguageCode(languageCode)"
"TranslationSeedExists","modFwSetup","1660","If Not TranslationSeedExists(db, languageCode, translationKey) Then"
"InsertTranslation","modFwSetup","1661","InsertTranslation db, languageCode, translationKey, TranslationValue, True, moduleCode, sortOrder"
"NormalizeSeedLanguageCode","modFwSetup","1676","languageCode = NormalizeSeedLanguageCode(languageCode)"
"SqlText","modFwSetup","1679","""translation_value = "" & SqlText(TranslationValue) & "", "" & _"
"SqlNullableText","modFwSetup","1681","""module_code = "" & SqlNullableText(moduleCode) & "", "" & _"
"SqlText","modFwSetup","1685","""WHERE language_code = "" & SqlText(languageCode) & "" "" & _"
"SqlText","modFwSetup","1686","""AND translation_key = "" & SqlText(translationKey) & "";"""
"NormalizeSeedLanguageCode","modFwSetup","1700","languageCode = NormalizeSeedLanguageCode(languageCode)"
"SqlText","modFwSetup","1704","""WHERE language_code = "" & SqlText(languageCode) & "" "" & _"
"SqlText","modFwSetup","1705","""AND translation_key = "" & SqlText(translationKey) & "";"""
"TranslationSeedExists","modFwSetup","1708","TranslationSeedExists = Not (rs.BOF And rs.EOF)"
"TranslationSeedExists","modFwSetup","1717","TranslationSeedExists = False"
"NormalizeProjectLanguageCode","modFwSetup","1721","NormalizeSeedLanguageCode = Trim$(modFwTranslationRuntime.NormalizeProjectLanguageCode(languageCode))"
"NormalizeSeedLanguageCode","modFwSetup","1721","NormalizeSeedLanguageCode = Trim$(modFwTranslationRuntime.NormalizeProjectLanguageCode(languageCode))"
"NormalizeFwTranslationLanguageCodes","modFwSetup","1735","NormalizeFwTranslationLanguageCodes db"
"NormalizeLanguageCodesForTable","modFwSetup","1736","NormalizeLanguageCodesForTable db, ""adr_address"", ""language_code"", Array(""address_id"")"
"NormalizeLanguageCodesForTable","modFwSetup","1737","NormalizeLanguageCodesForTable db, ""ten_payment_term"", ""language_code"", Array(""payment_term_id"")"
"NormalizeLanguageCodesForTable","modFwSetup","1738","NormalizeLanguageCodesForTable db, ""ref_language"", ""language_code"", Array()"
"EnsureSystemLanguageReferenceSchema","modFwSetup","1740","If Not modBasicModuleSchema.EnsureSystemLanguageReferenceSchema() Then"
"LogWarning","modFwSetup","1741","modLoggingHandler.LogWarning MODULE_NAME & "".NormalizeLanguageCodeData"", _"
"NormalizeLanguageCodeData","modFwSetup","1741","modLoggingHandler.LogWarning MODULE_NAME & "".NormalizeLanguageCodeData"", _"
"LogInfo","modFwSetup","1747","modLoggingHandler.LogInfo MODULE_NAME & "".NormalizeLanguageCodeData"", _"
"NormalizeLanguageCodeData","modFwSetup","1747","modLoggingHandler.LogInfo MODULE_NAME & "".NormalizeLanguageCodeData"", _"
"HandleError","modFwSetup","1756","modErrorHandler.HandleError MODULE_NAME, ""NormalizeLanguageCodeData"", Err"
"NormalizeLanguageCodeData","modFwSetup","1756","modErrorHandler.HandleError MODULE_NAME, ""NormalizeLanguageCodeData"", Err"
"TableExists","modFwSetup","1778","If Not TableExists(db, tableName) Then"
"FieldExists","modFwSetup","1782","If Not FieldExists(db, tableName, languageFieldName) Then"
"NzString","modFwSetup","1789","sourceLanguageCode = Trim$(modDaoHelper.NzString(rs.Fields(languageFieldName).Value))"
"NormalizeSeedLanguageCode","modFwSetup","1790","targetLanguageCode = NormalizeSeedLanguageCode(sourceLanguageCode)"
"LogInfo","modFwSetup","1812","modLoggingHandler.LogInfo MODULE_NAME & "".NormalizeLanguageCodesForTable"", _"
"NormalizeLanguageCodesForTable","modFwSetup","1812","modLoggingHandler.LogInfo MODULE_NAME & "".NormalizeLanguageCodesForTable"", _"
"HandleError","modFwSetup","1822","modErrorHandler.HandleError MODULE_NAME, ""NormalizeLanguageCodesForTable"", Err"
"NormalizeLanguageCodesForTable","modFwSetup","1822","modErrorHandler.HandleError MODULE_NAME, ""NormalizeLanguageCodesForTable"", Err"
"TableExists","modFwSetup","1843","If Not TableExists(db, ""fw_translation"") Then"
"FieldExists","modFwSetup","1847","If Not FieldExists(db, ""fw_translation"", ""translation_id"") Then"
"FieldExists","modFwSetup","1851","If Not FieldExists(db, ""fw_translation"", ""translation_key"") Then"
"FieldExists","modFwSetup","1855","If Not FieldExists(db, ""fw_translation"", ""language_code"") Then"
"NzString","modFwSetup","1868","translationKey = modDaoHelper.NzString(rs.Fields(""translation_key"").Value)"
"NzLong","modFwSetup","1877","rowData(""translation_id"") = modDaoHelper.NzLong(rs.Fields(""translation_id"").Value, 0)"
"NzString","modFwSetup","1879","rowData(""language_code"") = modDaoHelper.NzString(rs.Fields(""language_code"").Value)"
"MapFwTranslationLanguageCode","modFwSetup","1880","rowData(""target_language_code"") = MapFwTranslationLanguageCode(CStr(rowData(""language_code"")))"
"NormalizeFwTranslationGroup","modFwSetup","1889","NormalizeFwTranslationGroup db, groupRows, updatedCount, deletedDuplicateCount, unchangedCount, unresolvedConflictCount"
"LogInfo","modFwSetup","1892","modLoggingHandler.LogInfo MODULE_NAME & "".NormalizeFwTranslationLanguageCodes"", _"
"NormalizeFwTranslationLanguageCodes","modFwSetup","1892","modLoggingHandler.LogInfo MODULE_NAME & "".NormalizeFwTranslationLanguageCodes"", _"
"HandleError","modFwSetup","1897","modErrorHandler.HandleError MODULE_NAME, ""NormalizeFwTranslationLanguageCodes"", Err"
"NormalizeFwTranslationLanguageCodes","modFwSetup","1897","modErrorHandler.HandleError MODULE_NAME, ""NormalizeFwTranslationLanguageCodes"", Err"
"GetSupportedTranslationLanguages","modFwSetup","1921","For Each targetLanguageCode In modFwTranslationRuntime.GetSupportedTranslationLanguages()"
"CollectFwTranslationCandidates","modFwSetup","1922","Set candidates = CollectFwTranslationCandidates(groupRows, CStr(targetLanguageCode))"
"CountFwTranslationCanonicalRows","modFwSetup","1925","canonicalRowCount = CountFwTranslationCanonicalRows(candidates, CStr(targetLanguageCode))"
"LogWarning","modFwSetup","1929","modLoggingHandler.LogWarning MODULE_NAME & "".NormalizeFwTranslationGroup"", _"
"NormalizeFwTranslationGroup","modFwSetup","1929","modLoggingHandler.LogWarning MODULE_NAME & "".NormalizeFwTranslationGroup"", _"
"SelectFwTranslationKeeper","modFwSetup","1932","Set keeperRow = SelectFwTranslationKeeper(candidates, CStr(targetLanguageCode))"
"UpdateFwTranslationLanguageCode","modFwSetup","1940","UpdateFwTranslationLanguageCode db, CLng(keeperRow(""translation_id"")), CStr(targetLanguageCode)"
"LogWarning","modFwSetup","1950","modLoggingHandler.LogWarning MODULE_NAME & "".NormalizeFwTranslationGroup"", _"
"NormalizeFwTranslationGroup","modFwSetup","1950","modLoggingHandler.LogWarning MODULE_NAME & "".NormalizeFwTranslationGroup"", _"
"DeleteFwTranslationRow","modFwSetup","1953","DeleteFwTranslationRow db, CLng(candidateRow(""translation_id""))"
"HandleError","modFwSetup","1966","modErrorHandler.HandleError MODULE_NAME, ""NormalizeFwTranslationGroup"", Err"
"NormalizeFwTranslationGroup","modFwSetup","1966","modErrorHandler.HandleError MODULE_NAME, ""NormalizeFwTranslationGroup"", Err"
"GetFwTranslationLanguagePriority","modFwSetup","1980","rowData(""priority"") = GetFwTranslationLanguagePriority(CStr(rowData(""language_code"")), targetLanguageCode)"
"CollectFwTranslationCandidates","modFwSetup","1985","Set CollectFwTranslationCandidates = candidates"
"CountFwTranslationCanonicalRows","modFwSetup","1996","CountFwTranslationCanonicalRows = CountFwTranslationCanonicalRows + 1"
"SelectFwTranslationKeeper","modFwSetup","2028","Set SelectFwTranslationKeeper = keeperRow"
"NzString","modFwSetup","2034","comparableLanguageCode = UCase$(Replace(Trim$(modDaoHelper.NzString(languageCode)), ""_"", ""-""))"
"MapFwTranslationLanguageCode","modFwSetup","2038","MapFwTranslationLanguageCode = ""de-CH"""
"MapFwTranslationLanguageCode","modFwSetup","2040","MapFwTranslationLanguageCode = ""en-US"""
"MapFwTranslationLanguageCode","modFwSetup","2042","MapFwTranslationLanguageCode = ""fr-CH"""
"MapFwTranslationLanguageCode","modFwSetup","2044","MapFwTranslationLanguageCode = Trim$(modDaoHelper.NzString(languageCode))"
"NzString","modFwSetup","2044","MapFwTranslationLanguageCode = Trim$(modDaoHelper.NzString(languageCode))"
"NzString","modFwSetup","2054","comparableLanguageCode = UCase$(Replace(Trim$(modDaoHelper.NzString(languageCode)), ""_"", ""-""))"
"NzString","modFwSetup","2060","If StrComp(Trim$(modDaoHelper.NzString(languageCode)), ""de-CH"", vbBinaryCompare) = 0 Then"
"GetFwTranslationLanguagePriority","modFwSetup","2061","GetFwTranslationLanguagePriority = 1"
"GetFwTranslationLanguagePriority","modFwSetup","2063","GetFwTranslationLanguagePriority = 2"
"GetFwTranslationLanguagePriority","modFwSetup","2066","GetFwTranslationLanguagePriority = 3"
"GetFwTranslationLanguagePriority","modFwSetup","2068","GetFwTranslationLanguagePriority = 4"
"GetFwTranslationLanguagePriority","modFwSetup","2070","GetFwTranslationLanguagePriority = 100"
"NzString","modFwSetup","2075","If StrComp(Trim$(modDaoHelper.NzString(languageCode)), ""en-US"", vbBinaryCompare) = 0 Then"
"GetFwTranslationLanguagePriority","modFwSetup","2076","GetFwTranslationLanguagePriority = 1"
"GetFwTranslationLanguagePriority","modFwSetup","2078","GetFwTranslationLanguagePriority = 2"
"GetFwTranslationLanguagePriority","modFwSetup","2081","GetFwTranslationLanguagePriority = 3"
"GetFwTranslationLanguagePriority","modFwSetup","2083","GetFwTranslationLanguagePriority = 100"
"NzString","modFwSetup","2088","If StrComp(Trim$(modDaoHelper.NzString(languageCode)), ""fr-CH"", vbBinaryCompare) = 0 Then"
"GetFwTranslationLanguagePriority","modFwSetup","2089","GetFwTranslationLanguagePriority = 1"
"GetFwTranslationLanguagePriority","modFwSetup","2091","GetFwTranslationLanguagePriority = 2"
"GetFwTranslationLanguagePriority","modFwSetup","2094","GetFwTranslationLanguagePriority = 3"
"GetFwTranslationLanguagePriority","modFwSetup","2096","GetFwTranslationLanguagePriority = 4"
"GetFwTranslationLanguagePriority","modFwSetup","2098","GetFwTranslationLanguagePriority = 100"
"GetFwTranslationLanguagePriority","modFwSetup","2101","GetFwTranslationLanguagePriority = 100"
"SqlText","modFwSetup","2112","""SET language_code = "" & SqlText(targetLanguageCode) & "" "" & _"
"InsertTagHelp","modFwSetup","2135","InsertTagHelp db, ""REQUIRED"", ""VALIDATION"", ""REQUIRED"", _"
"InsertTagHelp","modFwSetup","2141","InsertTagHelp db, ""NUMERIC"", ""VALIDATION"", ""NUMERIC"", _"
"InsertTagHelp","modFwSetup","2147","InsertTagHelp db, ""INTEGER"", ""VALIDATION"", ""INTEGER"", _"
"InsertTagHelp","modFwSetup","2153","InsertTagHelp db, ""DATE"", ""VALIDATION"", ""DATE"", _"
"InsertTagHelp","modFwSetup","2159","InsertTagHelp db, ""MIN"", ""VALIDATION"", ""MIN:<value>"", _"
"InsertTagHelp","modFwSetup","2165","InsertTagHelp db, ""MAX"", ""VALIDATION"", ""MAX:<value>"", _"
"InsertTagHelp","modFwSetup","2171","InsertTagHelp db, ""MINLEN"", ""VALIDATION"", ""MINLEN:<value>"", _"
"InsertTagHelp","modFwSetup","2177","InsertTagHelp db, ""MAXLEN"", ""VALIDATION"", ""MAXLEN:<value>"", _"
"InsertTagHelp","modFwSetup","2183","InsertTagHelp db, ""HIDDEN"", ""BEHAVIOR"", ""HIDDEN"", _"
"InsertTagHelp","modFwSetup","2189","InsertTagHelp db, ""DISABLED"", ""BEHAVIOR"", ""DISABLED"", _"
"InsertTagHelp","modFwSetup","2195","InsertTagHelp db, ""LOCKED"", ""BEHAVIOR"", ""LOCKED"", _"
"InsertTagHelp","modFwSetup","2201","InsertTagHelp db, ""SETFOCUS"", ""BEHAVIOR"", ""SETFOCUS"", _"
"InsertTagHelp","modFwSetup","2207","InsertTagHelp db, ""READONLY"", ""FORM"", ""READONLY"", _"
"InsertTagHelp","modFwSetup","2213","InsertTagHelp db, ""ROLE"", ""ACCESS"", ""ROLE:<role1,role2,...>"", _"
"InsertTagHelp","modFwSetup","2219","InsertTagHelp db, ""MOD"", ""ACCESS"", ""MOD:<modulecode>"", _"
"InsertTagHelp","modFwSetup","2225","InsertTagHelp db, ""TR"", ""I18N"", ""TR:<translationkey>"", _"
"SqlText","modFwSetup","2254","SqlText(TokenKey) & "", "" & _"
"SqlText","modFwSetup","2255","SqlText(Category) & "", "" & _"
"SqlText","modFwSetup","2256","SqlText(SyntaxText) & "", "" & _"
"SqlText","modFwSetup","2257","SqlText(DescriptionText) & "", "" & _"
"SqlText","modFwSetup","2258","SqlText(ExampleText) & "", "" & _"
"SqlText","modFwSetup","2259","SqlText(NotesText) & "", "" & _"
"GetDocumentRootPath","modOutputPathService","25","GetDocumentRootPath = GetTenantDocumentRootPath()"
"GetTenantDocumentRootPath","modOutputPathService","25","GetDocumentRootPath = GetTenantDocumentRootPath()"
"GetDocumentRootPath","modOutputPathService","29","GetDocumentRootPath = vbNullString"
"GetDocumentRootPath","modOutputPathService","30","modErrorHandler.HandleError MODULE_NAME, ""GetDocumentRootPath"", Err"
"HandleError","modOutputPathService","30","modErrorHandler.HandleError MODULE_NAME, ""GetDocumentRootPath"", Err"
"ValidateBackendConfiguration","modOutputPathService","38","If Not modDb.ValidateBackendConfiguration() Then"
"GetTenantDocumentRootPath","modOutputPathService","39","modLoggingHandler.LogWarning MODULE_NAME & "".GetTenantDocumentRootPath"", _"
"LogWarning","modOutputPathService","39","modLoggingHandler.LogWarning MODULE_NAME & "".GetTenantDocumentRootPath"", _"
"TableExists","modOutputPathService","44","If Not TableExists(TABLE_TEN_PARAMETER) Then"
"GetTenantDocumentRootPath","modOutputPathService","45","modLoggingHandler.LogWarning MODULE_NAME & "".GetTenantDocumentRootPath"", _"
"LogWarning","modOutputPathService","45","modLoggingHandler.LogWarning MODULE_NAME & "".GetTenantDocumentRootPath"", _"
"HasTenantParameter","modOutputPathService","50","If Not modTenantRepository.HasTenantParameter(TENANT_PARAMETER_BASIC_DOC_PATH) Then"
"GetTenantDocumentRootPath","modOutputPathService","51","modLoggingHandler.LogWarning MODULE_NAME & "".GetTenantDocumentRootPath"", _"
"LogWarning","modOutputPathService","51","modLoggingHandler.LogWarning MODULE_NAME & "".GetTenantDocumentRootPath"", _"
"GetTenantParameter","modOutputPathService","56","rootPath = Trim$(modTenantRepository.GetTenantParameter(TENANT_PARAMETER_BASIC_DOC_PATH, vbNullString))"
"GetTenantDocumentRootPath","modOutputPathService","59","modLoggingHandler.LogWarning MODULE_NAME & "".GetTenantDocumentRootPath"", _"
"LogWarning","modOutputPathService","59","modLoggingHandler.LogWarning MODULE_NAME & "".GetTenantDocumentRootPath"", _"
"GetTenantDocumentRootPath","modOutputPathService","64","GetTenantDocumentRootPath = rootPath"
"GetTenantDocumentRootPath","modOutputPathService","68","GetTenantDocumentRootPath = vbNullString"
"GetTenantDocumentRootPath","modOutputPathService","69","modErrorHandler.HandleError MODULE_NAME, ""GetTenantDocumentRootPath"", Err"
"HandleError","modOutputPathService","69","modErrorHandler.HandleError MODULE_NAME, ""GetTenantDocumentRootPath"", Err"
"DocumentExists","modOutputPathService","85","If Not modDocumentRepository.DocumentExists(DocumentId) Then"
"BuildDocumentPdfPath","modOutputPathService","86","modLoggingHandler.LogWarning MODULE_NAME & "".BuildDocumentPdfPath"", _"
"LogWarning","modOutputPathService","86","modLoggingHandler.LogWarning MODULE_NAME & "".BuildDocumentPdfPath"", _"
"GetDocumentRootPath","modOutputPathService","91","rootPath = GetDocumentRootPath()"
"GetDocumentCustomerName","modOutputPathService","96","CustomerName = modDocumentRepository.GetDocumentCustomerName(DocumentId, DEFAULT_PATH_SEGMENT)"
"GetDocumentNumber","modOutputPathService","97","DocumentNo = modDocumentRepository.GetDocumentNumber(DocumentId, DOCUMENT_FILE_PREFIX & CStr(DocumentId))"
"SanitizePathSegment","modOutputPathService","107","customerSegment = SanitizePathSegment(CustomerName)"
"SanitizePathSegment","modOutputPathService","108","documentSegment = SanitizePathSegment(DocumentNo)"
"BuildDocumentPdfPath","modOutputPathService","110","BuildDocumentPdfPath = EnsureTrailingBackslash(rootPath) & _"
"EnsureTrailingBackslash","modOutputPathService","110","BuildDocumentPdfPath = EnsureTrailingBackslash(rootPath) & _"
"BuildDocumentPdfPath","modOutputPathService","116","BuildDocumentPdfPath = vbNullString"
"BuildDocumentPdfPath","modOutputPathService","117","modErrorHandler.HandleError MODULE_NAME, ""BuildDocumentPdfPath"", Err"
"HandleError","modOutputPathService","117","modErrorHandler.HandleError MODULE_NAME, ""BuildDocumentPdfPath"", Err"
"EnsureDirectoryExists","modOutputPathService","139","EnsureDirectoryExists = True"
"EnsureTrailingBackslash","modOutputPathService","163","currentPath = EnsureTrailingBackslash(currentPath) & pathParts(index)"
"EnsureDirectoryExists","modOutputPathService","170","EnsureDirectoryExists = (LenB(Dir$(normalizedPath, vbDirectory)) > 0)"
"EnsureDirectoryExists","modOutputPathService","174","EnsureDirectoryExists = False"
"EnsureDirectoryExists","modOutputPathService","175","modErrorHandler.HandleError MODULE_NAME, ""EnsureDirectoryExists"", Err"
"HandleError","modOutputPathService","175","modErrorHandler.HandleError MODULE_NAME, ""EnsureDirectoryExists"", Err"
"TrimTrailingDotsAndSpaces","modOutputPathService","193","resultText = TrimTrailingDotsAndSpaces(resultText)"
"IsReservedWindowsDeviceName","modOutputPathService","196","ElseIf IsReservedWindowsDeviceName(resultText) Then"
"SanitizePathSegment","modOutputPathService","200","SanitizePathSegment = resultText"
"EnsureTrailingBackslash","modOutputPathService","212","EnsureTrailingBackslash = normalizedPath"
"EnsureTrailingBackslash","modOutputPathService","214","EnsureTrailingBackslash = normalizedPath & ""\"""
"TrimTrailingDotsAndSpaces","modOutputPathService","227","TrimTrailingDotsAndSpaces = Trim$(resultText)"
"IsReservedWindowsDeviceName","modOutputPathService","239","IsReservedWindowsDeviceName = True"
"IsReservedWindowsDeviceName","modOutputPathService","248","IsReservedWindowsDeviceName = True"
"GetCurrentDatabase","modOutputPathService","263","Set db = modDb.GetCurrentDatabase()"
"TableExists","modOutputPathService","270","TableExists = True"
"TableExists","modOutputPathService","281","TableExists = False"
"HandleError","modOutputPathService","282","modErrorHandler.HandleError MODULE_NAME, ""TableExists"", Err"
"TableExists","modOutputPathService","282","modErrorHandler.HandleError MODULE_NAME, ""TableExists"", Err"
"GetConfigValue","modTenantContext","27","mCurrentTenantId = modConfigIni.GetConfigValue(INI_SECTION_TENANT, TENANT_KEY_ID, ""TENANT-DEFAULT"", IniPath)"
"GetConfigValue","modTenantContext","28","mCurrentTenantCode = modConfigIni.GetConfigValue(INI_SECTION_DATABASE, DEFAULT_TENANT_CODE_KEY, ""DEFAULT"", IniPath)"
"GetConfigValue","modTenantContext","29","mCurrentTenantName = modConfigIni.GetConfigValue(INI_SECTION_TENANT, TENANT_KEY_NAME, ""Default Tenant"", IniPath)"
"InitializeTenantContext","modTenantContext","31","modLoggingHandler.LogInfo MODULE_NAME & "".InitializeTenantContext"", _"
"LogInfo","modTenantContext","31","modLoggingHandler.LogInfo MODULE_NAME & "".InitializeTenantContext"", _"
"GetConfigValue","modTenantContext","34","BackendRoot = Trim$(modConfigIni.GetConfigValue(INI_SECTION_DATABASE, BACKEND_ROOT_KEY, vbNullString, IniPath))"
"InitializeTenantContext","modTenantContext","37","modLoggingHandler.LogWarning MODULE_NAME & "".InitializeTenantContext"", _"
"LogWarning","modTenantContext","37","modLoggingHandler.LogWarning MODULE_NAME & "".InitializeTenantContext"", _"
"BuildBackendPath","modTenantContext","40","mCurrentBackendPath = BuildBackendPath(BackendRoot, mCurrentTenantCode)"
"InitializeTenantContext","modTenantContext","41","modLoggingHandler.LogInfo MODULE_NAME & "".InitializeTenantContext"", _"
"LogInfo","modTenantContext","41","modLoggingHandler.LogInfo MODULE_NAME & "".InitializeTenantContext"", _"
"InitializeTenantContext","modTenantContext","47","modLoggingHandler.LogInfo MODULE_NAME & "".InitializeTenantContext"", _"
"LogInfo","modTenantContext","47","modLoggingHandler.LogInfo MODULE_NAME & "".InitializeTenantContext"", _"
"HandleError","modTenantContext","53","modErrorHandler.HandleError MODULE_NAME, ""InitializeTenantContext"", Err"
"InitializeTenantContext","modTenantContext","53","modErrorHandler.HandleError MODULE_NAME, ""InitializeTenantContext"", Err"
"ClearTenantContext","modTenantContext","65","modLoggingHandler.LogInfo MODULE_NAME & "".ClearTenantContext"", ""Tenant context cleared."""
"LogInfo","modTenantContext","65","modLoggingHandler.LogInfo MODULE_NAME & "".ClearTenantContext"", ""Tenant context cleared."""
"ClearTenantContext","modTenantContext","69","modErrorHandler.HandleError MODULE_NAME, ""ClearTenantContext"", Err"
"HandleError","modTenantContext","69","modErrorHandler.HandleError MODULE_NAME, ""ClearTenantContext"", Err"
"IsTenantInitialized","modTenantContext","73","IsTenantInitialized = mTenantLoaded"
"BuildBackendPath","modTenantContext","104","BuildBackendPath = normalizedRoot & ""\"" & Trim$(TenantCode) & ""_be.accdb"""
"ResolveAuditUserName","modAuditHelper","29","CurrentUserName = ResolveAuditUserName()"
"HasBoundControl","modAuditHelper","32","If HasBoundControl(targetForm, ""created_at"") Then"
"HasBoundControl","modAuditHelper","38","If HasBoundControl(targetForm, ""created_by"") Then"
"HasBoundControl","modAuditHelper","45","If HasBoundControl(targetForm, ""updated_at"") Then"
"HasBoundControl","modAuditHelper","49","If HasBoundControl(targetForm, ""updated_by"") Then"
"ApplyAuditFields","modAuditHelper","56","modErrorHandler.HandleError MODULE_NAME, ""ApplyAuditFields"", Err"
"HandleError","modAuditHelper","56","modErrorHandler.HandleError MODULE_NAME, ""ApplyAuditFields"", Err"
"IsSessionInitialized","modAuditHelper","61","If modSessionContext.IsSessionInitialized Then"
"ResolveAuditUserName","modAuditHelper","62","ResolveAuditUserName = Trim$(modSessionContext.CurrentUserName)"
"ResolveAuditUserName","modAuditHelper","63","If LenB(ResolveAuditUserName) > 0 Then"
"ResolveAuditUserName","modAuditHelper","67","ResolveAuditUserName = Trim$(modSessionContext.currentUserId)"
"ResolveAuditUserName","modAuditHelper","68","If LenB(ResolveAuditUserName) > 0 Then"
"ResolveAuditUserName","modAuditHelper","75","ResolveAuditUserName = Trim$(ResolveAuditUserName)"
"ResolveAuditUserName","modAuditHelper","76","If LenB(ResolveAuditUserName) = 0 Then"
"ResolveAuditUserName","modAuditHelper","77","ResolveAuditUserName = Trim$(Environ$(""Username""))"
"ResolveAuditUserName","modAuditHelper","79","If LenB(ResolveAuditUserName) = 0 Then"
"ResolveAuditUserName","modAuditHelper","80","ResolveAuditUserName = ""SYSTEM"""
"HasEditableRecordset","modAuditHelper","89","If Not HasEditableRecordset(targetForm) Then"
"HasRecordsetField","modAuditHelper","95","HasRecordsetField = True"
"HasRecordsetField","modAuditHelper","107","If HasRecordsetField(targetForm, fieldName) Then"
"GetRecordsetFieldValue","modAuditHelper","108","GetRecordsetFieldValue = targetForm.Recordset.Fields(fieldName).Value"
"HasRecordsetField","modAuditHelper","117","If HasRecordsetField(targetForm, fieldName) Then"
"HasEditableRecordset","modAuditHelper","135","HasEditableRecordset = True"
"IsValueEmpty","modAuditHelper","142","IsValueEmpty = True"
"IsValueEmpty","modAuditHelper","144","IsValueEmpty = (LenB(Trim$(CStr(fieldValue))) = 0)"
"HasBoundControl","modAuditHelper","159","HasBoundControl = True"
"SqlText","modSqlHelper","16","SqlText = ""Null"""
"SqlText","modSqlHelper","21","SqlText = ""'"" & Replace(textValue, ""'"", ""''"") & ""'"""
"SqlTextNav","modSqlHelper","28","SqlTextNav = ""Null"""
"SqlTextNav","modSqlHelper","36","SqlTextNav = ""'"" & Replace(textValue, ""'"", ""''"") & ""'"""
"SqlNullableText","modSqlHelper","43","SqlNullableText = ""Null"""
"SqlNullableText","modSqlHelper","49","SqlNullableText = ""Null"""
"SqlNullableText","modSqlHelper","51","SqlNullableText = SqlText(textValue)"
"SqlText","modSqlHelper","51","SqlNullableText = SqlText(textValue)"
"SqlBoolean","modSqlHelper","57","SqlBoolean = ""True"""
"SqlBoolean","modSqlHelper","59","SqlBoolean = ""False"""
"SqlLongOrNull","modSqlHelper","65","SqlLongOrNull = ""Null"""
"SqlLongOrNull","modSqlHelper","67","SqlLongOrNull = ""Null"""
"SqlLongOrNull","modSqlHelper","69","SqlLongOrNull = CStr(CLng(Value))"
"SqlLongOrNull","modSqlHelper","71","SqlLongOrNull = ""Null"""
"SqlDateTime","modSqlHelper","77","SqlDateTime = ""Null"""
"SqlDateTime","modSqlHelper","79","SqlDateTime = ""Null"""
"SqlDateTime","modSqlHelper","81","SqlDateTime = ""#"" & Format$(CDate(Value), ""yyyy-mm-dd hh:nn:ss"") & ""#"""
"SqlDateOrNull","modSqlHelper","86","SqlDateOrNull = SqlDateTime(Value)"
"SqlDateTime","modSqlHelper","86","SqlDateOrNull = SqlDateTime(Value)"
"NormalizeControlsInternal","modFwControlNamingTool","24","NormalizeControlsInternal objectName, objectType, False"
"NormalizeControlsInternal","modFwControlNamingTool","28","NormalizeControlsInternal objectName, objectType, True"
"PascalCaseFromSnake","modFwControlNamingTool","62","PascalCaseFromSnake = result"
"IsGenericAccessLabelName","modFwControlNamingTool","72","IsGenericAccessLabelName = _"
"GetExpectedControlPrefix","modFwControlNamingTool","80","GetExpectedControlPrefix = PREFIX_TEXTBOX"
"GetExpectedControlPrefix","modFwControlNamingTool","82","GetExpectedControlPrefix = PREFIX_COMBOBOX"
"GetExpectedControlPrefix","modFwControlNamingTool","84","GetExpectedControlPrefix = PREFIX_CHECKBOX"
"GetAttachedLabel","modFwControlNamingTool","91","Set GetAttachedLabel = CallByName(ctl, ""AttachedLabel"", VbGet)"
"NormalizeObjectType","modFwControlNamingTool","109","normalizedObjectType = NormalizeObjectType(objectType)"
"ObjectExists","modFwControlNamingTool","111","If Not ObjectExists(normalizedObjectType, objectName) Then"
"NormalizeControlsInternal","modFwControlNamingTool","112","Err.Raise vbObjectError + 6500, MODULE_NAME & "".NormalizeControlsInternal"", _"
"IsObjectLoaded","modFwControlNamingTool","116","wasLoaded = IsObjectLoaded(normalizedObjectType, objectName)"
"GetObjectVisible","modFwControlNamingTool","117","wasVisible = GetObjectVisible(normalizedObjectType, objectName)"
"OpenObjectForNaming","modFwControlNamingTool","118","openedByTool = OpenObjectForNaming(normalizedObjectType, objectName)"
"GetLoadedObject","modFwControlNamingTool","120","Set target = GetLoadedObject(normalizedObjectType, objectName)"
"NormalizeControlsInternal","modFwControlNamingTool","122","Err.Raise vbObjectError + 6501, MODULE_NAME & "".NormalizeControlsInternal"", _"
"BuildRenamePlan","modFwControlNamingTool","126","Set plans = BuildRenamePlan(target)"
"LogToolInfo","modFwControlNamingTool","128","LogToolInfo IIf(applyChanges, ""APPLY"", ""PREVIEW""), _"
"LogRenamePlan","modFwControlNamingTool","133","LogRenamePlan plan"
"ApplyRenamePlan","modFwControlNamingTool","135","If ApplyRenamePlan(target, plan) Then"
"SaveOpenedObject","modFwControlNamingTool","142","SaveOpenedObject normalizedObjectType, objectName"
"LogToolInfo","modFwControlNamingTool","143","LogToolInfo ""APPLY"", normalizedObjectType & "" '"" & objectName & ""' saved. changed_count="" & CStr(changedCount) & ""."""
"CloseOpenedObject","modFwControlNamingTool","149","CloseOpenedObject normalizedObjectType, objectName, applyChanges"
"HandleError","modFwControlNamingTool","160","modErrorHandler.HandleError MODULE_NAME, ""NormalizeControlsInternal"", Err"
"NormalizeControlsInternal","modFwControlNamingTool","160","modErrorHandler.HandleError MODULE_NAME, ""NormalizeControlsInternal"", Err"
"CreateRenamePlan","modFwControlNamingTool","180","Set plan = CreateRenamePlan()"
"GetExpectedControlPrefix","modFwControlNamingTool","182","expectedPrefix = GetExpectedControlPrefix(ctl)"
"GetControlSourceValue","modFwControlNamingTool","187","sourceName = Trim$(Nz(GetControlSourceValue(ctl), vbNullString))"
"PascalCaseFromSnake","modFwControlNamingTool","199","expectedControlName = expectedPrefix & PascalCaseFromSnake(sourceName)"
"NameExistsOnObject","modFwControlNamingTool","212","If NameExistsOnObject(target, expectedControlName, ctl.Name) Then"
"GetAttachedLabel","modFwControlNamingTool","217","Set attachedLabel = GetAttachedLabel(ctl)"
"PascalCaseFromSnake","modFwControlNamingTool","220","expectedLabelName = PREFIX_LABEL & PascalCaseFromSnake(sourceName)"
"IsGenericAccessLabelName","modFwControlNamingTool","224","If IsGenericAccessLabelName(plan(""LabelOldName"")) Or StrComp(plan(""LabelOldName""), expectedLabelName, vbTextCompare) = 0 Then"
"NameExistsOnObject","modFwControlNamingTool","226","If Not NameExistsOnObject(target, expectedLabelName, plan(""LabelOldName"")) Then"
"AppendSkipReason","modFwControlNamingTool","229","AppendSkipReason plan, ""label_name_conflict"""
"GetCaptionValue","modFwControlNamingTool","235","labelCaption = Nz(GetCaptionValue(attachedLabel), vbNullString)"
"IsGenericLabelCaption","modFwControlNamingTool","236","If IsGenericLabelCaption(labelCaption, plan(""LabelOldName"")) Then"
"ReadableCaptionFromFieldName","modFwControlNamingTool","237","plan(""LabelNewCaption"") = ReadableCaptionFromFieldName(sourceName)"
"BuildRenamePlan","modFwControlNamingTool","250","Set BuildRenamePlan = plans"
"BuildRenamePlan","modFwControlNamingTool","254","modErrorHandler.HandleError MODULE_NAME, ""BuildRenamePlan"", Err"
"HandleError","modFwControlNamingTool","254","modErrorHandler.HandleError MODULE_NAME, ""BuildRenamePlan"", Err"
"GetAttachedLabel","modFwControlNamingTool","277","Set attachedLabel = GetAttachedLabel(ctl)"
"ApplyRenamePlan","modFwControlNamingTool","292","ApplyRenamePlan = anyChange"
"ApplyRenamePlan","modFwControlNamingTool","296","modErrorHandler.HandleError MODULE_NAME, ""ApplyRenamePlan"", Err"
"HandleError","modFwControlNamingTool","296","modErrorHandler.HandleError MODULE_NAME, ""ApplyRenamePlan"", Err"
"CreateRenamePlan","modFwControlNamingTool","313","Set CreateRenamePlan = plan"
"LogToolWarning","modFwControlNamingTool","345","LogToolWarning ""SKIP"", messageText & ""; reason="" & plan(""SkipReason"") & ""."""
"LogToolInfo","modFwControlNamingTool","347","LogToolInfo ""PLAN"", messageText & ""."""
"ReadableCaptionFromFieldName","modFwControlNamingTool","378","ReadableCaptionFromFieldName = captionText"
"IsGenericLabelCaption","modFwControlNamingTool","385","IsGenericLabelCaption = True"
"IsGenericLabelCaption","modFwControlNamingTool","389","IsGenericLabelCaption = _"
"GetControlSourceValue","modFwControlNamingTool","398","GetControlSourceValue = Nz(CallByName(ctl, ""ControlSource"", VbGet), vbNullString)"
"GetCaptionValue","modFwControlNamingTool","406","GetCaptionValue = Nz(CallByName(ctl, ""Caption"", VbGet), vbNullString)"
"NameExistsOnObject","modFwControlNamingTool","419","NameExistsOnObject = True"
"NormalizeObjectType","modFwControlNamingTool","433","NormalizeObjectType = objectType"
"NormalizeObjectType","modFwControlNamingTool","435","Err.Raise vbObjectError + 6502, MODULE_NAME & "".NormalizeObjectType"", _"
"NormalizeObjectType","modFwControlNamingTool","445","Select Case NormalizeObjectType(objectType)"
"ObjectExists","modFwControlNamingTool","449","ObjectExists = True"
"ObjectExists","modFwControlNamingTool","457","ObjectExists = True"
"NormalizeObjectType","modFwControlNamingTool","469","Select Case NormalizeObjectType(objectType)"
"IsObjectLoaded","modFwControlNamingTool","471","IsObjectLoaded = CurrentProject.AllForms(objectName).IsLoaded"
"IsObjectLoaded","modFwControlNamingTool","473","IsObjectLoaded = CurrentProject.AllReports(objectName).IsLoaded"
"NormalizeObjectType","modFwControlNamingTool","482","If NormalizeObjectType(objectType) = OBJECT_TYPE_FORM Then"
"GetObjectVisible","modFwControlNamingTool","484","GetObjectVisible = Forms(objectName).Visible"
"NormalizeObjectType","modFwControlNamingTool","494","Select Case NormalizeObjectType(objectType)"
"OpenObjectForNaming","modFwControlNamingTool","497","Err.Raise vbObjectError + 6503, MODULE_NAME & "".OpenObjectForNaming"", _"
"OpenObjectForNaming","modFwControlNamingTool","501","OpenObjectForNaming = True"
"OpenObjectForNaming","modFwControlNamingTool","505","Err.Raise vbObjectError + 6504, MODULE_NAME & "".OpenObjectForNaming"", _"
"OpenObjectForNaming","modFwControlNamingTool","509","OpenObjectForNaming = True"
"HandleError","modFwControlNamingTool","514","modErrorHandler.HandleError MODULE_NAME, ""OpenObjectForNaming"", Err"
"OpenObjectForNaming","modFwControlNamingTool","514","modErrorHandler.HandleError MODULE_NAME, ""OpenObjectForNaming"", Err"
"NormalizeObjectType","modFwControlNamingTool","521","Select Case NormalizeObjectType(objectType)"
"GetLoadedObject","modFwControlNamingTool","524","Set GetLoadedObject = Forms(objectName)"
"GetLoadedObject","modFwControlNamingTool","528","Set GetLoadedObject = Reports(objectName)"
"NormalizeObjectType","modFwControlNamingTool","538","Select Case NormalizeObjectType(objectType)"
"HandleError","modFwControlNamingTool","547","modErrorHandler.HandleError MODULE_NAME, ""SaveOpenedObject"", Err"
"SaveOpenedObject","modFwControlNamingTool","547","modErrorHandler.HandleError MODULE_NAME, ""SaveOpenedObject"", Err"
"NormalizeObjectType","modFwControlNamingTool","554","Select Case NormalizeObjectType(objectType)"
"LogInfo","modFwControlNamingTool","569","modLoggingHandler.LogInfo MODULE_NAME & ""."" & category, messageText"
"LogWarning","modFwControlNamingTool","575","modLoggingHandler.LogWarning MODULE_NAME & ""."" & category, messageText"
"ValidateBackendConfiguration","modBackendLinker","23","If Not modDb.ValidateBackendConfiguration() Then"
"LogError","modBackendLinker","24","modLoggingHandler.LogError MODULE_NAME & "".RelinkBackendTables"", _"
"RelinkBackendTables","modBackendLinker","24","modLoggingHandler.LogError MODULE_NAME & "".RelinkBackendTables"", _"
"GetBackendPath","modBackendLinker","29","backendPath = GetBackendPath()"
"GetCurrentDatabase","modBackendLinker","30","Set db = GetCurrentDatabase()"
"ShouldSkipTable","modBackendLinker","33","If ShouldSkipTable(tdf.Name) Then"
"IsLinkedAccessTable","modBackendLinker","37","If IsLinkedAccessTable(tdf) Then"
"RelinkTable","modBackendLinker","38","If RelinkTable(tdf, backendPath) Then"
"LogInfo","modBackendLinker","46","modLoggingHandler.LogInfo MODULE_NAME & "".RelinkBackendTables"", _"
"RelinkBackendTables","modBackendLinker","46","modLoggingHandler.LogInfo MODULE_NAME & "".RelinkBackendTables"", _"
"RelinkBackendTables","modBackendLinker","49","RelinkBackendTables = True"
"RelinkBackendTables","modBackendLinker","53","RelinkBackendTables = False"
"HandleError","modBackendLinker","54","modErrorHandler.HandleError MODULE_NAME, ""RelinkBackendTables"", Err"
"RelinkBackendTables","modBackendLinker","54","modErrorHandler.HandleError MODULE_NAME, ""RelinkBackendTables"", Err"
"GetCurrentDatabase","modBackendLinker","63","Set db = GetCurrentDatabase()"
"ShouldSkipTable","modBackendLinker","66","If Not ShouldSkipTable(tdf.Name) Then"
"IsLinkedAccessTable","modBackendLinker","67","If IsLinkedAccessTable(tdf) Then"
"GetLinkedTableCount","modBackendLinker","68","GetLinkedTableCount = GetLinkedTableCount + 1"
"GetLinkedTableCount","modBackendLinker","76","GetLinkedTableCount = 0"
"GetLinkedTableCount","modBackendLinker","77","modErrorHandler.HandleError MODULE_NAME, ""GetLinkedTableCount"", Err"
"HandleError","modBackendLinker","77","modErrorHandler.HandleError MODULE_NAME, ""GetLinkedTableCount"", Err"
"IsLinkedAccessTable","modBackendLinker","88","IsLinkedAccessTable = (InStr(1, connectText, ACCESS_CONNECT_PREFIX, vbTextCompare) > 0)"
"LogInfo","modBackendLinker","97","modLoggingHandler.LogInfo MODULE_NAME & "".RelinkTable"", _"
"RelinkTable","modBackendLinker","97","modLoggingHandler.LogInfo MODULE_NAME & "".RelinkTable"", _"
"RelinkTable","modBackendLinker","100","RelinkTable = True"
"RelinkTable","modBackendLinker","104","RelinkTable = False"
"LogError","modBackendLinker","105","modLoggingHandler.LogError MODULE_NAME & "".RelinkTable"", _"
"RelinkTable","modBackendLinker","105","modLoggingHandler.LogError MODULE_NAME & "".RelinkTable"", _"
"ShouldSkipTable","modBackendLinker","115","ShouldSkipTable = True"
"ShouldSkipTable","modBackendLinker","120","ShouldSkipTable = True"
"ShouldSkipTable","modBackendLinker","125","ShouldSkipTable = True"
"ShouldSkipTable","modBackendLinker","130","ShouldSkipTable = True"
"ShouldSkipTable","modBackendLinker","135","ShouldSkipTable = True"
"CalculateDocumentLineNet","modDocumentService","24","CalculateDocumentLineNet = RoundCurrency(CCur(quantity * CDbl(UnitPrice)))"
"RoundCurrency","modDocumentService","24","CalculateDocumentLineNet = RoundCurrency(CCur(quantity * CDbl(UnitPrice)))"
"CalculateDocumentLineNet","modDocumentService","28","CalculateDocumentLineNet = 0"
"CalculateDocumentLineNet","modDocumentService","29","modErrorHandler.HandleError MODULE_NAME, ""CalculateDocumentLineNet"", Err"
"HandleError","modDocumentService","29","modErrorHandler.HandleError MODULE_NAME, ""CalculateDocumentLineNet"", Err"
"CalculateDocumentLineNet","modDocumentService","38","baseAmount = CalculateDocumentLineNet(quantity, UnitPrice)"
"NormalizeVatMode","modDocumentService","39","normalizedVatMode = modVatHandler.NormalizeVatMode(VatMode)"
"CalculateDocumentLineGross","modDocumentService","43","CalculateDocumentLineGross = baseAmount"
"CalculateDocumentLineGross","modDocumentService","45","CalculateDocumentLineGross = modVatHandler.CalculateGrossFromNet(baseAmount, vatRate)"
"CalculateGrossFromNet","modDocumentService","45","CalculateDocumentLineGross = modVatHandler.CalculateGrossFromNet(baseAmount, vatRate)"
"CalculateDocumentLineGross","modDocumentService","47","CalculateDocumentLineGross = baseAmount"
"CalculateDocumentLineGross","modDocumentService","52","CalculateDocumentLineGross = 0"
"CalculateDocumentLineGross","modDocumentService","53","modErrorHandler.HandleError MODULE_NAME, ""CalculateDocumentLineGross"", Err"
"HandleError","modDocumentService","53","modErrorHandler.HandleError MODULE_NAME, ""CalculateDocumentLineGross"", Err"
"CalculateDocumentLineNet","modDocumentService","61","baseAmount = CalculateDocumentLineNet(quantity, UnitPrice)"
"CalculateDocumentLineVat","modDocumentService","62","CalculateDocumentLineVat = modVatHandler.CalculateVatAmount(baseAmount, vatRate, VatMode)"
"CalculateVatAmount","modDocumentService","62","CalculateDocumentLineVat = modVatHandler.CalculateVatAmount(baseAmount, vatRate, VatMode)"
"CalculateDocumentLineVat","modDocumentService","66","CalculateDocumentLineVat = 0"
"CalculateDocumentLineVat","modDocumentService","67","modErrorHandler.HandleError MODULE_NAME, ""CalculateDocumentLineVat"", Err"
"HandleError","modDocumentService","67","modErrorHandler.HandleError MODULE_NAME, ""CalculateDocumentLineVat"", Err"
"ValidateDocumentType","modDocumentService","77","ValidateDocumentType = True"
"ValidateDocumentType","modDocumentService","79","ValidateDocumentType = False"
"LogWarning","modDocumentService","81","modLoggingHandler.LogWarning MODULE_NAME & "".ValidateDocumentType"", _"
"ValidateDocumentType","modDocumentService","81","modLoggingHandler.LogWarning MODULE_NAME & "".ValidateDocumentType"", _"
"CalculateDocumentTotalsFromPositions","modDocumentService","91","CalculateDocumentTotalsFromPositions = False"
"CalculateDocumentTotalsFromPositions","modDocumentService","93","CalculateDocumentTotalsFromPositions = True"
"CalculateDocumentTotalsFromPositions","modDocumentService","98","CalculateDocumentTotalsFromPositions = False"
"CalculateDocumentTotalsFromPositions","modDocumentService","99","modErrorHandler.HandleError MODULE_NAME, ""CalculateDocumentTotalsFromPositions"", Err"
"HandleError","modDocumentService","99","modErrorHandler.HandleError MODULE_NAME, ""CalculateDocumentTotalsFromPositions"", Err"
"RoundCurrency","modDocumentService","103","RoundCurrency = CCur(Round(CDbl(Amount), 2))"
"LogSystemSnapshot","modAppWorkspaceService","55","modFwDiagnostics.LogSystemSnapshot ""BeforeOpenWorkspaceForm:"" & targetFormName"
"FormExists","modAppWorkspaceService","57","If Not FormExists(targetFormName) Then"
"LogWarning","modAppWorkspaceService","58","modLoggingHandler.LogWarning MODULE_NAME & "".OpenWorkspaceForm"", _"
"OpenWorkspaceForm","modAppWorkspaceService","58","modLoggingHandler.LogWarning MODULE_NAME & "".OpenWorkspaceForm"", _"
"ResolveWorkspaceHostForm","modAppWorkspaceService","63","Set hostForm = ResolveWorkspaceHostForm(shellForm)"
"OpenWorkspaceForm","modAppWorkspaceService","67","OpenWorkspaceForm = True"
"LogInfo","modAppWorkspaceService","68","modLoggingHandler.LogInfo MODULE_NAME & "".OpenWorkspaceForm"", _"
"OpenWorkspaceForm","modAppWorkspaceService","68","modLoggingHandler.LogInfo MODULE_NAME & "".OpenWorkspaceForm"", _"
"GetWorkspaceHostControl","modAppWorkspaceService","73","Set workspaceHost = GetWorkspaceHostControl(hostForm)"
"OpenWorkspaceForm","modAppWorkspaceService","76","OpenWorkspaceForm = True"
"LogWarning","modAppWorkspaceService","77","modLoggingHandler.LogWarning MODULE_NAME & "".OpenWorkspaceForm"", _"
"OpenWorkspaceForm","modAppWorkspaceService","77","modLoggingHandler.LogWarning MODULE_NAME & "".OpenWorkspaceForm"", _"
"CanReplaceWorkspaceContent","modAppWorkspaceService","82","If Not CanReplaceWorkspaceContent(workspaceHost) Then"
"LogInfo","modAppWorkspaceService","83","modLoggingHandler.LogInfo MODULE_NAME & "".OpenWorkspaceForm"", _"
"OpenWorkspaceForm","modAppWorkspaceService","83","modLoggingHandler.LogInfo MODULE_NAME & "".OpenWorkspaceForm"", _"
"CaptureCurrentWorkspaceHistory","modAppWorkspaceService","89","historyItemText = CaptureCurrentWorkspaceHistory(workspaceHost)"
"LogInfo","modAppWorkspaceService","95","modLoggingHandler.LogInfo MODULE_NAME & "".OpenWorkspaceForm"", _"
"OpenWorkspaceForm","modAppWorkspaceService","95","modLoggingHandler.LogInfo MODULE_NAME & "".OpenWorkspaceForm"", _"
"LogInfo","modAppWorkspaceService","105","modLoggingHandler.LogInfo MODULE_NAME & "".OpenWorkspaceForm"", _"
"OpenWorkspaceForm","modAppWorkspaceService","105","modLoggingHandler.LogInfo MODULE_NAME & "".OpenWorkspaceForm"", _"
"ResolveCurrentWorkspaceSourceObject","modAppWorkspaceService","106","""SourceObject switched. current_source_object='"" & ResolveCurrentWorkspaceSourceObject(workspaceHost) & ""'."""
"TryGetHostedWorkspaceForm","modAppWorkspaceService","108","Set loadedWorkspaceForm = TryGetHostedWorkspaceForm(workspaceHost)"
"OpenWorkspaceForm","modAppWorkspaceService","110","Err.Raise 2467, MODULE_NAME & "".OpenWorkspaceForm"", _"
"OpenWorkspaceForm","modAppWorkspaceService","115","Err.Raise 2467, MODULE_NAME & "".OpenWorkspaceForm"", _"
"ApplyWorkspaceFormState","modAppWorkspaceService","119","ApplyWorkspaceFormState loadedWorkspaceForm, where_condition, data_mode"
"ApplyWorkspaceOpenArgs","modAppWorkspaceService","122","ApplyWorkspaceOpenArgs loadedWorkspaceForm, open_args, targetFormName"
"SetWorkspaceFocus","modAppWorkspaceService","125","SetWorkspaceFocus workspaceHost"
"AppendHistoryItem","modAppWorkspaceService","128","AppendHistoryItem historyItemText"
"RefreshShellStatus","modAppWorkspaceService","131","modAppShell.RefreshShellStatus hostForm"
"LogWorkspaceState","modAppWorkspaceService","132","modFwDiagnostics.LogWorkspaceState ""AfterOpenWorkspaceForm:"" & targetFormName, hostForm"
"OpenWorkspaceForm","modAppWorkspaceService","135","OpenWorkspaceForm = True"
"LogInfo","modAppWorkspaceService","136","modLoggingHandler.LogInfo MODULE_NAME & "".OpenWorkspaceForm"", _"
"OpenWorkspaceForm","modAppWorkspaceService","136","modLoggingHandler.LogInfo MODULE_NAME & "".OpenWorkspaceForm"", _"
"OpenWorkspaceForm","modAppWorkspaceService","141","OpenWorkspaceForm = False"
"ResolveCurrentWorkspaceSourceObject","modAppWorkspaceService","142","currentSourceObject = ResolveCurrentWorkspaceSourceObject(workspaceHost)"
"LogWarning","modAppWorkspaceService","143","modLoggingHandler.LogWarning MODULE_NAME & "".OpenWorkspaceForm"", _"
"OpenWorkspaceForm","modAppWorkspaceService","143","modLoggingHandler.LogWarning MODULE_NAME & "".OpenWorkspaceForm"", _"
"RecoverWorkspaceAfterLoadFailure","modAppWorkspaceService","150","RecoverWorkspaceAfterLoadFailure hostForm, workspaceHost, previousSourceObject, previousWorkspaceState, targetFormName"
"HandleError","modAppWorkspaceService","152","modErrorHandler.HandleError MODULE_NAME, ""OpenWorkspaceForm"", Err"
"OpenWorkspaceForm","modAppWorkspaceService","152","modErrorHandler.HandleError MODULE_NAME, ""OpenWorkspaceForm"", Err"
"SerializeWorkspaceHistoryItem","modAppWorkspaceService","160","historyItemText = SerializeWorkspaceHistoryItem(workspaceForm)"
"PushWorkspaceState","modAppWorkspaceService","162","PushWorkspaceState = True"
"AppendHistoryItem","modAppWorkspaceService","166","AppendHistoryItem historyItemText"
"PushWorkspaceState","modAppWorkspaceService","167","PushWorkspaceState = True"
"PushWorkspaceState","modAppWorkspaceService","171","PushWorkspaceState = False"
"HandleError","modAppWorkspaceService","172","modErrorHandler.HandleError MODULE_NAME, ""PushWorkspaceState"", Err"
"PushWorkspaceState","modAppWorkspaceService","172","modErrorHandler.HandleError MODULE_NAME, ""PushWorkspaceState"", Err"
"CanGoBack","modAppWorkspaceService","186","If Not CanGoBack() Then"
"PopHistoryItem","modAppWorkspaceService","190","historyItemText = PopHistoryItem()"
"GetHistoryValue","modAppWorkspaceService","195","FormName = GetHistoryValue(historyItemText, HISTORY_KEY_FORM_NAME)"
"GetHistoryValue","modAppWorkspaceService","196","whereCondition = GetHistoryValue(historyItemText, HISTORY_KEY_WHERE_CONDITION)"
"GetHistoryValue","modAppWorkspaceService","197","openArgs = GetHistoryValue(historyItemText, HISTORY_KEY_OPEN_ARGS)"
"ResolveHistoryDataMode","modAppWorkspaceService","198","dataMode = ResolveHistoryDataMode(historyItemText)"
"OpenWorkspaceForm","modAppWorkspaceService","206","If Not OpenWorkspaceForm(shellForm, FormName, whereCondition, dataMode, openArgs, False) Then"
"AppendHistoryItem","modAppWorkspaceService","207","AppendHistoryItem historyItemText, True"
"GoBack","modAppWorkspaceService","208","GoBack = False"
"ResolveWorkspaceHostForm","modAppWorkspaceService","212","Set hostForm = ResolveWorkspaceHostForm(shellForm)"
"GetWorkspaceHostControl","modAppWorkspaceService","213","Set workspaceHost = GetWorkspaceHostControl(hostForm)"
"RestoreWorkspaceHistoryState","modAppWorkspaceService","216","RestoreWorkspaceHistoryState TryGetHostedWorkspaceForm(workspaceHost), historyItemText"
"TryGetHostedWorkspaceForm","modAppWorkspaceService","216","RestoreWorkspaceHistoryState TryGetHostedWorkspaceForm(workspaceHost), historyItemText"
"RefreshShellStatus","modAppWorkspaceService","219","modAppShell.RefreshShellStatus hostForm"
"GoBack","modAppWorkspaceService","221","GoBack = True"
"GoBack","modAppWorkspaceService","223","modLoggingHandler.LogInfo MODULE_NAME & "".GoBack"", _"
"LogInfo","modAppWorkspaceService","223","modLoggingHandler.LogInfo MODULE_NAME & "".GoBack"", _"
"GoBack","modAppWorkspaceService","232","GoBack = False"
"GoBack","modAppWorkspaceService","233","modErrorHandler.HandleError MODULE_NAME, ""GoBack"", Err"
"HandleError","modAppWorkspaceService","233","modErrorHandler.HandleError MODULE_NAME, ""GoBack"", Err"
"EnsureWorkspaceHistory","modAppWorkspaceService","237","EnsureWorkspaceHistory"
"CanGoBack","modAppWorkspaceService","238","CanGoBack = (m_workspaceHistory.count > 0)"
"EnsureWorkspaceHistory","modAppWorkspaceService","246","EnsureWorkspaceHistory"
"PeekWorkspaceHistory","modAppWorkspaceService","249","PeekWorkspaceHistory = m_workspaceHistory(m_workspaceHistory.count)"
"ApplyWorkspaceOpenArgs","modAppWorkspaceService","263","CallByName formObject, ""ApplyWorkspaceOpenArgs"", VbMethod, openArgs"
"ApplyWorkspaceOpenArgs","modAppWorkspaceService","265","modLoggingHandler.LogInfo MODULE_NAME & "".ApplyWorkspaceOpenArgs"", _"
"LogInfo","modAppWorkspaceService","265","modLoggingHandler.LogInfo MODULE_NAME & "".ApplyWorkspaceOpenArgs"", _"
"ApplyWorkspaceOpenArgs","modAppWorkspaceService","271","modLoggingHandler.LogInfo MODULE_NAME & "".ApplyWorkspaceOpenArgs"", _"
"LogInfo","modAppWorkspaceService","271","modLoggingHandler.LogInfo MODULE_NAME & "".ApplyWorkspaceOpenArgs"", _"
"ApplyWorkspaceOpenArgs","modAppWorkspaceService","272","""Workspace form '"" & FormName & ""' does not implement ApplyWorkspaceOpenArgs."""
"ApplyWorkspaceOpenArgs","modAppWorkspaceService","274","modLoggingHandler.LogWarning MODULE_NAME & "".ApplyWorkspaceOpenArgs"", _"
"LogWarning","modAppWorkspaceService","274","modLoggingHandler.LogWarning MODULE_NAME & "".ApplyWorkspaceOpenArgs"", _"
"ApplyWorkspaceOpenArgs","modAppWorkspaceService","275","""ApplyWorkspaceOpenArgs failed for form '"" & FormName & ""'; err_number="" & CStr(Err.Number) & _"
"ApplyWorkspaceOpenArgs","modAppWorkspaceService","277","modErrorHandler.HandleError MODULE_NAME, ""ApplyWorkspaceOpenArgs"", Err"
"HandleError","modAppWorkspaceService","277","modErrorHandler.HandleError MODULE_NAME, ""ApplyWorkspaceOpenArgs"", Err"
"CanReplaceWorkspaceContent","modAppWorkspaceService","288","CanReplaceWorkspaceContent = True"
"TryGetHostedWorkspaceForm","modAppWorkspaceService","298","Set workspaceForm = TryGetHostedWorkspaceForm(workspaceHost)"
"CanReplaceWorkspaceContent","modAppWorkspaceService","304","CanReplaceWorkspaceContent = CBool(CallByName(formObject, ""CanLeaveWorkspace"", VbMethod))"
"ReportExists","modAppWorkspaceService","319","If Not ReportExists(report_name) Then"
"LogWarning","modAppWorkspaceService","320","modLoggingHandler.LogWarning MODULE_NAME & "".PreviewWorkspaceReport"", _"
"PreviewWorkspaceReport","modAppWorkspaceService","320","modLoggingHandler.LogWarning MODULE_NAME & "".PreviewWorkspaceReport"", _"
"PreviewWorkspaceReport","modAppWorkspaceService","327","PreviewWorkspaceReport = True"
"LogInfo","modAppWorkspaceService","328","modLoggingHandler.LogInfo MODULE_NAME & "".PreviewWorkspaceReport"", _"
"PreviewWorkspaceReport","modAppWorkspaceService","328","modLoggingHandler.LogInfo MODULE_NAME & "".PreviewWorkspaceReport"", _"
"PreviewWorkspaceReport","modAppWorkspaceService","333","PreviewWorkspaceReport = False"
"HandleError","modAppWorkspaceService","334","modErrorHandler.HandleError MODULE_NAME, ""PreviewWorkspaceReport"", Err"
"PreviewWorkspaceReport","modAppWorkspaceService","334","modErrorHandler.HandleError MODULE_NAME, ""PreviewWorkspaceReport"", Err"
"LoadDashboard","modAppWorkspaceService","340","LoadDashboard = OpenWorkspaceForm(shellForm, DASHBOARD_FORM_NAME)"
"OpenWorkspaceForm","modAppWorkspaceService","340","LoadDashboard = OpenWorkspaceForm(shellForm, DASHBOARD_FORM_NAME)"
"LoadDashboard","modAppWorkspaceService","344","LoadDashboard = False"
"HandleError","modAppWorkspaceService","345","modErrorHandler.HandleError MODULE_NAME, ""LoadDashboard"", Err"
"LoadDashboard","modAppWorkspaceService","345","modErrorHandler.HandleError MODULE_NAME, ""LoadDashboard"", Err"
"ResolveWorkspaceHostForm","modAppWorkspaceService","354","Set hostForm = ResolveWorkspaceHostForm(shellForm)"
"ClearWorkspace","modAppWorkspaceService","357","ClearWorkspace = True"
"GetWorkspaceHostControl","modAppWorkspaceService","361","Set workspaceHost = GetWorkspaceHostControl(hostForm)"
"ClearWorkspace","modAppWorkspaceService","363","ClearWorkspace = True"
"RefreshShellStatus","modAppWorkspaceService","368","modAppShell.RefreshShellStatus hostForm"
"ClearWorkspace","modAppWorkspaceService","369","ClearWorkspace = True"
"ClearWorkspace","modAppWorkspaceService","371","modLoggingHandler.LogInfo MODULE_NAME & "".ClearWorkspace"", _"
"LogInfo","modAppWorkspaceService","371","modLoggingHandler.LogInfo MODULE_NAME & "".ClearWorkspace"", _"
"ClearWorkspace","modAppWorkspaceService","376","ClearWorkspace = False"
"ClearWorkspace","modAppWorkspaceService","377","modErrorHandler.HandleError MODULE_NAME, ""ClearWorkspace"", Err"
"HandleError","modAppWorkspaceService","377","modErrorHandler.HandleError MODULE_NAME, ""ClearWorkspace"", Err"
"ApplyWorkspaceFormState","modAppWorkspaceService","413","modErrorHandler.HandleError MODULE_NAME, ""ApplyWorkspaceFormState"", Err"
"HandleError","modAppWorkspaceService","413","modErrorHandler.HandleError MODULE_NAME, ""ApplyWorkspaceFormState"", Err"
"EnsureWorkspaceHistory","modAppWorkspaceService","419","EnsureWorkspaceHistory"
"TryGetHostedWorkspaceForm","modAppWorkspaceService","449","Set workspaceForm = TryGetHostedWorkspaceForm(workspaceHost)"
"CaptureCurrentWorkspaceHistory","modAppWorkspaceService","450","CaptureCurrentWorkspaceHistory = SerializeWorkspaceHistoryItem(workspaceForm)"
"SerializeWorkspaceHistoryItem","modAppWorkspaceService","450","CaptureCurrentWorkspaceHistory = SerializeWorkspaceHistoryItem(workspaceForm)"
"EscapeHistoryValue","modAppWorkspaceService","468","EscapeHistoryValue = Value"
"FormExists","modAppWorkspaceService","478","FormExists = True"
"GetCurrentRecordIdText","modAppWorkspaceService","492","GetCurrentRecordIdText = CStr(CallByName(formObject, ""GetCurrentWorkspaceRecordId"", VbMethod))"
"GetHistoryValue","modAppWorkspaceService","513","GetHistoryValue = UnescapeHistoryValue(Mid$(CStr(pairText), separatorPosition + 1))"
"UnescapeHistoryValue","modAppWorkspaceService","513","GetHistoryValue = UnescapeHistoryValue(Mid$(CStr(pairText), separatorPosition + 1))"
"HasControl","modAppWorkspaceService","527","If HasControl(shellForm, WORKSPACE_SUBFORM_CONTROL) Then"
"GetWorkspaceHostControl","modAppWorkspaceService","528","Set GetWorkspaceHostControl = shellForm.Controls(WORKSPACE_SUBFORM_CONTROL)"
"HasControl","modAppWorkspaceService","545","HasControl = True"
"EnsureWorkspaceHistory","modAppWorkspaceService","554","EnsureWorkspaceHistory"
"PopHistoryItem","modAppWorkspaceService","560","PopHistoryItem = m_workspaceHistory(m_workspaceHistory.count)"
"ReportExists","modAppWorkspaceService","571","ReportExists = True"
"GetHistoryValue","modAppWorkspaceService","580","If StrComp(GetHistoryValue(historyItemText, HISTORY_KEY_DATA_MODE), ""ADD"", vbTextCompare) = 0 Then"
"ResolveHistoryDataMode","modAppWorkspaceService","581","ResolveHistoryDataMode = acFormAdd"
"ResolveHistoryDataMode","modAppWorkspaceService","583","ResolveHistoryDataMode = acFormPropertySettings"
"HasControl","modAppWorkspaceService","594","If HasControl(shellForm, WORKSPACE_SUBFORM_CONTROL) Then"
"ResolveWorkspaceHostForm","modAppWorkspaceService","595","Set ResolveWorkspaceHostForm = shellForm"
"ResolveWorkspaceHostForm","modAppWorkspaceService","599","Set ResolveWorkspaceHostForm = shellForm.Parent"
"ResolveWorkspaceHostForm","modAppWorkspaceService","601","If Not ResolveWorkspaceHostForm Is Nothing Then"
"HasControl","modAppWorkspaceService","602","If Not HasControl(ResolveWorkspaceHostForm, WORKSPACE_SUBFORM_CONTROL) Then"
"ResolveWorkspaceHostForm","modAppWorkspaceService","602","If Not HasControl(ResolveWorkspaceHostForm, WORKSPACE_SUBFORM_CONTROL) Then"
"ResolveWorkspaceHostForm","modAppWorkspaceService","603","Set ResolveWorkspaceHostForm = Nothing"
"GetHistoryValue","modAppWorkspaceService","623","filterText = GetHistoryValue(historyItemText, HISTORY_KEY_FILTER)"
"GetHistoryValue","modAppWorkspaceService","624","orderByText = GetHistoryValue(historyItemText, HISTORY_KEY_ORDER_BY)"
"GetHistoryValue","modAppWorkspaceService","625","stateText = GetHistoryValue(historyItemText, HISTORY_KEY_WORKSPACE_STATE)"
"TryRestoreWorkspaceState","modAppWorkspaceService","638","TryRestoreWorkspaceState workspaceForm, stateText"
"HandleError","modAppWorkspaceService","642","modErrorHandler.HandleError MODULE_NAME, ""RestoreWorkspaceHistoryState"", Err"
"RestoreWorkspaceHistoryState","modAppWorkspaceService","642","modErrorHandler.HandleError MODULE_NAME, ""RestoreWorkspaceHistoryState"", Err"
"AddHistoryPair","modAppWorkspaceService","673","historyItemText = AddHistoryPair(historyItemText, HISTORY_KEY_FORM_NAME, workspaceForm.Name)"
"AddHistoryPair","modAppWorkspaceService","674","historyItemText = AddHistoryPair(historyItemText, HISTORY_KEY_WHERE_CONDITION, whereConditionText)"
"AddHistoryPair","modAppWorkspaceService","675","historyItemText = AddHistoryPair(historyItemText, HISTORY_KEY_FILTER, filterText)"
"AddHistoryPair","modAppWorkspaceService","676","historyItemText = AddHistoryPair(historyItemText, HISTORY_KEY_ORDER_BY, orderByText)"
"AddHistoryPair","modAppWorkspaceService","677","historyItemText = AddHistoryPair(historyItemText, HISTORY_KEY_CURRENT_RECORD_ID, GetCurrentRecordIdText(workspaceForm))"
"GetCurrentRecordIdText","modAppWorkspaceService","677","historyItemText = AddHistoryPair(historyItemText, HISTORY_KEY_CURRENT_RECORD_ID, GetCurrentRecordIdText(workspaceForm))"
"AddHistoryPair","modAppWorkspaceService","678","historyItemText = AddHistoryPair(historyItemText, HISTORY_KEY_WORKSPACE_STATE, TryGetWorkspaceState(workspaceForm))"
"TryGetWorkspaceState","modAppWorkspaceService","678","historyItemText = AddHistoryPair(historyItemText, HISTORY_KEY_WORKSPACE_STATE, TryGetWorkspaceState(workspaceForm))"
"AddHistoryPair","modAppWorkspaceService","679","historyItemText = AddHistoryPair(historyItemText, HISTORY_KEY_OPEN_ARGS, Nz(workspaceForm.openArgs, vbNullString))"
"AddHistoryPair","modAppWorkspaceService","680","historyItemText = AddHistoryPair(historyItemText, HISTORY_KEY_DATA_MODE, dataModeText)"
"AddHistoryPair","modAppWorkspaceService","681","historyItemText = AddHistoryPair(historyItemText, HISTORY_KEY_TIMESTAMP, Format$(Now(), ""yyyy-mm-dd hh:nn:ss""))"
"SerializeWorkspaceHistoryItem","modAppWorkspaceService","683","SerializeWorkspaceHistoryItem = historyItemText"
"HandleError","modAppWorkspaceService","687","modErrorHandler.HandleError MODULE_NAME, ""SerializeWorkspaceHistoryItem"", Err"
"SerializeWorkspaceHistoryItem","modAppWorkspaceService","687","modErrorHandler.HandleError MODULE_NAME, ""SerializeWorkspaceHistoryItem"", Err"
"TryGetHostedWorkspaceForm","modAppWorkspaceService","713","Set TryGetHostedWorkspaceForm = workspaceHost.Form"
"ResolveCurrentWorkspaceSourceObject","modAppWorkspaceService","725","ResolveCurrentWorkspaceSourceObject = Trim$(Nz(workspaceHost.sourceObject, vbNullString))"
"TryGetHostedWorkspaceForm","modAppWorkspaceService","747","Set restoredWorkspaceForm = TryGetHostedWorkspaceForm(workspaceHost)"
"RestoreWorkspaceHistoryState","modAppWorkspaceService","750","RestoreWorkspaceHistoryState restoredWorkspaceForm, previousWorkspaceState"
"LogWarning","modAppWorkspaceService","754","modLoggingHandler.LogWarning MODULE_NAME & "".RecoverWorkspaceAfterLoadFailure"", _"
"RecoverWorkspaceAfterLoadFailure","modAppWorkspaceService","754","modLoggingHandler.LogWarning MODULE_NAME & "".RecoverWorkspaceAfterLoadFailure"", _"
"LogWarning","modAppWorkspaceService","760","modLoggingHandler.LogWarning MODULE_NAME & "".RecoverWorkspaceAfterLoadFailure"", _"
"RecoverWorkspaceAfterLoadFailure","modAppWorkspaceService","760","modLoggingHandler.LogWarning MODULE_NAME & "".RecoverWorkspaceAfterLoadFailure"", _"
"LogWarning","modAppWorkspaceService","763","modLoggingHandler.LogWarning MODULE_NAME & "".RecoverWorkspaceAfterLoadFailure"", _"
"RecoverWorkspaceAfterLoadFailure","modAppWorkspaceService","763","modLoggingHandler.LogWarning MODULE_NAME & "".RecoverWorkspaceAfterLoadFailure"", _"
"RefreshShellStatus","modAppWorkspaceService","768","modAppShell.RefreshShellStatus hostForm"
"LogWorkspaceState","modAppWorkspaceService","769","modFwDiagnostics.LogWorkspaceState ""OpenWorkspaceFormFailureRecovery:"" & requestedFormName, hostForm"
"TryGetWorkspaceState","modAppWorkspaceService","781","TryGetWorkspaceState = CStr(CallByName(formObject, ""GetWorkspaceState"", VbMethod))"
"LogWarning","modAppWorkspaceService","800","modLoggingHandler.LogWarning MODULE_NAME & "".TryRestoreWorkspaceState"", _"
"TryRestoreWorkspaceState","modAppWorkspaceService","800","modLoggingHandler.LogWarning MODULE_NAME & "".TryRestoreWorkspaceState"", _"
"UnescapeHistoryValue","modAppWorkspaceService","811","UnescapeHistoryValue = Value"
"AddHistoryPair","modAppWorkspaceService","823","AddHistoryPair = historyItemText & keyName & ""="" & EscapeHistoryValue(Nz(valueText, vbNullString))"
"EscapeHistoryValue","modAppWorkspaceService","823","AddHistoryPair = historyItemText & keyName & ""="" & EscapeHistoryValue(Nz(valueText, vbNullString))"
"EnsureOrderCalculationSchema","modOrderCalculationService","54","EnsureOrderCalculationSchema = True"
"CalculateLineAmountsForContext","modOrderCalculationService","58","CalculateOrderLineAmounts = CalculateLineAmountsForContext( _"
"CalculateOrderLineAmounts","modOrderCalculationService","58","CalculateOrderLineAmounts = CalculateLineAmountsForContext( _"
"CalculateLineAmountsForContext","modOrderCalculationService","68","CalculateTemporaryOrderLineAmounts = CalculateLineAmountsForContext( _"
"CalculateTemporaryOrderLineAmounts","modOrderCalculationService","68","CalculateTemporaryOrderLineAmounts = CalculateLineAmountsForContext( _"
"CalculateLineAmountsByParentAndLineNo","modOrderCalculationService","78","CalculateOrderLineAmountsByOrderAndLineNo = CalculateLineAmountsByParentAndLineNo( _"
"CalculateOrderLineAmountsByOrderAndLineNo","modOrderCalculationService","78","CalculateOrderLineAmountsByOrderAndLineNo = CalculateLineAmountsByParentAndLineNo( _"
"CalculateLineAmountsByParentAndLineNo","modOrderCalculationService","87","CalculateTemporaryOrderLineAmountsByOrderAndLineNo = CalculateLineAmountsByParentAndLineNo( _"
"CalculateTemporaryOrderLineAmountsByOrderAndLineNo","modOrderCalculationService","87","CalculateTemporaryOrderLineAmountsByOrderAndLineNo = CalculateLineAmountsByParentAndLineNo( _"
"CalculateOrderTotals","modOrderCalculationService","96","CalculateOrderTotals = CalculateTotalsForContext( _"
"CalculateTotalsForContext","modOrderCalculationService","96","CalculateOrderTotals = CalculateTotalsForContext( _"
"CalculateTemporaryOrderTotals","modOrderCalculationService","105","CalculateTemporaryOrderTotals = CalculateTotalsForContext( _"
"CalculateTotalsForContext","modOrderCalculationService","105","CalculateTemporaryOrderTotals = CalculateTotalsForContext( _"
"RecalculateForContext","modOrderCalculationService","114","RecalculateOrder = RecalculateForContext( _"
"RecalculateOrder","modOrderCalculationService","114","RecalculateOrder = RecalculateForContext( _"
"RecalculateForContext","modOrderCalculationService","124","RecalculateTemporaryOrder = RecalculateForContext( _"
"RecalculateTemporaryOrder","modOrderCalculationService","124","RecalculateTemporaryOrder = RecalculateForContext( _"
"SqlText","modOrderCalculationService","144","Dim SqlText As String"
"CalculateLineAmountsForContext","modOrderCalculationService","164","CalculateLineAmountsForContext = False"
"GetCurrentDatabase","modOrderCalculationService","170","Set db = modDb.GetCurrentDatabase()"
"SqlText","modOrderCalculationService","175","SqlText = ""SELECT * FROM ["" & lineTableName & ""] WHERE ["" & lineKeyField & ""]="" & CStr(lineId) & "";"""
"SqlText","modOrderCalculationService","176","Set rsLine = db.OpenRecordset(SqlText, dbOpenDynaset)"
"GetRecordsetLongValue","modOrderCalculationService","182","headerId = GetRecordsetLongValue(rsLine, lineParentField, 0)"
"GetRecordsetDoubleValue","modOrderCalculationService","183","quantity = GetRecordsetDoubleValue(rsLine, FIELD_QUANTITY, 0)"
"GetRecordsetCurrencyValue","modOrderCalculationService","184","UnitPrice = GetRecordsetCurrencyValue(rsLine, FIELD_UNIT_PRICE, 0)"
"GetRecordsetDoubleValue","modOrderCalculationService","185","vatRate = GetRecordsetDoubleValue(rsLine, FIELD_VAT_RATE, 0)"
"GetVatMode","modOrderCalculationService","186","VatMode = ResolveOrderVatModeForContext(headerId, headerTableName, headerKeyField, modVatHandler.GetVatMode())"
"ResolveOrderVatModeForContext","modOrderCalculationService","186","VatMode = ResolveOrderVatModeForContext(headerId, headerTableName, headerKeyField, modVatHandler.GetVatMode())"
"GetRecordsetStringValue","modOrderCalculationService","187","discountType = GetRecordsetStringValue(rsLine, FIELD_DISCOUNT_TYPE, ADJUSTMENT_TYPE_NONE)"
"GetRecordsetCurrencyValue","modOrderCalculationService","188","discountValue = GetRecordsetCurrencyValue(rsLine, FIELD_DISCOUNT_VALUE, 0)"
"GetRecordsetStringValue","modOrderCalculationService","189","surchargeType = GetRecordsetStringValue(rsLine, FIELD_SURCHARGE_TYPE, ADJUSTMENT_TYPE_NONE)"
"GetRecordsetCurrencyValue","modOrderCalculationService","190","surchargeValue = GetRecordsetCurrencyValue(rsLine, FIELD_SURCHARGE_VALUE, 0)"
"NormalizeVatMode","modOrderCalculationService","192","If StrComp(modVatHandler.NormalizeVatMode(VatMode), ""NONE"", vbTextCompare) = 0 Then"
"RoundCurrency","modOrderCalculationService","196","baseAmount = RoundCurrency(CCur(quantity * CDbl(UnitPrice)))"
"CalculateAdjustmentAmount","modOrderCalculationService","197","discountAmount = modDocumentCalculationService.CalculateAdjustmentAmount(baseAmount, discountType, discountValue)"
"RoundCurrency","modOrderCalculationService","202","discountedBaseAmount = RoundCurrency(baseAmount - discountAmount)"
"CalculateAdjustmentAmount","modOrderCalculationService","203","surchargeAmount = modDocumentCalculationService.CalculateAdjustmentAmount(discountedBaseAmount, surchargeType, surchargeValue)"
"RoundCurrency","modOrderCalculationService","204","calculationBaseAmount = RoundCurrency(discountedBaseAmount + surchargeAmount)"
"NormalizeVatMode","modOrderCalculationService","206","Select Case modVatHandler.NormalizeVatMode(VatMode)"
"CalculateNetFromGross","modOrderCalculationService","209","lineNetAmount = modVatHandler.CalculateNetFromGross(lineGrossAmount, effectiveVatRate)"
"RoundCurrency","modOrderCalculationService","210","lineVatAmount = RoundCurrency(lineGrossAmount - lineNetAmount)"
"CalculateVatAmount","modOrderCalculationService","217","lineVatAmount = modVatHandler.CalculateVatAmount(lineNetAmount, effectiveVatRate, VatMode)"
"ResolveGrossAmount","modOrderCalculationService","218","lineGrossAmount = ResolveGrossAmount(lineNetAmount, lineVatAmount, effectiveVatRate, VatMode)"
"SetRecordsetValue","modOrderCalculationService","225","SetRecordsetValue rsLine, FIELD_LINE_BASE_AMOUNT, baseAmount"
"SetRecordsetValue","modOrderCalculationService","226","SetRecordsetValue rsLine, FIELD_LINE_DISCOUNT_AMOUNT, discountAmount"
"SetRecordsetValue","modOrderCalculationService","227","SetRecordsetValue rsLine, FIELD_LINE_SURCHARGE_AMOUNT, surchargeAmount"
"SetRecordsetValue","modOrderCalculationService","228","SetRecordsetValue rsLine, FIELD_LINE_NET_AMOUNT, lineNetAmount"
"SetRecordsetValue","modOrderCalculationService","229","SetRecordsetValue rsLine, FIELD_LINE_VAT_AMOUNT, lineVatAmount"
"SetRecordsetValue","modOrderCalculationService","230","SetRecordsetValue rsLine, FIELD_LINE_GROSS_AMOUNT, lineGrossAmount"
"CalculateLineAmountsForContext","modOrderCalculationService","233","CalculateLineAmountsForContext = True"
"CalculateLineAmountsForContext","modOrderCalculationService","243","CalculateLineAmountsForContext = False"
"CalculateLineAmountsForContext","modOrderCalculationService","244","modErrorHandler.HandleError MODULE_NAME, ""CalculateLineAmountsForContext"", Err"
"HandleError","modOrderCalculationService","244","modErrorHandler.HandleError MODULE_NAME, ""CalculateLineAmountsForContext"", Err"
"ResolveLineIdByParentAndLineNo","modOrderCalculationService","262","resolvedLineId = ResolveLineIdByParentAndLineNo(parentId, lineNo, lineTableName, lineParentField, lineKeyField)"
"CalculateLineAmountsByParentAndLineNo","modOrderCalculationService","268","CalculateLineAmountsByParentAndLineNo = CalculateTemporaryOrderLineAmounts(resolvedLineId)"
"CalculateTemporaryOrderLineAmounts","modOrderCalculationService","268","CalculateLineAmountsByParentAndLineNo = CalculateTemporaryOrderLineAmounts(resolvedLineId)"
"CalculateLineAmountsByParentAndLineNo","modOrderCalculationService","270","CalculateLineAmountsByParentAndLineNo = CalculateOrderLineAmounts(resolvedLineId)"
"CalculateOrderLineAmounts","modOrderCalculationService","270","CalculateLineAmountsByParentAndLineNo = CalculateOrderLineAmounts(resolvedLineId)"
"CalculateLineAmountsByParentAndLineNo","modOrderCalculationService","275","CalculateLineAmountsByParentAndLineNo = False"
"CalculateLineAmountsByParentAndLineNo","modOrderCalculationService","276","modErrorHandler.HandleError MODULE_NAME, ""CalculateLineAmountsByParentAndLineNo"", Err"
"HandleError","modOrderCalculationService","276","modErrorHandler.HandleError MODULE_NAME, ""CalculateLineAmountsByParentAndLineNo"", Err"
"NzLong","modOrderCalculationService","287","ResolveLineIdByParentAndLineNo = modDaoHelper.NzLong( _"
"ResolveLineIdByParentAndLineNo","modOrderCalculationService","287","ResolveLineIdByParentAndLineNo = modDaoHelper.NzLong( _"
"ResolveLineIdByParentAndLineNo","modOrderCalculationService","296","ResolveLineIdByParentAndLineNo = 0"
"SqlText","modOrderCalculationService","310","Dim SqlText As String"
"CalculateTotalsForContext","modOrderCalculationService","319","CalculateTotalsForContext = False"
"GetCurrentDatabase","modOrderCalculationService","325","Set db = modDb.GetCurrentDatabase()"
"SqlText","modOrderCalculationService","330","SqlText = ""SELECT * FROM ["" & headerTableName & ""] WHERE ["" & headerKeyField & ""]="" & CStr(headerId) & "";"""
"SqlText","modOrderCalculationService","331","Set rsOrder = db.OpenRecordset(SqlText, dbOpenDynaset)"
"SqlText","modOrderCalculationService","336","SqlText = ""SELECT * FROM ["" & lineTableName & ""] WHERE ["" & lineParentField & ""]="" & CStr(headerId) & "";"""
"SqlText","modOrderCalculationService","337","Set rsLines = db.OpenRecordset(SqlText, dbOpenSnapshot)"
"GetRecordsetCurrencyValue","modOrderCalculationService","342","subtotalNetAmount = subtotalNetAmount + GetRecordsetCurrencyValue(rsLines, FIELD_LINE_NET_AMOUNT, 0)"
"GetRecordsetCurrencyValue","modOrderCalculationService","343","totalVatAmount = totalVatAmount + GetRecordsetCurrencyValue(rsLines, FIELD_LINE_VAT_AMOUNT, 0)"
"GetRecordsetCurrencyValue","modOrderCalculationService","344","totalGrossAmount = totalGrossAmount + GetRecordsetCurrencyValue(rsLines, FIELD_LINE_GROSS_AMOUNT, 0)"
"GetRecordsetStringValue","modOrderCalculationService","349","headerDiscountType = GetRecordsetStringValue(rsOrder, FIELD_HEADER_DISCOUNT_TYPE, ADJUSTMENT_TYPE_NONE)"
"GetRecordsetCurrencyValue","modOrderCalculationService","350","headerDiscountValue = GetRecordsetCurrencyValue(rsOrder, FIELD_HEADER_DISCOUNT_VALUE, 0)"
"GetRecordsetStringValue","modOrderCalculationService","351","headerSurchargeType = GetRecordsetStringValue(rsOrder, FIELD_HEADER_SURCHARGE_TYPE, ADJUSTMENT_TYPE_NONE)"
"GetRecordsetCurrencyValue","modOrderCalculationService","352","headerSurchargeValue = GetRecordsetCurrencyValue(rsOrder, FIELD_HEADER_SURCHARGE_VALUE, 0)"
"HeaderAdjustmentsAreInactive","modOrderCalculationService","354","If Not HeaderAdjustmentsAreInactive(headerDiscountType, headerDiscountValue, headerSurchargeType, headerSurchargeValue) Then"
"CalculateOrderTotals","modOrderCalculationService","355","modLoggingHandler.LogWarning MODULE_NAME & "".CalculateOrderTotals"", _"
"LogWarning","modOrderCalculationService","355","modLoggingHandler.LogWarning MODULE_NAME & "".CalculateOrderTotals"", _"
"SetRecordsetValue","modOrderCalculationService","360","SetRecordsetValue rsOrder, FIELD_SUBTOTAL_NET_AMOUNT, subtotalNetAmount"
"SetRecordsetValue","modOrderCalculationService","361","SetRecordsetValue rsOrder, FIELD_HEADER_DISCOUNT_AMOUNT, 0"
"SetRecordsetValue","modOrderCalculationService","362","SetRecordsetValue rsOrder, FIELD_HEADER_SURCHARGE_AMOUNT, 0"
"SetRecordsetValue","modOrderCalculationService","363","SetRecordsetValue rsOrder, FIELD_NET_AMOUNT, subtotalNetAmount"
"SetRecordsetValue","modOrderCalculationService","364","SetRecordsetValue rsOrder, FIELD_VAT_AMOUNT, totalVatAmount"
"SetRecordsetValue","modOrderCalculationService","365","SetRecordsetValue rsOrder, FIELD_GROSS_AMOUNT, totalGrossAmount"
"CalculateTotalsForContext","modOrderCalculationService","368","CalculateTotalsForContext = True"
"CalculateTotalsForContext","modOrderCalculationService","380","CalculateTotalsForContext = False"
"CalculateTotalsForContext","modOrderCalculationService","381","modErrorHandler.HandleError MODULE_NAME, ""CalculateTotalsForContext"", Err"
"HandleError","modOrderCalculationService","381","modErrorHandler.HandleError MODULE_NAME, ""CalculateTotalsForContext"", Err"
"SqlText","modOrderCalculationService","396","Dim SqlText As String"
"RecalculateForContext","modOrderCalculationService","399","RecalculateForContext = False"
"GetCurrentDatabase","modOrderCalculationService","405","Set db = modDb.GetCurrentDatabase()"
"SqlText","modOrderCalculationService","410","SqlText = ""SELECT ["" & lineKeyField & ""] FROM ["" & lineTableName & ""] WHERE ["" & lineParentField & ""]="" & CStr(headerId) & "";"""
"SqlText","modOrderCalculationService","411","Set rsLines = db.OpenRecordset(SqlText, dbOpenSnapshot)"
"GetRecordsetLongValue","modOrderCalculationService","416","currentLineId = GetRecordsetLongValue(rsLines, lineKeyField, 0)"
"CalculateLineAmountsForContext","modOrderCalculationService","418","If Not CalculateLineAmountsForContext(currentLineId, headerTableName, lineTableName, headerKeyField, lineKeyField, lineParentField) Then"
"CalculateTotalsForContext","modOrderCalculationService","426","RecalculateForContext = CalculateTotalsForContext(headerId, headerTableName, lineTableName, headerKeyField, lineParentField)"
"RecalculateForContext","modOrderCalculationService","426","RecalculateForContext = CalculateTotalsForContext(headerId, headerTableName, lineTableName, headerKeyField, lineParentField)"
"RecalculateForContext","modOrderCalculationService","436","RecalculateForContext = False"
"HandleError","modOrderCalculationService","437","modErrorHandler.HandleError MODULE_NAME, ""RecalculateForContext"", Err"
"RecalculateForContext","modOrderCalculationService","437","modErrorHandler.HandleError MODULE_NAME, ""RecalculateForContext"", Err"
"HeaderAdjustmentsAreInactive","modOrderCalculationService","447","HeaderAdjustmentsAreInactive = (UCase$(Trim$(headerDiscountType)) = ADJUSTMENT_TYPE_NONE Or headerDiscountValue = 0) _"
"NormalizeVatMode","modOrderCalculationService","452","Select Case modVatHandler.NormalizeVatMode(VatMode)"
"CalculateGrossFromNet","modOrderCalculationService","454","ResolveGrossAmount = modVatHandler.CalculateGrossFromNet(NetAmount, vatRate)"
"ResolveGrossAmount","modOrderCalculationService","454","ResolveGrossAmount = modVatHandler.CalculateGrossFromNet(NetAmount, vatRate)"
"ResolveGrossAmount","modOrderCalculationService","456","ResolveGrossAmount = RoundCurrency(NetAmount)"
"RoundCurrency","modOrderCalculationService","456","ResolveGrossAmount = RoundCurrency(NetAmount)"
"ResolveGrossAmount","modOrderCalculationService","458","ResolveGrossAmount = RoundCurrency(NetAmount + VatAmount)"
"RoundCurrency","modOrderCalculationService","458","ResolveGrossAmount = RoundCurrency(NetAmount + VatAmount)"
"SqlText","modOrderCalculationService","471","Dim SqlText As String"
"ResolveOrderVatModeForContext","modOrderCalculationService","473","ResolveOrderVatModeForContext = defaultValue"
"GetCurrentDatabase","modOrderCalculationService","479","Set db = modDb.GetCurrentDatabase()"
"SqlText","modOrderCalculationService","484","SqlText = ""SELECT ["" & FIELD_VAT_MODE & ""] FROM ["" & headerTableName & ""] WHERE ["" & headerKeyField & ""]="" & CStr(headerId) & "";"""
"SqlText","modOrderCalculationService","485","Set rsOrder = db.OpenRecordset(SqlText, dbOpenSnapshot)"
"GetRecordsetStringValue","modOrderCalculationService","488","ResolveOrderVatModeForContext = GetRecordsetStringValue(rsOrder, FIELD_VAT_MODE, defaultValue)"
"ResolveOrderVatModeForContext","modOrderCalculationService","488","ResolveOrderVatModeForContext = GetRecordsetStringValue(rsOrder, FIELD_VAT_MODE, defaultValue)"
"ResolveOrderVatModeForContext","modOrderCalculationService","499","ResolveOrderVatModeForContext = defaultValue"
"HandleError","modOrderCalculationService","500","modErrorHandler.HandleError MODULE_NAME, ""ResolveOrderVatModeForContext"", Err"
"ResolveOrderVatModeForContext","modOrderCalculationService","500","modErrorHandler.HandleError MODULE_NAME, ""ResolveOrderVatModeForContext"", Err"
"RecordsetHasField","modOrderCalculationService","505","If modDaoHelper.RecordsetHasField(rs, fieldName) Then"
"GetRecordsetStringValue","modOrderCalculationService","506","GetRecordsetStringValue = Trim$(modDaoHelper.NzString(rs.Fields(fieldName).Value, defaultValue))"
"NzString","modOrderCalculationService","506","GetRecordsetStringValue = Trim$(modDaoHelper.NzString(rs.Fields(fieldName).Value, defaultValue))"
"GetRecordsetStringValue","modOrderCalculationService","508","GetRecordsetStringValue = defaultValue"
"RecordsetHasField","modOrderCalculationService","515","If modDaoHelper.RecordsetHasField(rs, fieldName) Then"
"NzString","modOrderCalculationService","516","rawValue = modDaoHelper.NzString(rs.Fields(fieldName).Value, CStr(defaultValue))"
"GetRecordsetCurrencyValue","modOrderCalculationService","518","GetRecordsetCurrencyValue = CCur(rawValue)"
"GetRecordsetCurrencyValue","modOrderCalculationService","520","GetRecordsetCurrencyValue = defaultValue"
"GetRecordsetCurrencyValue","modOrderCalculationService","523","GetRecordsetCurrencyValue = defaultValue"
"RecordsetHasField","modOrderCalculationService","530","If modDaoHelper.RecordsetHasField(rs, fieldName) Then"
"NzString","modOrderCalculationService","531","rawValue = modDaoHelper.NzString(rs.Fields(fieldName).Value, CStr(defaultValue))"
"GetRecordsetDoubleValue","modOrderCalculationService","533","GetRecordsetDoubleValue = CDbl(rawValue)"
"GetRecordsetDoubleValue","modOrderCalculationService","535","GetRecordsetDoubleValue = defaultValue"
"GetRecordsetDoubleValue","modOrderCalculationService","538","GetRecordsetDoubleValue = defaultValue"
"RecordsetHasField","modOrderCalculationService","543","If modDaoHelper.RecordsetHasField(rs, fieldName) Then"
"GetRecordsetLongValue","modOrderCalculationService","544","GetRecordsetLongValue = modDaoHelper.NzLong(rs.Fields(fieldName).Value, defaultValue)"
"NzLong","modOrderCalculationService","544","GetRecordsetLongValue = modDaoHelper.NzLong(rs.Fields(fieldName).Value, defaultValue)"
"GetRecordsetLongValue","modOrderCalculationService","546","GetRecordsetLongValue = defaultValue"
"RecordsetHasField","modOrderCalculationService","551","If modDaoHelper.RecordsetHasField(rs, fieldName) Then"
"RoundCurrency","modOrderCalculationService","557","RoundCurrency = CCur(Round(CDbl(Amount), 2))"
"WriteLog","modLoggingHandler","18","WriteLog LOG_LEVEL_INFO, SourceProcedure, Message"
"WriteLog","modLoggingHandler","22","WriteLog LOG_LEVEL_WARN, SourceProcedure, Message"
"WriteLog","modLoggingHandler","33","WriteLog LOG_LEVEL_ERROR, SourceProcedure, fullMessage"
"ShouldSkipLog","modLoggingHandler","39","If ShouldSkipLog(EntryLevel) Then"
"ShouldSkipLog","modLoggingHandler","62","ShouldSkipLog = (normalizedEntry <> LOG_LEVEL_ERROR)"
"ShouldSkipLog","modLoggingHandler","64","ShouldSkipLog = (normalizedEntry = LOG_LEVEL_INFO)"
"ShouldSkipLog","modLoggingHandler","66","ShouldSkipLog = False"
"NormalizeTranslationKey","modFwTranslationEditService","45","translationKey = NormalizeTranslationKey(translationKey)"
"LoadTranslationEditContext","modFwTranslationEditService","51","Err.Raise vbObjectError + 5600, MODULE_NAME & "".LoadTranslationEditContext"", ""Translation key is required."""
"ResolveAuditMetadata","modFwTranslationEditService","54","metadataText = ResolveAuditMetadata(translationKey)"
"ResolveMetadataValue","modFwTranslationEditService","55","scopeCode = ResolveMetadataValue(metadataText, FIELD_SCOPE_CODE)"
"ResolveScopeFromTranslationKey","modFwTranslationEditService","57","scopeCode = ResolveScopeFromTranslationKey(translationKey)"
"EnsureRequiredLanguageRows","modFwTranslationEditService","60","EnsureRequiredLanguageRows translationKey, scopeCode"
"SetControlValueIfPresent","modFwTranslationEditService","64","SetControlValueIfPresent targetForm, ""txtTranslationKey"", translationKey"
"SetControlValueIfPresent","modFwTranslationEditService","65","SetControlValueIfPresent targetForm, ""txtScopeCode"", scopeCode"
"ResolveMetadataValue","modFwTranslationEditService","66","SetControlValueIfPresent targetForm, ""txtAuditStatus"", ResolveMetadataValue(metadataText, FIELD_AUDIT_STATUS)"
"SetControlValueIfPresent","modFwTranslationEditService","66","SetControlValueIfPresent targetForm, ""txtAuditStatus"", ResolveMetadataValue(metadataText, FIELD_AUDIT_STATUS)"
"ResolveMetadataValue","modFwTranslationEditService","67","SetControlValueIfPresent targetForm, ""txtSourceType"", ResolveMetadataValue(metadataText, FIELD_SOURCE_TYPE)"
"SetControlValueIfPresent","modFwTranslationEditService","67","SetControlValueIfPresent targetForm, ""txtSourceType"", ResolveMetadataValue(metadataText, FIELD_SOURCE_TYPE)"
"ResolveMetadataValue","modFwTranslationEditService","68","SetControlValueIfPresent targetForm, ""txtSourceObject"", ResolveMetadataValue(metadataText, FIELD_SOURCE_OBJECT)"
"SetControlValueIfPresent","modFwTranslationEditService","68","SetControlValueIfPresent targetForm, ""txtSourceObject"", ResolveMetadataValue(metadataText, FIELD_SOURCE_OBJECT)"
"ResolveMetadataValue","modFwTranslationEditService","69","SetControlValueIfPresent targetForm, ""txtSourceControl"", ResolveMetadataValue(metadataText, FIELD_SOURCE_CONTROL)"
"SetControlValueIfPresent","modFwTranslationEditService","69","SetControlValueIfPresent targetForm, ""txtSourceControl"", ResolveMetadataValue(metadataText, FIELD_SOURCE_CONTROL)"
"ResolveMetadataValue","modFwTranslationEditService","70","SetControlValueIfPresent targetForm, ""txtFallbackText"", ResolveMetadataValue(metadataText, FIELD_FALLBACK_TEXT)"
"SetControlValueIfPresent","modFwTranslationEditService","70","SetControlValueIfPresent targetForm, ""txtFallbackText"", ResolveMetadataValue(metadataText, FIELD_FALLBACK_TEXT)"
"LookupTranslationValue","modFwTranslationEditService","71","SetControlValueIfPresent targetForm, ""txtTranslationDeCh"", LookupTranslationValue(db, translationKey, LANGUAGE_DE_CH)"
"SetControlValueIfPresent","modFwTranslationEditService","71","SetControlValueIfPresent targetForm, ""txtTranslationDeCh"", LookupTranslationValue(db, translationKey, LANGUAGE_DE_CH)"
"LookupTranslationValue","modFwTranslationEditService","72","SetControlValueIfPresent targetForm, ""txtTranslationEnUs"", LookupTranslationValue(db, translationKey, LANGUAGE_EN_US)"
"SetControlValueIfPresent","modFwTranslationEditService","72","SetControlValueIfPresent targetForm, ""txtTranslationEnUs"", LookupTranslationValue(db, translationKey, LANGUAGE_EN_US)"
"LookupTranslationValue","modFwTranslationEditService","73","SetControlValueIfPresent targetForm, ""txtTranslationFrFr"", LookupTranslationValue(db, translationKey, LANGUAGE_FR_CH)"
"SetControlValueIfPresent","modFwTranslationEditService","73","SetControlValueIfPresent targetForm, ""txtTranslationFrFr"", LookupTranslationValue(db, translationKey, LANGUAGE_FR_CH)"
"LoadTranslationEditContext","modFwTranslationEditService","75","modLoggingHandler.LogInfo MODULE_NAME & "".LoadTranslationEditContext"", _"
"LogInfo","modFwTranslationEditService","75","modLoggingHandler.LogInfo MODULE_NAME & "".LoadTranslationEditContext"", _"
"HandleError","modFwTranslationEditService","80","modErrorHandler.HandleError MODULE_NAME, ""LoadTranslationEditContext"", Err"
"LoadTranslationEditContext","modFwTranslationEditService","80","modErrorHandler.HandleError MODULE_NAME, ""LoadTranslationEditContext"", Err"
"NormalizeTranslationKey","modFwTranslationEditService","90","translationKey = NormalizeTranslationKey(translationKey)"
"NzString","modFwTranslationEditService","95","scopeCode = UCase$(Trim$(modDaoHelper.NzString(scopeCode)))"
"ResolveScopeFromTranslationKey","modFwTranslationEditService","97","scopeCode = ResolveScopeFromTranslationKey(translationKey)"
"RequiredLanguageCodes","modFwTranslationEditService","102","For Each languageCode In RequiredLanguageCodes()"
"EnsureSingleLanguageRow","modFwTranslationEditService","103","EnsureSingleLanguageRow db, translationKey, CStr(languageCode), scopeCode"
"EnsureRequiredLanguageRows","modFwTranslationEditService","109","modErrorHandler.HandleError MODULE_NAME, ""EnsureRequiredLanguageRows"", Err"
"HandleError","modFwTranslationEditService","109","modErrorHandler.HandleError MODULE_NAME, ""EnsureRequiredLanguageRows"", Err"
"NormalizeTranslationKey","modFwTranslationEditService","123","translationKey = NormalizeTranslationKey(translationKey)"
"SaveTranslationValues","modFwTranslationEditService","125","Err.Raise vbObjectError + 5601, MODULE_NAME & "".SaveTranslationValues"", ""Translation key is required."""
"GetControlText","modFwTranslationEditService","128","scopeCode = UCase$(Trim$(GetControlText(targetForm, ""txtScopeCode"")))"
"ResolveScopeFromTranslationKey","modFwTranslationEditService","130","scopeCode = ResolveScopeFromTranslationKey(translationKey)"
"EnsureRequiredLanguageRows","modFwTranslationEditService","133","EnsureRequiredLanguageRows translationKey, scopeCode"
"GetControlText","modFwTranslationEditService","137","SaveSingleTranslationValue db, translationKey, LANGUAGE_DE_CH, GetControlText(targetForm, ""txtTranslationDeCh""), scopeCode"
"SaveSingleTranslationValue","modFwTranslationEditService","137","SaveSingleTranslationValue db, translationKey, LANGUAGE_DE_CH, GetControlText(targetForm, ""txtTranslationDeCh""), scopeCode"
"GetControlText","modFwTranslationEditService","138","SaveSingleTranslationValue db, translationKey, LANGUAGE_EN_US, GetControlText(targetForm, ""txtTranslationEnUs""), scopeCode"
"SaveSingleTranslationValue","modFwTranslationEditService","138","SaveSingleTranslationValue db, translationKey, LANGUAGE_EN_US, GetControlText(targetForm, ""txtTranslationEnUs""), scopeCode"
"GetControlText","modFwTranslationEditService","139","SaveSingleTranslationValue db, translationKey, LANGUAGE_FR_CH, GetControlText(targetForm, ""txtTranslationFrFr""), scopeCode"
"SaveSingleTranslationValue","modFwTranslationEditService","139","SaveSingleTranslationValue db, translationKey, LANGUAGE_FR_CH, GetControlText(targetForm, ""txtTranslationFrFr""), scopeCode"
"LogInfo","modFwTranslationEditService","141","modLoggingHandler.LogInfo MODULE_NAME & "".SaveTranslationValues"", _"
"SaveTranslationValues","modFwTranslationEditService","141","modLoggingHandler.LogInfo MODULE_NAME & "".SaveTranslationValues"", _"
"HandleError","modFwTranslationEditService","146","modErrorHandler.HandleError MODULE_NAME, ""SaveTranslationValues"", Err"
"SaveTranslationValues","modFwTranslationEditService","146","modErrorHandler.HandleError MODULE_NAME, ""SaveTranslationValues"", Err"
"NormalizeTranslationKey","modFwTranslationEditService","159","translationKey = NormalizeTranslationKey(translationKey)"
"ResolveScopeFromTranslationKey","modFwTranslationEditService","164","scopeCode = ResolveScopeFromTranslationKey(translationKey)"
"AddMetadataPair","modFwTranslationEditService","165","metadataText = AddMetadataPair(metadataText, FIELD_SCOPE_CODE, scopeCode)"
"TableExists","modFwTranslationEditService","168","If Not TableExists(db, TABLE_AUDIT) Then"
"ResolveAuditMetadata","modFwTranslationEditService","169","ResolveAuditMetadata = metadataText"
"SqlText","modFwTranslationEditService","175","""WHERE translation_key = "" & SqlText(translationKey) & "" "" & _"
"AddMetadataPair","modFwTranslationEditService","183","metadataText = AddMetadataPair(metadataText, FIELD_SCOPE_CODE, modDaoHelper.NzString(rs.Fields(FIELD_SCOPE_CODE).Value, scopeCode))"
"NzString","modFwTranslationEditService","183","metadataText = AddMetadataPair(metadataText, FIELD_SCOPE_CODE, modDaoHelper.NzString(rs.Fields(FIELD_SCOPE_CODE).Value, scopeCode))"
"AddMetadataPair","modFwTranslationEditService","184","metadataText = AddMetadataPair(metadataText, FIELD_AUDIT_STATUS, modDaoHelper.NzString(rs.Fields(FIELD_AUDIT_STATUS).Value))"
"NzString","modFwTranslationEditService","184","metadataText = AddMetadataPair(metadataText, FIELD_AUDIT_STATUS, modDaoHelper.NzString(rs.Fields(FIELD_AUDIT_STATUS).Value))"
"AddMetadataPair","modFwTranslationEditService","185","metadataText = AddMetadataPair(metadataText, FIELD_SOURCE_TYPE, modDaoHelper.NzString(rs.Fields(FIELD_SOURCE_TYPE).Value))"
"NzString","modFwTranslationEditService","185","metadataText = AddMetadataPair(metadataText, FIELD_SOURCE_TYPE, modDaoHelper.NzString(rs.Fields(FIELD_SOURCE_TYPE).Value))"
"AddMetadataPair","modFwTranslationEditService","186","metadataText = AddMetadataPair(metadataText, FIELD_SOURCE_OBJECT, modDaoHelper.NzString(rs.Fields(FIELD_SOURCE_OBJECT).Value))"
"NzString","modFwTranslationEditService","186","metadataText = AddMetadataPair(metadataText, FIELD_SOURCE_OBJECT, modDaoHelper.NzString(rs.Fields(FIELD_SOURCE_OBJECT).Value))"
"AddMetadataPair","modFwTranslationEditService","187","metadataText = AddMetadataPair(metadataText, FIELD_SOURCE_CONTROL, modDaoHelper.NzString(rs.Fields(FIELD_SOURCE_CONTROL).Value))"
"NzString","modFwTranslationEditService","187","metadataText = AddMetadataPair(metadataText, FIELD_SOURCE_CONTROL, modDaoHelper.NzString(rs.Fields(FIELD_SOURCE_CONTROL).Value))"
"AddMetadataPair","modFwTranslationEditService","188","metadataText = AddMetadataPair(metadataText, FIELD_FALLBACK_TEXT, modDaoHelper.NzString(rs.Fields(FIELD_FALLBACK_TEXT).Value))"
"NzString","modFwTranslationEditService","188","metadataText = AddMetadataPair(metadataText, FIELD_FALLBACK_TEXT, modDaoHelper.NzString(rs.Fields(FIELD_FALLBACK_TEXT).Value))"
"ResolveAuditMetadata","modFwTranslationEditService","194","ResolveAuditMetadata = metadataText"
"AddMetadataPair","modFwTranslationEditService","201","ResolveAuditMetadata = AddMetadataPair(vbNullString, FIELD_SCOPE_CODE, ResolveScopeFromTranslationKey(translationKey))"
"ResolveAuditMetadata","modFwTranslationEditService","201","ResolveAuditMetadata = AddMetadataPair(vbNullString, FIELD_SCOPE_CODE, ResolveScopeFromTranslationKey(translationKey))"
"ResolveScopeFromTranslationKey","modFwTranslationEditService","201","ResolveAuditMetadata = AddMetadataPair(vbNullString, FIELD_SCOPE_CODE, ResolveScopeFromTranslationKey(translationKey))"
"HandleError","modFwTranslationEditService","202","modErrorHandler.HandleError MODULE_NAME, ""ResolveAuditMetadata"", Err"
"ResolveAuditMetadata","modFwTranslationEditService","202","modErrorHandler.HandleError MODULE_NAME, ""ResolveAuditMetadata"", Err"
"SqlText","modFwTranslationEditService","212","""WHERE translation_key = "" & SqlText(translationKey) & "" "" & _"
"SqlText","modFwTranslationEditService","213","""AND language_code = "" & SqlText(languageCode) & "";"", dbOpenDynaset)"
"SetAuditRecordFields","modFwTranslationEditService","221","SetAuditRecordFields rs, True"
"EnsureSingleLanguageRow","modFwTranslationEditService","232","modErrorHandler.HandleError MODULE_NAME, ""EnsureSingleLanguageRow"", Err"
"HandleError","modFwTranslationEditService","232","modErrorHandler.HandleError MODULE_NAME, ""EnsureSingleLanguageRow"", Err"
"SqlText","modFwTranslationEditService","248","""WHERE translation_key = "" & SqlText(translationKey) & "" "" & _"
"SqlText","modFwTranslationEditService","249","""AND language_code = "" & SqlText(languageCode) & "";"", dbOpenDynaset)"
"SetAuditRecordFields","modFwTranslationEditService","257","SetAuditRecordFields rs, True"
"RecordsetHasField","modFwTranslationEditService","260","If modDaoHelper.RecordsetHasField(rs, FIELD_MODULE_CODE) Then"
"RecordsetHasField","modFwTranslationEditService","263","If modDaoHelper.RecordsetHasField(rs, FIELD_IS_ACTIVE) Then"
"SetAuditRecordFields","modFwTranslationEditService","266","SetAuditRecordFields rs, False"
"HandleError","modFwTranslationEditService","284","modErrorHandler.HandleError MODULE_NAME, ""SaveSingleTranslationValue"", Err"
"SaveSingleTranslationValue","modFwTranslationEditService","284","modErrorHandler.HandleError MODULE_NAME, ""SaveSingleTranslationValue"", Err"
"ResolveAuditUserName","modFwTranslationEditService","292","currentUser = modAuditHelper.ResolveAuditUserName()"
"RecordsetHasField","modFwTranslationEditService","296","If modDaoHelper.RecordsetHasField(rs, FIELD_CREATED_AT) Then"
"RecordsetHasField","modFwTranslationEditService","302","If modDaoHelper.RecordsetHasField(rs, FIELD_CREATED_BY) Then"
"NzString","modFwTranslationEditService","303","If LenB(Trim$(modDaoHelper.NzString(rs.Fields(FIELD_CREATED_BY).Value))) = 0 Then"
"RecordsetHasField","modFwTranslationEditService","309","If modDaoHelper.RecordsetHasField(rs, FIELD_UPDATED_AT) Then"
"RecordsetHasField","modFwTranslationEditService","313","If modDaoHelper.RecordsetHasField(rs, FIELD_UPDATED_BY) Then"
"SqlText","modFwTranslationEditService","325","""WHERE translation_key = "" & SqlText(translationKey) & "" "" & _"
"SqlText","modFwTranslationEditService","326","""AND language_code = "" & SqlText(languageCode) & "";"", dbOpenSnapshot)"
"LookupTranslationValue","modFwTranslationEditService","329","LookupTranslationValue = modDaoHelper.NzString(rs.Fields(FIELD_TRANSLATION_VALUE).Value)"
"NzString","modFwTranslationEditService","329","LookupTranslationValue = modDaoHelper.NzString(rs.Fields(FIELD_TRANSLATION_VALUE).Value)"
"HandleError","modFwTranslationEditService","339","modErrorHandler.HandleError MODULE_NAME, ""LookupTranslationValue"", Err"
"LookupTranslationValue","modFwTranslationEditService","339","modErrorHandler.HandleError MODULE_NAME, ""LookupTranslationValue"", Err"
"RequiredLanguageCodes","modFwTranslationEditService","344","RequiredLanguageCodes = Array(LANGUAGE_DE_CH, LANGUAGE_EN_US, LANGUAGE_FR_CH)"
"NormalizeTranslationKey","modFwTranslationEditService","350","translationKey = NormalizeTranslationKey(translationKey)"
"ResolveScopeFromTranslationKey","modFwTranslationEditService","357","ResolveScopeFromTranslationKey = UCase$(Left$(translationKey, separatorPosition - 1))"
"ResolveScopeFromTranslationKey","modFwTranslationEditService","359","ResolveScopeFromTranslationKey = UCase$(Left$(translationKey, InStr(1, translationKey, ""_"", vbBinaryCompare) - 1))"
"ResolveScopeFromTranslationKey","modFwTranslationEditService","361","ResolveScopeFromTranslationKey = ""COMMON"""
"NzString","modFwTranslationEditService","366","translationKey = Trim$(modDaoHelper.NzString(translationKey))"
"NormalizeTranslationKey","modFwTranslationEditService","370","NormalizeTranslationKey = translationKey"
"AddMetadataPair","modFwTranslationEditService","378","AddMetadataPair = metadataText & keyName & ""="" & EscapeMetadataValue(valueText)"
"EscapeMetadataValue","modFwTranslationEditService","378","AddMetadataPair = metadataText & keyName & ""="" & EscapeMetadataValue(valueText)"
"ResolveMetadataValue","modFwTranslationEditService","397","ResolveMetadataValue = UnescapeMetadataValue(Mid$(CStr(pairText), separatorPosition + 1))"
"UnescapeMetadataValue","modFwTranslationEditService","397","ResolveMetadataValue = UnescapeMetadataValue(Mid$(CStr(pairText), separatorPosition + 1))"
"NzString","modFwTranslationEditService","405","valueText = Replace(modDaoHelper.NzString(valueText), ""%"", ""%25"")"
"EscapeMetadataValue","modFwTranslationEditService","408","EscapeMetadataValue = valueText"
"UnescapeMetadataValue","modFwTranslationEditService","415","UnescapeMetadataValue = valueText"
"HasControl","modFwTranslationEditService","421","If HasControl(targetForm, ControlName) Then"
"GetControlText","modFwTranslationEditService","422","GetControlText = modDaoHelper.NzString(targetForm.Controls(ControlName).Value)"
"NzString","modFwTranslationEditService","422","GetControlText = modDaoHelper.NzString(targetForm.Controls(ControlName).Value)"
"HasControl","modFwTranslationEditService","431","If HasControl(targetForm, ControlName) Then"
"HasControl","modFwTranslationEditService","449","HasControl = True"
"TableExists","modFwTranslationEditService","464","TableExists = True"
"GetCurrentLanguageCode","modFwTranslationRuntime","48","languageCode = GetCurrentLanguageCode()"
"GetTargetObjectName","modFwTranslationRuntime","49","objectName = GetTargetObjectName(TargetObject)"
"GetTargetObjectKind","modFwTranslationRuntime","50","objectKind = GetTargetObjectKind(TargetObject)"
"GetCaptionValue","modFwTranslationRuntime","52","rawCaption = GetCaptionValue(TargetObject)"
"GetTagValue","modFwTranslationRuntime","53","translatedCaption = ResolveCaptionText(rawCaption, GetTagValue(TargetObject), languageCode)"
"ResolveCaptionText","modFwTranslationRuntime","53","translatedCaption = ResolveCaptionText(rawCaption, GetTagValue(TargetObject), languageCode)"
"SetCaptionValue","modFwTranslationRuntime","56","If SetCaptionValue(TargetObject, translatedCaption) Then"
"GetTagValue","modFwTranslationRuntime","59","ElseIf HasAnyTranslationMarker(rawCaption, GetTagValue(TargetObject)) Then"
"HasAnyTranslationMarker","modFwTranslationRuntime","59","ElseIf HasAnyTranslationMarker(rawCaption, GetTagValue(TargetObject)) Then"
"GetCaptionValue","modFwTranslationRuntime","64","rawCaption = GetCaptionValue(ctl)"
"GetTagValue","modFwTranslationRuntime","65","translatedCaption = ResolveCaptionText(rawCaption, GetTagValue(ctl), languageCode)"
"ResolveCaptionText","modFwTranslationRuntime","65","translatedCaption = ResolveCaptionText(rawCaption, GetTagValue(ctl), languageCode)"
"SetCaptionValue","modFwTranslationRuntime","68","If SetCaptionValue(ctl, translatedCaption) Then"
"GetTagValue","modFwTranslationRuntime","71","ElseIf HasAnyTranslationMarker(rawCaption, GetTagValue(ctl)) Then"
"HasAnyTranslationMarker","modFwTranslationRuntime","71","ElseIf HasAnyTranslationMarker(rawCaption, GetTagValue(ctl)) Then"
"ApplyTranslations","modFwTranslationRuntime","76","modLoggingHandler.LogInfo MODULE_NAME & "".ApplyTranslations"", _"
"LogInfo","modFwTranslationRuntime","76","modLoggingHandler.LogInfo MODULE_NAME & "".ApplyTranslations"", _"
"LogFormDiagnostics","modFwTranslationRuntime","81","modFwDiagnostics.LogFormDiagnostics ""AfterApplyTranslations:"" & objectName, TargetObject"
"ApplyTranslations","modFwTranslationRuntime","86","modErrorHandler.HandleError MODULE_NAME, ""ApplyTranslations"", Err"
"HandleError","modFwTranslationRuntime","86","modErrorHandler.HandleError MODULE_NAME, ""ApplyTranslations"", Err"
"NzString","modFwTranslationRuntime","99","originalValue = NzString(translationKey)"
"NormalizeTranslationKey","modFwTranslationRuntime","100","normalizedKey = NormalizeTranslationKey(translationKey)"
"NormalizeLanguageCode","modFwTranslationRuntime","101","normalizedLanguageCode = NormalizeLanguageCode(languageCode)"
"ResolveTranslation","modFwTranslationRuntime","104","ResolveTranslation = originalValue"
"GetCurrentLanguageCode","modFwTranslationRuntime","109","normalizedLanguageCode = GetCurrentLanguageCode()"
"TableExists","modFwTranslationRuntime","113","If Not TableExists(db, TABLE_FW_TRANSLATIONS) Then"
"LogWarning","modFwTranslationRuntime","114","modLoggingHandler.LogWarning MODULE_NAME & "".ResolveTranslation"", _"
"ResolveTranslation","modFwTranslationRuntime","114","modLoggingHandler.LogWarning MODULE_NAME & "".ResolveTranslation"", _"
"ResolveTranslation","modFwTranslationRuntime","116","ResolveTranslation = originalValue"
"LookupTranslation","modFwTranslationRuntime","120","translatedValue = LookupTranslation(db, normalizedKey, normalizedLanguageCode)"
"ResolveTranslation","modFwTranslationRuntime","122","ResolveTranslation = translatedValue"
"GetBaseLanguageCode","modFwTranslationRuntime","126","baseLanguageValue = GetBaseLanguageCode(normalizedLanguageCode)"
"LookupTranslation","modFwTranslationRuntime","129","translatedValue = LookupTranslation(db, normalizedKey, baseLanguageValue)"
"ResolveTranslation","modFwTranslationRuntime","131","ResolveTranslation = translatedValue"
"LookupTranslation","modFwTranslationRuntime","138","translatedValue = LookupTranslation(db, normalizedKey, FALLBACK_LANGUAGE_CODE)"
"ResolveTranslation","modFwTranslationRuntime","140","ResolveTranslation = translatedValue"
"LogWarning","modFwTranslationRuntime","145","modLoggingHandler.LogWarning MODULE_NAME & "".ResolveTranslation"", _"
"ResolveTranslation","modFwTranslationRuntime","145","modLoggingHandler.LogWarning MODULE_NAME & "".ResolveTranslation"", _"
"ResolveTranslation","modFwTranslationRuntime","147","ResolveTranslation = originalValue"
"NzString","modFwTranslationRuntime","151","ResolveTranslation = NzString(translationKey)"
"ResolveTranslation","modFwTranslationRuntime","151","ResolveTranslation = NzString(translationKey)"
"HandleError","modFwTranslationRuntime","152","modErrorHandler.HandleError MODULE_NAME, ""ResolveTranslation"", Err"
"ResolveTranslation","modFwTranslationRuntime","152","modErrorHandler.HandleError MODULE_NAME, ""ResolveTranslation"", Err"
"NzString","modFwTranslationRuntime","164","fallbackCaption = NzString(fallbackCaption)"
"ResolveTranslationKeyFromMetadata","modFwTranslationRuntime","165","translationKey = ResolveTranslationKeyFromMetadata(fallbackCaption, tagText)"
"ResolveCaptionText","modFwTranslationRuntime","168","ResolveCaptionText = fallbackCaption"
"ResolveTranslation","modFwTranslationRuntime","172","translatedValue = ResolveTranslation(translationKey, languageCode)"
"IsResolvedTranslationValue","modFwTranslationRuntime","173","If IsResolvedTranslationValue(translatedValue, translationKey) Then"
"ResolveCaptionText","modFwTranslationRuntime","174","ResolveCaptionText = translatedValue"
"ResolveCaptionText","modFwTranslationRuntime","176","ResolveCaptionText = fallbackCaption"
"NzString","modFwTranslationRuntime","181","ResolveCaptionText = NzString(fallbackCaption)"
"ResolveCaptionText","modFwTranslationRuntime","181","ResolveCaptionText = NzString(fallbackCaption)"
"HandleError","modFwTranslationRuntime","182","modErrorHandler.HandleError MODULE_NAME, ""ResolveCaptionText"", Err"
"ResolveCaptionText","modFwTranslationRuntime","182","modErrorHandler.HandleError MODULE_NAME, ""ResolveCaptionText"", Err"
"BaseLanguageCode","modFwTranslationRuntime","194","Dim BaseLanguageCode As String"
"NormalizeTranslationKey","modFwTranslationRuntime","197","normalizedKey = NormalizeTranslationKey(translationKey)"
"NormalizeLanguageCode","modFwTranslationRuntime","198","normalizedLanguageCode = NormalizeLanguageCode(languageCode)"
"NzString","modFwTranslationRuntime","201","ResolveText = NzString(fallbackText)"
"ResolveText","modFwTranslationRuntime","201","ResolveText = NzString(fallbackText)"
"GetCurrentLanguageCode","modFwTranslationRuntime","206","normalizedLanguageCode = GetCurrentLanguageCode()"
"TableExists","modFwTranslationRuntime","210","If Not TableExists(db, TABLE_FW_TRANSLATIONS) Then"
"NzString","modFwTranslationRuntime","211","ResolveText = NzString(fallbackText)"
"ResolveText","modFwTranslationRuntime","211","ResolveText = NzString(fallbackText)"
"LookupTranslation","modFwTranslationRuntime","215","translatedValue = LookupTranslation(db, normalizedKey, normalizedLanguageCode)"
"ResolveText","modFwTranslationRuntime","217","ResolveText = translatedValue"
"BaseLanguageCode","modFwTranslationRuntime","221","BaseLanguageCode = GetBaseLanguageCode(normalizedLanguageCode)"
"GetBaseLanguageCode","modFwTranslationRuntime","221","BaseLanguageCode = GetBaseLanguageCode(normalizedLanguageCode)"
"BaseLanguageCode","modFwTranslationRuntime","222","If LenB(BaseLanguageCode) > 0 Then"
"BaseLanguageCode","modFwTranslationRuntime","223","If StrComp(BaseLanguageCode, normalizedLanguageCode, vbTextCompare) <> 0 Then"
"BaseLanguageCode","modFwTranslationRuntime","224","translatedValue = LookupTranslation(db, normalizedKey, BaseLanguageCode)"
"LookupTranslation","modFwTranslationRuntime","224","translatedValue = LookupTranslation(db, normalizedKey, BaseLanguageCode)"
"ResolveText","modFwTranslationRuntime","226","ResolveText = translatedValue"
"LookupTranslation","modFwTranslationRuntime","233","translatedValue = LookupTranslation(db, normalizedKey, FALLBACK_LANGUAGE_CODE)"
"ResolveText","modFwTranslationRuntime","235","ResolveText = translatedValue"
"NzString","modFwTranslationRuntime","240","ResolveText = NzString(fallbackText)"
"ResolveText","modFwTranslationRuntime","240","ResolveText = NzString(fallbackText)"
"NzString","modFwTranslationRuntime","244","ResolveText = NzString(fallbackText)"
"ResolveText","modFwTranslationRuntime","244","ResolveText = NzString(fallbackText)"
"HandleError","modFwTranslationRuntime","245","modErrorHandler.HandleError MODULE_NAME, ""ResolveText"", Err"
"ResolveText","modFwTranslationRuntime","245","modErrorHandler.HandleError MODULE_NAME, ""ResolveText"", Err"
"GetCurrentLanguageCode","modFwTranslationRuntime","251","GetCurrentLanguageCode = ResolveCurrentLanguageCode()"
"ResolveCurrentLanguageCode","modFwTranslationRuntime","251","GetCurrentLanguageCode = ResolveCurrentLanguageCode()"
"GetCurrentLanguageCode","modFwTranslationRuntime","255","GetCurrentLanguageCode = DEFAULT_LANGUAGE_CODE"
"GetCurrentLanguageCode","modFwTranslationRuntime","256","modErrorHandler.HandleError MODULE_NAME, ""GetCurrentLanguageCode"", Err"
"HandleError","modFwTranslationRuntime","256","modErrorHandler.HandleError MODULE_NAME, ""GetCurrentLanguageCode"", Err"
"ResolveCurrentUserLanguageCode","modFwTranslationRuntime","264","resolvedLanguageCode = ResolveSupportedLanguageCode(ResolveCurrentUserLanguageCode())"
"ResolveSupportedLanguageCode","modFwTranslationRuntime","264","resolvedLanguageCode = ResolveSupportedLanguageCode(ResolveCurrentUserLanguageCode())"
"ResolveSupportedLanguageCode","modFwTranslationRuntime","267","resolvedLanguageCode = ResolveSupportedLanguageCode( _"
"GetTenantParameter","modFwTranslationRuntime","268","modTenantRepository.GetTenantParameter(TENANT_PARAMETER_DEFAULT_LANGUAGE, vbNullString))"
"ResolveIniLanguageCode","modFwTranslationRuntime","272","resolvedLanguageCode = ResolveSupportedLanguageCode(ResolveIniLanguageCode())"
"ResolveSupportedLanguageCode","modFwTranslationRuntime","272","resolvedLanguageCode = ResolveSupportedLanguageCode(ResolveIniLanguageCode())"
"ResolveCurrentLanguageCode","modFwTranslationRuntime","279","ResolveCurrentLanguageCode = resolvedLanguageCode"
"ResolveCurrentLanguageCode","modFwTranslationRuntime","283","ResolveCurrentLanguageCode = DEFAULT_LANGUAGE_CODE"
"HandleError","modFwTranslationRuntime","284","modErrorHandler.HandleError MODULE_NAME, ""ResolveCurrentLanguageCode"", Err"
"ResolveCurrentLanguageCode","modFwTranslationRuntime","284","modErrorHandler.HandleError MODULE_NAME, ""ResolveCurrentLanguageCode"", Err"
"NzString","modFwTranslationRuntime","292","tagText = Trim$(NzString(tagText))"
"GetTranslationKeyFromTag","modFwTranslationRuntime","305","GetTranslationKeyFromTag = NormalizeTranslationKey(normalizedSegment)"
"NormalizeTranslationKey","modFwTranslationRuntime","305","GetTranslationKeyFromTag = NormalizeTranslationKey(normalizedSegment)"
"RemoveTranslationKeyFromTag","modFwTranslationRuntime","317","cleanedTag = RemoveTranslationKeyFromTag(tagText)"
"NormalizeTranslationKey","modFwTranslationRuntime","318","normalizedKey = NormalizeTranslationKey(translationKey)"
"SetTranslationKeyInTag","modFwTranslationRuntime","321","SetTranslationKeyInTag = cleanedTag"
"SetTranslationKeyInTag","modFwTranslationRuntime","323","SetTranslationKeyInTag = TR_PREFIX & normalizedKey"
"SetTranslationKeyInTag","modFwTranslationRuntime","325","SetTranslationKeyInTag = cleanedTag & "";"" & TR_PREFIX & normalizedKey"
"NzString","modFwTranslationRuntime","335","tagText = Trim$(NzString(tagText))"
"RemoveTranslationKeyFromTag","modFwTranslationRuntime","360","RemoveTranslationKeyFromTag = resultText"
"NormalizeLanguageCode","modFwTranslationRuntime","372","currentLanguageCode = NormalizeLanguageCode(languageCode)"
"GetCurrentLanguageCode","modFwTranslationRuntime","374","currentLanguageCode = GetCurrentLanguageCode()"
"T","modFwTranslationRuntime","380","sqlStatement = sqlStatement & ""IIf(t.translation_value Is Null, """
"T","modFwTranslationRuntime","382","sqlStatement = sqlStatement & ""Left(t.translation_value, 255)) AS display_text """
"T","modFwTranslationRuntime","384","sqlStatement = sqlStatement & ""LEFT JOIN fw_translation AS t """
"T","modFwTranslationRuntime","385","sqlStatement = sqlStatement & ""ON r.translation_key = t.translation_key """
"SqlText","modFwTranslationRuntime","387","sqlStatement = sqlStatement & ""AND (t.language_code = "" & SqlText(currentLanguageCode) & "" """
"T","modFwTranslationRuntime","387","sqlStatement = sqlStatement & ""AND (t.language_code = "" & SqlText(currentLanguageCode) & "" """
"T","modFwTranslationRuntime","388","sqlStatement = sqlStatement & ""OR t.language_code Is Null) """
"T","modFwTranslationRuntime","389","sqlStatement = sqlStatement & ""AND (Nz(t.is_active, True) = True """
"T","modFwTranslationRuntime","390","sqlStatement = sqlStatement & ""OR t.translation_key Is Null) """
"BuildTranslatedReferenceRowSource","modFwTranslationRuntime","393","BuildTranslatedReferenceRowSource = sqlStatement"
"BuildTranslatedReferenceRowSource","modFwTranslationRuntime","397","modErrorHandler.HandleError MODULE_NAME, ""BuildTranslatedReferenceRowSource"", Err"
"HandleError","modFwTranslationRuntime","397","modErrorHandler.HandleError MODULE_NAME, ""BuildTranslatedReferenceRowSource"", Err"
"SqlText","modFwTranslationRuntime","416","""WHERE ["" & FIELD_TRANSLATION_KEY & ""] = "" & SqlText(translationKey) & "" "" & _"
"SqlText","modFwTranslationRuntime","417","""AND ["" & FIELD_LANGUAGE_CODE & ""] = "" & SqlText(languageCode) & "" "" & _"
"LookupTranslation","modFwTranslationRuntime","423","LookupTranslation = NzString(rs.Fields(0).Value)"
"NzString","modFwTranslationRuntime","423","LookupTranslation = NzString(rs.Fields(0).Value)"
"HandleError","modFwTranslationRuntime","433","modErrorHandler.HandleError MODULE_NAME, ""LookupTranslation"", Err"
"LookupTranslation","modFwTranslationRuntime","433","modErrorHandler.HandleError MODULE_NAME, ""LookupTranslation"", Err"
"IsSessionInitialized","modFwTranslationRuntime","442","If Not modSessionContext.IsSessionInitialized Then"
"GetUserLanguageCode","modFwTranslationRuntime","451","ResolveCurrentUserLanguageCode = Trim$(modUserRepository.GetUserLanguageCode(UserId, vbNullString))"
"ResolveCurrentUserLanguageCode","modFwTranslationRuntime","451","ResolveCurrentUserLanguageCode = Trim$(modUserRepository.GetUserLanguageCode(UserId, vbNullString))"
"ResolveCurrentUserLanguageCode","modFwTranslationRuntime","455","ResolveCurrentUserLanguageCode = vbNullString"
"HandleError","modFwTranslationRuntime","456","modErrorHandler.HandleError MODULE_NAME, ""ResolveCurrentUserLanguageCode"", Err"
"ResolveCurrentUserLanguageCode","modFwTranslationRuntime","456","modErrorHandler.HandleError MODULE_NAME, ""ResolveCurrentUserLanguageCode"", Err"
"GetConfigValue","modFwTranslationRuntime","462","ResolveIniLanguageCode = Trim$(modConfigIni.GetConfigValue(CONFIG_SECTION_APP, ""Language"", CurrentLanguage, ConfigFilePath))"
"ResolveIniLanguageCode","modFwTranslationRuntime","462","ResolveIniLanguageCode = Trim$(modConfigIni.GetConfigValue(CONFIG_SECTION_APP, ""Language"", CurrentLanguage, ConfigFilePath))"
"ResolveIniLanguageCode","modFwTranslationRuntime","466","ResolveIniLanguageCode = Trim$(CurrentLanguage)"
"HandleError","modFwTranslationRuntime","467","modErrorHandler.HandleError MODULE_NAME, ""ResolveIniLanguageCode"", Err"
"ResolveIniLanguageCode","modFwTranslationRuntime","467","modErrorHandler.HandleError MODULE_NAME, ""ResolveIniLanguageCode"", Err"
"GetTranslationKeyFromTag","modFwTranslationRuntime","474","ResolveTranslationKeyFromMetadata = GetTranslationKeyFromTag(tagText)"
"ResolveTranslationKeyFromMetadata","modFwTranslationRuntime","474","ResolveTranslationKeyFromMetadata = GetTranslationKeyFromTag(tagText)"
"ResolveTranslationKeyFromMetadata","modFwTranslationRuntime","475","If LenB(ResolveTranslationKeyFromMetadata) > 0 Then"
"HasTranslationPrefix","modFwTranslationRuntime","479","If HasTranslationPrefix(fallbackCaption) Then"
"NormalizeTranslationKey","modFwTranslationRuntime","480","ResolveTranslationKeyFromMetadata = NormalizeTranslationKey(fallbackCaption)"
"ResolveTranslationKeyFromMetadata","modFwTranslationRuntime","480","ResolveTranslationKeyFromMetadata = NormalizeTranslationKey(fallbackCaption)"
"NzString","modFwTranslationRuntime","485","translationKey = Trim$(NzString(translationKey))"
"NormalizeTranslationKey","modFwTranslationRuntime","492","NormalizeTranslationKey = Trim$(Mid$(translationKey, Len(TR_PREFIX) + 1))"
"NormalizeTranslationKey","modFwTranslationRuntime","494","NormalizeTranslationKey = translationKey"
"NzString","modFwTranslationRuntime","501","languageCode = Trim$(NzString(languageCode))"
"NormalizeLanguageCode","modFwTranslationRuntime","510","NormalizeLanguageCode = NormalizeLegacyLanguageAlias(LCase$(parts(0)))"
"NormalizeLegacyLanguageAlias","modFwTranslationRuntime","510","NormalizeLanguageCode = NormalizeLegacyLanguageAlias(LCase$(parts(0)))"
"NormalizeLanguageCode","modFwTranslationRuntime","512","NormalizeLanguageCode = NormalizeLegacyLanguageAlias(LCase$(parts(0)) & ""-"" & UCase$(parts(1)))"
"NormalizeLegacyLanguageAlias","modFwTranslationRuntime","512","NormalizeLanguageCode = NormalizeLegacyLanguageAlias(LCase$(parts(0)) & ""-"" & UCase$(parts(1)))"
"NormalizeLanguageCode","modFwTranslationRuntime","519","normalizedLanguageCode = NormalizeLanguageCode(languageCode)"
"ResolveSupportedLanguageCode","modFwTranslationRuntime","523","ResolveSupportedLanguageCode = normalizedLanguageCode"
"GetSupportedTranslationLanguages","modFwTranslationRuntime","528","GetSupportedTranslationLanguages = Array( _"
"GetKnownLanguageCodes","modFwTranslationRuntime","535","GetKnownLanguageCodes = Array( _"
"NormalizeLanguageCode","modFwTranslationRuntime","543","Select Case NormalizeLanguageCode(languageCode)"
"IsSupportedTranslationLanguage","modFwTranslationRuntime","545","IsSupportedTranslationLanguage = True"
"NormalizeLanguageCode","modFwTranslationRuntime","550","NormalizeProjectLanguageCode = NormalizeLanguageCode(languageCode)"
"NormalizeProjectLanguageCode","modFwTranslationRuntime","550","NormalizeProjectLanguageCode = NormalizeLanguageCode(languageCode)"
"NormalizeLegacyLanguageAlias","modFwTranslationRuntime","557","NormalizeLegacyLanguageAlias = ""de-DE"""
"NormalizeLegacyLanguageAlias","modFwTranslationRuntime","559","NormalizeLegacyLanguageAlias = SUPPORTED_TRANSLATION_LANGUAGE_DE_CH"
"NormalizeLegacyLanguageAlias","modFwTranslationRuntime","562","NormalizeLegacyLanguageAlias = SUPPORTED_TRANSLATION_LANGUAGE_FR_CH"
"NormalizeLegacyLanguageAlias","modFwTranslationRuntime","564","NormalizeLegacyLanguageAlias = SUPPORTED_TRANSLATION_LANGUAGE_EN_US"
"NormalizeLegacyLanguageAlias","modFwTranslationRuntime","566","NormalizeLegacyLanguageAlias = KNOWN_LANGUAGE_IT_CH"
"NormalizeLegacyLanguageAlias","modFwTranslationRuntime","568","NormalizeLegacyLanguageAlias = normalizedLanguageCode"
"NormalizeLanguageCode","modFwTranslationRuntime","576","normalizedLanguageCode = NormalizeLanguageCode(languageCode)"
"GetBaseLanguageCode","modFwTranslationRuntime","580","GetBaseLanguageCode = Left$(normalizedLanguageCode, separatorPosition - 1)"
"GetBaseLanguageCode","modFwTranslationRuntime","582","GetBaseLanguageCode = normalizedLanguageCode"
"GetTranslationKeyFromTag","modFwTranslationRuntime","587","HasAnyTranslationMarker = HasTranslationPrefix(CaptionValue) Or LenB(GetTranslationKeyFromTag(tagText)) > 0"
"HasAnyTranslationMarker","modFwTranslationRuntime","587","HasAnyTranslationMarker = HasTranslationPrefix(CaptionValue) Or LenB(GetTranslationKeyFromTag(tagText)) > 0"
"HasTranslationPrefix","modFwTranslationRuntime","587","HasAnyTranslationMarker = HasTranslationPrefix(CaptionValue) Or LenB(GetTranslationKeyFromTag(tagText)) > 0"
"NzString","modFwTranslationRuntime","591","CaptionValue = Trim$(NzString(CaptionValue))"
"HasTranslationPrefix","modFwTranslationRuntime","596","HasTranslationPrefix = (StrComp(Left$(CaptionValue, Len(TR_PREFIX)), TR_PREFIX, vbTextCompare) = 0)"
"NzString","modFwTranslationRuntime","603","translatedValue = Trim$(NzString(translatedValue))"
"NormalizeTranslationKey","modFwTranslationRuntime","604","translationKey = Trim$(NormalizeTranslationKey(translationKey))"
"IsResolvedTranslationValue","modFwTranslationRuntime","622","IsResolvedTranslationValue = True"
"GetCaptionValue","modFwTranslationRuntime","628","GetCaptionValue = NzString(target.Properties(""Caption"").Value)"
"NzString","modFwTranslationRuntime","628","GetCaptionValue = NzString(target.Properties(""Caption"").Value)"
"GetCaptionValue","modFwTranslationRuntime","632","GetCaptionValue = vbNullString"
"GetTagValue","modFwTranslationRuntime","638","GetTagValue = NzString(target.Properties(""Tag"").Value)"
"NzString","modFwTranslationRuntime","638","GetTagValue = NzString(target.Properties(""Tag"").Value)"
"GetTagValue","modFwTranslationRuntime","642","GetTagValue = vbNullString"
"SetCaptionValue","modFwTranslationRuntime","649","SetCaptionValue = True"
"SetCaptionValue","modFwTranslationRuntime","653","SetCaptionValue = False"
"GetTargetObjectName","modFwTranslationRuntime","659","GetTargetObjectName = NzString(TargetObject.Name)"
"NzString","modFwTranslationRuntime","659","GetTargetObjectName = NzString(TargetObject.Name)"
"GetTargetObjectName","modFwTranslationRuntime","663","GetTargetObjectName = ""(unknown)"""
"GetTargetObjectKind","modFwTranslationRuntime","673","GetTargetObjectKind = ""form"""
"GetTargetObjectKind","modFwTranslationRuntime","675","GetTargetObjectKind = ""report"""
"GetTargetObjectKind","modFwTranslationRuntime","677","GetTargetObjectKind = LCase$(typeNameValue)"
"TableExists","modFwTranslationRuntime","692","TableExists = True"
"TableExists","modFwTranslationRuntime","700","TableExists = False"
"NzString","modFwTranslationRuntime","705","NzString = defaultValue"
"NzString","modFwTranslationRuntime","707","NzString = CStr(Value)"
"GetTenantParameter","modTenantRepository","25","GetTenantParameter = defaultValue"
"CanReadTenantParameters","modTenantRepository","29","If Not CanReadTenantParameters() Then"
"GetTenantParameter","modTenantRepository","30","GetTenantParameter = defaultValue"
"GetCurrentDatabase","modTenantRepository","34","Set db = modDb.GetCurrentDatabase()"
"GetTenantParameter","modTenantRepository","37","GetTenantParameter = ResolveTenantParameterValue(rs, ParameterKey, defaultValue)"
"ResolveTenantParameterValue","modTenantRepository","37","GetTenantParameter = ResolveTenantParameterValue(rs, ParameterKey, defaultValue)"
"GetTenantParameter","modTenantRepository","47","GetTenantParameter = defaultValue"
"GetTenantParameter","modTenantRepository","48","modErrorHandler.HandleError MODULE_NAME, ""GetTenantParameter"", Err"
"HandleError","modTenantRepository","48","modErrorHandler.HandleError MODULE_NAME, ""GetTenantParameter"", Err"
"HasTenantParameter","modTenantRepository","59","HasTenantParameter = False"
"CanReadTenantParameters","modTenantRepository","63","If Not CanReadTenantParameters() Then"
"HasTenantParameter","modTenantRepository","64","HasTenantParameter = False"
"GetCurrentDatabase","modTenantRepository","68","Set db = modDb.GetCurrentDatabase()"
"HasTenantParameter","modTenantRepository","71","HasTenantParameter = (LenB(ResolveTenantParameterValue(rs, ParameterKey, vbNullString)) > 0)"
"ResolveTenantParameterValue","modTenantRepository","71","HasTenantParameter = (LenB(ResolveTenantParameterValue(rs, ParameterKey, vbNullString)) > 0)"
"HasTenantParameter","modTenantRepository","81","HasTenantParameter = False"
"HandleError","modTenantRepository","82","modErrorHandler.HandleError MODULE_NAME, ""HasTenantParameter"", Err"
"HasTenantParameter","modTenantRepository","82","modErrorHandler.HandleError MODULE_NAME, ""HasTenantParameter"", Err"
"ValidateBackendConfiguration","modTenantRepository","87","If Not modDb.ValidateBackendConfiguration() Then"
"CanReadTenantParameters","modTenantRepository","88","modLoggingHandler.LogWarning MODULE_NAME & "".CanReadTenantParameters"", _"
"LogWarning","modTenantRepository","88","modLoggingHandler.LogWarning MODULE_NAME & "".CanReadTenantParameters"", _"
"TableExists","modTenantRepository","93","If Not TableExists(TABLE_TEN_PARAMETER) Then"
"CanReadTenantParameters","modTenantRepository","94","modLoggingHandler.LogWarning MODULE_NAME & "".CanReadTenantParameters"", _"
"LogWarning","modTenantRepository","94","modLoggingHandler.LogWarning MODULE_NAME & "".CanReadTenantParameters"", _"
"ResolveTenantCode","modTenantRepository","95","""Table '"" & TABLE_TEN_PARAMETER & ""' is not available yet for tenant '"" & ResolveTenantCode() & ""'."""
"CanReadTenantParameters","modTenantRepository","99","CanReadTenantParameters = True"
"GetCurrentDatabase","modTenantRepository","108","Set db = modDb.GetCurrentDatabase()"
"TableExists","modTenantRepository","112","TableExists = True"
"TableExists","modTenantRepository","123","TableExists = False"
"HandleError","modTenantRepository","124","modErrorHandler.HandleError MODULE_NAME, ""TableExists"", Err"
"TableExists","modTenantRepository","124","modErrorHandler.HandleError MODULE_NAME, ""TableExists"", Err"
"IsTenantInitialized","modTenantRepository","129","If IsTenantInitialized() Then"
"ResolveTenantCode","modTenantRepository","130","ResolveTenantCode = currentTenantCode"
"ResolveTenantCode","modTenantRepository","132","ResolveTenantCode = vbNullString"
"ResolveTenantCode","modTenantRepository","148","TenantCode = UCase$(Trim$(ResolveTenantCode()))"
"RecordsetHasField","modTenantRepository","150","hasKeyField = modDaoHelper.RecordsetHasField(rs, FIELD_PARAMETER_KEY)"
"RecordsetHasField","modTenantRepository","151","hasValueField = modDaoHelper.RecordsetHasField(rs, FIELD_PARAMETER_VALUE)"
"RecordsetHasField","modTenantRepository","152","hasTenantField = modDaoHelper.RecordsetHasField(rs, FIELD_TENANT_CODE)"
"LogWarning","modTenantRepository","155","modLoggingHandler.LogWarning MODULE_NAME & "".ResolveTenantParameterValue"", _"
"ResolveTenantParameterValue","modTenantRepository","155","modLoggingHandler.LogWarning MODULE_NAME & "".ResolveTenantParameterValue"", _"
"ResolveTenantParameterValue","modTenantRepository","158","ResolveTenantParameterValue = defaultValue"
"ResolveTenantParameterValue","modTenantRepository","163","ResolveTenantParameterValue = defaultValue"
"NzString","modTenantRepository","169","currentKey = UCase$(Trim$(modDaoHelper.NzString(rs.Fields(FIELD_PARAMETER_KEY).Value)))"
"NzString","modTenantRepository","173","currentTenantCode = UCase$(Trim$(modDaoHelper.NzString(rs.Fields(FIELD_TENANT_CODE).Value)))"
"NzString","modTenantRepository","176","ResolveTenantParameterValue = modDaoHelper.NzString(rs.Fields(FIELD_PARAMETER_VALUE).Value, defaultValue)"
"ResolveTenantParameterValue","modTenantRepository","176","ResolveTenantParameterValue = modDaoHelper.NzString(rs.Fields(FIELD_PARAMETER_VALUE).Value, defaultValue)"
"NzString","modTenantRepository","181","ResolveTenantParameterValue = modDaoHelper.NzString(rs.Fields(FIELD_PARAMETER_VALUE).Value, defaultValue)"
"ResolveTenantParameterValue","modTenantRepository","181","ResolveTenantParameterValue = modDaoHelper.NzString(rs.Fields(FIELD_PARAMETER_VALUE).Value, defaultValue)"
"NzString","modTenantRepository","185","ResolveTenantParameterValue = modDaoHelper.NzString(rs.Fields(FIELD_PARAMETER_VALUE).Value, defaultValue)"
"ResolveTenantParameterValue","modTenantRepository","185","ResolveTenantParameterValue = modDaoHelper.NzString(rs.Fields(FIELD_PARAMETER_VALUE).Value, defaultValue)"
"ResolveTenantParameterValue","modTenantRepository","193","ResolveTenantParameterValue = defaultValue"
"ResolveTenantParameterValue","modTenantRepository","197","ResolveTenantParameterValue = defaultValue"
"HandleError","modTenantRepository","198","modErrorHandler.HandleError MODULE_NAME, ""ResolveTenantParameterValue"", Err"
"ResolveTenantParameterValue","modTenantRepository","198","modErrorHandler.HandleError MODULE_NAME, ""ResolveTenantParameterValue"", Err"
"TableExists","modMigrationTranslations","37","If Not TableExists(db, TABLE_FW_TRANSLATIONS) Then"
"FieldExists","modMigrationTranslations","42","If Not FieldExists(db, TABLE_FW_TRANSLATIONS, FIELD_TRANSLATION_KEY) Then"
"FieldExists","modMigrationTranslations","47","If Not FieldExists(db, TABLE_FW_TRANSLATIONS, FIELD_LANGUAGE_CODE) Then"
"FieldExists","modMigrationTranslations","52","If Not FieldExists(db, TABLE_FW_TRANSLATIONS, FIELD_TRANSLATION_VALUE) Then"
"SeedDocumentTranslations","modMigrationTranslations","57","SeedDocumentTranslations db"
"SeedReportTranslations","modMigrationTranslations","58","SeedReportTranslations db"
"ApplyTranslationSeed","modMigrationTranslations","60","Debug.Print MODULE_NAME & "".ApplyTranslationSeed: inserted="" & CStr(mInsertedCount) & "", skipped="" & CStr(mSkippedCount)"
"EnsureTranslation","modMigrationTranslations","69","EnsureTranslation db, ""DOCUMENT.INVOICE"", ""DE"", ""Rechnung"", ""REPORT"", 1000"
"EnsureTranslation","modMigrationTranslations","70","EnsureTranslation db, ""DOCUMENT.INVOICE"", ""EN"", ""Invoice"", ""REPORT"", 1000"
"EnsureTranslation","modMigrationTranslations","71","EnsureTranslation db, ""DOCUMENT.INVOICE"", ""FR"", ""Facture"", ""REPORT"", 1000"
"EnsureTranslation","modMigrationTranslations","73","EnsureTranslation db, ""DOCUMENT.CREDIT_NOTE"", ""DE"", ""Gutschrift"", ""REPORT"", 1010"
"EnsureTranslation","modMigrationTranslations","74","EnsureTranslation db, ""DOCUMENT.CREDIT_NOTE"", ""EN"", ""Credit note"", ""REPORT"", 1010"
"EnsureTranslation","modMigrationTranslations","75","EnsureTranslation db, ""DOCUMENT.CREDIT_NOTE"", ""FR"", ""Note de cr"" & ChrW$(233) & ""dit"", ""REPORT"", 1010"
"EnsureTranslation","modMigrationTranslations","77","EnsureTranslation db, ""DOCUMENT.DELIVERY_NOTE"", ""DE"", ""Lieferschein"", ""REPORT"", 1020"
"EnsureTranslation","modMigrationTranslations","78","EnsureTranslation db, ""DOCUMENT.DELIVERY_NOTE"", ""EN"", ""Delivery note"", ""REPORT"", 1020"
"EnsureTranslation","modMigrationTranslations","79","EnsureTranslation db, ""DOCUMENT.DELIVERY_NOTE"", ""FR"", ""Bon de livraison"", ""REPORT"", 1020"
"EnsureTranslation","modMigrationTranslations","81","EnsureTranslation db, ""DOCUMENT.QUOTE"", ""DE"", ""Offerte"", ""REPORT"", 1030"
"EnsureTranslation","modMigrationTranslations","82","EnsureTranslation db, ""DOCUMENT.QUOTE"", ""EN"", ""Quote"", ""REPORT"", 1030"
"EnsureTranslation","modMigrationTranslations","83","EnsureTranslation db, ""DOCUMENT.QUOTE"", ""FR"", ""Offre"", ""REPORT"", 1030"
"EnsureTranslation","modMigrationTranslations","87","EnsureTranslation db, ""REPORT.DOCUMENT_TYPE"", ""DE"", ""Dokumenttyp"", ""REPORT"", 2000"
"EnsureTranslation","modMigrationTranslations","88","EnsureTranslation db, ""REPORT.DOCUMENT_TYPE"", ""EN"", ""Document type"", ""REPORT"", 2000"
"EnsureTranslation","modMigrationTranslations","89","EnsureTranslation db, ""REPORT.DOCUMENT_TYPE"", ""FR"", ""Type de document"", ""REPORT"", 2000"
"EnsureTranslation","modMigrationTranslations","91","EnsureTranslation db, ""REPORT.STATUS"", ""DE"", ""Status"", ""REPORT"", 2010"
"EnsureTranslation","modMigrationTranslations","92","EnsureTranslation db, ""REPORT.STATUS"", ""EN"", ""Status"", ""REPORT"", 2010"
"EnsureTranslation","modMigrationTranslations","93","EnsureTranslation db, ""REPORT.STATUS"", ""FR"", ""Statut"", ""REPORT"", 2010"
"EnsureTranslation","modMigrationTranslations","95","EnsureTranslation db, ""REPORT.DATE"", ""DE"", ""Datum"", ""REPORT"", 2020"
"EnsureTranslation","modMigrationTranslations","96","EnsureTranslation db, ""REPORT.DATE"", ""EN"", ""Date"", ""REPORT"", 2020"
"EnsureTranslation","modMigrationTranslations","97","EnsureTranslation db, ""REPORT.DATE"", ""FR"", ""Date"", ""REPORT"", 2020"
"EnsureTranslation","modMigrationTranslations","99","EnsureTranslation db, ""REPORT.DOCUMENT_NO"", ""DE"", ""Nummer"", ""REPORT"", 2030"
"EnsureTranslation","modMigrationTranslations","100","EnsureTranslation db, ""REPORT.DOCUMENT_NO"", ""EN"", ""No."", ""REPORT"", 2030"
"EnsureTranslation","modMigrationTranslations","101","EnsureTranslation db, ""REPORT.DOCUMENT_NO"", ""FR"", ""N"" & ChrW$(176), ""REPORT"", 2030"
"EnsureTranslation","modMigrationTranslations","103","EnsureTranslation db, ""REPORT.POS"", ""DE"", ""Pos."", ""REPORT"", 2040"
"EnsureTranslation","modMigrationTranslations","104","EnsureTranslation db, ""REPORT.POS"", ""EN"", ""Pos."", ""REPORT"", 2040"
"EnsureTranslation","modMigrationTranslations","105","EnsureTranslation db, ""REPORT.POS"", ""FR"", ""Pos."", ""REPORT"", 2040"
"EnsureTranslation","modMigrationTranslations","107","EnsureTranslation db, ""REPORT.DESCRIPTION"", ""DE"", ""Beschreibung"", ""REPORT"", 2050"
"EnsureTranslation","modMigrationTranslations","108","EnsureTranslation db, ""REPORT.DESCRIPTION"", ""EN"", ""Description"", ""REPORT"", 2050"
"EnsureTranslation","modMigrationTranslations","109","EnsureTranslation db, ""REPORT.DESCRIPTION"", ""FR"", ""Description"", ""REPORT"", 2050"
"EnsureTranslation","modMigrationTranslations","111","EnsureTranslation db, ""REPORT.QUANTITY"", ""DE"", ""Anz."", ""REPORT"", 2060"
"EnsureTranslation","modMigrationTranslations","112","EnsureTranslation db, ""REPORT.QUANTITY"", ""EN"", ""Qty"", ""REPORT"", 2060"
"EnsureTranslation","modMigrationTranslations","113","EnsureTranslation db, ""REPORT.QUANTITY"", ""FR"", ""Qt"" & ChrW$(233), ""REPORT"", 2060"
"EnsureTranslation","modMigrationTranslations","115","EnsureTranslation db, ""REPORT.UNIT"", ""DE"", ""Einh."", ""REPORT"", 2070"
"EnsureTranslation","modMigrationTranslations","116","EnsureTranslation db, ""REPORT.UNIT"", ""EN"", ""Unit"", ""REPORT"", 2070"
"EnsureTranslation","modMigrationTranslations","117","EnsureTranslation db, ""REPORT.UNIT"", ""FR"", ""Unit"" & ChrW$(233), ""REPORT"", 2070"
"EnsureTranslation","modMigrationTranslations","119","EnsureTranslation db, ""REPORT.UNIT_PRICE"", ""DE"", ""Preis"", ""REPORT"", 2080"
"EnsureTranslation","modMigrationTranslations","120","EnsureTranslation db, ""REPORT.UNIT_PRICE"", ""EN"", ""Price"", ""REPORT"", 2080"
"EnsureTranslation","modMigrationTranslations","121","EnsureTranslation db, ""REPORT.UNIT_PRICE"", ""FR"", ""Prix"", ""REPORT"", 2080"
"EnsureTranslation","modMigrationTranslations","123","EnsureTranslation db, ""REPORT.DISCOUNT"", ""DE"", ""Rabatt"", ""REPORT"", 2090"
"EnsureTranslation","modMigrationTranslations","124","EnsureTranslation db, ""REPORT.DISCOUNT"", ""EN"", ""Discount"", ""REPORT"", 2090"
"EnsureTranslation","modMigrationTranslations","125","EnsureTranslation db, ""REPORT.DISCOUNT"", ""FR"", ""Rabais"", ""REPORT"", 2090"
"EnsureTranslation","modMigrationTranslations","127","EnsureTranslation db, ""REPORT.SURCHARGE"", ""DE"", ""Zuschlag"", ""REPORT"", 2100"
"EnsureTranslation","modMigrationTranslations","128","EnsureTranslation db, ""REPORT.SURCHARGE"", ""EN"", ""Surcharge"", ""REPORT"", 2100"
"EnsureTranslation","modMigrationTranslations","129","EnsureTranslation db, ""REPORT.SURCHARGE"", ""FR"", ""Suppl"" & ChrW$(233) & ""ment"", ""REPORT"", 2100"
"EnsureTranslation","modMigrationTranslations","131","EnsureTranslation db, ""REPORT.NET_AMOUNT"", ""DE"", ""Netto"", ""REPORT"", 2110"
"EnsureTranslation","modMigrationTranslations","132","EnsureTranslation db, ""REPORT.NET_AMOUNT"", ""EN"", ""Net"", ""REPORT"", 2110"
"EnsureTranslation","modMigrationTranslations","133","EnsureTranslation db, ""REPORT.NET_AMOUNT"", ""FR"", ""Net"", ""REPORT"", 2110"
"EnsureTranslation","modMigrationTranslations","135","EnsureTranslation db, ""REPORT.VAT"", ""DE"", ""MwSt."", ""REPORT"", 2120"
"EnsureTranslation","modMigrationTranslations","136","EnsureTranslation db, ""REPORT.VAT"", ""EN"", ""VAT"", ""REPORT"", 2120"
"EnsureTranslation","modMigrationTranslations","137","EnsureTranslation db, ""REPORT.VAT"", ""FR"", ""TVA"", ""REPORT"", 2120"
"EnsureTranslation","modMigrationTranslations","139","EnsureTranslation db, ""REPORT.GROSS_AMOUNT"", ""DE"", ""Brutto"", ""REPORT"", 2130"
"EnsureTranslation","modMigrationTranslations","140","EnsureTranslation db, ""REPORT.GROSS_AMOUNT"", ""EN"", ""Gross"", ""REPORT"", 2130"
"EnsureTranslation","modMigrationTranslations","141","EnsureTranslation db, ""REPORT.GROSS_AMOUNT"", ""FR"", ""Brut"", ""REPORT"", 2130"
"EnsureTranslation","modMigrationTranslations","143","EnsureTranslation db, ""REPORT.SUBTOTAL"", ""DE"", ""Zwischensumme"", ""REPORT"", 2140"
"EnsureTranslation","modMigrationTranslations","144","EnsureTranslation db, ""REPORT.SUBTOTAL"", ""EN"", ""Subtotal"", ""REPORT"", 2140"
"EnsureTranslation","modMigrationTranslations","145","EnsureTranslation db, ""REPORT.SUBTOTAL"", ""FR"", ""Sous-total"", ""REPORT"", 2140"
"EnsureTranslation","modMigrationTranslations","147","EnsureTranslation db, ""REPORT.HEADER_DISCOUNT"", ""DE"", ""Kopfrabatt"", ""REPORT"", 2150"
"EnsureTranslation","modMigrationTranslations","148","EnsureTranslation db, ""REPORT.HEADER_DISCOUNT"", ""EN"", ""Header discount"", ""REPORT"", 2150"
"EnsureTranslation","modMigrationTranslations","149","EnsureTranslation db, ""REPORT.HEADER_DISCOUNT"", ""FR"", ""Rabais global"", ""REPORT"", 2150"
"EnsureTranslation","modMigrationTranslations","151","EnsureTranslation db, ""REPORT.HEADER_SURCHARGE"", ""DE"", ""Kopfzuschlag"", ""REPORT"", 2160"
"EnsureTranslation","modMigrationTranslations","152","EnsureTranslation db, ""REPORT.HEADER_SURCHARGE"", ""EN"", ""Header surcharge"", ""REPORT"", 2160"
"EnsureTranslation","modMigrationTranslations","153","EnsureTranslation db, ""REPORT.HEADER_SURCHARGE"", ""FR"", ""Suppl"" & ChrW$(233) & ""ment global"", ""REPORT"", 2160"
"EnsureTranslation","modMigrationTranslations","155","EnsureTranslation db, ""REPORT.TOTAL"", ""DE"", ""Total"", ""REPORT"", 2170"
"EnsureTranslation","modMigrationTranslations","156","EnsureTranslation db, ""REPORT.TOTAL"", ""EN"", ""Total"", ""REPORT"", 2170"
"EnsureTranslation","modMigrationTranslations","157","EnsureTranslation db, ""REPORT.TOTAL"", ""FR"", ""Total"", ""REPORT"", 2170"
"EnsureTranslation","modMigrationTranslations","159","EnsureTranslation db, ""REPORT.PAYMENT_TERMS"", ""DE"", ""Zahlungsbedingungen"", ""REPORT"", 2180"
"EnsureTranslation","modMigrationTranslations","160","EnsureTranslation db, ""REPORT.PAYMENT_TERMS"", ""EN"", ""Payment terms"", ""REPORT"", 2180"
"EnsureTranslation","modMigrationTranslations","161","EnsureTranslation db, ""REPORT.PAYMENT_TERMS"", ""FR"", ""Conditions de paiement"", ""REPORT"", 2180"
"EnsureTranslation","modMigrationTranslations","163","EnsureTranslation db, ""REPORT.VAT_SUMMARY"", ""DE"", ""MwSt.-Aufschlüsselung"", ""REPORT"", 2190"
"EnsureTranslation","modMigrationTranslations","164","EnsureTranslation db, ""REPORT.VAT_SUMMARY"", ""EN"", ""VAT summary"", ""REPORT"", 2190"
"EnsureTranslation","modMigrationTranslations","165","EnsureTranslation db, ""REPORT.VAT_SUMMARY"", ""FR"", ""R"" & ChrW$(233) & ""capitulatif TVA"", ""REPORT"", 2190"
"EnsureTranslation","modMigrationTranslations","167","EnsureTranslation db, ""REPORT.NO_VAT"", ""DE"", ""Keine MwSt."", ""REPORT"", 2200"
"EnsureTranslation","modMigrationTranslations","168","EnsureTranslation db, ""REPORT.NO_VAT"", ""EN"", ""No VAT"", ""REPORT"", 2200"
"EnsureTranslation","modMigrationTranslations","169","EnsureTranslation db, ""REPORT.NO_VAT"", ""FR"", ""Sans TVA"", ""REPORT"", 2200"
"EnsureTranslation","modMigrationTranslations","171","EnsureTranslation db, ""REPORT.VAT_RATE"", ""DE"", ""Satz"", ""REPORT"", 2210"
"EnsureTranslation","modMigrationTranslations","172","EnsureTranslation db, ""REPORT.VAT_RATE"", ""EN"", ""Rate"", ""REPORT"", 2210"
"EnsureTranslation","modMigrationTranslations","173","EnsureTranslation db, ""REPORT.VAT_RATE"", ""FR"", ""Taux"", ""REPORT"", 2210"
"EnsureTranslation","modMigrationTranslations","175","EnsureTranslation db, ""REPORT.POSITION_COUNT"", ""DE"", ""Anz."", ""REPORT"", 2220"
"EnsureTranslation","modMigrationTranslations","176","EnsureTranslation db, ""REPORT.POSITION_COUNT"", ""EN"", ""Count"", ""REPORT"", 2220"
"EnsureTranslation","modMigrationTranslations","177","EnsureTranslation db, ""REPORT.POSITION_COUNT"", ""FR"", ""Nbre"", ""REPORT"", 2220"
"EnsureTranslation","modMigrationTranslations","179","EnsureTranslation db, ""REPORT.VAT_BASE"", ""DE"", ""Basis"", ""REPORT"", 2230"
"EnsureTranslation","modMigrationTranslations","180","EnsureTranslation db, ""REPORT.VAT_BASE"", ""EN"", ""Base"", ""REPORT"", 2230"
"EnsureTranslation","modMigrationTranslations","181","EnsureTranslation db, ""REPORT.VAT_BASE"", ""FR"", ""Base"", ""REPORT"", 2230"
"EnsureTranslation","modMigrationTranslations","183","EnsureTranslation db, ""REPORT.VAT_AMOUNT"", ""DE"", ""MwSt."", ""REPORT"", 2240"
"EnsureTranslation","modMigrationTranslations","184","EnsureTranslation db, ""REPORT.VAT_AMOUNT"", ""EN"", ""VAT"", ""REPORT"", 2240"
"EnsureTranslation","modMigrationTranslations","185","EnsureTranslation db, ""REPORT.VAT_AMOUNT"", ""FR"", ""TVA"", ""REPORT"", 2240"
"TranslationExists","modMigrationTranslations","199","If TranslationExists(db, translationKey, languageCode) Then"
"EnsureTranslation","modMigrationTranslations","201","Debug.Print MODULE_NAME & "".EnsureTranslation: skipped "" & languageCode & ""|"" & translationKey"
"SetFieldIfExists","modMigrationTranslations","211","SetFieldIfExists rs, FIELD_IS_ACTIVE, True"
"SetFieldIfExists","modMigrationTranslations","212","SetFieldIfExists rs, FIELD_MODULE_CODE, moduleCode"
"SetFieldIfExists","modMigrationTranslations","213","SetFieldIfExists rs, FIELD_SORT_ORDER, sortOrder"
"SetFieldIfExists","modMigrationTranslations","214","SetFieldIfExists rs, FIELD_UPDATED_AT, Now()"
"EnsureTranslation","modMigrationTranslations","218","Debug.Print MODULE_NAME & "".EnsureTranslation: inserted "" & languageCode & ""|"" & translationKey"
"SqlText","modMigrationTranslations","249","""WHERE ["" & FIELD_TRANSLATION_KEY & ""] = "" & SqlText(translationKey) & _"
"SqlText","modMigrationTranslations","250",""" AND ["" & FIELD_LANGUAGE_CODE & ""] = "" & SqlText(languageCode) & "";"""
"TranslationExists","modMigrationTranslations","253","TranslationExists = Not (rs.BOF And rs.EOF)"
"TranslationExists","modMigrationTranslations","262","TranslationExists = False"
"TableExists","modMigrationTranslations","277","TableExists = True"
"TableExists","modMigrationTranslations","285","TableExists = False"
"TableExists","modMigrationTranslations","298","If Not TableExists(db, tableName) Then"
"FieldExists","modMigrationTranslations","306","FieldExists = True"
"FieldExists","modMigrationTranslations","314","FieldExists = False"
"RecordsetHasField","modMigrationTranslations","318","If modDaoHelper.RecordsetHasField(rs, fieldName) Then"
"GetTranslationKeyFromTag","modFormLocalization","25","translationKey = modFwTranslationRuntime.GetTranslationKeyFromTag(formInstance.Tag)"
"NzString","modFormLocalization","27","SetFormCaption formInstance, translationKey, NzString(formInstance.Caption)"
"SetFormCaption","modFormLocalization","27","SetFormCaption formInstance, translationKey, NzString(formInstance.Caption)"
"GetTranslationKeyFromTag","modFormLocalization","32","translationKey = modFwTranslationRuntime.GetTranslationKeyFromTag(ctl.Tag)"
"GetControlFallbackCaption","modFormLocalization","34","LocalizeControl ctl, translationKey, GetControlFallbackCaption(ctl)"
"LocalizeControl","modFormLocalization","34","LocalizeControl ctl, translationKey, GetControlFallbackCaption(ctl)"
"LocalizeTabPages","modFormLocalization","39","localizedCount = localizedCount + LocalizeTabPages(ctl)"
"LocalizeForm","modFormLocalization","44","modLoggingHandler.LogInfo MODULE_NAME & "".LocalizeForm"", _"
"LogInfo","modFormLocalization","44","modLoggingHandler.LogInfo MODULE_NAME & "".LocalizeForm"", _"
"HandleError","modFormLocalization","50","modErrorHandler.HandleError MODULE_NAME, ""LocalizeForm"", Err"
"LocalizeForm","modFormLocalization","50","modErrorHandler.HandleError MODULE_NAME, ""LocalizeForm"", Err"
"T","modFormLocalization","64","formInstance.Caption = modTranslationService.T(translationKey, Fallback)"
"HandleError","modFormLocalization","68","modErrorHandler.HandleError MODULE_NAME, ""SetFormCaption"", Err"
"SetFormCaption","modFormLocalization","68","modErrorHandler.HandleError MODULE_NAME, ""SetFormCaption"", Err"
"SupportsCaptionLocalization","modFormLocalization","82","If Not SupportsCaptionLocalization(ControlInstance) Then"
"ApplyCaptionToControl","modFormLocalization","86","ApplyCaptionToControl ControlInstance, modTranslationService.T(translationKey, Fallback)"
"T","modFormLocalization","86","ApplyCaptionToControl ControlInstance, modTranslationService.T(translationKey, Fallback)"
"HandleError","modFormLocalization","90","modErrorHandler.HandleError MODULE_NAME, ""LocalizeControl"", Err"
"LocalizeControl","modFormLocalization","90","modErrorHandler.HandleError MODULE_NAME, ""LocalizeControl"", Err"
"SupportsCaptionLocalization","modFormLocalization","102","SupportsCaptionLocalization = True"
"SupportsCaptionLocalization","modFormLocalization","107","SupportsCaptionLocalization = False"
"HandleError","modFormLocalization","108","modErrorHandler.HandleError MODULE_NAME, ""SupportsCaptionLocalization"", Err"
"SupportsCaptionLocalization","modFormLocalization","108","modErrorHandler.HandleError MODULE_NAME, ""SupportsCaptionLocalization"", Err"
"ApplyCaptionToControl","modFormLocalization","125","modErrorHandler.HandleError MODULE_NAME, ""ApplyCaptionToControl"", Err"
"HandleError","modFormLocalization","125","modErrorHandler.HandleError MODULE_NAME, ""ApplyCaptionToControl"", Err"
"SupportsCaptionLocalization","modFormLocalization","135","If SupportsCaptionLocalization(ControlInstance) Then"
"GetControlFallbackCaption","modFormLocalization","136","GetControlFallbackCaption = NzString(ControlInstance.Caption)"
"NzString","modFormLocalization","136","GetControlFallbackCaption = NzString(ControlInstance.Caption)"
"GetControlFallbackCaption","modFormLocalization","141","GetControlFallbackCaption = vbNullString"
"GetControlFallbackCaption","modFormLocalization","142","modErrorHandler.HandleError MODULE_NAME, ""GetControlFallbackCaption"", Err"
"HandleError","modFormLocalization","142","modErrorHandler.HandleError MODULE_NAME, ""GetControlFallbackCaption"", Err"
"GetTranslationKeyFromTag","modFormLocalization","161","translationKey = modFwTranslationRuntime.GetTranslationKeyFromTag(NzString(Page.Tag))"
"NzString","modFormLocalization","161","translationKey = modFwTranslationRuntime.GetTranslationKeyFromTag(NzString(Page.Tag))"
"NzString","modFormLocalization","163","fallbackCaption = NzString(Page.Caption)"
"T","modFormLocalization","164","Page.Caption = modTranslationService.T(translationKey, fallbackCaption)"
"LocalizeTabPages","modFormLocalization","165","LocalizeTabPages = LocalizeTabPages + 1"
"HandleError","modFormLocalization","171","modErrorHandler.HandleError MODULE_NAME, ""LocalizeTabPages"", Err"
"LocalizeTabPages","modFormLocalization","171","modErrorHandler.HandleError MODULE_NAME, ""LocalizeTabPages"", Err"
"NzString","modFormLocalization","176","NzString = defaultValue"
"NzString","modFormLocalization","178","NzString = CStr(Value)"
"SeedDemoDataSafe","modDemoDataSeeder","58","SeedDemoDataSafe TenantCode"
"ResetSeedRunCounters","modDemoDataSeeder","72","ResetSeedRunCounters"
"ValidateRequiredSchema","modDemoDataSeeder","75","ValidateRequiredSchema db"
"EnsureTenantParameters","modDemoDataSeeder","76","EnsureTenantParameters db, tenantCodeEffective"
"EnsureAddresses","modDemoDataSeeder","77","EnsureAddresses db"
"EnsureContacts","modDemoDataSeeder","78","EnsureContacts db"
"EnsureDocuments","modDemoDataSeeder","79","EnsureDocuments db"
"EnsurePositions","modDemoDataSeeder","80","EnsurePositions db"
"UpdateDocumentTotals","modDemoDataSeeder","81","UpdateDocumentTotals db"
"LogSeedSummary","modDemoDataSeeder","85","LogSeedSummary ""SeedDemoDataSafe"", tenantCodeEffective"
"SeedDemoDataSafe","modDemoDataSeeder","85","LogSeedSummary ""SeedDemoDataSafe"", tenantCodeEffective"
"HandleError","modDemoDataSeeder","97","modErrorHandler.HandleError MODULE_NAME, ""SeedDemoDataSafe"", Err"
"SeedDemoDataSafe","modDemoDataSeeder","97","modErrorHandler.HandleError MODULE_NAME, ""SeedDemoDataSafe"", Err"
"ResetSeedRunCounters","modDemoDataSeeder","119","ResetSeedRunCounters"
"ValidateRequiredSchema","modDemoDataSeeder","122","ValidateRequiredSchema db"
"DeleteDemoDataForReset","modDemoDataSeeder","123","DeleteDemoDataForReset db"
"EnsureTenantParameters","modDemoDataSeeder","124","EnsureTenantParameters db, tenantCodeEffective"
"EnsureAddresses","modDemoDataSeeder","125","EnsureAddresses db"
"EnsureContacts","modDemoDataSeeder","126","EnsureContacts db"
"EnsureDocuments","modDemoDataSeeder","127","EnsureDocuments db"
"EnsurePositions","modDemoDataSeeder","128","EnsurePositions db"
"UpdateDocumentTotals","modDemoDataSeeder","129","UpdateDocumentTotals db"
"LogSeedSummary","modDemoDataSeeder","133","LogSeedSummary ""ResetAndSeedDemoData"", tenantCodeEffective"
"ResetAndSeedDemoData","modDemoDataSeeder","133","LogSeedSummary ""ResetAndSeedDemoData"", tenantCodeEffective"
"HandleError","modDemoDataSeeder","145","modErrorHandler.HandleError MODULE_NAME, ""ResetAndSeedDemoData"", Err"
"ResetAndSeedDemoData","modDemoDataSeeder","145","modErrorHandler.HandleError MODULE_NAME, ""ResetAndSeedDemoData"", Err"
"EnsureArticleGroupTable","modDemoDataSeeder","158","modArticleGroupService.EnsureArticleGroupTable"
"RequireTable","modDemoDataSeeder","159","RequireTable db, TBL_ART_PRODUCT_GROUP"
"RequireField","modDemoDataSeeder","160","RequireField db, TBL_ART_PRODUCT_GROUP, ""product_group_code"""
"RequireField","modDemoDataSeeder","161","RequireField db, TBL_ART_PRODUCT_GROUP, ""product_group_name"""
"RequireField","modDemoDataSeeder","162","RequireField db, TBL_ART_PRODUCT_GROUP, ""description_text"""
"RequireField","modDemoDataSeeder","163","RequireField db, TBL_ART_PRODUCT_GROUP, ""sort_order"""
"RequireField","modDemoDataSeeder","164","RequireField db, TBL_ART_PRODUCT_GROUP, ""is_active"""
"RequireField","modDemoDataSeeder","165","RequireField db, TBL_ART_PRODUCT_GROUP, ""created_at"""
"RequireField","modDemoDataSeeder","166","RequireField db, TBL_ART_PRODUCT_GROUP, ""created_by"""
"RequireField","modDemoDataSeeder","167","RequireField db, TBL_ART_PRODUCT_GROUP, ""updated_at"""
"RequireField","modDemoDataSeeder","168","RequireField db, TBL_ART_PRODUCT_GROUP, ""updated_by"""
"UpsertProductGroup","modDemoDataSeeder","174","UpsertProductGroup db, ""SERVICES"", ""Dienstleistungen"", ""Dienstleistungs- und Beratungsangebote"", 10, True"
"UpsertProductGroup","modDemoDataSeeder","175","UpsertProductGroup db, ""FOOD"", ""Lebensmittel"", ""Allgemeine Lebensmittel und Verpflegungsartikel"", 20, True"
"UpsertProductGroup","modDemoDataSeeder","176","UpsertProductGroup db, ""BEVERAGES"", ""Getraenke"", ""Getraenke und zugehoerige Artikel"", 30, True"
"UpsertProductGroup","modDemoDataSeeder","177","UpsertProductGroup db, ""OFFICE"", ""Buero"", ""Buero- und Verwaltungsbedarf"", 40, True"
"UpsertProductGroup","modDemoDataSeeder","178","UpsertProductGroup db, ""SOFTWARE"", ""Software"", ""Softwareprodukte, Lizenzen und digitale Services"", 50, True"
"UpsertProductGroup","modDemoDataSeeder","179","UpsertProductGroup db, ""HARDWARE"", ""Hardware"", ""Hardwarekomponenten und Geraete"", 60, True"
"UpsertProductGroup","modDemoDataSeeder","180","UpsertProductGroup db, ""SUBSCRIPTIONS"", ""Abonnemente"", ""Wiederkehrende Leistungen und Abomodelle"", 70, True"
"LogInfo","modDemoDataSeeder","184","modLoggingHandler.LogInfo MODULE_NAME & "".SeedProductGroups"", _"
"SeedProductGroups","modDemoDataSeeder","184","modLoggingHandler.LogInfo MODULE_NAME & "".SeedProductGroups"", _"
"HandleError","modDemoDataSeeder","195","modErrorHandler.HandleError MODULE_NAME, ""SeedProductGroups"", Err"
"SeedProductGroups","modDemoDataSeeder","195","modErrorHandler.HandleError MODULE_NAME, ""SeedProductGroups"", Err"
"TableExists","modDemoDataSeeder","208","If Not TableExists(db, TBL_ART_PRODUCT_GROUP) Then"
"SeedProductGroups","modDemoDataSeeder","209","SeedProductGroups"
"SeedProductGroups","modDemoDataSeeder","211","SeedProductGroups"
"RequireTable","modDemoDataSeeder","214","RequireTable db, TBL_ART_PRODUCT_GROUP"
"RequireTable","modDemoDataSeeder","215","RequireTable db, TBL_ART_ARTICLE"
"RequireField","modDemoDataSeeder","217","RequireField db, TBL_ART_ARTICLE, ""article_no"""
"RequireField","modDemoDataSeeder","218","RequireField db, TBL_ART_ARTICLE, ""article_name"""
"RequireField","modDemoDataSeeder","219","RequireField db, TBL_ART_ARTICLE, ""product_group_id"""
"RequireField","modDemoDataSeeder","220","RequireField db, TBL_ART_ARTICLE, ""article_type_code"""
"RequireField","modDemoDataSeeder","221","RequireField db, TBL_ART_ARTICLE, ""unit_code"""
"RequireField","modDemoDataSeeder","222","RequireField db, TBL_ART_ARTICLE, ""vat_code"""
"RequireField","modDemoDataSeeder","223","RequireField db, TBL_ART_ARTICLE, ""purchase_price"""
"RequireField","modDemoDataSeeder","224","RequireField db, TBL_ART_ARTICLE, ""sales_price"""
"RequireField","modDemoDataSeeder","225","RequireField db, TBL_ART_ARTICLE, ""barcode"""
"RequireField","modDemoDataSeeder","226","RequireField db, TBL_ART_ARTICLE, ""description_text"""
"RequireField","modDemoDataSeeder","227","RequireField db, TBL_ART_ARTICLE, ""is_active"""
"RequireField","modDemoDataSeeder","228","RequireField db, TBL_ART_ARTICLE, ""created_at"""
"RequireField","modDemoDataSeeder","229","RequireField db, TBL_ART_ARTICLE, ""created_by"""
"RequireField","modDemoDataSeeder","230","RequireField db, TBL_ART_ARTICLE, ""updated_at"""
"RequireField","modDemoDataSeeder","231","RequireField db, TBL_ART_ARTICLE, ""updated_by"""
"UpsertArticle","modDemoDataSeeder","236","UpsertArticle db, ""CONSULT-STD"", ""Standard Beratung"", ""SERVICES"", ""SERVICE"", ""H"", ""CH_STANDARD"", 0, 180, ""7611000000011"", ""Standardisierte Beratungsleistung."", True"
"UpsertArticle","modDemoDataSeeder","237","UpsertArticle db, ""SERVICE-HOUR"", ""Servicestunde"", ""SERVICES"", ""SERVICE"", ""H"", ""CH_STANDARD"", 0, 145, ""7611000000012"", ""Abrechenbare Servicestunde."", True"
"UpsertArticle","modDemoDataSeeder","238","UpsertArticle db, ""SOFTWARE-BASIC"", ""Software Basislizenz"", ""SOFTWARE"", ""LICENSE"", ""PCS"", ""CH_STANDARD"", 120, 490, ""7611000000013"", ""Einfache Basislizenz fuer Standardsoftware."", True"
"UpsertArticle","modDemoDataSeeder","239","UpsertArticle db, ""HARDWARE-BOX"", ""Hardware Box"", ""HARDWARE"", ""GOODS"", ""PCS"", ""CH_STANDARD"", 95, 245, ""7611000000014"", ""Standardisierte Hardwareeinheit."", True"
"UpsertArticle","modDemoDataSeeder","240","UpsertArticle db, ""OFFICE-MAT"", ""Bueromaterial"", ""OFFICE"", ""GOODS"", ""PCS"", ""CH_STANDARD"", 8, 19, ""7611000000015"", ""Allgemeines Bueromaterial."", True"
"UpsertArticle","modDemoDataSeeder","241","UpsertArticle db, ""FOOD-SNACK"", ""Snack"", ""FOOD"", ""GOODS"", ""PCS"", ""CH_REDUCED"", 1.2, 3.5, ""7611000000016"", ""Einfacher Snackartikel fuer Demo-Zwecke."", True"
"UpsertArticle","modDemoDataSeeder","242","UpsertArticle db, ""BEV-WATER"", ""Mineralwasser"", ""BEVERAGES"", ""GOODS"", ""PCS"", ""CH_REDUCED"", 0.4, 1.8, ""7611000000017"", ""Flasche Mineralwasser."", True"
"LogInfo","modDemoDataSeeder","246","modLoggingHandler.LogInfo MODULE_NAME & "".SeedArticles"", _"
"SeedArticles","modDemoDataSeeder","246","modLoggingHandler.LogInfo MODULE_NAME & "".SeedArticles"", _"
"HandleError","modDemoDataSeeder","257","modErrorHandler.HandleError MODULE_NAME, ""SeedArticles"", Err"
"SeedArticles","modDemoDataSeeder","257","modErrorHandler.HandleError MODULE_NAME, ""SeedArticles"", Err"
"EnsureOrderRepositoryReady","modDemoDataSeeder","275","If Not modOrderRepository.EnsureOrderRepositoryReady() Then"
"RequireTable","modDemoDataSeeder","279","RequireTable db, TBL_ADR_ADDRESS"
"RequireTable","modDemoDataSeeder","280","RequireTable db, TBL_ORD_ORDER"
"RequireTable","modDemoDataSeeder","281","RequireTable db, TBL_ORD_ORDER_LINE"
"RequireField","modDemoDataSeeder","282","RequireField db, TBL_ORD_ORDER, ""external_reference"""
"RequireField","modDemoDataSeeder","283","RequireField db, TBL_ORD_ORDER_LINE, ""line_no"""
"EnsureAddresses","modDemoDataSeeder","285","EnsureAddresses db"
"ResolveAddressId","modDemoDataSeeder","289","billingAddressId = ResolveAddressId(db, ""BILLING"", ""Muster Handel AG"", ""Industriestrasse"", ""15"", ""6300"", ""Zug"", ""CH"")"
"GetAddressDisplayName","modDemoDataSeeder","296","CustomerName = modAddressRepository.GetAddressDisplayName(billingAddressId, ""Muster Handel AG"")"
"ResolveOrderIdByExternalReference","modDemoDataSeeder","297","OrderId = ResolveOrderIdByExternalReference(db, DEMO_EXTERNAL_REFERENCE)"
"CreateSalesOrderHeader","modDemoDataSeeder","302","OrderId = modOrderRepository.CreateSalesOrderHeader( _"
"SeedDemoSalesOrder","modDemoDataSeeder","315","InternalNotesText:=""SeedDemoSalesOrder"")"
"UpdateOrderStatusCode","modDemoDataSeeder","321","UpdateOrderStatusCode db, OrderId, modOrderRepository.ORDER_STATUS_OPEN"
"EnsureDemoSalesOrderLine","modDemoDataSeeder","327","EnsureDemoSalesOrderLine db, OrderId, 1, ""CONSULT-STD"", ""Beratung Architekturreview Easis v4"", 4, ""H"", 180, ""CH_STANDARD"", 7.7"
"EnsureDemoSalesOrderLine","modDemoDataSeeder","328","EnsureDemoSalesOrderLine db, OrderId, 2, ""HARDWARE-BOX"", ""Demo Hardware Box"", 2, ""PCS"", 245, ""CH_STANDARD"", 7.7"
"EnsureDemoSalesOrderLine","modDemoDataSeeder","329","EnsureDemoSalesOrderLine db, OrderId, 3, ""OFFICE-MAT"", ""Bueromaterial Startpaket"", 5, ""PCS"", 19, ""CH_STANDARD"", 7.7"
"RecalculateOrder","modDemoDataSeeder","331","If Not modOrderCalculationService.RecalculateOrder(OrderId) Then"
"LogInfo","modDemoDataSeeder","337","modLoggingHandler.LogInfo MODULE_NAME & "".SeedDemoSalesOrder"", _"
"SeedDemoSalesOrder","modDemoDataSeeder","337","modLoggingHandler.LogInfo MODULE_NAME & "".SeedDemoSalesOrder"", _"
"HandleError","modDemoDataSeeder","350","modErrorHandler.HandleError MODULE_NAME, ""SeedDemoSalesOrder"", Err"
"SeedDemoSalesOrder","modDemoDataSeeder","350","modErrorHandler.HandleError MODULE_NAME, ""SeedDemoSalesOrder"", Err"
"RequireTable","modDemoDataSeeder","357","RequireTable db, TBL_ADR_ADDRESS"
"RequireTable","modDemoDataSeeder","358","RequireTable db, TBL_DOC_DOCUMENT"
"RequireTable","modDemoDataSeeder","359","RequireTable db, TBL_DOC_POSITION"
"RequireField","modDemoDataSeeder","361","RequireField db, TBL_ADR_ADDRESS, ""address_id"""
"RequireField","modDemoDataSeeder","362","RequireField db, TBL_ADR_ADDRESS, ""address_type_code"""
"RequireField","modDemoDataSeeder","363","RequireField db, TBL_ADR_ADDRESS, ""company_name"""
"RequireField","modDemoDataSeeder","364","RequireField db, TBL_ADR_ADDRESS, ""street"""
"RequireField","modDemoDataSeeder","365","RequireField db, TBL_ADR_ADDRESS, ""zip_code"""
"RequireField","modDemoDataSeeder","366","RequireField db, TBL_ADR_ADDRESS, ""city"""
"RequireField","modDemoDataSeeder","367","RequireField db, TBL_ADR_ADDRESS, ""country_code"""
"RequireField","modDemoDataSeeder","368","RequireField db, TBL_ADR_ADDRESS, ""language_code"""
"RequireField","modDemoDataSeeder","370","RequireField db, TBL_DOC_DOCUMENT, ""document_id"""
"RequireField","modDemoDataSeeder","371","RequireField db, TBL_DOC_DOCUMENT, ""document_type_code"""
"RequireField","modDemoDataSeeder","372","RequireField db, TBL_DOC_DOCUMENT, ""document_status_code"""
"RequireField","modDemoDataSeeder","373","RequireField db, TBL_DOC_DOCUMENT, ""document_no"""
"RequireField","modDemoDataSeeder","374","RequireField db, TBL_DOC_DOCUMENT, ""document_date"""
"RequireField","modDemoDataSeeder","375","RequireField db, TBL_DOC_DOCUMENT, ""customer_address_id"""
"RequireField","modDemoDataSeeder","376","RequireField db, TBL_DOC_DOCUMENT, ""customer_name"""
"RequireField","modDemoDataSeeder","377","RequireField db, TBL_DOC_DOCUMENT, ""currency_code"""
"RequireField","modDemoDataSeeder","378","RequireField db, TBL_DOC_DOCUMENT, ""vat_mode"""
"RequireField","modDemoDataSeeder","379","RequireField db, TBL_DOC_DOCUMENT, ""vat_rate"""
"RequireField","modDemoDataSeeder","380","RequireField db, TBL_DOC_DOCUMENT, ""total_net"""
"RequireField","modDemoDataSeeder","381","RequireField db, TBL_DOC_DOCUMENT, ""total_vat"""
"RequireField","modDemoDataSeeder","382","RequireField db, TBL_DOC_DOCUMENT, ""total_gross"""
"RequireField","modDemoDataSeeder","384","RequireField db, TBL_DOC_POSITION, ""document_position_id"""
"RequireField","modDemoDataSeeder","385","RequireField db, TBL_DOC_POSITION, ""document_id"""
"RequireField","modDemoDataSeeder","386","RequireField db, TBL_DOC_POSITION, ""line_no"""
"RequireField","modDemoDataSeeder","387","RequireField db, TBL_DOC_POSITION, ""description"""
"RequireField","modDemoDataSeeder","388","RequireField db, TBL_DOC_POSITION, ""quantity"""
"RequireField","modDemoDataSeeder","389","RequireField db, TBL_DOC_POSITION, ""unit_code"""
"RequireField","modDemoDataSeeder","390","RequireField db, TBL_DOC_POSITION, ""unit_price"""
"RequireField","modDemoDataSeeder","391","RequireField db, TBL_DOC_POSITION, ""vat_rate"""
"RequireField","modDemoDataSeeder","392","RequireField db, TBL_DOC_POSITION, ""line_total_net"""
"RequireField","modDemoDataSeeder","393","RequireField db, TBL_DOC_POSITION, ""line_total_vat"""
"RequireField","modDemoDataSeeder","394","RequireField db, TBL_DOC_POSITION, ""line_total_gross"""
"TableExists","modDemoDataSeeder","398","If Not TableExists(db, TBL_TEN_PARAMETER) Then Exit Sub"
"EnsureTenantParameter","modDemoDataSeeder","400","EnsureTenantParameter db, TenantCode, ""TENANT_CODE"", TenantCode"
"EnsureTenantParameter","modDemoDataSeeder","401","EnsureTenantParameter db, TenantCode, ""TENANT_NAME"", ""Easis Demo Schweiz AG"""
"EnsureTenantParameter","modDemoDataSeeder","402","EnsureTenantParameter db, TenantCode, ""DEFAULT_LANGUAGE"", ""de-CH"""
"EnsureTenantParameter","modDemoDataSeeder","403","EnsureTenantParameter db, TenantCode, ""DEFAULT_CURRENCY"", ""CHF"""
"EnsureTenantParameter","modDemoDataSeeder","404","EnsureTenantParameter db, TenantCode, ""SENDER_NAME"", ""Easis Demo Schweiz AG"""
"EnsureTenantParameter","modDemoDataSeeder","405","EnsureTenantParameter db, TenantCode, ""SENDER_STREET"", ""Bahnhofstrasse"""
"EnsureTenantParameter","modDemoDataSeeder","406","EnsureTenantParameter db, TenantCode, ""SENDER_HOUSE_NO"", ""10"""
"EnsureTenantParameter","modDemoDataSeeder","407","EnsureTenantParameter db, TenantCode, ""SENDER_ZIP_CODE"", ""8001"""
"DemoCityZurich","modDemoDataSeeder","408","EnsureTenantParameter db, TenantCode, ""SENDER_CITY"", DemoCityZurich()"
"EnsureTenantParameter","modDemoDataSeeder","408","EnsureTenantParameter db, TenantCode, ""SENDER_CITY"", DemoCityZurich()"
"EnsureTenantParameter","modDemoDataSeeder","409","EnsureTenantParameter db, TenantCode, ""SENDER_COUNTRY_CODE"", ""CH"""
"EnsureTenantParameter","modDemoDataSeeder","410","EnsureTenantParameter db, TenantCode, ""SENDER_PHONE"", ""+41 44 123 45 67"""
"EnsureTenantParameter","modDemoDataSeeder","411","EnsureTenantParameter db, TenantCode, ""SENDER_EMAIL"", ""demo@easis.ch"""
"EnsureTenantParameter","modDemoDataSeeder","412","EnsureTenantParameter db, TenantCode, ""SENDER_VAT_NO"", ""CHE-123.456.789 MWST"""
"EnsureAddress","modDemoDataSeeder","416","mAddressBillingCh = EnsureAddress(db, ""BILLING"", ""Muster Handel AG"", ""Anna"", ""Keller"", ""Industriestrasse"", ""15"", ""6300"", ""Zug"", ""CH"", ""de-CH"")"
"DemoCityGeneva","modDemoDataSeeder","417","mAddressShippingCh = EnsureAddress(db, ""SHIPPING"", ""Muster Handel AG - Lager Genf"", ""Marc"", ""Dubois"", ""Route de Meyrin"", ""88"", ""1203"", DemoCityGeneva(), ""CH"", ""fr-CH"")"
"EnsureAddress","modDemoDataSeeder","417","mAddressShippingCh = EnsureAddress(db, ""SHIPPING"", ""Muster Handel AG - Lager Genf"", ""Marc"", ""Dubois"", ""Route de Meyrin"", ""88"", ""1203"", DemoCityGeneva(), ""CH"", ""fr-CH"")"
"DemoCityMunich","modDemoDataSeeder","418","mAddressBillingDe = EnsureAddress(db, ""BILLING"", ""Beispiel GmbH"", ""Thomas"", ""Schneider"", ""Hauptstrasse"", ""22"", ""80331"", DemoCityMunich(), ""DE"", ""de-DE"")"
"EnsureAddress","modDemoDataSeeder","418","mAddressBillingDe = EnsureAddress(db, ""BILLING"", ""Beispiel GmbH"", ""Thomas"", ""Schneider"", ""Hauptstrasse"", ""22"", ""80331"", DemoCityMunich(), ""DE"", ""de-DE"")"
"EnsureAddress","modDemoDataSeeder","419","mAddressShippingFr = EnsureAddress(db, ""SHIPPING"", ""Beispiel GmbH - Site Paris"", ""Claire"", ""Martin"", ""Rue Lafayette"", ""12"", ""75009"", ""Paris"", ""FR"", ""fr-CH"")"
"EnsureAddress","modDemoDataSeeder","420","mAddressBillingUs = EnsureAddress(db, ""BILLING"", ""Global Components Inc."", ""John"", ""Miller"", ""Market Street"", ""500"", ""94105"", ""San Francisco"", ""US"", ""en-US"")"
"TableExists","modDemoDataSeeder","424","If Not TableExists(db, TBL_ADR_CONTACT) Then Exit Sub"
"EnsureContact","modDemoDataSeeder","426","EnsureContact db, mAddressBillingCh, ""EMAIL"", ""buchhaltung@muster-handel.ch"", True, ""Demo billing contact"""
"EnsureContact","modDemoDataSeeder","427","EnsureContact db, mAddressShippingCh, ""EMAIL"", ""lager@muster-handel.ch"", True, ""Demo shipping contact"""
"EnsureContact","modDemoDataSeeder","428","EnsureContact db, mAddressBillingDe, ""EMAIL"", ""rechnung@beispiel-gmbh.de"", True, ""Demo billing contact"""
"EnsureContact","modDemoDataSeeder","429","EnsureContact db, mAddressShippingFr, ""EMAIL"", ""livraison@beispiel.fr"", True, ""Demo shipping contact"""
"EnsureContact","modDemoDataSeeder","430","EnsureContact db, mAddressBillingUs, ""EMAIL"", ""ap@global-components.com"", True, ""Demo billing contact"""
"EnsureDocument","modDemoDataSeeder","435","mDocInvoiceCh = EnsureDocument(db, ""INVOICE"", ""FINAL"", ""RE-2026-0001"", DateSerial(2026, 5, 2), mAddressBillingCh, ""Muster Handel AG"", ""CHF"", ""NET"", 7.7, ""Schweizer Rechnung / Standardfall"", """", 0, ""de-CH"", ""NET_30"", ""Zahlbar innert 30 Tagen netto."")"
"EnsureDocument","modDemoDataSeeder","437","mDocInvoiceEu = EnsureDocument(db, ""INVOICE"", ""FINAL"", ""RE-2026-0002"", DateSerial(2026, 5, 2), mAddressBillingDe, ""Beispiel GmbH"", ""EUR"", ""NET"", 19, ""EU-Rechnung mit Positionsrabatt und Kopfrabatt. Separate Lieferadresse: Beispiel GmbH - Site Paris, 12 Rue Lafayette, 75009 Paris, FR"", ""PERCENT"", 5, ""de-DE"", ""CASH_DISCOUNT_10_2_NET_30"", ""2% Skonto bei Zahlung innert 10 Tagen, ansonsten zahlbar innert 30 Tagen netto."")"
"DemoDeliveryNoteRemarks","modDemoDataSeeder","439","mDocDeliveryNote = EnsureDocument(db, ""DELIVERY_NOTE"", ""FINAL"", ""LS-2026-0001"", DateSerial(2026, 5, 2), mAddressShippingCh, ""Muster Handel AG - Lager Genf"", ""CHF"", ""NET"", 7.7, DemoDeliveryNoteRemarks(), """", 0, ""de-CH"", """", """")"
"EnsureDocument","modDemoDataSeeder","439","mDocDeliveryNote = EnsureDocument(db, ""DELIVERY_NOTE"", ""FINAL"", ""LS-2026-0001"", DateSerial(2026, 5, 2), mAddressShippingCh, ""Muster Handel AG - Lager Genf"", ""CHF"", ""NET"", 7.7, DemoDeliveryNoteRemarks(), """", 0, ""de-CH"", """", """")"
"EnsureDocument","modDemoDataSeeder","441","mDocCreditNote = EnsureDocument(db, ""CREDIT_NOTE"", ""FINAL"", ""GS-2026-0001"", DateSerial(2026, 5, 2), mAddressBillingDe, ""Beispiel GmbH"", ""EUR"", ""NET"", 19, ""Gutschrift mit negativer Position"", """", 0, ""de-DE"", ""NET_30"", ""Zahlbar innert 30 Tagen netto."")"
"DemoExportInvoiceRemarks","modDemoDataSeeder","443","mDocInvoiceUsd = EnsureDocument(db, ""INVOICE"", ""FINAL"", ""RE-2026-0003"", DateSerial(2026, 5, 2), mAddressBillingUs, ""Global Components Inc."", ""USD"", ""EXPORT"", 0, DemoExportInvoiceRemarks(), """", 0, ""en-US"", ""PREPAYMENT"", ""Payable in advance."")"
"EnsureDocument","modDemoDataSeeder","443","mDocInvoiceUsd = EnsureDocument(db, ""INVOICE"", ""FINAL"", ""RE-2026-0003"", DateSerial(2026, 5, 2), mAddressBillingUs, ""Global Components Inc."", ""USD"", ""EXPORT"", 0, DemoExportInvoiceRemarks(), """", 0, ""en-US"", ""PREPAYMENT"", ""Payable in advance."")"
"DemoLongInvoiceRemarks","modDemoDataSeeder","445","mDocLongInvoice = EnsureDocument(db, ""INVOICE"", ""FINAL"", ""RE-2026-0099"", DateSerial(2026, 5, 3), mAddressBillingCh, ""Muster Handel AG"", ""CHF"", ""NET"", 7.7, DemoLongInvoiceRemarks(), """", 0, ""de-CH"", ""NET_30"", ""Zahlbar innert 30 Tagen netto."")"
"EnsureDocument","modDemoDataSeeder","445","mDocLongInvoice = EnsureDocument(db, ""INVOICE"", ""FINAL"", ""RE-2026-0099"", DateSerial(2026, 5, 3), mAddressBillingCh, ""Muster Handel AG"", ""CHF"", ""NET"", 7.7, DemoLongInvoiceRemarks(), """", 0, ""de-CH"", ""NET_30"", ""Zahlbar innert 30 Tagen netto."")"
"EnsurePosition","modDemoDataSeeder","456","EnsurePosition db, mDocInvoiceCh, 1, ""Beratung Architekturreview Easis v4"", 4, ""h"", 180, 7.7"
"EnsurePosition","modDemoDataSeeder","457","EnsurePosition db, mDocInvoiceCh, 2, ""Einrichtung Reporting-Template"", 1, ""pauschal"", 650, 7.7"
"EnsurePosition","modDemoDataSeeder","459","EnsurePosition db, mDocInvoiceEu, 1, ""Access Frontend Erweiterung"", 8, ""h"", 145, 19"
"EnsurePosition","modDemoDataSeeder","460","EnsurePosition db, mDocInvoiceEu, 2, ""Technische Dokumentation"", 1, ""pauschal"", 390, 19, ""PERCENT"", 10"
"EnsurePosition","modDemoDataSeeder","462","EnsurePosition db, mDocDeliveryNote, 1, ""Demo Hardware Box"", 3, ""Stk"", 245, 7.7"
"EnsurePosition","modDemoDataSeeder","463","EnsurePosition db, mDocDeliveryNote, 2, ""USB-C Anschlusskabel"", 6, ""Stk"", 18.5, 7.7"
"EnsurePosition","modDemoDataSeeder","465","EnsurePosition db, mDocCreditNote, 1, ""Gutschrift Servicekorrektur"", 1, ""pauschal"", -250, 19"
"EnsurePosition","modDemoDataSeeder","467","EnsurePosition db, mDocInvoiceUsd, 1, ""Software license export"", 5, ""pcs"", 499, 0"
"EnsurePosition","modDemoDataSeeder","468","EnsurePosition db, mDocInvoiceUsd, 2, ""International remote support package"", 1, ""package"", 1250, 0, ""PERCENT"", 15"
"EnsurePosition","modDemoDataSeeder","469","EnsurePosition db, mDocInvoiceUsd, 3, ""Rounding and large amount test position"", 12.5, ""h"", 1234.56, 0, ""PERCENT"", 2.5"
"DemoLongPositionDescription","modDemoDataSeeder","483","description = DemoLongPositionDescription(i)"
"EnsurePosition","modDemoDataSeeder","485","EnsurePosition _"
"SetFieldIfExists","modDemoDataSeeder","514","SetFieldIfExists rs, ""address_type_code"", UCase$(Trim$(addressTypeCode))"
"SetFieldIfExists","modDemoDataSeeder","515","SetFieldIfExists rs, ""company_name"", Trim$(CompanyName)"
"SetFieldIfExists","modDemoDataSeeder","516","SetFieldIfExists rs, ""first_name"", Trim$(FirstName)"
"SetFieldIfExists","modDemoDataSeeder","517","SetFieldIfExists rs, ""last_name"", Trim$(LastName)"
"SetFieldIfExists","modDemoDataSeeder","518","SetFieldIfExists rs, ""street"", Trim$(street)"
"SetFieldIfExists","modDemoDataSeeder","519","SetFieldIfExists rs, ""house_no"", Trim$(HouseNo)"
"SetFieldIfExists","modDemoDataSeeder","520","SetFieldIfExists rs, ""zip_code"", Trim$(zipCode)"
"SetFieldIfExists","modDemoDataSeeder","521","SetFieldIfExists rs, ""city"", Trim$(city)"
"SetFieldIfExists","modDemoDataSeeder","522","SetFieldIfExists rs, ""country_code"", UCase$(Trim$(countryCode))"
"SetFieldIfExists","modDemoDataSeeder","523","SetFieldIfExists rs, ""language_code"", Trim$(languageCode)"
"SetFieldIfExists","modDemoDataSeeder","524","SetFieldIfExists rs, ""is_active"", True"
"SetFieldIfExists","modDemoDataSeeder","525","SetFieldIfExists rs, ""created_at"", Now()"
"SetFieldIfExists","modDemoDataSeeder","526","SetFieldIfExists rs, ""created_by"", created_by"
"InsertAddress","modDemoDataSeeder","530","InsertAddress = CLng(Nz(rs.Fields(""address_id"").Value, 0))"
"SetFieldIfExists","modDemoDataSeeder","549","SetFieldIfExists rs, ""address_id"", addressId"
"SetFieldIfExists","modDemoDataSeeder","550","SetFieldIfExists rs, ""contact_type_code"", UCase$(Trim$(contactTypeCode))"
"SetFieldIfExists","modDemoDataSeeder","551","SetFieldIfExists rs, ""contact_value"", Trim$(ContactValue)"
"SetFieldIfExists","modDemoDataSeeder","552","SetFieldIfExists rs, ""is_primary"", IsPrimary"
"SetFieldIfExists","modDemoDataSeeder","553","SetFieldIfExists rs, ""remarks"", Trim$(remarks)"
"SetFieldIfExists","modDemoDataSeeder","554","SetFieldIfExists rs, ""created_at"", Now()"
"SetFieldIfExists","modDemoDataSeeder","555","SetFieldIfExists rs, ""created_by"", created_by"
"SetFieldIfExists","modDemoDataSeeder","586","SetFieldIfExists rs, ""document_type_code"", UCase$(Trim$(DocumentTypeCode))"
"SetFieldIfExists","modDemoDataSeeder","587","SetFieldIfExists rs, ""document_status_code"", UCase$(Trim$(DocumentStatusCode))"
"SetFieldIfExists","modDemoDataSeeder","588","SetFieldIfExists rs, ""document_no"", Trim$(DocumentNo)"
"SetFieldIfExists","modDemoDataSeeder","589","SetFieldIfExists rs, ""document_date"", DocumentDate"
"SetFieldIfExists","modDemoDataSeeder","590","SetFieldIfExists rs, ""customer_address_id"", CustomerAddressId"
"SetFieldIfExists","modDemoDataSeeder","591","SetFieldIfExists rs, ""customer_name"", Trim$(CustomerName)"
"SetFieldIfExists","modDemoDataSeeder","592","SetFieldIfExists rs, ""currency_code"", UCase$(Trim$(CurrencyCode))"
"NullIfEmpty","modDemoDataSeeder","593","SetFieldIfExists rs, ""header_discount_type"", NullIfEmpty(headerDiscountType)"
"SetFieldIfExists","modDemoDataSeeder","593","SetFieldIfExists rs, ""header_discount_type"", NullIfEmpty(headerDiscountType)"
"SetFieldIfExists","modDemoDataSeeder","594","SetFieldIfExists rs, ""header_discount_value"", headerDiscountValue"
"SetFieldIfExists","modDemoDataSeeder","595","SetFieldIfExists rs, ""header_discount_amount"", CCur(0)"
"SetFieldIfExists","modDemoDataSeeder","596","SetFieldIfExists rs, ""vat_mode"", UCase$(Trim$(VatMode))"
"NullIfEmpty","modDemoDataSeeder","597","SetFieldIfExists rs, ""language_code"", NullIfEmpty(languageCode)"
"SetFieldIfExists","modDemoDataSeeder","597","SetFieldIfExists rs, ""language_code"", NullIfEmpty(languageCode)"
"NullIfEmpty","modDemoDataSeeder","598","SetFieldIfExists rs, ""payment_term_code"", NullIfEmpty(PaymentTermCode)"
"SetFieldIfExists","modDemoDataSeeder","598","SetFieldIfExists rs, ""payment_term_code"", NullIfEmpty(PaymentTermCode)"
"NullIfEmpty","modDemoDataSeeder","599","SetFieldIfExists rs, ""payment_terms_text"", NullIfEmpty(PaymentTermsText)"
"SetFieldIfExists","modDemoDataSeeder","599","SetFieldIfExists rs, ""payment_terms_text"", NullIfEmpty(PaymentTermsText)"
"SetFieldIfExists","modDemoDataSeeder","600","SetFieldIfExists rs, ""vat_rate"", vatRate"
"SetFieldIfExists","modDemoDataSeeder","601","SetFieldIfExists rs, ""total_net"", CCur(0)"
"SetFieldIfExists","modDemoDataSeeder","602","SetFieldIfExists rs, ""total_vat"", CCur(0)"
"SetFieldIfExists","modDemoDataSeeder","603","SetFieldIfExists rs, ""total_gross"", CCur(0)"
"SetFieldIfExists","modDemoDataSeeder","604","SetFieldIfExists rs, ""remarks"", Trim$(remarks)"
"SetFieldIfExists","modDemoDataSeeder","605","SetFieldIfExists rs, ""created_at"", Now()"
"SetFieldIfExists","modDemoDataSeeder","606","SetFieldIfExists rs, ""created_by"", created_by"
"InsertDocument","modDemoDataSeeder","610","InsertDocument = CLng(Nz(rs.Fields(""document_id"").Value, 0))"
"SetFieldIfExists","modDemoDataSeeder","650","SetFieldIfExists rs, ""document_id"", DocumentId"
"SetFieldIfExists","modDemoDataSeeder","651","SetFieldIfExists rs, ""line_no"", LineNo"
"SetFieldIfExists","modDemoDataSeeder","652","SetFieldIfExists rs, ""description"", Trim$(description)"
"SetFieldIfExists","modDemoDataSeeder","653","SetFieldIfExists rs, ""quantity"", quantity"
"SetFieldIfExists","modDemoDataSeeder","654","SetFieldIfExists rs, ""unit_code"", Trim$(UnitCode)"
"SetFieldIfExists","modDemoDataSeeder","655","SetFieldIfExists rs, ""unit_price"", UnitPrice"
"SetFieldIfExists","modDemoDataSeeder","656","SetFieldIfExists rs, ""vat_rate"", vatRate"
"NullIfEmpty","modDemoDataSeeder","658","SetFieldIfExists rs, ""discount_type"", NullIfEmpty(discountType)"
"SetFieldIfExists","modDemoDataSeeder","658","SetFieldIfExists rs, ""discount_type"", NullIfEmpty(discountType)"
"SetFieldIfExists","modDemoDataSeeder","659","SetFieldIfExists rs, ""discount_value"", discountValue"
"SetFieldIfExists","modDemoDataSeeder","660","SetFieldIfExists rs, ""line_base_amount"", lineBase"
"SetFieldIfExists","modDemoDataSeeder","661","SetFieldIfExists rs, ""line_discount_amount"", lineDiscount"
"SetFieldIfExists","modDemoDataSeeder","663","SetFieldIfExists rs, ""line_total_net"", lineNet"
"SetFieldIfExists","modDemoDataSeeder","664","SetFieldIfExists rs, ""line_total_vat"", lineVat"
"SetFieldIfExists","modDemoDataSeeder","665","SetFieldIfExists rs, ""line_total_gross"", lineGross"
"ResolveAddressId","modDemoDataSeeder","688","addressId = ResolveAddressId(db, addressTypeCode, CompanyName, street, HouseNo, zipCode, city, countryCode)"
"UpdateAddressRequiredFields","modDemoDataSeeder","690","wasUpdated = UpdateAddressRequiredFields(db, addressId, FirstName, LastName, languageCode)"
"EnsureAddress","modDemoDataSeeder","692","EnsureAddress = addressId"
"EnsureAddress","modDemoDataSeeder","696","EnsureAddress = InsertAddress(db, addressTypeCode, CompanyName, FirstName, LastName, street, HouseNo, zipCode, city, countryCode, languageCode)"
"InsertAddress","modDemoDataSeeder","696","EnsureAddress = InsertAddress(db, addressTypeCode, CompanyName, FirstName, LastName, street, HouseNo, zipCode, city, countryCode, languageCode)"
"ContactExists","modDemoDataSeeder","710","If ContactExists(db, addressId, contactTypeCode, ContactValue) Then"
"InsertContact","modDemoDataSeeder","715","InsertContact db, addressId, contactTypeCode, ContactValue, IsPrimary, remarks"
"ResolveDocumentIdByNo","modDemoDataSeeder","740","DocumentId = ResolveDocumentIdByNo(db, DocumentNo)"
"UpdateDocumentRequiredFields","modDemoDataSeeder","742","wasUpdated = UpdateDocumentRequiredFields(db, DocumentId, CustomerAddressId, CustomerName, CurrencyCode, VatMode, vatRate, languageCode, PaymentTermCode, PaymentTermsText)"
"EnsureDocument","modDemoDataSeeder","744","EnsureDocument = DocumentId"
"EnsureDocument","modDemoDataSeeder","748","EnsureDocument = InsertDocument(db, DocumentTypeCode, DocumentStatusCode, DocumentNo, DocumentDate, CustomerAddressId, CustomerName, CurrencyCode, VatMode, vatRate, remarks, headerDiscountType, headerDiscountValue, languageCode, PaymentTermCode, PaymentTermsText)"
"InsertDocument","modDemoDataSeeder","748","EnsureDocument = InsertDocument(db, DocumentTypeCode, DocumentStatusCode, DocumentNo, DocumentDate, CustomerAddressId, CustomerName, CurrencyCode, VatMode, vatRate, remarks, headerDiscountType, headerDiscountValue, languageCode, PaymentTermCode, PaymentTermsText)"
"PositionExists","modDemoDataSeeder","766","If PositionExists(db, DocumentId, LineNo) Then"
"InsertPosition","modDemoDataSeeder","771","InsertPosition db, DocumentId, LineNo, description, quantity, UnitCode, UnitPrice, vatRate, discountType, discountValue"
"MarkDocumentTotalsDirty","modDemoDataSeeder","772","MarkDocumentTotalsDirty DocumentId"
"ResolveDocumentIdByNo","modDemoDataSeeder","779","DocumentId = ResolveDocumentIdByNo(db, ""RE-2026-0001"")"
"DeleteDocumentWithPositions","modDemoDataSeeder","780","DeleteDocumentWithPositions db, DocumentId"
"ResolveDocumentIdByNo","modDemoDataSeeder","781","DocumentId = ResolveDocumentIdByNo(db, ""RE-2026-0002"")"
"DeleteDocumentWithPositions","modDemoDataSeeder","782","DeleteDocumentWithPositions db, DocumentId"
"ResolveDocumentIdByNo","modDemoDataSeeder","783","DocumentId = ResolveDocumentIdByNo(db, ""LS-2026-0001"")"
"DeleteDocumentWithPositions","modDemoDataSeeder","784","DeleteDocumentWithPositions db, DocumentId"
"ResolveDocumentIdByNo","modDemoDataSeeder","785","DocumentId = ResolveDocumentIdByNo(db, ""GS-2026-0001"")"
"DeleteDocumentWithPositions","modDemoDataSeeder","786","DeleteDocumentWithPositions db, DocumentId"
"ResolveDocumentIdByNo","modDemoDataSeeder","787","DocumentId = ResolveDocumentIdByNo(db, ""RE-2026-0003"")"
"DeleteDocumentWithPositions","modDemoDataSeeder","788","DeleteDocumentWithPositions db, DocumentId"
"ResolveDocumentIdByNo","modDemoDataSeeder","789","DocumentId = ResolveDocumentIdByNo(db, ""RE-2026-0099"")"
"DeleteDocumentWithPositions","modDemoDataSeeder","790","DeleteDocumentWithPositions db, DocumentId"
"DeleteContactByAddressAndValue","modDemoDataSeeder","792","DeleteContactByAddressAndValue db, ResolveAddressId(db, ""BILLING"", ""Muster Handel AG"", ""Industriestrasse"", ""15"", ""6300"", ""Zug"", ""CH""), ""EMAIL"", ""buchhaltung@muster-handel.ch"""
"ResolveAddressId","modDemoDataSeeder","792","DeleteContactByAddressAndValue db, ResolveAddressId(db, ""BILLING"", ""Muster Handel AG"", ""Industriestrasse"", ""15"", ""6300"", ""Zug"", ""CH""), ""EMAIL"", ""buchhaltung@muster-handel.ch"""
"DeleteContactByAddressAndValue","modDemoDataSeeder","793","DeleteContactByAddressAndValue db, ResolveAddressId(db, ""SHIPPING"", ""Muster Handel AG - Lager Genf"", ""Route de Meyrin"", ""88"", ""1203"", DemoCityGeneva(), ""CH""), ""EMAIL"", ""lager@muster-handel.ch"""
"DemoCityGeneva","modDemoDataSeeder","793","DeleteContactByAddressAndValue db, ResolveAddressId(db, ""SHIPPING"", ""Muster Handel AG - Lager Genf"", ""Route de Meyrin"", ""88"", ""1203"", DemoCityGeneva(), ""CH""), ""EMAIL"", ""lager@muster-handel.ch"""
"ResolveAddressId","modDemoDataSeeder","793","DeleteContactByAddressAndValue db, ResolveAddressId(db, ""SHIPPING"", ""Muster Handel AG - Lager Genf"", ""Route de Meyrin"", ""88"", ""1203"", DemoCityGeneva(), ""CH""), ""EMAIL"", ""lager@muster-handel.ch"""
"DeleteContactByAddressAndValue","modDemoDataSeeder","794","DeleteContactByAddressAndValue db, ResolveAddressId(db, ""BILLING"", ""Beispiel GmbH"", ""Hauptstrasse"", ""22"", ""80331"", DemoCityMunich(), ""DE""), ""EMAIL"", ""rechnung@beispiel-gmbh.de"""
"DemoCityMunich","modDemoDataSeeder","794","DeleteContactByAddressAndValue db, ResolveAddressId(db, ""BILLING"", ""Beispiel GmbH"", ""Hauptstrasse"", ""22"", ""80331"", DemoCityMunich(), ""DE""), ""EMAIL"", ""rechnung@beispiel-gmbh.de"""
"ResolveAddressId","modDemoDataSeeder","794","DeleteContactByAddressAndValue db, ResolveAddressId(db, ""BILLING"", ""Beispiel GmbH"", ""Hauptstrasse"", ""22"", ""80331"", DemoCityMunich(), ""DE""), ""EMAIL"", ""rechnung@beispiel-gmbh.de"""
"DeleteContactByAddressAndValue","modDemoDataSeeder","795","DeleteContactByAddressAndValue db, ResolveAddressId(db, ""SHIPPING"", ""Beispiel GmbH - Site Paris"", ""Rue Lafayette"", ""12"", ""75009"", ""Paris"", ""FR""), ""EMAIL"", ""livraison@beispiel.fr"""
"ResolveAddressId","modDemoDataSeeder","795","DeleteContactByAddressAndValue db, ResolveAddressId(db, ""SHIPPING"", ""Beispiel GmbH - Site Paris"", ""Rue Lafayette"", ""12"", ""75009"", ""Paris"", ""FR""), ""EMAIL"", ""livraison@beispiel.fr"""
"DeleteContactByAddressAndValue","modDemoDataSeeder","796","DeleteContactByAddressAndValue db, ResolveAddressId(db, ""BILLING"", ""Global Components Inc."", ""Market Street"", ""500"", ""94105"", ""San Francisco"", ""US""), ""EMAIL"", ""ap@global-components.com"""
"ResolveAddressId","modDemoDataSeeder","796","DeleteContactByAddressAndValue db, ResolveAddressId(db, ""BILLING"", ""Global Components Inc."", ""Market Street"", ""500"", ""94105"", ""San Francisco"", ""US""), ""EMAIL"", ""ap@global-components.com"""
"DeleteAddressByNaturalKey","modDemoDataSeeder","798","DeleteAddressByNaturalKey db, ""BILLING"", ""Muster Handel AG"", ""Industriestrasse"", ""15"", ""6300"", ""Zug"", ""CH"""
"DeleteAddressByNaturalKey","modDemoDataSeeder","799","DeleteAddressByNaturalKey db, ""SHIPPING"", ""Muster Handel AG - Lager Genf"", ""Route de Meyrin"", ""88"", ""1203"", DemoCityGeneva(), ""CH"""
"DemoCityGeneva","modDemoDataSeeder","799","DeleteAddressByNaturalKey db, ""SHIPPING"", ""Muster Handel AG - Lager Genf"", ""Route de Meyrin"", ""88"", ""1203"", DemoCityGeneva(), ""CH"""
"DeleteAddressByNaturalKey","modDemoDataSeeder","800","DeleteAddressByNaturalKey db, ""BILLING"", ""Beispiel GmbH"", ""Hauptstrasse"", ""22"", ""80331"", DemoCityMunich(), ""DE"""
"DemoCityMunich","modDemoDataSeeder","800","DeleteAddressByNaturalKey db, ""BILLING"", ""Beispiel GmbH"", ""Hauptstrasse"", ""22"", ""80331"", DemoCityMunich(), ""DE"""
"DeleteAddressByNaturalKey","modDemoDataSeeder","801","DeleteAddressByNaturalKey db, ""SHIPPING"", ""Beispiel GmbH - Site Paris"", ""Rue Lafayette"", ""12"", ""75009"", ""Paris"", ""FR"""
"DeleteAddressByNaturalKey","modDemoDataSeeder","802","DeleteAddressByNaturalKey db, ""BILLING"", ""Global Components Inc."", ""Market Street"", ""500"", ""94105"", ""San Francisco"", ""US"""
"UpdateOneDocumentTotal","modDemoDataSeeder","806","If mRefreshDocInvoiceChTotals Then UpdateOneDocumentTotal db, mDocInvoiceCh"
"UpdateOneDocumentTotal","modDemoDataSeeder","807","If mRefreshDocInvoiceEuTotals Then UpdateOneDocumentTotal db, mDocInvoiceEu"
"UpdateOneDocumentTotal","modDemoDataSeeder","808","If mRefreshDocDeliveryNoteTotals Then UpdateOneDocumentTotal db, mDocDeliveryNote"
"UpdateOneDocumentTotal","modDemoDataSeeder","809","If mRefreshDocCreditNoteTotals Then UpdateOneDocumentTotal db, mDocCreditNote"
"UpdateOneDocumentTotal","modDemoDataSeeder","810","If mRefreshDocInvoiceUsdTotals Then UpdateOneDocumentTotal db, mDocInvoiceUsd"
"UpdateOneDocumentTotal","modDemoDataSeeder","811","If mRefreshDocLongInvoiceTotals Then UpdateOneDocumentTotal db, mDocLongInvoice"
"SqlNumber","modDemoDataSeeder","840","""[total_net]="" & SqlNumber(totalNet) & "", "" & _"
"SqlNumber","modDemoDataSeeder","841","""[total_vat]="" & SqlNumber(totalVat) & "", "" & _"
"SqlNumber","modDemoDataSeeder","842","""[total_gross]="" & SqlNumber(totalGross) & "" "" & _"
"ExecSql","modDemoDataSeeder","845","ExecSql db, sql"
"FieldExists","modDemoDataSeeder","854","If Not FieldExists(db, TBL_TEN_PARAMETER, ""param_key"") Then Exit Sub"
"FieldExists","modDemoDataSeeder","855","If Not FieldExists(db, TBL_TEN_PARAMETER, ""param_value"") Then Exit Sub"
"FieldExists","modDemoDataSeeder","857","hasTenantCodeField = FieldExists(db, TBL_TEN_PARAMETER, ""tenant_code"")"
"SqlText","modDemoDataSeeder","859","sql = ""SELECT * FROM ["" & TBL_TEN_PARAMETER & ""] WHERE [param_key]="" & SqlText(UCase$(Trim$(ParamKey)))"
"SqlText","modDemoDataSeeder","861","sql = sql & "" AND [tenant_code]="" & SqlText(UCase$(Trim$(TenantCode)))"
"SetFieldIfExists","modDemoDataSeeder","868","SetFieldIfExists rs, ""param_key"", UCase$(Trim$(ParamKey))"
"SetFieldIfExists","modDemoDataSeeder","869","SetFieldIfExists rs, ""param_value"", Trim$(ParamValue)"
"SetFieldIfExists","modDemoDataSeeder","870","If hasTenantCodeField Then SetFieldIfExists rs, ""tenant_code"", UCase$(Trim$(TenantCode))"
"SetFieldIfExists","modDemoDataSeeder","871","SetFieldIfExists rs, ""created_at"", Now()"
"SetFieldIfExists","modDemoDataSeeder","872","SetFieldIfExists rs, ""created_by"", created_by"
"SetFieldIfExists","modDemoDataSeeder","873","SetFieldIfExists rs, ""updated_at"", Now()"
"SetFieldIfExists","modDemoDataSeeder","874","SetFieldIfExists rs, ""updated_by"", created_by"
"SetFieldIfMissing","modDemoDataSeeder","879","wasUpdated = SetFieldIfMissing(rs, ""param_value"", Trim$(ParamValue))"
"SetFieldIfMissing","modDemoDataSeeder","880","If hasTenantCodeField Then wasUpdated = SetFieldIfMissing(rs, ""tenant_code"", UCase$(Trim$(TenantCode))) Or wasUpdated"
"SetFieldIfExists","modDemoDataSeeder","882","SetFieldIfExists rs, ""updated_at"", Now()"
"SetFieldIfExists","modDemoDataSeeder","883","SetFieldIfExists rs, ""updated_by"", created_by"
"SqlText","modDemoDataSeeder","908","""WHERE [product_group_code]="" & SqlText(UCase$(Trim$(productGroupCode))) & "";"""
"SetFieldIfExists","modDemoDataSeeder","914","SetFieldIfExists rs, ""created_at"", Now()"
"SetFieldIfExists","modDemoDataSeeder","915","SetFieldIfExists rs, ""created_by"", created_by"
"SetFieldIfExists","modDemoDataSeeder","916","SetFieldIfExists rs, ""product_group_code"", UCase$(Trim$(productGroupCode))"
"SetFieldIfExists","modDemoDataSeeder","917","SetFieldIfExists rs, ""product_group_name"", Trim$(productGroupName)"
"SetFieldIfExists","modDemoDataSeeder","918","SetFieldIfExists rs, ""description_text"", Trim$(DescriptionText)"
"SetFieldIfExists","modDemoDataSeeder","919","SetFieldIfExists rs, ""sort_order"", sortOrder"
"SetFieldIfExists","modDemoDataSeeder","920","SetFieldIfExists rs, ""is_active"", isActive"
"SetFieldIfExists","modDemoDataSeeder","921","SetFieldIfExists rs, ""updated_at"", Now()"
"SetFieldIfExists","modDemoDataSeeder","922","SetFieldIfExists rs, ""updated_by"", created_by"
"SetFieldIfMissing","modDemoDataSeeder","927","If SetFieldIfMissing(rs, ""product_group_name"", Trim$(productGroupName)) _"
"SetFieldIfMissing","modDemoDataSeeder","928","Or SetFieldIfMissing(rs, ""description_text"", Trim$(DescriptionText)) _"
"SetFieldIfMissing","modDemoDataSeeder","929","Or SetFieldIfMissing(rs, ""sort_order"", sortOrder) _"
"SetFieldIfMissing","modDemoDataSeeder","930","Or SetFieldIfMissing(rs, ""is_active"", isActive) Then"
"SetFieldIfExists","modDemoDataSeeder","931","SetFieldIfExists rs, ""updated_at"", Now()"
"SetFieldIfExists","modDemoDataSeeder","932","SetFieldIfExists rs, ""updated_by"", created_by"
"ResolveProductGroupIdByCode","modDemoDataSeeder","963","productGroupId = ResolveProductGroupIdByCode(db, productGroupCode)"
"SqlText","modDemoDataSeeder","969","""WHERE [article_no]="" & SqlText(UCase$(Trim$(ArticleNo))) & "";"""
"SetFieldIfExists","modDemoDataSeeder","975","SetFieldIfExists rs, ""created_at"", Now()"
"SetFieldIfExists","modDemoDataSeeder","976","SetFieldIfExists rs, ""created_by"", created_by"
"SetFieldIfExists","modDemoDataSeeder","977","SetFieldIfExists rs, ""article_no"", UCase$(Trim$(ArticleNo))"
"SetFieldIfExists","modDemoDataSeeder","978","SetFieldIfExists rs, ""article_name"", Trim$(articleName)"
"SetFieldIfExists","modDemoDataSeeder","979","SetFieldIfExists rs, ""product_group_id"", productGroupId"
"SetFieldIfExists","modDemoDataSeeder","980","SetFieldIfExists rs, ""article_type_code"", UCase$(Trim$(articleTypeCode))"
"SetFieldIfExists","modDemoDataSeeder","981","SetFieldIfExists rs, ""unit_code"", UCase$(Trim$(UnitCode))"
"SetFieldIfExists","modDemoDataSeeder","982","SetFieldIfExists rs, ""vat_code"", UCase$(Trim$(VatCode))"
"SetFieldIfExists","modDemoDataSeeder","983","SetFieldIfExists rs, ""purchase_price"", purchasePrice"
"SetFieldIfExists","modDemoDataSeeder","984","SetFieldIfExists rs, ""sales_price"", salesPrice"
"SetFieldIfExists","modDemoDataSeeder","985","SetFieldIfExists rs, ""barcode"", Trim$(barcode)"
"SetFieldIfExists","modDemoDataSeeder","986","SetFieldIfExists rs, ""description_text"", Trim$(DescriptionText)"
"SetFieldIfExists","modDemoDataSeeder","987","SetFieldIfExists rs, ""is_active"", isActive"
"SetFieldIfExists","modDemoDataSeeder","988","SetFieldIfExists rs, ""updated_at"", Now()"
"SetFieldIfExists","modDemoDataSeeder","989","SetFieldIfExists rs, ""updated_by"", created_by"
"SetFieldIfMissing","modDemoDataSeeder","994","If SetFieldIfMissing(rs, ""article_name"", Trim$(articleName)) _"
"SetFieldIfMissing","modDemoDataSeeder","995","Or SetFieldIfMissing(rs, ""product_group_id"", productGroupId) _"
"SetFieldIfMissing","modDemoDataSeeder","996","Or SetFieldIfMissing(rs, ""article_type_code"", UCase$(Trim$(articleTypeCode))) _"
"SetFieldIfMissing","modDemoDataSeeder","997","Or SetFieldIfMissing(rs, ""unit_code"", UCase$(Trim$(UnitCode))) _"
"SetFieldIfMissing","modDemoDataSeeder","998","Or SetFieldIfMissing(rs, ""vat_code"", UCase$(Trim$(VatCode))) _"
"SetFieldIfMissing","modDemoDataSeeder","999","Or SetFieldIfMissing(rs, ""purchase_price"", purchasePrice) _"
"SetFieldIfMissing","modDemoDataSeeder","1000","Or SetFieldIfMissing(rs, ""sales_price"", salesPrice) _"
"SetFieldIfMissing","modDemoDataSeeder","1001","Or SetFieldIfMissing(rs, ""barcode"", Trim$(barcode)) _"
"SetFieldIfMissing","modDemoDataSeeder","1002","Or SetFieldIfMissing(rs, ""description_text"", Trim$(DescriptionText)) _"
"SetFieldIfMissing","modDemoDataSeeder","1003","Or SetFieldIfMissing(rs, ""is_active"", isActive) Then"
"SetFieldIfExists","modDemoDataSeeder","1004","SetFieldIfExists rs, ""updated_at"", Now()"
"SetFieldIfExists","modDemoDataSeeder","1005","SetFieldIfExists rs, ""updated_by"", created_by"
"SqlText","modDemoDataSeeder","1026","""WHERE [product_group_code]="" & SqlText(UCase$(Trim$(productGroupCode))) & "";"""
"NzLong","modDemoDataSeeder","1030","ResolveProductGroupIdByCode = modDaoHelper.NzLong(rs.Fields(""product_group_id"").Value, 0)"
"ResolveProductGroupIdByCode","modDemoDataSeeder","1030","ResolveProductGroupIdByCode = modDaoHelper.NzLong(rs.Fields(""product_group_id"").Value, 0)"
"ResolveProductGroupIdByCode","modDemoDataSeeder","1040","ResolveProductGroupIdByCode = 0"
"SetFieldIfMissing","modDemoDataSeeder","1054","wasUpdated = SetFieldIfMissing(rs, ""first_name"", Trim$(FirstName))"
"SetFieldIfMissing","modDemoDataSeeder","1055","wasUpdated = SetFieldIfMissing(rs, ""last_name"", Trim$(LastName)) Or wasUpdated"
"SetFieldIfMissing","modDemoDataSeeder","1056","wasUpdated = SetFieldIfMissing(rs, ""language_code"", Trim$(languageCode)) Or wasUpdated"
"SetFieldIfMissing","modDemoDataSeeder","1057","wasUpdated = SetFieldIfMissing(rs, ""is_active"", True) Or wasUpdated"
"SetFieldIfExists","modDemoDataSeeder","1060","SetFieldIfExists rs, ""updated_at"", Now()"
"SetFieldIfExists","modDemoDataSeeder","1061","SetFieldIfExists rs, ""updated_by"", created_by"
"UpdateAddressRequiredFields","modDemoDataSeeder","1064","UpdateAddressRequiredFields = True"
"SetFieldIfMissing","modDemoDataSeeder","1096","wasUpdated = SetFieldIfMissing(rs, ""customer_address_id"", CustomerAddressId)"
"SetFieldIfMissing","modDemoDataSeeder","1097","wasUpdated = SetFieldIfMissing(rs, ""customer_name"", Trim$(CustomerName)) Or wasUpdated"
"SetFieldIfMissing","modDemoDataSeeder","1098","wasUpdated = SetFieldIfMissing(rs, ""currency_code"", UCase$(Trim$(CurrencyCode))) Or wasUpdated"
"SetFieldIfMissing","modDemoDataSeeder","1099","wasUpdated = SetFieldIfMissing(rs, ""vat_mode"", UCase$(Trim$(VatMode))) Or wasUpdated"
"SetFieldIfMissing","modDemoDataSeeder","1100","wasUpdated = SetFieldIfMissing(rs, ""vat_rate"", vatRate) Or wasUpdated"
"SetFieldIfMissing","modDemoDataSeeder","1101","wasUpdated = SetFieldIfMissing(rs, ""language_code"", Trim$(languageCode)) Or wasUpdated"
"SetFieldIfMissing","modDemoDataSeeder","1102","wasUpdated = SetFieldIfMissing(rs, ""payment_term_code"", Trim$(PaymentTermCode)) Or wasUpdated"
"SetFieldIfMissing","modDemoDataSeeder","1103","wasUpdated = SetFieldIfMissing(rs, ""payment_terms_text"", Trim$(PaymentTermsText)) Or wasUpdated"
"SetFieldIfExists","modDemoDataSeeder","1106","SetFieldIfExists rs, ""updated_at"", Now()"
"SetFieldIfExists","modDemoDataSeeder","1107","SetFieldIfExists rs, ""updated_by"", created_by"
"UpdateDocumentRequiredFields","modDemoDataSeeder","1110","UpdateDocumentRequiredFields = True"
"LookupLongValue","modDemoDataSeeder","1131","ResolveAddressId = LookupLongValue( _"
"ResolveAddressId","modDemoDataSeeder","1131","ResolveAddressId = LookupLongValue( _"
"SqlText","modDemoDataSeeder","1134","""WHERE [address_type_code]="" & SqlText(UCase$(Trim$(addressTypeCode))) & _"
"SqlText","modDemoDataSeeder","1135",""" AND [company_name]="" & SqlText(Trim$(CompanyName)) & _"
"SqlText","modDemoDataSeeder","1136",""" AND [street]="" & SqlText(Trim$(street)) & _"
"SqlText","modDemoDataSeeder","1137",""" AND [house_no]="" & SqlText(Trim$(HouseNo)) & _"
"SqlText","modDemoDataSeeder","1138",""" AND [zip_code]="" & SqlText(Trim$(zipCode)) & _"
"SqlText","modDemoDataSeeder","1139",""" AND [city]="" & SqlText(Trim$(city)) & _"
"SqlText","modDemoDataSeeder","1140",""" AND [country_code]="" & SqlText(UCase$(Trim$(countryCode))) & "";"", _"
"LookupLongValue","modDemoDataSeeder","1145","ResolveDocumentIdByNo = LookupLongValue( _"
"ResolveDocumentIdByNo","modDemoDataSeeder","1145","ResolveDocumentIdByNo = LookupLongValue( _"
"SqlText","modDemoDataSeeder","1148","""WHERE [document_no]="" & SqlText(Trim$(DocumentNo)) & "";"", _"
"ContactExists","modDemoDataSeeder","1153","ContactExists = (LookupLongValue( _"
"LookupLongValue","modDemoDataSeeder","1153","ContactExists = (LookupLongValue( _"
"SqlText","modDemoDataSeeder","1157",""" AND [contact_type_code]="" & SqlText(UCase$(Trim$(contactTypeCode))) & _"
"SqlText","modDemoDataSeeder","1158",""" AND [contact_value]="" & SqlText(Trim$(ContactValue)) & "";"", _"
"LookupLongValue","modDemoDataSeeder","1163","PositionExists = (LookupLongValue( _"
"PositionExists","modDemoDataSeeder","1163","PositionExists = (LookupLongValue( _"
"ExecuteDelete","modDemoDataSeeder","1174","mDeletedCount = mDeletedCount + ExecuteDelete(db, ""DELETE FROM ["" & TBL_DOC_POSITION & ""] WHERE [document_id]="" & CStr(DocumentId) & "";"")"
"ExecuteDelete","modDemoDataSeeder","1175","mDeletedCount = mDeletedCount + ExecuteDelete(db, ""DELETE FROM ["" & TBL_DOC_DOCUMENT & ""] WHERE [document_id]="" & CStr(DocumentId) & "";"")"
"TableExists","modDemoDataSeeder","1179","If Not TableExists(db, TBL_ADR_CONTACT) Then Exit Sub"
"ExecuteDelete","modDemoDataSeeder","1181","mDeletedCount = mDeletedCount + ExecuteDelete( _"
"SqlText","modDemoDataSeeder","1185",""" AND [contact_type_code]="" & SqlText(UCase$(Trim$(contactTypeCode))) & _"
"SqlText","modDemoDataSeeder","1186",""" AND [contact_value]="" & SqlText(Trim$(ContactValue)) & "";"")"
"ExecuteDelete","modDemoDataSeeder","1199","mDeletedCount = mDeletedCount + ExecuteDelete( _"
"SqlText","modDemoDataSeeder","1202","""WHERE [address_type_code]="" & SqlText(UCase$(Trim$(addressTypeCode))) & _"
"SqlText","modDemoDataSeeder","1203",""" AND [company_name]="" & SqlText(Trim$(CompanyName)) & _"
"SqlText","modDemoDataSeeder","1204",""" AND [street]="" & SqlText(Trim$(street)) & _"
"SqlText","modDemoDataSeeder","1205",""" AND [house_no]="" & SqlText(Trim$(HouseNo)) & _"
"SqlText","modDemoDataSeeder","1206",""" AND [zip_code]="" & SqlText(Trim$(zipCode)) & _"
"SqlText","modDemoDataSeeder","1207",""" AND [city]="" & SqlText(Trim$(city)) & _"
"SqlText","modDemoDataSeeder","1208",""" AND [country_code]="" & SqlText(UCase$(Trim$(countryCode))) & "";"")"
"LookupLongValue","modDemoDataSeeder","1216","LookupLongValue = modDaoHelper.NzLong(rs.Fields(fieldName).Value, 0)"
"NzLong","modDemoDataSeeder","1216","LookupLongValue = modDaoHelper.NzLong(rs.Fields(fieldName).Value, 0)"
"RecordsetHasField","modDemoDataSeeder","1224","If RecordsetHasField(rs, fieldName) Then"
"RecordsetHasField","modDemoDataSeeder","1230","If Not RecordsetHasField(rs, fieldName) Then Exit Function"
"IsFieldMissingValue","modDemoDataSeeder","1231","If Not IsFieldMissingValue(rs.Fields(fieldName).Value) Then Exit Function"
"SetFieldIfMissing","modDemoDataSeeder","1234","SetFieldIfMissing = True"
"IsFieldMissingValue","modDemoDataSeeder","1239","IsFieldMissingValue = True"
"IsFieldMissingValue","modDemoDataSeeder","1241","IsFieldMissingValue = (LenB(Trim$(CStr(Value))) = 0)"
"RecordsetHasField","modDemoDataSeeder","1250","RecordsetHasField = True"
"RecordsetHasField","modDemoDataSeeder","1254","RecordsetHasField = False"
"TableExists","modDemoDataSeeder","1258","If Not TableExists(db, tableName) Then"
"FieldExists","modDemoDataSeeder","1264","If Not FieldExists(db, tableName, fieldName) Then"
"TableExists","modDemoDataSeeder","1276","TableExists = True"
"TableExists","modDemoDataSeeder","1284","TableExists = False"
"FieldExists","modDemoDataSeeder","1292","FieldExists = True"
"FieldExists","modDemoDataSeeder","1296","FieldExists = False"
"ExecuteDelete","modDemoDataSeeder","1307","ExecuteDelete = db.RecordsAffected"
"SqlText","modDemoDataSeeder","1329","SqlText = ""'"" & Replace(Value, ""'"", ""''"") & ""'"""
"SqlNumber","modDemoDataSeeder","1334","SqlNumber = ""NULL"""
"SqlNumber","modDemoDataSeeder","1336","SqlNumber = Replace(CStr(Value), "","", ""."")"
"SqlDate","modDemoDataSeeder","1342","SqlDate = ""NULL"""
"SqlDate","modDemoDataSeeder","1344","SqlDate = ""#"" & Format$(CDate(Value), ""yyyy-mm-dd"") & ""#"""
"NullIfEmpty","modDemoDataSeeder","1350","NullIfEmpty = Null"
"NullIfEmpty","modDemoDataSeeder","1352","NullIfEmpty = Trim$(Value)"
"LogInfo","modDemoDataSeeder","1384","modLoggingHandler.LogInfo MODULE_NAME & ""."" & operationName, _"
"DemoCityZurich","modDemoDataSeeder","1393","DemoCityZurich = ""Z"" & ChrW$(252) & ""rich"""
"DemoCityGeneva","modDemoDataSeeder","1397","DemoCityGeneva = ""Gen"" & ChrW$(232) & ""ve"""
"DemoCityMunich","modDemoDataSeeder","1401","DemoCityMunich = ""M"" & ChrW$(252) & ""nchen"""
"DemoDeliveryNoteRemarks","modDemoDataSeeder","1405","DemoDeliveryNoteRemarks = ""Lieferschein-Sonderfall: Lieferadresse im Fenster, Rechnungsadresse gegen"" & ChrW$(252) & ""ber: Muster Handel AG, Industriestrasse 15, 6300 Zug"""
"DemoExportInvoiceRemarks","modDemoDataSeeder","1409","DemoExportInvoiceRemarks = ""Exportrechnung mit 0% VAT, Positionsrabatt, gro"" & ChrW$(223) & ""en Zahlen und Rundungstest"""
"DemoLongInvoiceRemarks","modDemoDataSeeder","1413","DemoLongInvoiceRemarks = ""Langdokument f"" & ChrW$(252) & ""r Report- und Seitenumbruchtests"""
"DemoLongPositionDescription","modDemoDataSeeder","1417","DemoLongPositionDescription = _"
"LookupLongValue","modDemoDataSeeder","1423","ResolveOrderIdByExternalReference = LookupLongValue( _"
"ResolveOrderIdByExternalReference","modDemoDataSeeder","1423","ResolveOrderIdByExternalReference = LookupLongValue( _"
"SqlText","modDemoDataSeeder","1426","""WHERE [external_reference]="" & SqlText(Trim$(ExternalReference)) & "";"", _"
"TableExists","modDemoDataSeeder","1431","If Not TableExists(db, TBL_ART_ARTICLE) Then Exit Function"
"LookupLongValue","modDemoDataSeeder","1433","ResolveArticleIdByNo = LookupLongValue( _"
"ResolveArticleIdByNo","modDemoDataSeeder","1433","ResolveArticleIdByNo = LookupLongValue( _"
"SqlText","modDemoDataSeeder","1436","""WHERE [article_no]="" & SqlText(UCase$(Trim$(ArticleNo))) & "";"", _"
"LookupLongValue","modDemoDataSeeder","1441","SalesOrderLineExists = (LookupLongValue( _"
"SalesOrderLineExists","modDemoDataSeeder","1441","SalesOrderLineExists = (LookupLongValue( _"
"SalesOrderLineExists","modDemoDataSeeder","1466","If SalesOrderLineExists(db, OrderId, LineNo) Then"
"ResolveArticleIdByNo","modDemoDataSeeder","1471","ArticleId = ResolveArticleIdByNo(db, ArticleNo)"
"CreateOrderLine","modDemoDataSeeder","1472","OrderLineId = modOrderRepository.CreateOrderLine( _"
"ExecSql","modDemoDataSeeder","1495","ExecSql db, _"
"SqlText","modDemoDataSeeder","1496","""UPDATE ["" & TBL_ORD_ORDER & ""] SET [order_status_code]="" & SqlText(UCase$(Trim$(OrderStatusCode))) & _"
"SqlText","modDemoDataSeeder","1497",""", [updated_at]=Now(), [updated_by]="" & SqlText(created_by) & _"
"NormalizeObjectType","modFwComposerService","35","normalizedObjectType = NormalizeObjectType(objectType)"
"IsComposerInternalObject","modFwComposerService","42","If Not IsComposerInternalObject(accessObject.Name) Then"
"CollectionAddSorted","modFwComposerService","43","CollectionAddSorted result, accessObject.Name"
"IsComposerInternalObject","modFwComposerService","51","If Not IsComposerInternalObject(accessObject.Name) Then"
"CollectionAddSorted","modFwComposerService","52","CollectionAddSorted result, accessObject.Name"
"GetComposerObjectList","modFwComposerService","58","Set GetComposerObjectList = result"
"GetComposerObjectList","modFwComposerService","62","modErrorHandler.HandleError MODULE_NAME, ""GetComposerObjectList"", Err"
"HandleError","modFwComposerService","62","modErrorHandler.HandleError MODULE_NAME, ""GetComposerObjectList"", Err"
"NormalizeObjectType","modFwComposerService","79","normalizedObjectType = NormalizeObjectType(objectType)"
"IsComposerInternalObject","modFwComposerService","83","If IsComposerInternalObject(objectName) Then"
"GetComposerControlList","modFwComposerService","84","Set GetComposerControlList = result"
"OpenObjectHiddenDesign","modFwComposerService","88","wasOpenedByService = OpenObjectHiddenDesign(normalizedObjectType, objectName)"
"CollectionAddSorted","modFwComposerService","95","CollectionAddSorted result, ctl.Name"
"CollectionAddSorted","modFwComposerService","103","CollectionAddSorted result, ctl.Name"
"CloseObjectNoSave","modFwComposerService","110","CloseObjectNoSave normalizedObjectType, objectName"
"GetComposerControlList","modFwComposerService","113","Set GetComposerControlList = result"
"GetComposerControlList","modFwComposerService","117","modErrorHandler.HandleError MODULE_NAME, ""GetComposerControlList"", Err"
"HandleError","modFwComposerService","117","modErrorHandler.HandleError MODULE_NAME, ""GetComposerControlList"", Err"
"IsComposerInternalObject","modFwComposerService","134","If IsComposerInternalObject(objectName) Then"
"GetFormControlMetadata","modFwComposerService","135","Set GetFormControlMetadata = result"
"OpenObjectHiddenDesign","modFwComposerService","139","openedByService = OpenObjectHiddenDesign(OBJECT_TYPE_FORM, objectName)"
"GetControlVisibleSafely","modFwComposerService","142","isVisible = GetControlVisibleSafely(ctl)"
"ResolveControlTypeName","modFwComposerService","149","metadata(""control_type"") = ResolveControlTypeName(ctl.ControlType)"
"GetObjectPropertySafely","modFwComposerService","150","metadata(""caption_value"") = GetObjectPropertySafely(ctl, ""Caption"")"
"GetAttachedLabelCaptionSafely","modFwComposerService","151","metadata(""attached_label_caption"") = GetAttachedLabelCaptionSafely(ctl)"
"ResolveControlSourceText","modFwComposerService","152","metadata(""source_text"") = ResolveControlSourceText(ctl)"
"GetControlTagSafely","modFwComposerService","153","metadata(""current_tag"") = GetControlTagSafely(ctl)"
"GetTranslationKeyFromTag","modFwComposerService","154","metadata(""current_translation_key"") = modFwTranslationRuntime.GetTranslationKeyFromTag(CStr(metadata(""current_tag"")))"
"CloseObjectNoSave","modFwComposerService","163","CloseObjectNoSave OBJECT_TYPE_FORM, objectName"
"GetFormControlMetadata","modFwComposerService","166","Set GetFormControlMetadata = result"
"GetFormControlMetadata","modFwComposerService","170","modErrorHandler.HandleError MODULE_NAME, ""GetFormControlMetadata"", Err"
"HandleError","modFwComposerService","170","modErrorHandler.HandleError MODULE_NAME, ""GetFormControlMetadata"", Err"
"NormalizeObjectType","modFwComposerService","188","normalizedObjectType = NormalizeObjectType(objectType)"
"SaveControlTagsToObject","modFwComposerService","196","SaveControlTagsToObject = True"
"IsObjectLoaded","modFwComposerService","200","WasLoaded = IsObjectLoaded(normalizedObjectType, objectName)"
"GetObjectVisible","modFwComposerService","201","WasVisible = GetObjectVisible(normalizedObjectType, objectName)"
"OpenObjectForUpdate","modFwComposerService","202","openedByService = OpenObjectForUpdate(normalizedObjectType, objectName)"
"NzString","modFwComposerService","205","If SetControlTagForLoadedObject(normalizedObjectType, objectName, CStr(ControlName), modDaoHelper.NzString(controlTagMap(ControlName))) Then"
"SetControlTagForLoadedObject","modFwComposerService","205","If SetControlTagForLoadedObject(normalizedObjectType, objectName, CStr(ControlName), modDaoHelper.NzString(controlTagMap(ControlName))) Then"
"LogWarning","modFwComposerService","208","modLoggingHandler.LogWarning MODULE_NAME & "".SaveControlTagsToObject"", _"
"SaveControlTagsToObject","modFwComposerService","208","modLoggingHandler.LogWarning MODULE_NAME & "".SaveControlTagsToObject"", _"
"SaveOpenedObject","modFwComposerService","214","SaveOpenedObject normalizedObjectType, objectName"
"CloseObjectNoSave","modFwComposerService","222","CloseObjectNoSave normalizedObjectType, objectName"
"RestoreObjectState","modFwComposerService","224","RestoreObjectState normalizedObjectType, objectName, WasLoaded, WasVisible"
"SaveControlTagsToObject","modFwComposerService","225","SaveControlTagsToObject = saveSucceeded"
"HandleError","modFwComposerService","229","modErrorHandler.HandleError MODULE_NAME, ""SaveControlTagsToObject"", Err"
"SaveControlTagsToObject","modFwComposerService","229","modErrorHandler.HandleError MODULE_NAME, ""SaveControlTagsToObject"", Err"
"NormalizeObjectType","modFwComposerService","244","normalizedObjectType = NormalizeObjectType(objectType)"
"NormalizeTranslationName","modFwComposerService","246","normalizedControlName = NormalizeTranslationName(StripPrefix(ControlName, ""lbl""))"
"StripPrefix","modFwComposerService","246","normalizedControlName = NormalizeTranslationName(StripPrefix(ControlName, ""lbl""))"
"SuggestTranslationKey","modFwComposerService","250","SuggestTranslationKey = ""REPORT."" & normalizedControlName"
"SuggestTranslationKey","modFwComposerService","252","SuggestTranslationKey = ""FORM."" & normalizedObjectName & ""."" & normalizedControlName"
"HandleError","modFwComposerService","257","modErrorHandler.HandleError MODULE_NAME, ""SuggestTranslationKey"", Err"
"SuggestTranslationKey","modFwComposerService","257","modErrorHandler.HandleError MODULE_NAME, ""SuggestTranslationKey"", Err"
"GetControlStringProperty","modFwComposerService","268","GetControlTagValue = GetControlStringProperty(objectType, objectName, ControlName, ""Tag"")"
"GetControlTagValue","modFwComposerService","268","GetControlTagValue = GetControlStringProperty(objectType, objectName, ControlName, ""Tag"")"
"GetControlTagValue","modFwComposerService","272","modErrorHandler.HandleError MODULE_NAME, ""GetControlTagValue"", Err"
"HandleError","modFwComposerService","272","modErrorHandler.HandleError MODULE_NAME, ""GetControlTagValue"", Err"
"GetControlCaptionValue","modFwComposerService","283","GetControlCaptionValue = GetControlStringProperty(objectType, objectName, ControlName, ""Caption"")"
"GetControlStringProperty","modFwComposerService","283","GetControlCaptionValue = GetControlStringProperty(objectType, objectName, ControlName, ""Caption"")"
"GetControlCaptionValue","modFwComposerService","287","modErrorHandler.HandleError MODULE_NAME, ""GetControlCaptionValue"", Err"
"HandleError","modFwComposerService","287","modErrorHandler.HandleError MODULE_NAME, ""GetControlCaptionValue"", Err"
"GetControlTranslationKeyValue","modFwComposerService","298","GetControlTranslationKeyValue = modFwTranslationRuntime.GetTranslationKeyFromTag( _"
"GetTranslationKeyFromTag","modFwComposerService","298","GetControlTranslationKeyValue = modFwTranslationRuntime.GetTranslationKeyFromTag( _"
"GetControlTagValue","modFwComposerService","299","GetControlTagValue(objectType, objectName, ControlName))"
"GetControlTranslationKeyValue","modFwComposerService","303","modErrorHandler.HandleError MODULE_NAME, ""GetControlTranslationKeyValue"", Err"
"HandleError","modFwComposerService","303","modErrorHandler.HandleError MODULE_NAME, ""GetControlTranslationKeyValue"", Err"
"TableExists","modFwComposerService","321","If Not TableExists(db, TRANSLATION_TABLE_NAME) Then"
"EnsureTranslationPlaceholders","modFwComposerService","322","modLoggingHandler.LogWarning MODULE_NAME & "".EnsureTranslationPlaceholders"", _"
"LogWarning","modFwComposerService","322","modLoggingHandler.LogWarning MODULE_NAME & "".EnsureTranslationPlaceholders"", _"
"EnsureTranslationPlaceholderRow","modFwComposerService","330","If EnsureTranslationPlaceholderRow(db, translationKey, CStr(languageCode)) Then"
"EnsureTranslationPlaceholders","modFwComposerService","336","modLoggingHandler.LogInfo MODULE_NAME & "".EnsureTranslationPlaceholders"", _"
"LogInfo","modFwComposerService","336","modLoggingHandler.LogInfo MODULE_NAME & "".EnsureTranslationPlaceholders"", _"
"EnsureTranslationPlaceholders","modFwComposerService","340","EnsureTranslationPlaceholders = insertedCount"
"EnsureTranslationPlaceholders","modFwComposerService","344","modErrorHandler.HandleError MODULE_NAME, ""EnsureTranslationPlaceholders"", Err"
"HandleError","modFwComposerService","344","modErrorHandler.HandleError MODULE_NAME, ""EnsureTranslationPlaceholders"", Err"
"TableExists","modFwComposerService","361","If Not TableExists(db, TRANSLATION_TABLE_NAME) Then"
"LogWarning","modFwComposerService","362","modLoggingHandler.LogWarning MODULE_NAME & "".ValidateTranslationsReady"", _"
"ValidateTranslationsReady","modFwComposerService","362","modLoggingHandler.LogWarning MODULE_NAME & "".ValidateTranslationsReady"", _"
"BuildMissingTranslationWhereClause","modFwComposerService","367","whereClause = BuildMissingTranslationWhereClause(objectType, objectName)"
"CountTranslationsByWhereClause","modFwComposerService","368","missingCount = CountTranslationsByWhereClause(db, whereClause)"
"BuildValidationScopeDescription","modFwComposerService","369","scopeDescription = BuildValidationScopeDescription(objectType, objectName)"
"LogInfo","modFwComposerService","371","modLoggingHandler.LogInfo MODULE_NAME & "".ValidateTranslationsReady"", _"
"ValidateTranslationsReady","modFwComposerService","371","modLoggingHandler.LogInfo MODULE_NAME & "".ValidateTranslationsReady"", _"
"ValidateTranslationsReady","modFwComposerService","374","ValidateTranslationsReady = (missingCount = 0)"
"HandleError","modFwComposerService","378","modErrorHandler.HandleError MODULE_NAME, ""ValidateTranslationsReady"", Err"
"ValidateTranslationsReady","modFwComposerService","378","modErrorHandler.HandleError MODULE_NAME, ""ValidateTranslationsReady"", Err"
"NormalizeObjectType","modFwComposerService","402","normalizedObjectType = NormalizeObjectType(objectType)"
"GetComposerControlList","modFwComposerService","409","Set controlList = GetComposerControlList(normalizedObjectType, objectName, ""lbl"")"
"ApplyTranslationTagsToObject","modFwComposerService","411","modLoggingHandler.LogInfo MODULE_NAME & "".ApplyTranslationTagsToObject"", _"
"LogInfo","modFwComposerService","411","modLoggingHandler.LogInfo MODULE_NAME & "".ApplyTranslationTagsToObject"", _"
"ApplyTranslationTagsToObject","modFwComposerService","413","ApplyTranslationTagsToObject = True"
"IsObjectLoaded","modFwComposerService","417","WasLoaded = IsObjectLoaded(normalizedObjectType, objectName)"
"GetObjectVisible","modFwComposerService","418","WasVisible = GetObjectVisible(normalizedObjectType, objectName)"
"OpenObjectForUpdate","modFwComposerService","419","openedByService = OpenObjectForUpdate(normalizedObjectType, objectName)"
"SuggestTranslationKey","modFwComposerService","422","translationKey = SuggestTranslationKey(normalizedObjectType, objectName, CStr(ControlName))"
"GetControlCaptionForLoadedObject","modFwComposerService","429","currentCaption = GetControlCaptionForLoadedObject(normalizedObjectType, objectName, CStr(ControlName))"
"GetControlTagForLoadedObject","modFwComposerService","430","currentTag = GetControlTagForLoadedObject(normalizedObjectType, objectName, CStr(ControlName))"
"SetTranslationKeyInTag","modFwComposerService","437","updatedTag = modFwTranslationRuntime.SetTranslationKeyInTag(currentTag, translationKey)"
"GetTranslationKeyFromTag","modFwComposerService","439","LenB(modFwTranslationRuntime.GetTranslationKeyFromTag(currentTag)) > 0 Then"
"SetControlTagForLoadedObject","modFwComposerService","444","If SetControlTagForLoadedObject(normalizedObjectType, objectName, CStr(ControlName), updatedTag) Then"
"SetControlCaptionForLoadedObject","modFwComposerService","446","SetControlCaptionForLoadedObject normalizedObjectType, objectName, CStr(ControlName), _"
"ResolveReadableFallbackCaption","modFwComposerService","447","ResolveReadableFallbackCaption(translationKey, currentCaption, CStr(ControlName))"
"SaveOpenedObject","modFwComposerService","460","SaveOpenedObject normalizedObjectType, objectName"
"CloseObjectNoSave","modFwComposerService","464","CloseObjectNoSave normalizedObjectType, objectName"
"RestoreObjectState","modFwComposerService","467","RestoreObjectState normalizedObjectType, objectName, WasLoaded, WasVisible"
"ApplyTranslationTagsToObject","modFwComposerService","469","modLoggingHandler.LogInfo MODULE_NAME & "".ApplyTranslationTagsToObject"", _"
"LogInfo","modFwComposerService","469","modLoggingHandler.LogInfo MODULE_NAME & "".ApplyTranslationTagsToObject"", _"
"ApplyTranslationTagsToObject","modFwComposerService","474","ApplyTranslationTagsToObject = True"
"ApplyTranslationTagsToObject","modFwComposerService","478","modErrorHandler.HandleError MODULE_NAME, ""ApplyTranslationTagsToObject"", Err"
"HandleError","modFwComposerService","478","modErrorHandler.HandleError MODULE_NAME, ""ApplyTranslationTagsToObject"", Err"
"CloseObjectNoSave","modFwComposerService","481","CloseObjectNoSave normalizedObjectType, objectName"
"RestoreObjectState","modFwComposerService","483","RestoreObjectState normalizedObjectType, objectName, WasLoaded, WasVisible"
"NormalizeObjectType","modFwComposerService","498","normalizedObjectType = NormalizeObjectType(objectType)"
"IsComposerInternalObject","modFwComposerService","500","If IsComposerInternalObject(objectName) Then"
"GetControlStringProperty","modFwComposerService","501","GetControlStringProperty = vbNullString"
"OpenObjectHiddenDesign","modFwComposerService","505","wasOpenedByService = OpenObjectHiddenDesign(normalizedObjectType, objectName)"
"ControlExists","modFwComposerService","507","If Not ControlExists(normalizedObjectType, objectName, ControlName) Then"
"GetControlStringProperty","modFwComposerService","508","GetControlStringProperty = vbNullString"
"GetControlStringProperty","modFwComposerService","514","GetControlStringProperty = GetObjectPropertySafely(Forms(objectName).Controls(ControlName), propertyName)"
"GetObjectPropertySafely","modFwComposerService","514","GetControlStringProperty = GetObjectPropertySafely(Forms(objectName).Controls(ControlName), propertyName)"
"GetControlStringProperty","modFwComposerService","516","GetControlStringProperty = GetObjectPropertySafely(Reports(objectName).Controls(ControlName), propertyName)"
"GetObjectPropertySafely","modFwComposerService","516","GetControlStringProperty = GetObjectPropertySafely(Reports(objectName).Controls(ControlName), propertyName)"
"CloseObjectNoSave","modFwComposerService","521","CloseObjectNoSave normalizedObjectType, objectName"
"GetControlStringProperty","modFwComposerService","526","modErrorHandler.HandleError MODULE_NAME, ""GetControlStringProperty"", Err"
"HandleError","modFwComposerService","526","modErrorHandler.HandleError MODULE_NAME, ""GetControlStringProperty"", Err"
"NormalizeObjectType","modFwComposerService","537","NormalizeObjectType = normalizedType"
"NormalizeObjectType","modFwComposerService","539","Err.Raise vbObjectError + 3201, MODULE_NAME & "".NormalizeObjectType"", _"
"IsComposerInternalObject","modFwComposerService","549","IsComposerInternalObject = True"
"IsComposerInternalObject","modFwComposerService","551","IsComposerInternalObject = False"
"IsAsciiLetterOrDigit","modFwComposerService","570","If IsAsciiLetterOrDigit(currentChar) Then"
"IsAsciiUpper","modFwComposerService","583","If IsAsciiUpper(currentChar) Then"
"IsAsciiDigit","modFwComposerService","584","If IsAsciiLower(previousChar) Or IsAsciiDigit(previousChar) Then"
"IsAsciiLower","modFwComposerService","584","If IsAsciiLower(previousChar) Or IsAsciiDigit(previousChar) Then"
"IsAsciiLower","modFwComposerService","586","ElseIf IsAsciiUpper(previousChar) And IsAsciiLower(nextChar) Then"
"IsAsciiUpper","modFwComposerService","586","ElseIf IsAsciiUpper(previousChar) And IsAsciiLower(nextChar) Then"
"IsAsciiDigit","modFwComposerService","589","ElseIf IsAsciiDigit(currentChar) Then"
"IsAsciiLetter","modFwComposerService","590","If IsAsciiLetter(previousChar) Then"
"IsAsciiDigit","modFwComposerService","593","ElseIf IsAsciiDigit(previousChar) Then"
"NormalizeTranslationName","modFwComposerService","618","NormalizeTranslationName = result"
"IsAsciiUpper","modFwComposerService","629","IsAsciiUpper = (charCode >= 65 And charCode <= 90)"
"IsAsciiLower","modFwComposerService","640","IsAsciiLower = (charCode >= 97 And charCode <= 122)"
"IsAsciiDigit","modFwComposerService","651","IsAsciiDigit = (charCode >= 48 And charCode <= 57)"
"IsAsciiLetter","modFwComposerService","655","IsAsciiLetter = IsAsciiUpper(Value) Or IsAsciiLower(Value)"
"IsAsciiLower","modFwComposerService","655","IsAsciiLetter = IsAsciiUpper(Value) Or IsAsciiLower(Value)"
"IsAsciiUpper","modFwComposerService","655","IsAsciiLetter = IsAsciiUpper(Value) Or IsAsciiLower(Value)"
"IsAsciiDigit","modFwComposerService","659","IsAsciiLetterOrDigit = IsAsciiLetter(Value) Or IsAsciiDigit(Value)"
"IsAsciiLetter","modFwComposerService","659","IsAsciiLetterOrDigit = IsAsciiLetter(Value) Or IsAsciiDigit(Value)"
"IsAsciiLetterOrDigit","modFwComposerService","659","IsAsciiLetterOrDigit = IsAsciiLetter(Value) Or IsAsciiDigit(Value)"
"StripPrefix","modFwComposerService","672","StripPrefix = Mid$(Value, Len(Prefix) + 1)"
"StripPrefix","modFwComposerService","674","StripPrefix = Value"
"NormalizeObjectType","modFwComposerService","684","normalizedObjectType = NormalizeObjectType(objectType)"
"ObjectExists","modFwComposerService","690","ObjectExists = True"
"ObjectExists","modFwComposerService","698","ObjectExists = True"
"ObjectExists","modFwComposerService","707","ObjectExists = False"
"OpenObjectHiddenDesign","modFwComposerService","713","OpenObjectHiddenDesign = False"
"ObjectExists","modFwComposerService","715","If Not ObjectExists(objectType, objectName) Then"
"OpenObjectHiddenDesign","modFwComposerService","716","Err.Raise vbObjectError + 3202, MODULE_NAME & "".OpenObjectHiddenDesign"", _"
"NormalizeObjectType","modFwComposerService","720","Select Case NormalizeObjectType(objectType)"
"OpenObjectHiddenDesign","modFwComposerService","724","OpenObjectHiddenDesign = True"
"OpenObjectHiddenDesign","modFwComposerService","730","OpenObjectHiddenDesign = True"
"HandleError","modFwComposerService","736","modErrorHandler.HandleError MODULE_NAME, ""OpenObjectHiddenDesign"", Err"
"OpenObjectHiddenDesign","modFwComposerService","736","modErrorHandler.HandleError MODULE_NAME, ""OpenObjectHiddenDesign"", Err"
"ObjectExists","modFwComposerService","745","If ObjectExists(OBJECT_TYPE_FORM, objectName) Then"
"ObjectExists","modFwComposerService","752","If ObjectExists(OBJECT_TYPE_REPORT, objectName) Then"
"NormalizeObjectType","modFwComposerService","763","Select Case NormalizeObjectType(objectType)"
"IsObjectLoaded","modFwComposerService","765","IsObjectLoaded = CurrentProject.AllForms(objectName).IsLoaded"
"IsObjectLoaded","modFwComposerService","767","IsObjectLoaded = CurrentProject.AllReports(objectName).IsLoaded"
"NormalizeObjectType","modFwComposerService","776","If NormalizeObjectType(objectType) = OBJECT_TYPE_FORM Then"
"GetObjectVisible","modFwComposerService","778","GetObjectVisible = Forms(objectName).Visible"
"OpenObjectForUpdate","modFwComposerService","788","OpenObjectForUpdate = False"
"NormalizeObjectType","modFwComposerService","790","Select Case NormalizeObjectType(objectType)"
"OpenObjectForUpdate","modFwComposerService","796","OpenObjectForUpdate = True"
"OpenObjectForUpdate","modFwComposerService","803","OpenObjectForUpdate = True"
"HandleError","modFwComposerService","808","modErrorHandler.HandleError MODULE_NAME, ""OpenObjectForUpdate"", Err"
"OpenObjectForUpdate","modFwComposerService","808","modErrorHandler.HandleError MODULE_NAME, ""OpenObjectForUpdate"", Err"
"NormalizeObjectType","modFwComposerService","815","Select Case NormalizeObjectType(objectType)"
"HandleError","modFwComposerService","824","modErrorHandler.HandleError MODULE_NAME, ""SaveOpenedObject"", Err"
"SaveOpenedObject","modFwComposerService","824","modErrorHandler.HandleError MODULE_NAME, ""SaveOpenedObject"", Err"
"NormalizeObjectType","modFwComposerService","839","Select Case NormalizeObjectType(objectType)"
"NormalizeObjectType","modFwComposerService","919","Select Case NormalizeObjectType(objectType)"
"ControlExists","modFwComposerService","923","ControlExists = True"
"ControlExists","modFwComposerService","931","ControlExists = True"
"ControlExists","modFwComposerService","940","ControlExists = False"
"GetObjectPropertySafely","modFwComposerService","946","GetObjectPropertySafely = Nz(Obj.Properties(propertyName).Value, vbNullString)"
"GetObjectPropertySafely","modFwComposerService","950","GetObjectPropertySafely = vbNullString"
"NormalizeObjectType","modFwComposerService","960","Select Case NormalizeObjectType(objectType)"
"GetControlCaptionForLoadedObject","modFwComposerService","962","GetControlCaptionForLoadedObject = GetObjectPropertySafely(Forms(objectName).Controls(ControlName), ""Caption"")"
"GetObjectPropertySafely","modFwComposerService","962","GetControlCaptionForLoadedObject = GetObjectPropertySafely(Forms(objectName).Controls(ControlName), ""Caption"")"
"GetControlCaptionForLoadedObject","modFwComposerService","964","GetControlCaptionForLoadedObject = GetObjectPropertySafely(Reports(objectName).Controls(ControlName), ""Caption"")"
"GetObjectPropertySafely","modFwComposerService","964","GetControlCaptionForLoadedObject = GetObjectPropertySafely(Reports(objectName).Controls(ControlName), ""Caption"")"
"GetControlCaptionForLoadedObject","modFwComposerService","969","GetControlCaptionForLoadedObject = vbNullString"
"GetAttachedLabelCaptionSafely","modFwComposerService","986","GetAttachedLabelCaptionSafely = GetObjectPropertySafely(attachedLabel, ""Caption"")"
"GetObjectPropertySafely","modFwComposerService","986","GetAttachedLabelCaptionSafely = GetObjectPropertySafely(attachedLabel, ""Caption"")"
"GetAttachedLabelCaptionSafely","modFwComposerService","990","GetAttachedLabelCaptionSafely = vbNullString"
"GetControlVisibleSafely","modFwComposerService","1000","GetControlVisibleSafely = CBool(ctl.Properties(""Visible"").Value)"
"GetControlVisibleSafely","modFwComposerService","1004","GetControlVisibleSafely = True"
"GetControlTagSafely","modFwComposerService","1014","GetControlTagSafely = GetObjectPropertySafely(ctl, ""Tag"")"
"GetObjectPropertySafely","modFwComposerService","1014","GetControlTagSafely = GetObjectPropertySafely(ctl, ""Tag"")"
"GetControlTagSafely","modFwComposerService","1018","GetControlTagSafely = vbNullString"
"GetObjectPropertySafely","modFwComposerService","1025","CaptionValue = GetObjectPropertySafely(ctl, ""Caption"")"
"ResolveControlSourceText","modFwComposerService","1027","ResolveControlSourceText = CaptionValue"
"GetAttachedLabelCaptionSafely","modFwComposerService","1031","attachedLabelCaption = GetAttachedLabelCaptionSafely(ctl)"
"ResolveControlSourceText","modFwComposerService","1033","ResolveControlSourceText = attachedLabelCaption"
"ResolveControlSourceText","modFwComposerService","1037","ResolveControlSourceText = ctl.Name"
"ResolveControlTypeName","modFwComposerService","1043","ResolveControlTypeName = ""Label"""
"ResolveControlTypeName","modFwComposerService","1045","ResolveControlTypeName = ""CommandButton"""
"ResolveControlTypeName","modFwComposerService","1047","ResolveControlTypeName = ""TabPage"""
"ResolveControlTypeName","modFwComposerService","1049","ResolveControlTypeName = ""OptionButton"""
"ResolveControlTypeName","modFwComposerService","1051","ResolveControlTypeName = ""CheckBox"""
"ResolveControlTypeName","modFwComposerService","1053","ResolveControlTypeName = ""ToggleButton"""
"ResolveControlTypeName","modFwComposerService","1055","ResolveControlTypeName = ""ComboBox"""
"ResolveControlTypeName","modFwComposerService","1057","ResolveControlTypeName = ""ListBox"""
"ResolveControlTypeName","modFwComposerService","1059","ResolveControlTypeName = ""TextBox"""
"ResolveControlTypeName","modFwComposerService","1061","ResolveControlTypeName = ""Subform"""
"ResolveControlTypeName","modFwComposerService","1063","ResolveControlTypeName = ""ControlType"" & CStr(controlTypeId)"
"NormalizeObjectType","modFwComposerService","1074","Select Case NormalizeObjectType(objectType)"
"GetControlTagForLoadedObject","modFwComposerService","1076","GetControlTagForLoadedObject = GetObjectPropertySafely(Forms(objectName).Controls(ControlName), ""Tag"")"
"GetObjectPropertySafely","modFwComposerService","1076","GetControlTagForLoadedObject = GetObjectPropertySafely(Forms(objectName).Controls(ControlName), ""Tag"")"
"GetControlTagForLoadedObject","modFwComposerService","1078","GetControlTagForLoadedObject = GetObjectPropertySafely(Reports(objectName).Controls(ControlName), ""Tag"")"
"GetObjectPropertySafely","modFwComposerService","1078","GetControlTagForLoadedObject = GetObjectPropertySafely(Reports(objectName).Controls(ControlName), ""Tag"")"
"GetControlTagForLoadedObject","modFwComposerService","1083","GetControlTagForLoadedObject = vbNullString"
"NormalizeObjectType","modFwComposerService","1094","Select Case NormalizeObjectType(objectType)"
"SetControlCaptionForLoadedObject","modFwComposerService","1101","SetControlCaptionForLoadedObject = True"
"SetControlCaptionForLoadedObject","modFwComposerService","1105","SetControlCaptionForLoadedObject = False"
"NormalizeObjectType","modFwComposerService","1116","Select Case NormalizeObjectType(objectType)"
"SetControlTagForLoadedObject","modFwComposerService","1123","SetControlTagForLoadedObject = True"
"SetControlTagForLoadedObject","modFwComposerService","1127","SetControlTagForLoadedObject = False"
"ResolveCaptionText","modFwComposerService","1135","ResolveReadableFallbackCaption = modFwTranslationRuntime.ResolveCaptionText(vbNullString, ""TR:"" & translationKey)"
"ResolveReadableFallbackCaption","modFwComposerService","1135","ResolveReadableFallbackCaption = modFwTranslationRuntime.ResolveCaptionText(vbNullString, ""TR:"" & translationKey)"
"ResolveReadableFallbackCaption","modFwComposerService","1137","If LenB(Trim$(ResolveReadableFallbackCaption)) = 0 Then"
"BuildReadableCaptionFromControlName","modFwComposerService","1138","ResolveReadableFallbackCaption = BuildReadableCaptionFromControlName(ControlName)"
"ResolveReadableFallbackCaption","modFwComposerService","1138","ResolveReadableFallbackCaption = BuildReadableCaptionFromControlName(ControlName)"
"ResolveReadableFallbackCaption","modFwComposerService","1139","ElseIf StrComp(Trim$(ResolveReadableFallbackCaption), Trim$(translationKey), vbTextCompare) = 0 Then"
"BuildReadableCaptionFromControlName","modFwComposerService","1140","ResolveReadableFallbackCaption = BuildReadableCaptionFromControlName(ControlName)"
"ResolveReadableFallbackCaption","modFwComposerService","1140","ResolveReadableFallbackCaption = BuildReadableCaptionFromControlName(ControlName)"
"ResolveReadableFallbackCaption","modFwComposerService","1141","ElseIf StrComp(Trim$(ResolveReadableFallbackCaption), Trim$(currentCaption), vbTextCompare) = 0 Then"
"BuildReadableCaptionFromControlName","modFwComposerService","1142","ResolveReadableFallbackCaption = BuildReadableCaptionFromControlName(ControlName)"
"ResolveReadableFallbackCaption","modFwComposerService","1142","ResolveReadableFallbackCaption = BuildReadableCaptionFromControlName(ControlName)"
"NormalizeTranslationName","modFwComposerService","1149","fallbackCaption = NormalizeTranslationName(StripPrefix(ControlName, ""lbl""))"
"StripPrefix","modFwComposerService","1149","fallbackCaption = NormalizeTranslationName(StripPrefix(ControlName, ""lbl""))"
"BuildReadableCaptionFromControlName","modFwComposerService","1153","BuildReadableCaptionFromControlName = ControlName"
"BuildReadableCaptionFromControlName","modFwComposerService","1155","BuildReadableCaptionFromControlName = fallbackCaption"
"TranslationRowExists","modFwComposerService","1172","If TranslationRowExists(db, translationKey, languageCode) Then"
"SetRecordsetFieldIfExists","modFwComposerService","1182","SetRecordsetFieldIfExists rs, FIELD_IS_ACTIVE, True"
"GetTranslationModuleCode","modFwComposerService","1183","SetRecordsetFieldIfExists rs, FIELD_MODULE_CODE, GetTranslationModuleCode(translationKey)"
"SetRecordsetFieldIfExists","modFwComposerService","1183","SetRecordsetFieldIfExists rs, FIELD_MODULE_CODE, GetTranslationModuleCode(translationKey)"
"SetRecordsetFieldIfExists","modFwComposerService","1184","SetRecordsetFieldIfExists rs, FIELD_UPDATED_AT, Now"
"EnsureTranslationPlaceholderRow","modFwComposerService","1187","EnsureTranslationPlaceholderRow = True"
"EnsureTranslationPlaceholderRow","modFwComposerService","1196","modErrorHandler.HandleError MODULE_NAME, ""EnsureTranslationPlaceholderRow"", Err"
"HandleError","modFwComposerService","1196","modErrorHandler.HandleError MODULE_NAME, ""EnsureTranslationPlaceholderRow"", Err"
"SqlText","modFwComposerService","1212",""" WHERE "" & FIELD_TRANSLATION_KEY & "" = "" & SqlText(translationKey) & _"
"SqlText","modFwComposerService","1213",""" AND "" & FIELD_LANGUAGE_CODE & "" = "" & SqlText(languageCode)"
"TranslationRowExists","modFwComposerService","1216","TranslationRowExists = Not (rs.BOF And rs.EOF)"
"HandleError","modFwComposerService","1225","modErrorHandler.HandleError MODULE_NAME, ""TranslationRowExists"", Err"
"TranslationRowExists","modFwComposerService","1225","modErrorHandler.HandleError MODULE_NAME, ""TranslationRowExists"", Err"
"GetTranslationModuleCode","modFwComposerService","1256","GetTranslationModuleCode = ""REPORT"""
"GetTranslationModuleCode","modFwComposerService","1258","GetTranslationModuleCode = ""FORM"""
"GetTranslationModuleCode","modFwComposerService","1260","GetTranslationModuleCode = ""FRAMEWORK"""
"BuildTranslationScopeWhereClause","modFwComposerService","1270","scopeClause = BuildTranslationScopeWhereClause(objectType, objectName)"
"BuildMissingTranslationValueWhereClause","modFwComposerService","1271","BuildMissingTranslationWhereClause = BuildMissingTranslationValueWhereClause()"
"BuildMissingTranslationWhereClause","modFwComposerService","1271","BuildMissingTranslationWhereClause = BuildMissingTranslationValueWhereClause()"
"BuildMissingTranslationWhereClause","modFwComposerService","1274","BuildMissingTranslationWhereClause = ""("" & scopeClause & "") AND ("" & _"
"BuildMissingTranslationWhereClause","modFwComposerService","1275","BuildMissingTranslationWhereClause & "")"""
"BuildMissingTranslationValueWhereClause","modFwComposerService","1280","BuildMissingTranslationValueWhereClause = _"
"SqlText","modFwComposerService","1281","""("" & FIELD_TRANSLATION_VALUE & "" = "" & SqlText(PLACEHOLDER_TRANSLATION_VALUE) & _"
"NormalizeObjectType","modFwComposerService","1297","normalizedObjectType = NormalizeObjectType(objectType)"
"BuildTranslationScopeWhereClause","modFwComposerService","1303","BuildTranslationScopeWhereClause = ""["" & FIELD_TRANSLATION_KEY & ""] Like "" & _"
"SqlText","modFwComposerService","1304","SqlText(""FORM."" & normalizedObjectName & "".*"")"
"BuildTranslationScopeWhereClause","modFwComposerService","1306","BuildTranslationScopeWhereClause = ""["" & FIELD_TRANSLATION_KEY & ""] Like "" & _"
"SqlText","modFwComposerService","1307","SqlText(""FORM.*"")"
"BuildTranslationScopeWhereClause","modFwComposerService","1311","BuildTranslationScopeWhereClause = ""["" & FIELD_TRANSLATION_KEY & ""] Like "" & _"
"SqlText","modFwComposerService","1312","SqlText(""REPORT.*"")"
"BuildTranslationScopeWhereClause","modFwComposerService","1315","BuildTranslationScopeWhereClause = vbNullString"
"CountTranslationsByWhereClause","modFwComposerService","1335","CountTranslationsByWhereClause = Nz(rs.Fields(0).Value, 0)"
"CountTranslationsByWhereClause","modFwComposerService","1345","modErrorHandler.HandleError MODULE_NAME, ""CountTranslationsByWhereClause"", Err"
"HandleError","modFwComposerService","1345","modErrorHandler.HandleError MODULE_NAME, ""CountTranslationsByWhereClause"", Err"
"BuildValidationScopeDescription","modFwComposerService","1360","BuildValidationScopeDescription = ""all translations"""
"BuildValidationScopeDescription","modFwComposerService","1362","BuildValidationScopeDescription = normalizedObjectType"
"BuildValidationScopeDescription","modFwComposerService","1364","BuildValidationScopeDescription = normalizedObjectType & "" "" & normalizedObjectName & "" (report scope uses REPORT.*)"""
"BuildValidationScopeDescription","modFwComposerService","1366","BuildValidationScopeDescription = normalizedObjectType & "" "" & normalizedObjectName"
"TableExists","modFwComposerService","1381","TableExists = True"
"TableExists","modFwComposerService","1389","TableExists = False"
"ResolveFiscalYear","modNumberingHandler","35","FiscalYear = ResolveFiscalYear(DocumentDate)"
"IncrementNumberValue","modNumberingHandler","36","nextValue = modNumberRangeRepository.IncrementNumberValue(normalizedType, FiscalYear)"
"GetNextDocumentNumber","modNumberingHandler","39","modLoggingHandler.LogWarning MODULE_NAME & "".GetNextDocumentNumber"", _"
"LogWarning","modNumberingHandler","39","modLoggingHandler.LogWarning MODULE_NAME & "".GetNextDocumentNumber"", _"
"ResolvePrefix","modNumberingHandler","44","Prefix = ResolvePrefix(normalizedType, FiscalYear)"
"ResolveFormatMask","modNumberingHandler","45","FormatMask = ResolveFormatMask(normalizedType, FiscalYear)"
"BuildFormattedDocumentNumber","modNumberingHandler","47","GetNextDocumentNumber = BuildFormattedDocumentNumber(Prefix, FiscalYear, nextValue, FormatMask)"
"GetNextDocumentNumber","modNumberingHandler","47","GetNextDocumentNumber = BuildFormattedDocumentNumber(Prefix, FiscalYear, nextValue, FormatMask)"
"GetNextDocumentNumber","modNumberingHandler","51","GetNextDocumentNumber = vbNullString"
"GetNextDocumentNumber","modNumberingHandler","52","modErrorHandler.HandleError MODULE_NAME, ""GetNextDocumentNumber"", Err"
"HandleError","modNumberingHandler","52","modErrorHandler.HandleError MODULE_NAME, ""GetNextDocumentNumber"", Err"
"BuildFormattedDocumentNumber","modNumberingHandler","100","BuildFormattedDocumentNumber = resultText"
"BuildFormattedDocumentNumber","modNumberingHandler","104","BuildFormattedDocumentNumber = Trim$(Prefix) & ""-"" & CStr(FiscalYear) & ""-"" & Format$(NumberValue, ""000001"")"
"BuildFormattedDocumentNumber","modNumberingHandler","105","modErrorHandler.HandleError ""modNumberingHandler"", ""BuildFormattedDocumentNumber"", Err"
"HandleError","modNumberingHandler","105","modErrorHandler.HandleError ""modNumberingHandler"", ""BuildFormattedDocumentNumber"", Err"
"ResolveFiscalYear","modNumberingHandler","110","ResolveFiscalYear = Year(Date)"
"ResolveFiscalYear","modNumberingHandler","112","ResolveFiscalYear = Year(DocumentDate)"
"GetTenantParameter","modNumberingHandler","122","ResolvePrefix = modTenantRepository.GetTenantParameter(""NR_PREFIX_"" & UCase$(Trim$(DocumentTypeCode)), UCase$(Trim$(DocumentTypeCode)))"
"ResolvePrefix","modNumberingHandler","122","ResolvePrefix = modTenantRepository.GetTenantParameter(""NR_PREFIX_"" & UCase$(Trim$(DocumentTypeCode)), UCase$(Trim$(DocumentTypeCode)))"
"NumberRangeExists","modNumberingHandler","124","If Not modNumberRangeRepository.NumberRangeExists(DocumentTypeCode, FiscalYear) Then"
"GetCurrentDatabase","modNumberingHandler","128","Set db = modDb.GetCurrentDatabase()"
"ResolvePrefix","modNumberingHandler","131","ResolvePrefix = ResolveTextField(rs, DocumentTypeCode, FiscalYear, FIELD_PREFIX, ResolvePrefix)"
"ResolveTextField","modNumberingHandler","131","ResolvePrefix = ResolveTextField(rs, DocumentTypeCode, FiscalYear, FIELD_PREFIX, ResolvePrefix)"
"HandleError","modNumberingHandler","141","modErrorHandler.HandleError MODULE_NAME, ""ResolvePrefix"", Err"
"ResolvePrefix","modNumberingHandler","141","modErrorHandler.HandleError MODULE_NAME, ""ResolvePrefix"", Err"
"GetTenantParameter","modNumberingHandler","151","ResolveFormatMask = modTenantRepository.GetTenantParameter(""NR_FORMATMASK_"" & UCase$(Trim$(DocumentTypeCode)), vbNullString)"
"ResolveFormatMask","modNumberingHandler","151","ResolveFormatMask = modTenantRepository.GetTenantParameter(""NR_FORMATMASK_"" & UCase$(Trim$(DocumentTypeCode)), vbNullString)"
"NumberRangeExists","modNumberingHandler","153","If Not modNumberRangeRepository.NumberRangeExists(DocumentTypeCode, FiscalYear) Then"
"GetCurrentDatabase","modNumberingHandler","157","Set db = modDb.GetCurrentDatabase()"
"ResolveFormatMask","modNumberingHandler","160","ResolveFormatMask = ResolveTextField(rs, DocumentTypeCode, FiscalYear, FIELD_FORMAT_MASK, ResolveFormatMask)"
"ResolveTextField","modNumberingHandler","160","ResolveFormatMask = ResolveTextField(rs, DocumentTypeCode, FiscalYear, FIELD_FORMAT_MASK, ResolveFormatMask)"
"HandleError","modNumberingHandler","170","modErrorHandler.HandleError MODULE_NAME, ""ResolveFormatMask"", Err"
"ResolveFormatMask","modNumberingHandler","170","modErrorHandler.HandleError MODULE_NAME, ""ResolveFormatMask"", Err"
"ResolveTextField","modNumberingHandler","180","ResolveTextField = defaultValue"
"RecordsetHasField","modNumberingHandler","186","If Not modDaoHelper.RecordsetHasField(rs, FIELD_DOCUMENT_TYPE_CODE) _"
"RecordsetHasField","modNumberingHandler","187","Or Not modDaoHelper.RecordsetHasField(rs, FIELD_FISCAL_YEAR) _"
"RecordsetHasField","modNumberingHandler","188","Or Not modDaoHelper.RecordsetHasField(rs, fieldName) Then"
"NzString","modNumberingHandler","194","If UCase$(Trim$(modDaoHelper.NzString(rs.Fields(FIELD_DOCUMENT_TYPE_CODE).Value))) = targetType _"
"NzLong","modNumberingHandler","195","And modDaoHelper.NzLong(rs.Fields(FIELD_FISCAL_YEAR).Value, 0) = FiscalYear Then"
"RecordsetHasField","modNumberingHandler","197","If modDaoHelper.RecordsetHasField(rs, FIELD_IS_ACTIVE) Then"
"NzBoolean","modNumberingHandler","198","If Not modDaoHelper.NzBoolean(rs.Fields(FIELD_IS_ACTIVE).Value, False) Then"
"NzString","modNumberingHandler","204","ResolveTextField = modDaoHelper.NzString(rs.Fields(fieldName).Value, defaultValue)"
"ResolveTextField","modNumberingHandler","204","ResolveTextField = modDaoHelper.NzString(rs.Fields(fieldName).Value, defaultValue)"
"ResolveTextField","modNumberingHandler","214","ResolveTextField = defaultValue"
"HandleError","modNumberingHandler","215","modErrorHandler.HandleError MODULE_NAME, ""ResolveTextField"", Err"
"ResolveTextField","modNumberingHandler","215","modErrorHandler.HandleError MODULE_NAME, ""ResolveTextField"", Err"
"EnsureModuleStore","modModuleManager","28","EnsureModuleStore"
"IsFeatureLicensed","modModuleManager","30","If modLicenseHandler.IsFeatureLicensed(MODULE_CORE) Then"
"ActivateModule","modModuleManager","31","ActivateModule MODULE_CORE"
"GetLicensedFeatures","modModuleManager","34","Set licensedFeatures = modLicenseHandler.GetLicensedFeatures()"
"ActivateModule","modModuleManager","36","ActivateModule CStr(featureName)"
"InitializeModules","modModuleManager","39","modLoggingHandler.LogInfo MODULE_NAME & "".InitializeModules"", _"
"LogInfo","modModuleManager","39","modLoggingHandler.LogInfo MODULE_NAME & "".InitializeModules"", _"
"BuildActiveModulesSummary","modModuleManager","40","""Modules initialized: "" & BuildActiveModulesSummary()"
"HandleError","modModuleManager","44","modErrorHandler.HandleError MODULE_NAME, ""InitializeModules"", Err"
"InitializeModules","modModuleManager","44","modErrorHandler.HandleError MODULE_NAME, ""InitializeModules"", Err"
"NormalizeModuleName","modModuleManager","53","normalizedModule = NormalizeModuleName(moduleName)"
"IsModuleActive","modModuleManager","55","IsModuleActive = False"
"EnsureModuleStore","modModuleManager","59","EnsureModuleStore"
"IsModuleActive","modModuleManager","60","IsModuleActive = mActiveModules.Exists(normalizedModule)"
"IsModuleActive","modModuleManager","64","IsModuleActive = False"
"HandleError","modModuleManager","65","modErrorHandler.HandleError MODULE_NAME, ""IsModuleActive"", Err"
"IsModuleActive","modModuleManager","65","modErrorHandler.HandleError MODULE_NAME, ""IsModuleActive"", Err"
"EnsureModuleStore","modModuleManager","74","EnsureModuleStore"
"GetActiveModules","modModuleManager","81","Set GetActiveModules = activeModules"
"GetActiveModules","modModuleManager","85","Set GetActiveModules = New Collection"
"GetActiveModules","modModuleManager","86","modErrorHandler.HandleError MODULE_NAME, ""GetActiveModules"", Err"
"HandleError","modModuleManager","86","modErrorHandler.HandleError MODULE_NAME, ""GetActiveModules"", Err"
"NormalizeModuleName","modModuleManager","95","normalizedModule = NormalizeModuleName(moduleName)"
"LogWarning","modModuleManager","98","modLoggingHandler.LogWarning MODULE_NAME & "".RequireModule"", messageText"
"RequireModule","modModuleManager","98","modLoggingHandler.LogWarning MODULE_NAME & "".RequireModule"", messageText"
"RequireModule","modModuleManager","101","Err.Raise ERR_MODULE_REQUIRED, MODULE_NAME & "".RequireModule"", messageText"
"IsModuleActive","modModuleManager","106","If IsModuleActive(normalizedModule) Then"
"LogWarning","modModuleManager","111","modLoggingHandler.LogWarning MODULE_NAME & "".RequireModule"", messageText"
"RequireModule","modModuleManager","111","modLoggingHandler.LogWarning MODULE_NAME & "".RequireModule"", messageText"
"RequireModule","modModuleManager","114","Err.Raise ERR_MODULE_REQUIRED, MODULE_NAME & "".RequireModule"", messageText"
"HandleError","modModuleManager","119","modErrorHandler.HandleError MODULE_NAME, ""RequireModule"", Err"
"RequireModule","modModuleManager","119","modErrorHandler.HandleError MODULE_NAME, ""RequireModule"", Err"
"EnsureModuleStore","modModuleManager","129","EnsureModuleStore"
"LogInfo","modModuleManager","132","modLoggingHandler.LogInfo MODULE_NAME & "".ResetModuleState"", ""Module state cleared."""
"ResetModuleState","modModuleManager","132","modLoggingHandler.LogInfo MODULE_NAME & "".ResetModuleState"", ""Module state cleared."""
"HandleError","modModuleManager","136","modErrorHandler.HandleError MODULE_NAME, ""ResetModuleState"", Err"
"ResetModuleState","modModuleManager","136","modErrorHandler.HandleError MODULE_NAME, ""ResetModuleState"", Err"
"NormalizeModuleName","modModuleManager","145","normalizedModule = NormalizeModuleName(moduleName)"
"EnsureModuleStore","modModuleManager","150","EnsureModuleStore"
"IsFeatureLicensed","modModuleManager","152","If Not modLicenseHandler.IsFeatureLicensed(normalizedModule) Then"
"ActivateModule","modModuleManager","163","modErrorHandler.HandleError MODULE_NAME, ""ActivateModule"", Err"
"HandleError","modModuleManager","163","modErrorHandler.HandleError MODULE_NAME, ""ActivateModule"", Err"
"EnsureModuleStore","modModuleManager","178","modErrorHandler.HandleError MODULE_NAME, ""EnsureModuleStore"", Err"
"HandleError","modModuleManager","178","modErrorHandler.HandleError MODULE_NAME, ""EnsureModuleStore"", Err"
"NormalizeModuleName","modModuleManager","183","NormalizeModuleName = UCase$(Trim$(moduleName))"
"EnsureModuleStore","modModuleManager","192","EnsureModuleStore"
"BuildActiveModulesSummary","modModuleManager","195","BuildActiveModulesSummary = ""(none)"""
"BuildActiveModulesSummary","modModuleManager","206","BuildActiveModulesSummary = summary"
"BuildActiveModulesSummary","modModuleManager","210","BuildActiveModulesSummary = ""(unknown)"""
"BuildActiveModulesSummary","modModuleManager","211","modErrorHandler.HandleError MODULE_NAME, ""BuildActiveModulesSummary"", Err"
"HandleError","modModuleManager","211","modErrorHandler.HandleError MODULE_NAME, ""BuildActiveModulesSummary"", Err"
"CanReadUsers","modUserRepository","30","If Not CanReadUsers() Then"
"GetCurrentDatabase","modUserRepository","34","Set db = modDb.GetCurrentDatabase()"
"FindActiveUser","modUserRepository","37","UserExists = FindActiveUser(rs, UserId)"
"UserExists","modUserRepository","37","UserExists = FindActiveUser(rs, UserId)"
"UserExists","modUserRepository","47","UserExists = False"
"HandleError","modUserRepository","48","modErrorHandler.HandleError MODULE_NAME, ""UserExists"", Err"
"UserExists","modUserRepository","48","modErrorHandler.HandleError MODULE_NAME, ""UserExists"", Err"
"GetUserDisplayName","modUserRepository","59","GetUserDisplayName = defaultValue"
"CanReadUsers","modUserRepository","63","If Not CanReadUsers() Then"
"GetUserDisplayName","modUserRepository","64","GetUserDisplayName = defaultValue"
"GetCurrentDatabase","modUserRepository","68","Set db = modDb.GetCurrentDatabase()"
"GetUserDisplayName","modUserRepository","71","GetUserDisplayName = ResolveUserFieldValue(rs, UserId, FIELD_USER_NAME, defaultValue)"
"ResolveUserFieldValue","modUserRepository","71","GetUserDisplayName = ResolveUserFieldValue(rs, UserId, FIELD_USER_NAME, defaultValue)"
"GetUserDisplayName","modUserRepository","81","GetUserDisplayName = defaultValue"
"GetUserDisplayName","modUserRepository","82","modErrorHandler.HandleError MODULE_NAME, ""GetUserDisplayName"", Err"
"HandleError","modUserRepository","82","modErrorHandler.HandleError MODULE_NAME, ""GetUserDisplayName"", Err"
"GetUserRoleCode","modUserRepository","93","GetUserRoleCode = defaultValue"
"CanReadUsers","modUserRepository","97","If Not CanReadUsers() Then"
"GetUserRoleCode","modUserRepository","98","GetUserRoleCode = defaultValue"
"GetCurrentDatabase","modUserRepository","102","Set db = modDb.GetCurrentDatabase()"
"GetUserRoleCode","modUserRepository","105","GetUserRoleCode = ResolveUserFieldValue(rs, UserId, FIELD_ROLE_CODE, defaultValue)"
"ResolveUserFieldValue","modUserRepository","105","GetUserRoleCode = ResolveUserFieldValue(rs, UserId, FIELD_ROLE_CODE, defaultValue)"
"GetUserRoleCode","modUserRepository","115","GetUserRoleCode = defaultValue"
"GetUserRoleCode","modUserRepository","116","modErrorHandler.HandleError MODULE_NAME, ""GetUserRoleCode"", Err"
"HandleError","modUserRepository","116","modErrorHandler.HandleError MODULE_NAME, ""GetUserRoleCode"", Err"
"ValidateBackendConfiguration","modUserRepository","121","If Not modDb.ValidateBackendConfiguration() Then"
"CanReadUsers","modUserRepository","122","modLoggingHandler.LogWarning MODULE_NAME & "".CanReadUsers"", _"
"LogWarning","modUserRepository","122","modLoggingHandler.LogWarning MODULE_NAME & "".CanReadUsers"", _"
"TableExists","modUserRepository","127","If Not TableExists(TABLE_USR_USER) Then"
"CanReadUsers","modUserRepository","128","modLoggingHandler.LogWarning MODULE_NAME & "".CanReadUsers"", _"
"LogWarning","modUserRepository","128","modLoggingHandler.LogWarning MODULE_NAME & "".CanReadUsers"", _"
"ResolveTenantCode","modUserRepository","129","""Table '"" & TABLE_USR_USER & ""' is not available yet for tenant '"" & ResolveTenantCode() & ""'."""
"CanReadUsers","modUserRepository","133","CanReadUsers = True"
"GetCurrentDatabase","modUserRepository","142","Set db = modDb.GetCurrentDatabase()"
"TableExists","modUserRepository","146","TableExists = True"
"TableExists","modUserRepository","157","TableExists = False"
"HandleError","modUserRepository","158","modErrorHandler.HandleError MODULE_NAME, ""TableExists"", Err"
"TableExists","modUserRepository","158","modErrorHandler.HandleError MODULE_NAME, ""TableExists"", Err"
"IsTenantInitialized","modUserRepository","163","If IsTenantInitialized() Then"
"ResolveTenantCode","modUserRepository","164","ResolveTenantCode = currentTenantCode"
"ResolveTenantCode","modUserRepository","166","ResolveTenantCode = vbNullString"
"FindActiveUser","modUserRepository","173","FindActiveUser = (LenB(ResolveUserFieldValue(rs, UserId, FIELD_USER_ID, vbNullString)) > 0)"
"ResolveUserFieldValue","modUserRepository","173","FindActiveUser = (LenB(ResolveUserFieldValue(rs, UserId, FIELD_USER_ID, vbNullString)) > 0)"
"FindActiveUser","modUserRepository","177","FindActiveUser = False"
"FindActiveUser","modUserRepository","178","modErrorHandler.HandleError MODULE_NAME, ""FindActiveUser"", Err"
"HandleError","modUserRepository","178","modErrorHandler.HandleError MODULE_NAME, ""FindActiveUser"", Err"
"RecordsetHasField","modUserRepository","191","hasUserIdField = modDaoHelper.RecordsetHasField(rs, FIELD_USER_ID)"
"RecordsetHasField","modUserRepository","192","hasTargetField = modDaoHelper.RecordsetHasField(rs, TargetField)"
"RecordsetHasField","modUserRepository","193","hasActiveField = modDaoHelper.RecordsetHasField(rs, FIELD_IS_ACTIVE)"
"LogWarning","modUserRepository","196","modLoggingHandler.LogWarning MODULE_NAME & "".ResolveUserFieldValue"", _"
"ResolveUserFieldValue","modUserRepository","196","modLoggingHandler.LogWarning MODULE_NAME & "".ResolveUserFieldValue"", _"
"ResolveUserFieldValue","modUserRepository","198","ResolveUserFieldValue = defaultValue"
"ResolveUserFieldValue","modUserRepository","203","ResolveUserFieldValue = defaultValue"
"NzString","modUserRepository","209","currentUserId = UCase$(Trim$(modDaoHelper.NzString(rs.Fields(FIELD_USER_ID).Value)))"
"NzBoolean","modUserRepository","213","If Not modDaoHelper.NzBoolean(rs.Fields(FIELD_IS_ACTIVE).Value, False) Then"
"ResolveUserFieldValue","modUserRepository","214","ResolveUserFieldValue = defaultValue"
"NzString","modUserRepository","219","ResolveUserFieldValue = modDaoHelper.NzString(rs.Fields(TargetField).Value, defaultValue)"
"ResolveUserFieldValue","modUserRepository","219","ResolveUserFieldValue = modDaoHelper.NzString(rs.Fields(TargetField).Value, defaultValue)"
"ResolveUserFieldValue","modUserRepository","226","ResolveUserFieldValue = defaultValue"
"ResolveUserFieldValue","modUserRepository","230","ResolveUserFieldValue = defaultValue"
"HandleError","modUserRepository","231","modErrorHandler.HandleError MODULE_NAME, ""ResolveUserFieldValue"", Err"
"ResolveUserFieldValue","modUserRepository","231","modErrorHandler.HandleError MODULE_NAME, ""ResolveUserFieldValue"", Err"
"GetUserLanguageCode","modUserRepository","241","GetUserLanguageCode = defaultValue"
"CanReadUsers","modUserRepository","245","If Not CanReadUsers() Then"
"GetUserLanguageCode","modUserRepository","246","GetUserLanguageCode = defaultValue"
"GetCurrentDatabase","modUserRepository","250","Set db = modDb.GetCurrentDatabase()"
"RecordsetHasField","modUserRepository","253","If Not modDaoHelper.RecordsetHasField(rs, FIELD_LANGUAGE_CODE) Then"
"GetUserLanguageCode","modUserRepository","254","GetUserLanguageCode = defaultValue"
"GetUserLanguageCode","modUserRepository","258","GetUserLanguageCode = ResolveUserFieldValue(rs, UserId, FIELD_LANGUAGE_CODE, defaultValue)"
"ResolveUserFieldValue","modUserRepository","258","GetUserLanguageCode = ResolveUserFieldValue(rs, UserId, FIELD_LANGUAGE_CODE, defaultValue)"
"GetUserLanguageCode","modUserRepository","268","GetUserLanguageCode = defaultValue"
"GetUserLanguageCode","modUserRepository","269","modErrorHandler.HandleError MODULE_NAME, ""GetUserLanguageCode"", Err"
"HandleError","modUserRepository","269","modErrorHandler.HandleError MODULE_NAME, ""GetUserLanguageCode"", Err"
"CanWriteAddresses","modAddressRepository","53","If Not CanWriteAddresses() Then"
"GetCurrentDatabase","modAddressRepository","57","Set db = modDb.GetCurrentDatabase()"
"SetRecordsetValue","modAddressRepository","61","SetRecordsetValue rs, FIELD_ADDRESS_TYPE_CODE, UCase$(Trim$(addressTypeCode))"
"SetRecordsetValue","modAddressRepository","62","SetRecordsetValue rs, FIELD_COMPANY_NAME, Trim$(CompanyName)"
"SetRecordsetValue","modAddressRepository","63","SetRecordsetValue rs, FIELD_FIRST_NAME, Trim$(FirstName)"
"SetRecordsetValue","modAddressRepository","64","SetRecordsetValue rs, FIELD_LAST_NAME, Trim$(LastName)"
"SetRecordsetValue","modAddressRepository","65","SetRecordsetValue rs, FIELD_STREET, Trim$(street)"
"SetRecordsetValue","modAddressRepository","66","SetRecordsetValue rs, FIELD_HOUSE_NO, Trim$(HouseNo)"
"SetRecordsetValue","modAddressRepository","67","SetRecordsetValue rs, FIELD_ZIP_CODE, Trim$(zipCode)"
"SetRecordsetValue","modAddressRepository","68","SetRecordsetValue rs, FIELD_CITY, Trim$(city)"
"SetRecordsetValue","modAddressRepository","69","SetRecordsetValue rs, FIELD_COUNTRY_CODE, UCase$(Trim$(countryCode))"
"SetRecordsetValue","modAddressRepository","70","SetRecordsetValue rs, FIELD_LANGUAGE_CODE, Trim$(languageCode)"
"SetRecordsetValue","modAddressRepository","71","SetRecordsetValue rs, FIELD_SALUTATION_CODE, UCase$(Trim$(salutationCode))"
"SetRecordsetValue","modAddressRepository","72","SetRecordsetValue rs, FIELD_ADDRESSING_MODE_CODE, UCase$(Trim$(addressingModeCode))"
"SetRecordsetValue","modAddressRepository","73","SetRecordsetValue rs, FIELD_PREFERRED_NAME, Trim$(preferredName)"
"SetRecordsetValue","modAddressRepository","74","SetRecordsetValue rs, FIELD_IS_ACTIVE, True"
"SetRecordsetValue","modAddressRepository","75","SetRecordsetValue rs, FIELD_CREATED_AT, Now()"
"ResolveCreatedBy","modAddressRepository","76","SetRecordsetValue rs, FIELD_CREATED_BY, ResolveCreatedBy()"
"SetRecordsetValue","modAddressRepository","76","SetRecordsetValue rs, FIELD_CREATED_BY, ResolveCreatedBy()"
"RecordsetHasField","modAddressRepository","80","If modDaoHelper.RecordsetHasField(rs, FIELD_ADDRESS_ID) Then"
"CreateAddress","modAddressRepository","81","CreateAddress = modDaoHelper.NzLong(rs.Fields(FIELD_ADDRESS_ID).Value, 0)"
"NzLong","modAddressRepository","81","CreateAddress = modDaoHelper.NzLong(rs.Fields(FIELD_ADDRESS_ID).Value, 0)"
"CreateAddress","modAddressRepository","84","modLoggingHandler.LogInfo MODULE_NAME & "".CreateAddress"", _"
"LogInfo","modAddressRepository","84","modLoggingHandler.LogInfo MODULE_NAME & "".CreateAddress"", _"
"CreateAddress","modAddressRepository","85","""Address created. AddressId="" & CStr(CreateAddress) & ""."""
"CreateAddress","modAddressRepository","95","CreateAddress = 0"
"CreateAddress","modAddressRepository","96","modErrorHandler.HandleError MODULE_NAME, ""CreateAddress"", Err"
"HandleError","modAddressRepository","96","modErrorHandler.HandleError MODULE_NAME, ""CreateAddress"", Err"
"CanReadAddresses","modAddressRepository","110","If Not CanReadAddresses() Then"
"GetCurrentDatabase","modAddressRepository","114","Set db = modDb.GetCurrentDatabase()"
"AddressExists","modAddressRepository","117","AddressExists = Not (rs.BOF And rs.EOF)"
"AddressExists","modAddressRepository","127","AddressExists = False"
"AddressExists","modAddressRepository","128","modErrorHandler.HandleError MODULE_NAME, ""AddressExists"", Err"
"HandleError","modAddressRepository","128","modErrorHandler.HandleError MODULE_NAME, ""AddressExists"", Err"
"GetAddressDisplayName","modAddressRepository","141","GetAddressDisplayName = defaultValue"
"CanReadAddresses","modAddressRepository","147","If Not CanReadAddresses() Then"
"GetCurrentDatabase","modAddressRepository","151","Set db = modDb.GetCurrentDatabase()"
"ResolveFieldValue","modAddressRepository","158","CompanyName = ResolveFieldValue(rs, FIELD_COMPANY_NAME, vbNullString)"
"GetAddressDisplayName","modAddressRepository","160","GetAddressDisplayName = Trim$(CompanyName)"
"ResolveFieldValue","modAddressRepository","164","FirstName = ResolveFieldValue(rs, FIELD_FIRST_NAME, vbNullString)"
"ResolveFieldValue","modAddressRepository","165","LastName = ResolveFieldValue(rs, FIELD_LAST_NAME, vbNullString)"
"GetAddressDisplayName","modAddressRepository","166","GetAddressDisplayName = Trim$(FirstName & "" "" & LastName)"
"GetAddressDisplayName","modAddressRepository","168","If LenB(GetAddressDisplayName) = 0 Then"
"GetAddressDisplayName","modAddressRepository","169","GetAddressDisplayName = defaultValue"
"GetAddressDisplayName","modAddressRepository","180","GetAddressDisplayName = defaultValue"
"GetAddressDisplayName","modAddressRepository","181","modErrorHandler.HandleError MODULE_NAME, ""GetAddressDisplayName"", Err"
"HandleError","modAddressRepository","181","modErrorHandler.HandleError MODULE_NAME, ""GetAddressDisplayName"", Err"
"ValidateBackendConfiguration","modAddressRepository","186","If Not modDb.ValidateBackendConfiguration() Then"
"CanReadAddresses","modAddressRepository","187","modLoggingHandler.LogWarning MODULE_NAME & "".CanReadAddresses"", _"
"LogWarning","modAddressRepository","187","modLoggingHandler.LogWarning MODULE_NAME & "".CanReadAddresses"", _"
"TableExists","modAddressRepository","192","If Not TableExists(TABLE_ADR_ADDRESS) Then"
"CanReadAddresses","modAddressRepository","193","modLoggingHandler.LogWarning MODULE_NAME & "".CanReadAddresses"", _"
"LogWarning","modAddressRepository","193","modLoggingHandler.LogWarning MODULE_NAME & "".CanReadAddresses"", _"
"CanReadAddresses","modAddressRepository","198","CanReadAddresses = True"
"CanReadAddresses","modAddressRepository","202","CanWriteAddresses = CanReadAddresses()"
"CanWriteAddresses","modAddressRepository","202","CanWriteAddresses = CanReadAddresses()"
"GetCurrentDatabase","modAddressRepository","211","Set db = modDb.GetCurrentDatabase()"
"TableExists","modAddressRepository","214","TableExists = True"
"TableExists","modAddressRepository","225","TableExists = False"
"HandleError","modAddressRepository","226","modErrorHandler.HandleError MODULE_NAME, ""TableExists"", Err"
"TableExists","modAddressRepository","226","modErrorHandler.HandleError MODULE_NAME, ""TableExists"", Err"
"RecordsetHasField","modAddressRepository","231","If modDaoHelper.RecordsetHasField(rs, fieldName) Then"
"RecordsetHasField","modAddressRepository","237","If modDaoHelper.RecordsetHasField(rs, fieldName) Then"
"NzString","modAddressRepository","238","ResolveFieldValue = modDaoHelper.NzString(rs.Fields(fieldName).Value, defaultValue)"
"ResolveFieldValue","modAddressRepository","238","ResolveFieldValue = modDaoHelper.NzString(rs.Fields(fieldName).Value, defaultValue)"
"ResolveFieldValue","modAddressRepository","240","ResolveFieldValue = defaultValue"
"IsSessionInitialized","modAddressRepository","245","If IsSessionInitialized() Then"
"ResolveCreatedBy","modAddressRepository","246","ResolveCreatedBy = currentUserId"
"ResolveCreatedBy","modAddressRepository","248","ResolveCreatedBy = ""SYSTEM"""
"GetAddressCountryCode","modAddressRepository","258","GetAddressCountryCode = UCase$(Trim$(defaultValue))"
"CanReadAddresses","modAddressRepository","264","If Not CanReadAddresses() Then"
"GetCurrentDatabase","modAddressRepository","268","Set db = modDb.GetCurrentDatabase()"
"GetAddressCountryCode","modAddressRepository","275","GetAddressCountryCode = UCase$(Trim$(ResolveFieldValue(rs, FIELD_COUNTRY_CODE, GetAddressCountryCode)))"
"ResolveFieldValue","modAddressRepository","275","GetAddressCountryCode = UCase$(Trim$(ResolveFieldValue(rs, FIELD_COUNTRY_CODE, GetAddressCountryCode)))"
"GetAddressCountryCode","modAddressRepository","286","GetAddressCountryCode = UCase$(Trim$(defaultValue))"
"GetAddressCountryCode","modAddressRepository","287","modErrorHandler.HandleError MODULE_NAME, ""GetAddressCountryCode"", Err"
"HandleError","modAddressRepository","287","modErrorHandler.HandleError MODULE_NAME, ""GetAddressCountryCode"", Err"
"GetTenantParameter","modVatHandler","27","rawVatMode = modTenantRepository.GetTenantParameter(PARAM_VAT_MODE, VAT_MODE_NONE)"
"NormalizeVatMode","modVatHandler","28","normalizedVatMode = NormalizeVatMode(rawVatMode)"
"IsValidVatMode","modVatHandler","30","If Not IsValidVatMode(normalizedVatMode) Then"
"GetVatMode","modVatHandler","31","modLoggingHandler.LogWarning MODULE_NAME & "".GetVatMode"", _"
"LogWarning","modVatHandler","31","modLoggingHandler.LogWarning MODULE_NAME & "".GetVatMode"", _"
"GetVatMode","modVatHandler","36","GetVatMode = normalizedVatMode"
"GetVatMode","modVatHandler","40","GetVatMode = VAT_MODE_NONE"
"GetVatMode","modVatHandler","41","modErrorHandler.HandleError MODULE_NAME, ""GetVatMode"", Err"
"HandleError","modVatHandler","41","modErrorHandler.HandleError MODULE_NAME, ""GetVatMode"", Err"
"GetTenantParameter","modVatHandler","49","rawVatRate = Trim$(modTenantRepository.GetTenantParameter(PARAM_VAT_RATE, ""0""))"
"GetVatRate","modVatHandler","53","modLoggingHandler.LogWarning MODULE_NAME & "".GetVatRate"", _"
"LogWarning","modVatHandler","53","modLoggingHandler.LogWarning MODULE_NAME & "".GetVatRate"", _"
"GetVatRate","modVatHandler","56","GetVatRate = 0#"
"GetVatRate","modVatHandler","58","GetVatRate = CDbl(rawVatRate)"
"GetVatRate","modVatHandler","64","GetVatRate = 0#"
"GetVatRate","modVatHandler","65","modErrorHandler.HandleError MODULE_NAME, ""GetVatRate"", Err"
"HandleError","modVatHandler","65","modErrorHandler.HandleError MODULE_NAME, ""GetVatRate"", Err"
"NormalizeVatMode","modVatHandler","69","NormalizeVatMode = UCase$(Trim$(VatMode))"
"NormalizeVatMode","modVatHandler","73","Select Case NormalizeVatMode(VatMode)"
"IsValidVatMode","modVatHandler","75","IsValidVatMode = True"
"IsValidVatMode","modVatHandler","77","IsValidVatMode = False"
"GetVatFactor","modVatHandler","86","vatFactor = GetVatFactor(vatRate)"
"CalculateGrossFromNet","modVatHandler","87","CalculateGrossFromNet = RoundCurrency(CCur(CDbl(NetAmount) * (1# + vatFactor)))"
"RoundCurrency","modVatHandler","87","CalculateGrossFromNet = RoundCurrency(CCur(CDbl(NetAmount) * (1# + vatFactor)))"
"CalculateGrossFromNet","modVatHandler","92","CalculateGrossFromNet = 0"
"CalculateGrossFromNet","modVatHandler","93","modErrorHandler.HandleError MODULE_NAME, ""CalculateGrossFromNet"", Err"
"HandleError","modVatHandler","93","modErrorHandler.HandleError MODULE_NAME, ""CalculateGrossFromNet"", Err"
"GetVatFactor","modVatHandler","101","vatFactor = GetVatFactor(vatRate)"
"CalculateNetFromGross","modVatHandler","104","CalculateNetFromGross = RoundCurrency(GrossAmount)"
"RoundCurrency","modVatHandler","104","CalculateNetFromGross = RoundCurrency(GrossAmount)"
"CalculateNetFromGross","modVatHandler","106","CalculateNetFromGross = RoundCurrency(CCur(CDbl(GrossAmount) / (1# + vatFactor)))"
"RoundCurrency","modVatHandler","106","CalculateNetFromGross = RoundCurrency(CCur(CDbl(GrossAmount) / (1# + vatFactor)))"
"CalculateNetFromGross","modVatHandler","112","CalculateNetFromGross = 0"
"CalculateNetFromGross","modVatHandler","113","modErrorHandler.HandleError MODULE_NAME, ""CalculateNetFromGross"", Err"
"HandleError","modVatHandler","113","modErrorHandler.HandleError MODULE_NAME, ""CalculateNetFromGross"", Err"
"NormalizeVatMode","modVatHandler","124","normalizedMode = NormalizeVatMode(VatMode)"
"GetVatFactor","modVatHandler","125","vatFactor = GetVatFactor(vatRate)"
"CalculateVatAmount","modVatHandler","129","CalculateVatAmount = 0"
"RoundCurrency","modVatHandler","132","GrossAmount = RoundCurrency(baseAmount)"
"CalculateNetFromGross","modVatHandler","133","NetAmount = CalculateNetFromGross(GrossAmount, vatRate)"
"CalculateVatAmount","modVatHandler","134","CalculateVatAmount = RoundCurrency(GrossAmount - NetAmount)"
"RoundCurrency","modVatHandler","134","CalculateVatAmount = RoundCurrency(GrossAmount - NetAmount)"
"RoundCurrency","modVatHandler","137","NetAmount = RoundCurrency(baseAmount)"
"CalculateVatAmount","modVatHandler","138","CalculateVatAmount = RoundCurrency(CCur(CDbl(NetAmount) * vatFactor))"
"RoundCurrency","modVatHandler","138","CalculateVatAmount = RoundCurrency(CCur(CDbl(NetAmount) * vatFactor))"
"CalculateVatAmount","modVatHandler","141","CalculateVatAmount = 0"
"CalculateVatAmount","modVatHandler","147","CalculateVatAmount = 0"
"CalculateVatAmount","modVatHandler","148","modErrorHandler.HandleError MODULE_NAME, ""CalculateVatAmount"", Err"
"HandleError","modVatHandler","148","modErrorHandler.HandleError MODULE_NAME, ""CalculateVatAmount"", Err"
"GetVatFactor","modVatHandler","153","GetVatFactor = 0#"
"GetVatFactor","modVatHandler","155","GetVatFactor = vatRate / 100#"
"RoundCurrency","modVatHandler","160","RoundCurrency = CCur(Round(CDbl(Amount), 2))"
"ResolveText","modArticleService","60","sqlStatement = sqlStatement & ""ResolveText(Nz(u.translation_key,''), Nz(a."" & FIELD_UNIT_CODE & "",'')) AS unit_display_name, """
"ResolveText","modArticleService","62","sqlStatement = sqlStatement & ""ResolveText(Nz(v.translation_key,''), Nz(a."" & FIELD_VAT_CODE & "",'')) AS vat_display_name, """
"ResolveText","modArticleService","75","sqlStatement = sqlStatement & ""Nz(ResolveText(Nz(u.translation_key,''), Nz(a."" & FIELD_UNIT_CODE & "",'')),'') & ' ' & """
"ResolveText","modArticleService","76","sqlStatement = sqlStatement & ""Nz(ResolveText(Nz(v.translation_key,''), Nz(a."" & FIELD_VAT_CODE & "",'')),'') & ' ' & """
"BuildArticleListRowSource","modArticleService","95","BuildArticleListRowSource = sqlStatement"
"EscapeLikeValue","modArticleService","99","searchText = EscapeLikeValue(UCase$(Trim$(searchText)))"
"BuildArticleSearchFilter","modArticleService","100","BuildArticleSearchFilter = ""UCase(Nz(["" & FIELD_SEARCH_TEXT & ""],'')) Like '*"" & searchText & ""*'"""
"BuildProductGroupComboRowSource","modArticleService","113","BuildProductGroupComboRowSource = sqlStatement"
"ResolveText","modArticleService","122","sqlStatement = sqlStatement & ""ResolveText(Nz("" & FIELD_TRANSLATION_KEY & "",''), Nz("" & FIELD_ARTICLE_TYPE_NAME & "", Nz("" & FIELD_ARTICLE_TYPE_CODE & "",''))) AS article_type_display_name """
"BuildArticleTypeComboRowSource","modArticleService","127","BuildArticleTypeComboRowSource = sqlStatement"
"ResolveText","modArticleService","136","sqlStatement = sqlStatement & ""ResolveText(Nz(translation_key,''), Nz(unit_code,'')) AS unit_display_name """
"BuildUnitComboRowSource","modArticleService","141","BuildUnitComboRowSource = sqlStatement"
"ResolveText","modArticleService","150","sqlStatement = sqlStatement & ""ResolveText(Nz(translation_key,''), Nz(vat_code,'')) """
"BuildVatComboRowSource","modArticleService","156","BuildVatComboRowSource = sqlStatement"
"BuildProductGroupComboRowSource","modArticleService","166","ConfigureComboIfPresent formInstance, FIELD_PRODUCT_GROUP_ID, BuildProductGroupComboRowSource(), 2, ""0cm;5cm"""
"ConfigureComboIfPresent","modArticleService","166","ConfigureComboIfPresent formInstance, FIELD_PRODUCT_GROUP_ID, BuildProductGroupComboRowSource(), 2, ""0cm;5cm"""
"BuildArticleTypeComboRowSource","modArticleService","167","ConfigureComboIfPresent formInstance, FIELD_ARTICLE_TYPE_CODE, BuildArticleTypeComboRowSource(), 2, ""0cm;5cm"""
"ConfigureComboIfPresent","modArticleService","167","ConfigureComboIfPresent formInstance, FIELD_ARTICLE_TYPE_CODE, BuildArticleTypeComboRowSource(), 2, ""0cm;5cm"""
"BuildUnitComboRowSource","modArticleService","168","ConfigureComboIfPresent formInstance, FIELD_UNIT_CODE, BuildUnitComboRowSource(), 2, ""0cm;4.5cm"""
"ConfigureComboIfPresent","modArticleService","168","ConfigureComboIfPresent formInstance, FIELD_UNIT_CODE, BuildUnitComboRowSource(), 2, ""0cm;4.5cm"""
"BuildVatComboRowSource","modArticleService","169","ConfigureComboIfPresent formInstance, FIELD_VAT_CODE, BuildVatComboRowSource(), 2, ""0cm;5cm"""
"ConfigureComboIfPresent","modArticleService","169","ConfigureComboIfPresent formInstance, FIELD_VAT_CODE, BuildVatComboRowSource(), 2, ""0cm;5cm"""
"ConfigureArticleDetailCombos","modArticleService","173","modErrorHandler.HandleError MODULE_NAME, ""ConfigureArticleDetailCombos"", Err"
"HandleError","modArticleService","173","modErrorHandler.HandleError MODULE_NAME, ""ConfigureArticleDetailCombos"", Err"
"HasFormControl","modArticleService","183","If HasFormControl(formInstance, FIELD_IS_ACTIVE) Then"
"HasFormControl","modArticleService","189","If HasFormControl(formInstance, FIELD_SALES_PRICE) Then"
"HasFormControl","modArticleService","195","If HasFormControl(formInstance, FIELD_ARTICLE_TYPE_CODE) Then"
"NzString","modArticleService","196","If LenB(Trim$(modDaoHelper.NzString(formInstance.Controls(FIELD_ARTICLE_TYPE_CODE).Value))) = 0 Then"
"ApplyDefaultValues","modArticleService","204","modErrorHandler.HandleError MODULE_NAME, ""ApplyDefaultValues"", Err"
"HandleError","modArticleService","204","modErrorHandler.HandleError MODULE_NAME, ""ApplyDefaultValues"", Err"
"ValidateForm","modArticleService","223","If Not modFwValidationRuntime.ValidateForm(formInstance) Then"
"ResolveArticleId","modArticleService","227","ArticleId = ResolveArticleId(formInstance)"
"ResolveFieldText","modArticleService","228","ArticleNo = UCase$(ResolveFieldText(formInstance, FIELD_ARTICLE_NO))"
"ResolveFieldText","modArticleService","229","articleName = ResolveFieldText(formInstance, FIELD_ARTICLE_NAME)"
"ResolveLongFieldValue","modArticleService","230","productGroupId = ResolveLongFieldValue(formInstance, FIELD_PRODUCT_GROUP_ID)"
"ResolveFieldText","modArticleService","231","UnitCode = ResolveFieldText(formInstance, FIELD_UNIT_CODE)"
"ResolveFieldText","modArticleService","232","VatCode = ResolveFieldText(formInstance, FIELD_VAT_CODE)"
"ResolveRawFieldValue","modArticleService","233","salesPriceValue = ResolveRawFieldValue(formInstance, FIELD_SALES_PRICE)"
"ResolveRawFieldValue","modArticleService","234","purchasePriceValue = ResolveRawFieldValue(formInstance, FIELD_PURCHASE_PRICE)"
"ResolveText","modArticleService","237","MsgBox modFwTranslationRuntime.ResolveText(""MSG.ARTICLE_NAME_REQUIRED"", ""Artikelname ist erforderlich.""), vbExclamation, MODULE_NAME"
"ResolveText","modArticleService","242","MsgBox modFwTranslationRuntime.ResolveText(""MSG.ARTICLE_GROUP_REQUIRED"", ""Artikelgruppe ist erforderlich.""), vbExclamation, MODULE_NAME"
"ResolveText","modArticleService","247","MsgBox modFwTranslationRuntime.ResolveText(""MSG.ARTICLE_UNIT_REQUIRED"", ""Einheit ist erforderlich.""), vbExclamation, MODULE_NAME"
"ResolveText","modArticleService","252","MsgBox modFwTranslationRuntime.ResolveText(""MSG.ARTICLE_VAT_REQUIRED"", ""MWST-Code ist erforderlich.""), vbExclamation, MODULE_NAME"
"NzString","modArticleService","256","If IsNull(salesPriceValue) Or IsEmpty(salesPriceValue) Or LenB(Trim$(modDaoHelper.NzString(salesPriceValue))) = 0 Then"
"ResolveText","modArticleService","257","MsgBox modFwTranslationRuntime.ResolveText(""MSG.ARTICLE_SALES_PRICE_REQUIRED"", ""Verkaufspreis ist erforderlich.""), vbExclamation, MODULE_NAME"
"ResolveText","modArticleService","262","MsgBox modFwTranslationRuntime.ResolveText(""MSG.ARTICLE_SALES_PRICE_REQUIRED"", ""Verkaufspreis ist erforderlich.""), vbExclamation, MODULE_NAME"
"NzString","modArticleService","266","If Not IsNull(purchasePriceValue) And Not IsEmpty(purchasePriceValue) And LenB(Trim$(modDaoHelper.NzString(purchasePriceValue))) > 0 Then"
"ResolveText","modArticleService","268","MsgBox modFwTranslationRuntime.ResolveText(""MSG.ARTICLE_SAVE_ERROR"", ""Fehler beim Speichern des Artikels.""), vbExclamation, MODULE_NAME"
"ResolveText","modArticleService","274","MsgBox modFwTranslationRuntime.ResolveText(""MSG.ARTICLE_SAVE_ERROR"", ""Fehler beim Speichern des Artikels.""), vbExclamation, MODULE_NAME"
"ArticleNoExists","modArticleService","278","If ArticleNoExists(ArticleNo, ArticleId) Then"
"ResolveText","modArticleService","279","MsgBox modFwTranslationRuntime.ResolveText(""MSG.ARTICLE_DUPLICATE_NO"", ""Artikel-Nr. existiert bereits.""), vbExclamation, MODULE_NAME"
"ValidateArticleForm","modArticleService","283","ValidateArticleForm = True"
"ValidateArticleForm","modArticleService","287","ValidateArticleForm = False"
"HandleError","modArticleService","288","modErrorHandler.HandleError MODULE_NAME, ""ValidateArticleForm"", Err"
"ValidateArticleForm","modArticleService","288","modErrorHandler.HandleError MODULE_NAME, ""ValidateArticleForm"", Err"
"ResolveFieldText","modArticleService","306","ArticleNo = UCase$(ResolveFieldText(formInstance, FIELD_ARTICLE_NO))"
"ResolveFieldText","modArticleService","307","articleName = ResolveFieldText(formInstance, FIELD_ARTICLE_NAME)"
"ResolveFieldText","modArticleService","308","articleTypeCode = UCase$(ResolveFieldText(formInstance, FIELD_ARTICLE_TYPE_CODE))"
"ResolveFieldText","modArticleService","309","UnitCode = UCase$(ResolveFieldText(formInstance, FIELD_UNIT_CODE))"
"ResolveFieldText","modArticleService","310","VatCode = UCase$(ResolveFieldText(formInstance, FIELD_VAT_CODE))"
"ResolveFieldText","modArticleService","311","barcode = ResolveFieldText(formInstance, FIELD_BARCODE)"
"ResolveFieldText","modArticleService","312","DescriptionText = ResolveFieldText(formInstance, FIELD_DESCRIPTION_TEXT)"
"GenerateNextArticleNo","modArticleService","315","ArticleNo = GenerateNextArticleNo()"
"SetFieldValueIfPresent","modArticleService","322","SetFieldValueIfPresent formInstance, FIELD_ARTICLE_NO, ArticleNo"
"SetFieldValueIfPresent","modArticleService","323","SetFieldValueIfPresent formInstance, FIELD_ARTICLE_NAME, articleName"
"SetFieldValueIfPresent","modArticleService","324","SetFieldValueIfPresent formInstance, FIELD_ARTICLE_TYPE_CODE, articleTypeCode"
"SetFieldValueIfPresent","modArticleService","325","SetFieldValueIfPresent formInstance, FIELD_UNIT_CODE, UnitCode"
"SetFieldValueIfPresent","modArticleService","326","SetFieldValueIfPresent formInstance, FIELD_VAT_CODE, VatCode"
"SetFieldValueIfPresent","modArticleService","327","SetFieldValueIfPresent formInstance, FIELD_BARCODE, barcode"
"SetFieldValueIfPresent","modArticleService","328","SetFieldValueIfPresent formInstance, FIELD_DESCRIPTION_TEXT, DescriptionText"
"HandleError","modArticleService","333","modErrorHandler.HandleError MODULE_NAME, ""PrepareArticleForSave"", Err"
"PrepareArticleForSave","modArticleService","333","modErrorHandler.HandleError MODULE_NAME, ""PrepareArticleForSave"", Err"
"SqlText","modArticleService","342","criteria = ""UCase(Nz(["" & FIELD_ARTICLE_NO & ""],'')) = "" & SqlText(ArticleNo)"
"ArticleNoExists","modArticleService","348","ArticleNoExists = (DCount(""*"", TABLE_ARTICLE, criteria) > 0)"
"ArticleNoExists","modArticleService","352","ArticleNoExists = False"
"ArticleNoExists","modArticleService","353","modErrorHandler.HandleError MODULE_NAME, ""ArticleNoExists"", Err"
"HandleError","modArticleService","353","modErrorHandler.HandleError MODULE_NAME, ""ArticleNoExists"", Err"
"NzLong","modArticleService","362","nextNumber = modDaoHelper.NzLong(DMax(FIELD_ARTICLE_ID, TABLE_ARTICLE), 0) + 1"
"ArticleNoExists","modArticleService","369","If Not ArticleNoExists(candidateNo) Then"
"GenerateNextArticleNo","modArticleService","370","GenerateNextArticleNo = candidateNo"
"GenerateNextArticleNo","modArticleService","377","If LenB(GenerateNextArticleNo) = 0 Then"
"GenerateNextArticleNo","modArticleService","378","GenerateNextArticleNo = ARTICLE_NO_PREFIX & Format$(1, ARTICLE_NO_FORMAT)"
"GenerateNextArticleNo","modArticleService","380","modErrorHandler.HandleError MODULE_NAME, ""GenerateNextArticleNo"", Err"
"HandleError","modArticleService","380","modErrorHandler.HandleError MODULE_NAME, ""GenerateNextArticleNo"", Err"
"GenerateNextArticleNo","modArticleService","384","ResolveNextArticleNo = GenerateNextArticleNo()"
"ResolveNextArticleNo","modArticleService","384","ResolveNextArticleNo = GenerateNextArticleNo()"
"ResolveFieldText","modArticleService","391","ArticleNo = ResolveFieldText(formInstance, FIELD_ARTICLE_NO)"
"ResolveFieldText","modArticleService","392","articleName = ResolveFieldText(formInstance, FIELD_ARTICLE_NAME)"
"ResolveArticleDisplayName","modArticleService","395","ResolveArticleDisplayName = ArticleNo & "" - "" & articleName"
"ResolveArticleDisplayName","modArticleService","397","ResolveArticleDisplayName = articleName"
"ResolveArticleDisplayName","modArticleService","399","ResolveArticleDisplayName = ArticleNo"
"HasFormControl","modArticleService","410","If HasFormControl(formInstance, FIELD_ARTICLE_ID) Then"
"NzLong","modArticleService","411","ResolveArticleId = modDaoHelper.NzLong(formInstance.Controls(FIELD_ARTICLE_ID).Value, 0)"
"ResolveArticleId","modArticleService","411","ResolveArticleId = modDaoHelper.NzLong(formInstance.Controls(FIELD_ARTICLE_ID).Value, 0)"
"HasFormControl","modArticleService","412","ElseIf HasFormControl(formInstance, ""txtArticleId"") Then"
"NzLong","modArticleService","413","ResolveArticleId = modDaoHelper.NzLong(formInstance.Controls(""txtArticleId"").Value, 0)"
"ResolveArticleId","modArticleService","413","ResolveArticleId = modDaoHelper.NzLong(formInstance.Controls(""txtArticleId"").Value, 0)"
"HasFormControl","modArticleService","427","If Not HasFormControl(formInstance, ControlName) Then"
"NzString","modArticleService","443","ResolveFieldText = Trim$(modDaoHelper.NzString(ResolveRawFieldValue(formInstance, fieldName)))"
"ResolveFieldText","modArticleService","443","ResolveFieldText = Trim$(modDaoHelper.NzString(ResolveRawFieldValue(formInstance, fieldName)))"
"ResolveRawFieldValue","modArticleService","443","ResolveFieldText = Trim$(modDaoHelper.NzString(ResolveRawFieldValue(formInstance, fieldName)))"
"NzLong","modArticleService","451","ResolveLongFieldValue = modDaoHelper.NzLong(ResolveRawFieldValue(formInstance, fieldName), 0)"
"ResolveLongFieldValue","modArticleService","451","ResolveLongFieldValue = modDaoHelper.NzLong(ResolveRawFieldValue(formInstance, fieldName), 0)"
"ResolveRawFieldValue","modArticleService","451","ResolveLongFieldValue = modDaoHelper.NzLong(ResolveRawFieldValue(formInstance, fieldName), 0)"
"HasFormControl","modArticleService","463","If HasFormControl(formInstance, fieldName) Then"
"ResolveRawFieldValue","modArticleService","464","ResolveRawFieldValue = formInstance.Controls(fieldName).Value"
"ConvertFieldNameToPascal","modArticleService","468","If HasFormControl(formInstance, ""txt"" & ConvertFieldNameToPascal(fieldName)) Then"
"HasFormControl","modArticleService","468","If HasFormControl(formInstance, ""txt"" & ConvertFieldNameToPascal(fieldName)) Then"
"ConvertFieldNameToPascal","modArticleService","469","ResolveRawFieldValue = formInstance.Controls(""txt"" & ConvertFieldNameToPascal(fieldName)).Value"
"ResolveRawFieldValue","modArticleService","469","ResolveRawFieldValue = formInstance.Controls(""txt"" & ConvertFieldNameToPascal(fieldName)).Value"
"ConvertFieldNameToPascal","modArticleService","482","ConvertFieldNameToPascal = ConvertFieldNameToPascal & UCase$(Left$(CStr(partValue), 1)) & LCase$(Mid$(CStr(partValue), 2))"
"HasFormControl","modArticleService","494","If HasFormControl(formInstance, fieldName) Then"
"HasFormControl","modArticleService","512","HasFormControl = True"
"EscapeLikeValue","modArticleService","526","EscapeLikeValue = valueText"
"NormalizeCurrencyCode","modCurrencyFormatService","39","CurrencyCode = NormalizeCurrencyCode(CurrencyCode)"
"GetCurrencyFormat","modCurrencyFormatService","41","fmt = GetCurrencyFormat(CurrencyCode)"
"FormatNumberCustom","modCurrencyFormatService","42","valueText = FormatNumberCustom(Amount, fmt)"
"FormatCurrencyAmount","modCurrencyFormatService","45","FormatCurrencyAmount = valueText & "" "" & fmt.Symbol"
"FormatCurrencyAmount","modCurrencyFormatService","47","FormatCurrencyAmount = fmt.Symbol & "" "" & valueText"
"FormatCurrencyAmount","modCurrencyFormatService","53","FormatCurrencyAmount = CStr(Amount)"
"FormatCurrencyAmount","modCurrencyFormatService","54","modLoggingHandler.LogError MODULE_NAME & "".FormatCurrencyAmount"", _"
"LogError","modCurrencyFormatService","54","modLoggingHandler.LogError MODULE_NAME & "".FormatCurrencyAmount"", _"
"FormatCurrencyAmount","modCurrencyFormatService","56","modErrorHandler.HandleError MODULE_NAME, ""FormatCurrencyAmount"", Err"
"HandleError","modCurrencyFormatService","56","modErrorHandler.HandleError MODULE_NAME, ""FormatCurrencyAmount"", Err"
"NormalizeCurrencyCode","modCurrencyFormatService","62","NormalizeCurrencyCode = UCase$(Trim$(Nz(CurrencyCode, vbNullString)))"
"NormalizeCurrencyCode","modCurrencyFormatService","64","If Len(NormalizeCurrencyCode) = 0 Then"
"NormalizeCurrencyCode","modCurrencyFormatService","65","NormalizeCurrencyCode = ""CHF"""
"NormalizeCurrencyCode","modCurrencyFormatService","71","NormalizeCurrencyCode = ""CHF"""
"LogError","modCurrencyFormatService","72","modLoggingHandler.LogError MODULE_NAME & "".NormalizeCurrencyCode"", _"
"NormalizeCurrencyCode","modCurrencyFormatService","72","modLoggingHandler.LogError MODULE_NAME & "".NormalizeCurrencyCode"", _"
"HandleError","modCurrencyFormatService","74","modErrorHandler.HandleError MODULE_NAME, ""NormalizeCurrencyCode"", Err"
"NormalizeCurrencyCode","modCurrencyFormatService","74","modErrorHandler.HandleError MODULE_NAME, ""NormalizeCurrencyCode"", Err"
"NormalizeCurrencyCode","modCurrencyFormatService","84","CurrencyCode = NormalizeCurrencyCode(CurrencyCode)"
"GetCurrencyFormat","modCurrencyFormatService","95","modLoggingHandler.LogInfo MODULE_NAME & "".GetCurrencyFormat"", _"
"LogInfo","modCurrencyFormatService","95","modLoggingHandler.LogInfo MODULE_NAME & "".GetCurrencyFormat"", _"
"GetCurrencyFormat","modCurrencyFormatService","103","GetCurrencyFormat.Symbol = Nz(rs.Fields(FIELD_CURRENCY_SYMBOL).Value, CurrencyCode)"
"GetCurrencyFormat","modCurrencyFormatService","106","GetCurrencyFormat.SymbolPosition = Nz(rs.Fields(FIELD_SYMBOL_POSITION).Value, ""PREFIX"")"
"GetCurrencyFormat","modCurrencyFormatService","109","GetCurrencyFormat.DecimalSeparator = Nz(rs.Fields(FIELD_DECIMAL_SEPARATOR).Value, ""."")"
"GetCurrencyFormat","modCurrencyFormatService","112","GetCurrencyFormat.ThousandSeparator = Nz(rs.Fields(FIELD_THOUSAND_SEPARATOR).Value, "","")"
"GetCurrencyFormat","modCurrencyFormatService","115","GetCurrencyFormat.MinorUnit = CInt(Nz(rs.Fields(FIELD_MINOR_UNIT).Value, 2))"
"GetCurrencyFormat","modCurrencyFormatService","117","GetCurrencyFormat = GetCurrencyFormatFallback(CurrencyCode)"
"GetCurrencyFormatFallback","modCurrencyFormatService","117","GetCurrencyFormat = GetCurrencyFormatFallback(CurrencyCode)"
"GetCurrencyFormat","modCurrencyFormatService","133","GetCurrencyFormat = GetCurrencyFormatFallback(CurrencyCode)"
"GetCurrencyFormatFallback","modCurrencyFormatService","133","GetCurrencyFormat = GetCurrencyFormatFallback(CurrencyCode)"
"GetCurrencyFormat","modCurrencyFormatService","135","modLoggingHandler.LogError MODULE_NAME & "".GetCurrencyFormat"", _"
"LogError","modCurrencyFormatService","135","modLoggingHandler.LogError MODULE_NAME & "".GetCurrencyFormat"", _"
"GetCurrencyFormat","modCurrencyFormatService","140","modErrorHandler.HandleError MODULE_NAME, ""GetCurrencyFormat"", Err"
"HandleError","modCurrencyFormatService","140","modErrorHandler.HandleError MODULE_NAME, ""GetCurrencyFormat"", Err"
"NormalizeCurrencyCode","modCurrencyFormatService","146","CurrencyCode = NormalizeCurrencyCode(CurrencyCode)"
"GetCurrencyFormatFallback","modCurrencyFormatService","148","GetCurrencyFormatFallback.Symbol = CurrencyCode"
"GetCurrencyFormatFallback","modCurrencyFormatService","149","GetCurrencyFormatFallback.SymbolPosition = ""PREFIX"""
"GetCurrencyFormatFallback","modCurrencyFormatService","150","GetCurrencyFormatFallback.DecimalSeparator = ""."""
"GetCurrencyFormatFallback","modCurrencyFormatService","151","GetCurrencyFormatFallback.ThousandSeparator = "","""
"GetCurrencyFormatFallback","modCurrencyFormatService","152","GetCurrencyFormatFallback.MinorUnit = 2"
"GetCurrencyFormatFallback","modCurrencyFormatService","157","GetCurrencyFormatFallback.Symbol = ""CHF"""
"GetCurrencyFormatFallback","modCurrencyFormatService","158","GetCurrencyFormatFallback.SymbolPosition = ""PREFIX"""
"GetCurrencyFormatFallback","modCurrencyFormatService","159","GetCurrencyFormatFallback.DecimalSeparator = ""."""
"GetCurrencyFormatFallback","modCurrencyFormatService","160","GetCurrencyFormatFallback.ThousandSeparator = "","""
"GetCurrencyFormatFallback","modCurrencyFormatService","161","GetCurrencyFormatFallback.MinorUnit = 2"
"AddThousands","modCurrencyFormatService","200","intPart = AddThousands(intPart, fmt.ThousandSeparator)"
"FormatNumberCustom","modCurrencyFormatService","203","FormatNumberCustom = signText & intPart & fmt.DecimalSeparator & decPart"
"FormatNumberCustom","modCurrencyFormatService","205","FormatNumberCustom = signText & intPart"
"FormatNumberCustom","modCurrencyFormatService","211","FormatNumberCustom = CStr(Amount)"
"FormatNumberCustom","modCurrencyFormatService","212","modLoggingHandler.LogError MODULE_NAME & "".FormatNumberCustom"", _"
"LogError","modCurrencyFormatService","212","modLoggingHandler.LogError MODULE_NAME & "".FormatNumberCustom"", _"
"FormatNumberCustom","modCurrencyFormatService","214","modErrorHandler.HandleError MODULE_NAME, ""FormatNumberCustom"", Err"
"HandleError","modCurrencyFormatService","214","modErrorHandler.HandleError MODULE_NAME, ""FormatNumberCustom"", Err"
"AddThousands","modCurrencyFormatService","227","AddThousands = valueText"
"AddThousands","modCurrencyFormatService","241","AddThousands = result"
"AddThousands","modCurrencyFormatService","245","AddThousands = valueText"
"AddThousands","modCurrencyFormatService","246","modLoggingHandler.LogError MODULE_NAME & "".AddThousands"", _"
"LogError","modCurrencyFormatService","246","modLoggingHandler.LogError MODULE_NAME & "".AddThousands"", _"
"AddThousands","modCurrencyFormatService","248","modErrorHandler.HandleError MODULE_NAME, ""AddThousands"", Err"
"HandleError","modCurrencyFormatService","248","modErrorHandler.HandleError MODULE_NAME, ""AddThousands"", Err"
"GetCurrentDatabase","modDb","21","Set GetCurrentDatabase = currentDb"
"GetCurrentDatabase","modDb","25","modErrorHandler.HandleError MODULE_NAME, ""GetCurrentDatabase"", Err"
"HandleError","modDb","25","modErrorHandler.HandleError MODULE_NAME, ""GetCurrentDatabase"", Err"
"GetCurrentDatabase","modDb","26","Set GetCurrentDatabase = Nothing"
"IsTenantInitialized","modDb","32","If IsTenantInitialized Then"
"GetBackendPath","modDb","33","GetBackendPath = Trim$(CurrentTenantBackendPath)"
"GetBackendPath","modDb","36","If LenB(GetBackendPath) = 0 Then"
"GetBackendPath","modDb","37","GetBackendPath = Trim$(modConfigIni.GetConfigValue(INI_SECTION_TENANT, TENANT_KEY_BACKEND_PATH, vbNullString, ConfigFilePath))"
"GetConfigValue","modDb","37","GetBackendPath = Trim$(modConfigIni.GetConfigValue(INI_SECTION_TENANT, TENANT_KEY_BACKEND_PATH, vbNullString, ConfigFilePath))"
"GetBackendPath","modDb","42","GetBackendPath = vbNullString"
"GetBackendPath","modDb","43","modErrorHandler.HandleError MODULE_NAME, ""GetBackendPath"", Err"
"HandleError","modDb","43","modErrorHandler.HandleError MODULE_NAME, ""GetBackendPath"", Err"
"GetBackendPath","modDb","51","backendPath = GetBackendPath()"
"BackendExists","modDb","53","modLoggingHandler.LogWarning MODULE_NAME & "".BackendExists"", ""Backend path is not configured."""
"LogWarning","modDb","53","modLoggingHandler.LogWarning MODULE_NAME & "".BackendExists"", ""Backend path is not configured."""
"BackendExists","modDb","57","BackendExists = (LenB(Dir$(backendPath, vbNormal)) > 0)"
"BackendExists","modDb","61","BackendExists = False"
"BackendExists","modDb","62","modErrorHandler.HandleError MODULE_NAME, ""BackendExists"", Err"
"HandleError","modDb","62","modErrorHandler.HandleError MODULE_NAME, ""BackendExists"", Err"
"GetBackendPath","modDb","71","backendPath = GetBackendPath()"
"BuildValidationContext","modDb","72","logContext = BuildValidationContext()"
"ResetBackendValidationLogGuard","modDb","75","ResetBackendValidationLogGuard"
"LogError","modDb","76","modLoggingHandler.LogError MODULE_NAME & "".ValidateBackendConfiguration"", _"
"ValidateBackendConfiguration","modDb","76","modLoggingHandler.LogError MODULE_NAME & "".ValidateBackendConfiguration"", _"
"BackendExists","modDb","81","If Not BackendExists() Then"
"ResetBackendValidationLogGuard","modDb","82","ResetBackendValidationLogGuard"
"LogError","modDb","83","modLoggingHandler.LogError MODULE_NAME & "".ValidateBackendConfiguration"", _"
"ValidateBackendConfiguration","modDb","83","modLoggingHandler.LogError MODULE_NAME & "".ValidateBackendConfiguration"", _"
"ShouldLogSuccessfulValidation","modDb","88","If ShouldLogSuccessfulValidation(backendPath, logContext) Then"
"LogInfo","modDb","89","modLoggingHandler.LogInfo MODULE_NAME & "".ValidateBackendConfiguration"", _"
"ValidateBackendConfiguration","modDb","89","modLoggingHandler.LogInfo MODULE_NAME & "".ValidateBackendConfiguration"", _"
"ValidateBackendConfiguration","modDb","93","ValidateBackendConfiguration = True"
"ResetBackendValidationLogGuard","modDb","97","ResetBackendValidationLogGuard"
"ValidateBackendConfiguration","modDb","98","ValidateBackendConfiguration = False"
"HandleError","modDb","99","modErrorHandler.HandleError MODULE_NAME, ""ValidateBackendConfiguration"", Err"
"ValidateBackendConfiguration","modDb","99","modErrorHandler.HandleError MODULE_NAME, ""ValidateBackendConfiguration"", Err"
"IsTenantInitialized","modDb","105","If IsTenantInitialized Then"
"IsSessionInitialized","modDb","111","If IsSessionInitialized Then"
"BuildValidationContext","modDb","117","BuildValidationContext = contextParts"
"ShouldLogSuccessfulValidation","modDb","137","ShouldLogSuccessfulValidation = True"
"GetTenantParameter","modDeepLTranslationService","28","ResolveDeepLApiKey = Trim$(modTenantRepository.GetTenantParameter(TENANT_PARAMETER_DEEPL_API_KEY, vbNullString))"
"ResolveDeepLApiKey","modDeepLTranslationService","28","ResolveDeepLApiKey = Trim$(modTenantRepository.GetTenantParameter(TENANT_PARAMETER_DEEPL_API_KEY, vbNullString))"
"ResolveDeepLApiKey","modDeepLTranslationService","32","ResolveDeepLApiKey = vbNullString"
"HandleError","modDeepLTranslationService","33","modErrorHandler.HandleError MODULE_NAME, ""ResolveDeepLApiKey"", Err"
"ResolveDeepLApiKey","modDeepLTranslationService","33","modErrorHandler.HandleError MODULE_NAME, ""ResolveDeepLApiKey"", Err"
"GetTenantParameter","modDeepLTranslationService","41","baseUrl = Trim$(modTenantRepository.GetTenantParameter(TENANT_PARAMETER_DEEPL_API_BASE_URL, DEFAULT_DEEPL_API_BASE_URL))"
"ResolveDeepLBaseUrl","modDeepLTranslationService","50","ResolveDeepLBaseUrl = baseUrl"
"ResolveDeepLBaseUrl","modDeepLTranslationService","54","ResolveDeepLBaseUrl = DEFAULT_DEEPL_API_BASE_URL"
"HandleError","modDeepLTranslationService","55","modErrorHandler.HandleError MODULE_NAME, ""ResolveDeepLBaseUrl"", Err"
"ResolveDeepLBaseUrl","modDeepLTranslationService","55","modErrorHandler.HandleError MODULE_NAME, ""ResolveDeepLBaseUrl"", Err"
"NzString","modDeepLTranslationService","74","sourceText = Trim$(modDaoHelper.NzString(sourceText))"
"ResolveDeepLLanguageCode","modDeepLTranslationService","75","mappedSourceLang = ResolveDeepLLanguageCode(sourceLang, False)"
"ResolveDeepLLanguageCode","modDeepLTranslationService","76","mappedTargetLang = ResolveDeepLLanguageCode(targetLang, True)"
"ResolveDeepLApiKey","modDeepLTranslationService","82","apiKey = ResolveDeepLApiKey()"
"TranslateText","modDeepLTranslationService","84","Err.Raise vbObjectError + 5900, MODULE_NAME & "".TranslateText"", ""DEEPL_API_KEY is not configured."""
"TranslateText","modDeepLTranslationService","88","Err.Raise vbObjectError + 5901, MODULE_NAME & "".TranslateText"", ""Unsupported DeepL source language: "" & sourceLang"
"TranslateText","modDeepLTranslationService","92","Err.Raise vbObjectError + 5902, MODULE_NAME & "".TranslateText"", ""Unsupported DeepL target language: "" & targetLang"
"ResolveDeepLBaseUrl","modDeepLTranslationService","95","baseUrl = ResolveDeepLBaseUrl()"
"BuildTranslateRequestBody","modDeepLTranslationService","97","requestBody = BuildTranslateRequestBody(sourceText, mappedSourceLang, mappedTargetLang, contextText)"
"DecodeUtf8ResponseBody","modDeepLTranslationService","106","jsonText = DecodeUtf8ResponseBody(http.responseBody)"
"LogWarning","modDeepLTranslationService","109","modLoggingHandler.LogWarning MODULE_NAME & "".TranslateText"", _"
"TranslateText","modDeepLTranslationService","109","modLoggingHandler.LogWarning MODULE_NAME & "".TranslateText"", _"
"TranslateText","modDeepLTranslationService","112","Err.Raise vbObjectError + 5903, MODULE_NAME & "".TranslateText"", _"
"ExtractTranslatedText","modDeepLTranslationService","116","TranslateText = ExtractTranslatedText(jsonText)"
"TranslateText","modDeepLTranslationService","116","TranslateText = ExtractTranslatedText(jsonText)"
"LogInfo","modDeepLTranslationService","118","modLoggingHandler.LogInfo MODULE_NAME & "".TranslateText"", _"
"TranslateText","modDeepLTranslationService","118","modLoggingHandler.LogInfo MODULE_NAME & "".TranslateText"", _"
"HandleError","modDeepLTranslationService","127","modErrorHandler.HandleError MODULE_NAME, ""TranslateText"", Err"
"TranslateText","modDeepLTranslationService","127","modErrorHandler.HandleError MODULE_NAME, ""TranslateText"", Err"
"NzString","modDeepLTranslationService","143","sourceText = Trim$(modDaoHelper.NzString(sourceText))"
"SuggestMissingTranslations","modDeepLTranslationService","146","Set SuggestMissingTranslations = suggestions"
"ShouldSuggestTarget","modDeepLTranslationService","150","If ShouldSuggestTarget(existingEnUs, overwriteFilledTargets) Then"
"TranslateText","modDeepLTranslationService","151","suggestions.Add LANGUAGE_EN_US, TranslateText(sourceText, sourceLang, LANGUAGE_EN_US, contextText)"
"ShouldSuggestTarget","modDeepLTranslationService","154","If ShouldSuggestTarget(existingFrFr, overwriteFilledTargets) Then"
"TranslateText","modDeepLTranslationService","155","suggestions.Add LANGUAGE_FR_CH, TranslateText(sourceText, sourceLang, LANGUAGE_FR_CH, contextText)"
"SuggestMissingTranslations","modDeepLTranslationService","158","Set SuggestMissingTranslations = suggestions"
"HandleError","modDeepLTranslationService","162","modErrorHandler.HandleError MODULE_NAME, ""SuggestMissingTranslations"", Err"
"SuggestMissingTranslations","modDeepLTranslationService","162","modErrorHandler.HandleError MODULE_NAME, ""SuggestMissingTranslations"", Err"
"BuildTranslateRequestBody","modDeepLTranslationService","172","BuildTranslateRequestBody = ""{""""text"""":["""""" & JsonEscape(sourceText) & """"""]"""
"JsonEscape","modDeepLTranslationService","172","BuildTranslateRequestBody = ""{""""text"""":["""""" & JsonEscape(sourceText) & """"""]"""
"BuildTranslateRequestBody","modDeepLTranslationService","173","BuildTranslateRequestBody = BuildTranslateRequestBody & "",""""source_lang"""":"""""" & JsonEscape(sourceLang) & """""""""
"JsonEscape","modDeepLTranslationService","173","BuildTranslateRequestBody = BuildTranslateRequestBody & "",""""source_lang"""":"""""" & JsonEscape(sourceLang) & """""""""
"BuildTranslateRequestBody","modDeepLTranslationService","174","BuildTranslateRequestBody = BuildTranslateRequestBody & "",""""target_lang"""":"""""" & JsonEscape(targetLang) & """""""""
"JsonEscape","modDeepLTranslationService","174","BuildTranslateRequestBody = BuildTranslateRequestBody & "",""""target_lang"""":"""""" & JsonEscape(targetLang) & """""""""
"NzString","modDeepLTranslationService","176","contextText = Trim$(modDaoHelper.NzString(contextText))"
"BuildTranslateRequestBody","modDeepLTranslationService","178","BuildTranslateRequestBody = BuildTranslateRequestBody & "",""""context"""":"""""" & JsonEscape(contextText) & """""""""
"JsonEscape","modDeepLTranslationService","178","BuildTranslateRequestBody = BuildTranslateRequestBody & "",""""context"""":"""""" & JsonEscape(contextText) & """""""""
"BuildTranslateRequestBody","modDeepLTranslationService","181","BuildTranslateRequestBody = BuildTranslateRequestBody & ""}"""
"NzString","modDeepLTranslationService","185","languageCode = UCase$(Trim$(modDaoHelper.NzString(languageCode)))"
"ResolveDeepLLanguageCode","modDeepLTranslationService","189","ResolveDeepLLanguageCode = LANGUAGE_DE"
"ResolveDeepLLanguageCode","modDeepLTranslationService","192","ResolveDeepLLanguageCode = ""EN-US"""
"ResolveDeepLLanguageCode","modDeepLTranslationService","194","ResolveDeepLLanguageCode = LANGUAGE_EN"
"ResolveDeepLLanguageCode","modDeepLTranslationService","197","ResolveDeepLLanguageCode = LANGUAGE_EN"
"ResolveDeepLLanguageCode","modDeepLTranslationService","199","ResolveDeepLLanguageCode = LANGUAGE_FR"
"ResolveDeepLLanguageCode","modDeepLTranslationService","201","ResolveDeepLLanguageCode = vbNullString"
"NzString","modDeepLTranslationService","206","existingValue = Trim$(modDaoHelper.NzString(existingValue))"
"ShouldSuggestTarget","modDeepLTranslationService","207","ShouldSuggestTarget = overwriteFilledTargets Or (LenB(existingValue) = 0)"
"ExtractTranslatedText","modDeepLTranslationService","224","Err.Raise vbObjectError + 5904, MODULE_NAME & "".ExtractTranslatedText"", ""DeepL response did not contain a translation text."""
"ExtractTranslatedText","modDeepLTranslationService","227","ExtractTranslatedText = JsonUnescape(matches(0).SubMatches(0))"
"JsonUnescape","modDeepLTranslationService","227","ExtractTranslatedText = JsonUnescape(matches(0).SubMatches(0))"
"ExtractTranslatedText","modDeepLTranslationService","237","modErrorHandler.HandleError MODULE_NAME, ""ExtractTranslatedText"", Err"
"HandleError","modDeepLTranslationService","237","modErrorHandler.HandleError MODULE_NAME, ""ExtractTranslatedText"", Err"
"DecodeUtf8ResponseBody","modDeepLTranslationService","253","DecodeUtf8ResponseBody = stream.ReadText"
"DecodeUtf8ResponseBody","modDeepLTranslationService","266","modErrorHandler.HandleError MODULE_NAME, ""DecodeUtf8ResponseBody"", Err"
"HandleError","modDeepLTranslationService","266","modErrorHandler.HandleError MODULE_NAME, ""DecodeUtf8ResponseBody"", Err"
"NzString","modDeepLTranslationService","271","valueText = modDaoHelper.NzString(valueText)"
"T","modDeepLTranslationService","280","valueText = Replace(valueText, vbTab, ""\t"")"
"JsonEscape","modDeepLTranslationService","281","JsonEscape = valueText"
"T","modDeepLTranslationService","291","valueText = Replace(valueText, ""\t"", vbTab)"
"JsonUnescape","modDeepLTranslationService","294","JsonUnescape = valueText"
"IsSessionInitialized","modSecurityHandler","21","If Not IsSessionInitialized() Then"
"GetCurrentUserRoleCode","modSecurityHandler","22","GetCurrentUserRoleCode = vbNullString"
"NormalizeRoleCode","modSecurityHandler","26","resolvedRole = NormalizeRoleCode(CurrentRoleCode)"
"GetUserRoleCode","modSecurityHandler","32","resolvedRole = NormalizeRoleCode(modUserRepository.GetUserRoleCode(resolvedUserId, ROLE_CODE_USER))"
"NormalizeRoleCode","modSecurityHandler","32","resolvedRole = NormalizeRoleCode(modUserRepository.GetUserRoleCode(resolvedUserId, ROLE_CODE_USER))"
"GetCurrentUserRoleCode","modSecurityHandler","36","GetCurrentUserRoleCode = resolvedRole"
"GetCurrentUserRoleCode","modSecurityHandler","40","GetCurrentUserRoleCode = vbNullString"
"GetCurrentUserRoleCode","modSecurityHandler","41","modErrorHandler.HandleError MODULE_NAME, ""GetCurrentUserRoleCode"", Err"
"HandleError","modSecurityHandler","41","modErrorHandler.HandleError MODULE_NAME, ""GetCurrentUserRoleCode"", Err"
"HasRole","modSecurityHandler","50","HasRole = False"
"IsSessionInitialized","modSecurityHandler","52","If Not IsSessionInitialized() Then"
"GetCurrentUserRoleCode","modSecurityHandler","56","currentRole = GetCurrentUserRoleCode()"
"NormalizeRoleCode","modSecurityHandler","57","targetRole = NormalizeRoleCode(RoleCode)"
"HasRole","modSecurityHandler","63","HasRole = (currentRole = targetRole)"
"HasRole","modSecurityHandler","67","HasRole = False"
"HandleError","modSecurityHandler","68","modErrorHandler.HandleError MODULE_NAME, ""HasRole"", Err"
"HasRole","modSecurityHandler","68","modErrorHandler.HandleError MODULE_NAME, ""HasRole"", Err"
"RequireRole","modSecurityHandler","74","RequireRole = False"
"HasRole","modSecurityHandler","76","If HasRole(RoleCode) Then"
"RequireRole","modSecurityHandler","77","RequireRole = True"
"BuildDeniedMessage","modSecurityHandler","81","modLoggingHandler.LogWarning MODULE_NAME & "".RequireRole"", BuildDeniedMessage(RoleCode, ActionName)"
"LogWarning","modSecurityHandler","81","modLoggingHandler.LogWarning MODULE_NAME & "".RequireRole"", BuildDeniedMessage(RoleCode, ActionName)"
"RequireRole","modSecurityHandler","81","modLoggingHandler.LogWarning MODULE_NAME & "".RequireRole"", BuildDeniedMessage(RoleCode, ActionName)"
"RequireRole","modSecurityHandler","85","RequireRole = False"
"HandleError","modSecurityHandler","86","modErrorHandler.HandleError MODULE_NAME, ""RequireRole"", Err"
"RequireRole","modSecurityHandler","86","modErrorHandler.HandleError MODULE_NAME, ""RequireRole"", Err"
"HasRole","modSecurityHandler","90","IsAdmin = HasRole(ROLE_CODE_ADMIN)"
"IsAdmin","modSecurityHandler","90","IsAdmin = HasRole(ROLE_CODE_ADMIN)"
"HasRole","modSecurityHandler","94","IsSupervisor = HasRole(ROLE_CODE_SUPERVISOR)"
"IsSupervisor","modSecurityHandler","94","IsSupervisor = HasRole(ROLE_CODE_SUPERVISOR)"
"NormalizeRoleCode","modSecurityHandler","98","NormalizeRoleCode = UCase$(Trim$(RoleCode))"
"NormalizeRoleCode","modSecurityHandler","105","requiredRole = NormalizeRoleCode(RoleCode)"
"IsSessionInitialized","modSecurityHandler","113","If IsSessionInitialized() Then"
"GetCurrentUserRoleCode","modSecurityHandler","116",""", CurrentRole='"" & GetCurrentUserRoleCode() & ""'"""
"BuildDeniedMessage","modSecurityHandler","121","BuildDeniedMessage = messageText"
"PostDocument","modDocumentPostingHandler","22","PostDocument = False"
"ValidateBackendConfiguration","modDocumentPostingHandler","28","If Not modDb.ValidateBackendConfiguration() Then"
"LogWarning","modDocumentPostingHandler","29","modLoggingHandler.LogWarning MODULE_NAME & "".PostDocument"", _"
"PostDocument","modDocumentPostingHandler","29","modLoggingHandler.LogWarning MODULE_NAME & "".PostDocument"", _"
"DocumentExists","modDocumentPostingHandler","34","If Not modDocumentRepository.DocumentExists(DocumentId) Then"
"LogWarning","modDocumentPostingHandler","35","modLoggingHandler.LogWarning MODULE_NAME & "".PostDocument"", _"
"PostDocument","modDocumentPostingHandler","35","modLoggingHandler.LogWarning MODULE_NAME & "".PostDocument"", _"
"CountDocumentPositions","modDocumentPostingHandler","40","If modDocumentRepository.CountDocumentPositions(DocumentId) <= 0 Then"
"LogWarning","modDocumentPostingHandler","41","modLoggingHandler.LogWarning MODULE_NAME & "".PostDocument"", _"
"PostDocument","modDocumentPostingHandler","41","modLoggingHandler.LogWarning MODULE_NAME & "".PostDocument"", _"
"GetDocumentStatus","modDocumentPostingHandler","46","currentStatus = UCase$(Trim$(modDocumentRepository.GetDocumentStatus(DocumentId, STATUS_DRAFT)))"
"LogInfo","modDocumentPostingHandler","48","modLoggingHandler.LogInfo MODULE_NAME & "".PostDocument"", _"
"PostDocument","modDocumentPostingHandler","48","modLoggingHandler.LogInfo MODULE_NAME & "".PostDocument"", _"
"PostDocument","modDocumentPostingHandler","50","PostDocument = True"
"UpdateDocumentTotals","modDocumentPostingHandler","54","If Not modDocumentRepository.UpdateDocumentTotals(DocumentId) Then"
"LogWarning","modDocumentPostingHandler","55","modLoggingHandler.LogWarning MODULE_NAME & "".PostDocument"", _"
"PostDocument","modDocumentPostingHandler","55","modLoggingHandler.LogWarning MODULE_NAME & "".PostDocument"", _"
"GetDocumentNumber","modDocumentPostingHandler","60","DocumentNo = Trim$(modDocumentRepository.GetDocumentNumber(DocumentId, vbNullString))"
"AssignDocumentNumber","modDocumentPostingHandler","62","If Not modDocumentRepository.AssignDocumentNumber(DocumentId) Then"
"LogWarning","modDocumentPostingHandler","63","modLoggingHandler.LogWarning MODULE_NAME & "".PostDocument"", _"
"PostDocument","modDocumentPostingHandler","63","modLoggingHandler.LogWarning MODULE_NAME & "".PostDocument"", _"
"SetDocumentStatus","modDocumentPostingHandler","69","If Not modDocumentRepository.SetDocumentStatus(DocumentId, STATUS_POSTED) Then"
"LogWarning","modDocumentPostingHandler","70","modLoggingHandler.LogWarning MODULE_NAME & "".PostDocument"", _"
"PostDocument","modDocumentPostingHandler","70","modLoggingHandler.LogWarning MODULE_NAME & "".PostDocument"", _"
"LogInfo","modDocumentPostingHandler","75","modLoggingHandler.LogInfo MODULE_NAME & "".PostDocument"", _"
"PostDocument","modDocumentPostingHandler","75","modLoggingHandler.LogInfo MODULE_NAME & "".PostDocument"", _"
"PostDocument","modDocumentPostingHandler","77","PostDocument = True"
"PostDocument","modDocumentPostingHandler","81","PostDocument = False"
"LogError","modDocumentPostingHandler","82","modLoggingHandler.LogError MODULE_NAME & "".PostDocument"", _"
"PostDocument","modDocumentPostingHandler","82","modLoggingHandler.LogError MODULE_NAME & "".PostDocument"", _"
"HandleError","modDocumentPostingHandler","84","modErrorHandler.HandleError MODULE_NAME, ""PostDocument"", Err"
"PostDocument","modDocumentPostingHandler","84","modErrorHandler.HandleError MODULE_NAME, ""PostDocument"", Err"
"NormalizeLanguageCode","modTranslationService","29","preservedLanguage = NormalizeLanguageCode(mCurrentLanguage)"
"ResolveDefaultLanguage","modTranslationService","34","mDefaultLanguage = ResolveDefaultLanguage()"
"LoadTranslations","modTranslationService","41","LoadTranslations"
"InitializeTranslations","modTranslationService","43","modLoggingHandler.LogInfo MODULE_NAME & "".InitializeTranslations"", _"
"LogInfo","modTranslationService","43","modLoggingHandler.LogInfo MODULE_NAME & "".InitializeTranslations"", _"
"HandleError","modTranslationService","48","modErrorHandler.HandleError MODULE_NAME, ""InitializeTranslations"", Err"
"InitializeTranslations","modTranslationService","48","modErrorHandler.HandleError MODULE_NAME, ""InitializeTranslations"", Err"
"ResolveDefaultLanguage","modTranslationService","58","mDefaultLanguage = ResolveDefaultLanguage()"
"NormalizeLanguageCode","modTranslationService","61","normalizedLanguage = NormalizeLanguageCode(languageCode)"
"HandleError","modTranslationService","70","modErrorHandler.HandleError MODULE_NAME, ""SetCurrentLanguage"", Err"
"SetCurrentLanguage","modTranslationService","70","modErrorHandler.HandleError MODULE_NAME, ""SetCurrentLanguage"", Err"
"ResolveDefaultLanguage","modTranslationService","77","mCurrentLanguage = ResolveDefaultLanguage()"
"GetCurrentLanguage","modTranslationService","80","GetCurrentLanguage = mCurrentLanguage"
"GetCurrentLanguage","modTranslationService","84","GetCurrentLanguage = FALLBACK_LANGUAGE"
"GetCurrentLanguage","modTranslationService","85","modErrorHandler.HandleError MODULE_NAME, ""GetCurrentLanguage"", Err"
"HandleError","modTranslationService","85","modErrorHandler.HandleError MODULE_NAME, ""GetCurrentLanguage"", Err"
"NormalizeTextKey","modTranslationService","98","normalizedKey = NormalizeTextKey(TextKey)"
"T","modTranslationService","100","T = Fallback"
"EnsureTranslationStore","modTranslationService","104","EnsureTranslationStore"
"GetCurrentLanguage","modTranslationService","106","currentLanguageCode = GetCurrentLanguage()"
"BaseLanguageCode","modTranslationService","107","currentBaseLanguageCode = BaseLanguageCode(currentLanguageCode)"
"LookupTranslation","modTranslationService","108","translatedValue = LookupTranslation(currentLanguageCode, normalizedKey)"
"T","modTranslationService","110","T = translatedValue"
"LookupTranslation","modTranslationService","115","translatedValue = LookupTranslation(currentBaseLanguageCode, normalizedKey)"
"T","modTranslationService","117","T = translatedValue"
"ResolveDefaultLanguage","modTranslationService","123","mDefaultLanguage = ResolveDefaultLanguage()"
"BaseLanguageCode","modTranslationService","127","defaultBaseLanguageCode = BaseLanguageCode(defaultLanguageCode)"
"LookupTranslation","modTranslationService","130","translatedValue = LookupTranslation(defaultLanguageCode, normalizedKey)"
"T","modTranslationService","132","T = translatedValue"
"LookupTranslation","modTranslationService","140","translatedValue = LookupTranslation(defaultBaseLanguageCode, normalizedKey)"
"T","modTranslationService","142","T = translatedValue"
"LookupTranslation","modTranslationService","151","translatedValue = LookupTranslation(FALLBACK_LANGUAGE, normalizedKey)"
"T","modTranslationService","153","T = translatedValue"
"T","modTranslationService","159","T = Fallback"
"T","modTranslationService","161","T = TextKey"
"T","modTranslationService","167","T = Fallback"
"T","modTranslationService","169","T = TextKey"
"HandleError","modTranslationService","171","modErrorHandler.HandleError MODULE_NAME, ""T"", Err"
"T","modTranslationService","171","modErrorHandler.HandleError MODULE_NAME, ""T"", Err"
"InitializeTranslations","modTranslationService","178","InitializeTranslations"
"EnsureTranslationStore","modTranslationService","184","modErrorHandler.HandleError MODULE_NAME, ""EnsureTranslationStore"", Err"
"HandleError","modTranslationService","184","modErrorHandler.HandleError MODULE_NAME, ""EnsureTranslationStore"", Err"
"LoadFallbackTranslations","modTranslationService","192","LoadFallbackTranslations"
"LoadTranslationsFromTable","modTranslationService","194","loadedCount = LoadTranslationsFromTable()"
"LoadTranslations","modTranslationService","196","modLoggingHandler.LogInfo MODULE_NAME & "".LoadTranslations"", _"
"LogInfo","modTranslationService","196","modLoggingHandler.LogInfo MODULE_NAME & "".LoadTranslations"", _"
"HandleError","modTranslationService","203","modErrorHandler.HandleError MODULE_NAME, ""LoadTranslations"", Err"
"LoadTranslations","modTranslationService","203","modErrorHandler.HandleError MODULE_NAME, ""LoadTranslations"", Err"
"NormalizeLanguageCode","modTranslationService","212","resolvedLanguage = NormalizeLanguageCode(modFwTranslationRuntime.ResolveCurrentLanguageCode())"
"ResolveCurrentLanguageCode","modTranslationService","212","resolvedLanguage = NormalizeLanguageCode(modFwTranslationRuntime.ResolveCurrentLanguageCode())"
"ResolveDefaultLanguage","modTranslationService","218","ResolveDefaultLanguage = resolvedLanguage"
"ResolveDefaultLanguage","modTranslationService","222","ResolveDefaultLanguage = FALLBACK_LANGUAGE"
"HandleError","modTranslationService","223","modErrorHandler.HandleError MODULE_NAME, ""ResolveDefaultLanguage"", Err"
"ResolveDefaultLanguage","modTranslationService","223","modErrorHandler.HandleError MODULE_NAME, ""ResolveDefaultLanguage"", Err"
"TranslationTableExists","modTranslationService","234","If Not TranslationTableExists(TABLE_FW_TRANSLATIONS) Then"
"LoadTranslationsFromTable","modTranslationService","235","modLoggingHandler.LogWarning MODULE_NAME & "".LoadTranslationsFromTable"", _"
"LogWarning","modTranslationService","235","modLoggingHandler.LogWarning MODULE_NAME & "".LoadTranslationsFromTable"", _"
"GetCurrentDatabase","modTranslationService","240","Set db = modDb.GetCurrentDatabase()"
"LoadTranslationsFromTable","modTranslationService","242","Err.Raise vbObjectError + 2800, MODULE_NAME & "".LoadTranslationsFromTable"", _"
"LoadTranslationsFromTable","modTranslationService","250","modLoggingHandler.LogWarning MODULE_NAME & "".LoadTranslationsFromTable"", _"
"LogWarning","modTranslationService","250","modLoggingHandler.LogWarning MODULE_NAME & "".LoadTranslationsFromTable"", _"
"RecordsetHasField","modTranslationService","255","If Not modDaoHelper.RecordsetHasField(rs, FIELD_TRANSLATION_KEY) _"
"RecordsetHasField","modTranslationService","256","Or Not modDaoHelper.RecordsetHasField(rs, FIELD_LANGUAGE_CODE) _"
"RecordsetHasField","modTranslationService","257","Or Not modDaoHelper.RecordsetHasField(rs, FIELD_TRANSLATION_VALUE) Then"
"LoadTranslationsFromTable","modTranslationService","258","Err.Raise vbObjectError + 2801, MODULE_NAME & "".LoadTranslationsFromTable"", _"
"RecordsetHasField","modTranslationService","262","hasIsActiveField = modDaoHelper.RecordsetHasField(rs, FIELD_IS_ACTIVE)"
"NzBoolean","modTranslationService","265","If Not hasIsActiveField Or modDaoHelper.NzBoolean(rs.Fields(FIELD_IS_ACTIVE).Value, True) Then"
"AddTranslation","modTranslationService","266","AddTranslation modDaoHelper.NzString(rs.Fields(FIELD_LANGUAGE_CODE).Value), _"
"NzString","modTranslationService","266","AddTranslation modDaoHelper.NzString(rs.Fields(FIELD_LANGUAGE_CODE).Value), _"
"NzString","modTranslationService","267","modDaoHelper.NzString(rs.Fields(FIELD_TRANSLATION_KEY).Value), _"
"NzString","modTranslationService","268","modDaoHelper.NzString(rs.Fields(FIELD_TRANSLATION_VALUE).Value)"
"NormalizeLanguageCode","modTranslationService","270","If LenB(NormalizeLanguageCode(modDaoHelper.NzString(rs.Fields(FIELD_LANGUAGE_CODE).Value))) > 0 _"
"NzString","modTranslationService","270","If LenB(NormalizeLanguageCode(modDaoHelper.NzString(rs.Fields(FIELD_LANGUAGE_CODE).Value))) > 0 _"
"NormalizeTextKey","modTranslationService","271","And LenB(NormalizeTextKey(modDaoHelper.NzString(rs.Fields(FIELD_TRANSLATION_KEY).Value))) > 0 Then"
"NzString","modTranslationService","271","And LenB(NormalizeTextKey(modDaoHelper.NzString(rs.Fields(FIELD_TRANSLATION_KEY).Value))) > 0 Then"
"LoadTranslationsFromTable","modTranslationService","272","LoadTranslationsFromTable = LoadTranslationsFromTable + 1"
"LoadTranslationsFromTable","modTranslationService","278","If LoadTranslationsFromTable = 0 Then"
"LoadTranslationsFromTable","modTranslationService","279","modLoggingHandler.LogWarning MODULE_NAME & "".LoadTranslationsFromTable"", _"
"LogWarning","modTranslationService","279","modLoggingHandler.LogWarning MODULE_NAME & "".LoadTranslationsFromTable"", _"
"HandleError","modTranslationService","299","modErrorHandler.HandleError MODULE_NAME, ""LoadTranslationsFromTable"", Err"
"LoadTranslationsFromTable","modTranslationService","299","modErrorHandler.HandleError MODULE_NAME, ""LoadTranslationsFromTable"", Err"
"AddTranslation","modTranslationService","306","AddTranslation ""EN"", ""APP_TITLE"", ""Easis Version 4"""
"AddTranslation","modTranslationService","307","AddTranslation ""EN"", ""DOCUMENT"", ""Document"""
"AddTranslation","modTranslationService","308","AddTranslation ""EN"", ""CUSTOMER"", ""Customer"""
"AddTranslation","modTranslationService","309","AddTranslation ""EN"", ""TOTAL"", ""Total"""
"AddTranslation","modTranslationService","310","AddTranslation ""EN"", ""DOCUMENT.INVOICE"", ""Invoice"""
"AddTranslation","modTranslationService","311","AddTranslation ""EN"", ""DOCUMENT.CREDIT_NOTE"", ""Credit note"""
"AddTranslation","modTranslationService","312","AddTranslation ""EN"", ""DOCUMENT.DELIVERY_NOTE"", ""Delivery note"""
"AddTranslation","modTranslationService","313","AddTranslation ""EN"", ""DOCUMENT.QUOTE"", ""Quote"""
"AddTranslation","modTranslationService","314","AddTranslation ""EN"", ""REPORT.DATE"", ""Date"""
"AddTranslation","modTranslationService","315","AddTranslation ""EN"", ""REPORT.DOCUMENT_NO"", ""No."""
"AddTranslation","modTranslationService","316","AddTranslation ""EN"", ""REPORT.DOCUMENT_TYPE"", ""Document type"""
"AddTranslation","modTranslationService","317","AddTranslation ""EN"", ""REPORT.STATUS"", ""Status"""
"AddTranslation","modTranslationService","318","AddTranslation ""EN"", ""REPORT.POS"", ""Pos."""
"AddTranslation","modTranslationService","319","AddTranslation ""EN"", ""REPORT.DESCRIPTION"", ""Description"""
"AddTranslation","modTranslationService","320","AddTranslation ""EN"", ""REPORT.QUANTITY"", ""Qty"""
"AddTranslation","modTranslationService","321","AddTranslation ""EN"", ""REPORT.UNIT"", ""Unit"""
"AddTranslation","modTranslationService","322","AddTranslation ""EN"", ""REPORT.UNIT_PRICE"", ""Price"""
"AddTranslation","modTranslationService","323","AddTranslation ""EN"", ""REPORT.DISCOUNT"", ""Discount"""
"AddTranslation","modTranslationService","324","AddTranslation ""EN"", ""REPORT.SURCHARGE"", ""Surcharge"""
"AddTranslation","modTranslationService","325","AddTranslation ""EN"", ""REPORT.NET_AMOUNT"", ""Net"""
"AddTranslation","modTranslationService","326","AddTranslation ""EN"", ""REPORT.VAT"", ""VAT"""
"AddTranslation","modTranslationService","327","AddTranslation ""EN"", ""REPORT.GROSS_AMOUNT"", ""Gross"""
"AddTranslation","modTranslationService","328","AddTranslation ""EN"", ""REPORT.SUBTOTAL"", ""Subtotal"""
"AddTranslation","modTranslationService","329","AddTranslation ""EN"", ""REPORT.HEADER_DISCOUNT"", ""Header discount"""
"AddTranslation","modTranslationService","330","AddTranslation ""EN"", ""REPORT.HEADER_SURCHARGE"", ""Header surcharge"""
"AddTranslation","modTranslationService","331","AddTranslation ""EN"", ""REPORT.TOTAL"", ""Total"""
"AddTranslation","modTranslationService","332","AddTranslation ""EN"", ""REPORT.PAYMENT_TERMS"", ""Payment terms"""
"AddTranslation","modTranslationService","333","AddTranslation ""EN"", ""REPORT.VAT_SUMMARY"", ""VAT summary"""
"AddTranslation","modTranslationService","334","AddTranslation ""EN"", ""REPORT.NO_VAT"", ""No VAT"""
"AddTranslation","modTranslationService","335","AddTranslation ""EN"", ""REPORT.VAT_RATE"", ""Rate"""
"AddTranslation","modTranslationService","336","AddTranslation ""EN"", ""REPORT.VAT_BASE"", ""Base"""
"AddTranslation","modTranslationService","337","AddTranslation ""EN"", ""REPORT.VAT_AMOUNT"", ""VAT"""
"AddTranslation","modTranslationService","338","AddTranslation ""EN"", ""REPORT.POSITION_COUNT"", ""Count"""
"AddTranslation","modTranslationService","340","AddTranslation ""DE"", ""APP_TITLE"", ""Easis Version 4"""
"AddTranslation","modTranslationService","341","AddTranslation ""DE"", ""DOCUMENT"", ""Beleg"""
"AddTranslation","modTranslationService","342","AddTranslation ""DE"", ""CUSTOMER"", ""Kunde"""
"AddTranslation","modTranslationService","343","AddTranslation ""DE"", ""TOTAL"", ""Total"""
"AddTranslation","modTranslationService","344","AddTranslation ""DE"", ""DOCUMENT.INVOICE"", ""Rechnung"""
"AddTranslation","modTranslationService","345","AddTranslation ""DE"", ""DOCUMENT.CREDIT_NOTE"", ""Gutschrift"""
"AddTranslation","modTranslationService","346","AddTranslation ""DE"", ""DOCUMENT.DELIVERY_NOTE"", ""Lieferschein"""
"AddTranslation","modTranslationService","347","AddTranslation ""DE"", ""DOCUMENT.QUOTE"", ""Offerte"""
"AddTranslation","modTranslationService","348","AddTranslation ""DE"", ""REPORT.DATE"", ""Datum"""
"AddTranslation","modTranslationService","349","AddTranslation ""DE"", ""REPORT.DOCUMENT_NO"", ""Nummer"""
"AddTranslation","modTranslationService","350","AddTranslation ""DE"", ""REPORT.DOCUMENT_TYPE"", ""Dokumenttyp"""
"AddTranslation","modTranslationService","351","AddTranslation ""DE"", ""REPORT.STATUS"", ""Status"""
"AddTranslation","modTranslationService","352","AddTranslation ""DE"", ""REPORT.POS"", ""Pos."""
"AddTranslation","modTranslationService","353","AddTranslation ""DE"", ""REPORT.DESCRIPTION"", ""Beschreibung"""
"AddTranslation","modTranslationService","354","AddTranslation ""DE"", ""REPORT.QUANTITY"", ""Anz."""
"AddTranslation","modTranslationService","355","AddTranslation ""DE"", ""REPORT.UNIT"", ""Einh."""
"AddTranslation","modTranslationService","356","AddTranslation ""DE"", ""REPORT.UNIT_PRICE"", ""Preis"""
"AddTranslation","modTranslationService","357","AddTranslation ""DE"", ""REPORT.DISCOUNT"", ""Rabatt"""
"AddTranslation","modTranslationService","358","AddTranslation ""DE"", ""REPORT.SURCHARGE"", ""Zuschlag"""
"AddTranslation","modTranslationService","359","AddTranslation ""DE"", ""REPORT.NET_AMOUNT"", ""Netto"""
"AddTranslation","modTranslationService","360","AddTranslation ""DE"", ""REPORT.VAT"", ""MwSt."""
"AddTranslation","modTranslationService","361","AddTranslation ""DE"", ""REPORT.GROSS_AMOUNT"", ""Brutto"""
"AddTranslation","modTranslationService","362","AddTranslation ""DE"", ""REPORT.SUBTOTAL"", ""Zwischensumme"""
"AddTranslation","modTranslationService","363","AddTranslation ""DE"", ""REPORT.HEADER_DISCOUNT"", ""Kopfrabatt"""
"AddTranslation","modTranslationService","364","AddTranslation ""DE"", ""REPORT.HEADER_SURCHARGE"", ""Kopfzuschlag"""
"AddTranslation","modTranslationService","365","AddTranslation ""DE"", ""REPORT.TOTAL"", ""Total"""
"AddTranslation","modTranslationService","366","AddTranslation ""DE"", ""REPORT.PAYMENT_TERMS"", ""Zahlungsbedingungen"""
"AddTranslation","modTranslationService","367","AddTranslation ""DE"", ""REPORT.VAT_SUMMARY"", ""MwSt.-Zusammenfassung"""
"AddTranslation","modTranslationService","368","AddTranslation ""DE"", ""REPORT.NO_VAT"", ""Keine MwSt."""
"AddTranslation","modTranslationService","369","AddTranslation ""DE"", ""REPORT.VAT_RATE"", ""Satz"""
"AddTranslation","modTranslationService","370","AddTranslation ""DE"", ""REPORT.VAT_BASE"", ""Basis"""
"AddTranslation","modTranslationService","371","AddTranslation ""DE"", ""REPORT.VAT_AMOUNT"", ""MwSt."""
"AddTranslation","modTranslationService","372","AddTranslation ""DE"", ""REPORT.POSITION_COUNT"", ""Anz."""
"AddTranslation","modTranslationService","374","AddTranslation ""FR"", ""DOCUMENT.INVOICE"", ""Facture"""
"AddTranslation","modTranslationService","375","AddTranslation ""FR"", ""DOCUMENT.CREDIT_NOTE"", ""Note de cr"" & ChrW$(233) & ""dit"""
"AddTranslation","modTranslationService","376","AddTranslation ""FR"", ""DOCUMENT.DELIVERY_NOTE"", ""Bon de livraison"""
"AddTranslation","modTranslationService","377","AddTranslation ""FR"", ""DOCUMENT.QUOTE"", ""Offre"""
"AddTranslation","modTranslationService","378","AddTranslation ""FR"", ""REPORT.DATE"", ""Date"""
"AddTranslation","modTranslationService","379","AddTranslation ""FR"", ""REPORT.DOCUMENT_NO"", ""N"" & ChrW$(176)"
"AddTranslation","modTranslationService","380","AddTranslation ""FR"", ""REPORT.DOCUMENT_TYPE"", ""Type de document"""
"AddTranslation","modTranslationService","381","AddTranslation ""EN"", ""REPORT.STATUS"", ""Statut"""
"AddTranslation","modTranslationService","382","AddTranslation ""FR"", ""REPORT.POS"", ""Pos."""
"AddTranslation","modTranslationService","383","AddTranslation ""FR"", ""REPORT.DESCRIPTION"", ""Description"""
"AddTranslation","modTranslationService","384","AddTranslation ""FR"", ""REPORT.QUANTITY"", ""Qt"" & ChrW$(233)"
"AddTranslation","modTranslationService","385","AddTranslation ""FR"", ""REPORT.UNIT"", ""Unit"" & ChrW$(233)"
"AddTranslation","modTranslationService","386","AddTranslation ""FR"", ""REPORT.UNIT_PRICE"", ""Prix"""
"AddTranslation","modTranslationService","387","AddTranslation ""FR"", ""REPORT.DISCOUNT"", ""Rabais"""
"AddTranslation","modTranslationService","388","AddTranslation ""FR"", ""REPORT.SURCHARGE"", ""Suppl"" & ChrW$(233) & ""ment"""
"AddTranslation","modTranslationService","389","AddTranslation ""FR"", ""REPORT.NET_AMOUNT"", ""Net"""
"AddTranslation","modTranslationService","390","AddTranslation ""FR"", ""REPORT.VAT"", ""TVA"""
"AddTranslation","modTranslationService","391","AddTranslation ""FR"", ""REPORT.GROSS_AMOUNT"", ""Brut"""
"AddTranslation","modTranslationService","392","AddTranslation ""FR"", ""REPORT.SUBTOTAL"", ""Sous-total"""
"AddTranslation","modTranslationService","393","AddTranslation ""FR"", ""REPORT.HEADER_DISCOUNT"", ""Rabais global"""
"AddTranslation","modTranslationService","394","AddTranslation ""FR"", ""REPORT.HEADER_SURCHARGE"", ""Suppl"" & ChrW$(233) & ""ment global"""
"AddTranslation","modTranslationService","395","AddTranslation ""FR"", ""REPORT.TOTAL"", ""Total"""
"AddTranslation","modTranslationService","396","AddTranslation ""FR"", ""REPORT.PAYMENT_TERMS"", ""Conditions de paiement"""
"AddTranslation","modTranslationService","397","AddTranslation ""FR"", ""REPORT.VAT_SUMMARY"", ""R"" & ChrW$(233) & ""capitulatif TVA"""
"AddTranslation","modTranslationService","398","AddTranslation ""FR"", ""REPORT.NO_VAT"", ""Sans TVA"""
"AddTranslation","modTranslationService","399","AddTranslation ""FR"", ""REPORT.VAT_RATE"", ""Taux"""
"AddTranslation","modTranslationService","400","AddTranslation ""FR"", ""REPORT.VAT_BASE"", ""Base"""
"AddTranslation","modTranslationService","401","AddTranslation ""FR"", ""REPORT.VAT_AMOUNT"", ""TVA"""
"AddTranslation","modTranslationService","402","AddTranslation ""FR"", ""REPORT.POSITION_COUNT"", ""Nbre"""
"HandleError","modTranslationService","406","modErrorHandler.HandleError MODULE_NAME, ""LoadFallbackTranslations"", Err"
"LoadFallbackTranslations","modTranslationService","406","modErrorHandler.HandleError MODULE_NAME, ""LoadFallbackTranslations"", Err"
"BuildTranslationKey","modTranslationService","415","compositeKey = BuildTranslationKey(languageCode, TextKey)"
"EnsureTranslationStore","modTranslationService","420","EnsureTranslationStore"
"AddTranslation","modTranslationService","425","modErrorHandler.HandleError MODULE_NAME, ""AddTranslation"", Err"
"HandleError","modTranslationService","425","modErrorHandler.HandleError MODULE_NAME, ""AddTranslation"", Err"
"BuildTranslationKey","modTranslationService","433","compositeKey = BuildTranslationKey(languageCode, TextKey)"
"LookupTranslation","modTranslationService","439","LookupTranslation = CStr(mTranslations(compositeKey))"
"HandleError","modTranslationService","444","modErrorHandler.HandleError MODULE_NAME, ""LookupTranslation"", Err"
"LookupTranslation","modTranslationService","444","modErrorHandler.HandleError MODULE_NAME, ""LookupTranslation"", Err"
"NormalizeLanguageCode","modTranslationService","451","normalizedLanguage = NormalizeLanguageCode(languageCode)"
"NormalizeTextKey","modTranslationService","452","normalizedTextKey = NormalizeTextKey(TextKey)"
"BuildTranslationKey","modTranslationService","458","BuildTranslationKey = normalizedLanguage & ""|"" & normalizedTextKey"
"NormalizeLanguageCode","modTranslationService","465","normalizedLanguage = NormalizeLanguageCode(languageCode)"
"BaseLanguageCode","modTranslationService","472","BaseLanguageCode = Left$(normalizedLanguage, separatorPosition - 1)"
"BaseLanguageCode","modTranslationService","474","BaseLanguageCode = normalizedLanguage"
"NormalizeLanguageCode","modTranslationService","495","NormalizeLanguageCode = languageParts(LBound(languageParts))"
"NormalizeLanguageCode","modTranslationService","498","NormalizeLanguageCode = NormalizeLanguageCode & ""-"" & languageParts(i)"
"NormalizeTextKey","modTranslationService","504","NormalizeTextKey = UCase$(Trim$(TextKey))"
"GetCurrentDatabase","modTranslationService","519","Set db = modDb.GetCurrentDatabase()"
"TranslationTableExists","modTranslationService","521","Err.Raise vbObjectError + 2802, MODULE_NAME & "".TranslationTableExists"", _"
"TranslationTableExists","modTranslationService","527","TranslationTableExists = True"
"TranslationTableExists","modTranslationService","537","TranslationTableExists = False"
"HandleError","modTranslationService","538","modErrorHandler.HandleError MODULE_NAME, ""TranslationTableExists"", Err"
"TranslationTableExists","modTranslationService","538","modErrorHandler.HandleError MODULE_NAME, ""TranslationTableExists"", Err"
"T","modTranslationService","548","resultText = T(TextKey, Fallback)"
"NzArgumentValue","modTranslationService","551","resultText = Replace(resultText, ""{"" & CStr(i) & ""}"", NzArgumentValue(Args(i)))"
"TEx","modTranslationService","554","TEx = resultText"
"T","modTranslationService","558","TEx = T(TextKey, Fallback)"
"TEx","modTranslationService","558","TEx = T(TextKey, Fallback)"
"SetCurrentLanguage","modTranslationService","564","SetCurrentLanguage languageCode"
"GetCurrentLanguage","modTranslationService","566","Debug.Print ""Language="" & GetCurrentLanguage()"
"T","modTranslationService","567","Debug.Print ""DOCUMENT.INVOICE="" & T(""DOCUMENT.INVOICE"", ""Invoice"")"
"T","modTranslationService","568","Debug.Print ""DOCUMENT.DELIVERY_NOTE="" & T(""DOCUMENT.DELIVERY_NOTE"", ""Delivery note"")"
"T","modTranslationService","569","Debug.Print ""REPORT.PAYMENT_TERMS="" & T(""REPORT.PAYMENT_TERMS"", ""Payment terms"")"
"T","modTranslationService","570","Debug.Print ""REPORT.TOTAL="" & T(""REPORT.TOTAL"", ""Total"")"
"T","modTranslationService","571","Debug.Print ""REPORT.VAT_SUMMARY="" & T(""REPORT.VAT_SUMMARY"", ""VAT summary"")"
"DebugPrintReportTranslations","modTranslationService","575","modErrorHandler.HandleError MODULE_NAME, ""DebugPrintReportTranslations"", Err"
"HandleError","modTranslationService","575","modErrorHandler.HandleError MODULE_NAME, ""DebugPrintReportTranslations"", Err"
"NzArgumentValue","modTranslationService","582","NzArgumentValue = vbNullString"
"NzArgumentValue","modTranslationService","584","NzArgumentValue = CStr(Value)"
"NzArgumentValue","modTranslationService","589","NzArgumentValue = vbNullString"
"EnsureNavigationTable","modAppNavigationService","30","EnsureNavigationTable"
"EnsureNavigationRoleTable","modAppNavigationService","31","EnsureNavigationRoleTable"
"EnsureNavigationTables","modAppNavigationService","33","EnsureNavigationTables = True"
"EnsureNavigationTables","modAppNavigationService","35","modLoggingHandler.LogInfo MODULE_NAME & "".EnsureNavigationTables"", _"
"LogInfo","modAppNavigationService","35","modLoggingHandler.LogInfo MODULE_NAME & "".EnsureNavigationTables"", _"
"EnsureNavigationTables","modAppNavigationService","40","EnsureNavigationTables = False"
"EnsureNavigationTables","modAppNavigationService","41","modErrorHandler.HandleError MODULE_NAME, ""EnsureNavigationTables"", Err"
"HandleError","modAppNavigationService","41","modErrorHandler.HandleError MODULE_NAME, ""EnsureNavigationTables"", Err"
"EnsureNavigationTables","modAppNavigationService","55","If Not EnsureNavigationTables() Then"
"EnsureNavigationEntry","modAppNavigationService","59","addressGroupId = EnsureNavigationEntry( _"
"EnsureNavigationEntry","modAppNavigationService","62","EnsureNavigationEntry _"
"EnsureNavigationEntry","modAppNavigationService","65","documentGroupId = EnsureNavigationEntry( _"
"EnsureNavigationEntry","modAppNavigationService","68","EnsureNavigationEntry _"
"EnsureNavigationEntry","modAppNavigationService","71","tenantGroupId = EnsureNavigationEntry( _"
"EnsureNavigationEntry","modAppNavigationService","74","EnsureNavigationEntry _"
"EnsureNavigationEntry","modAppNavigationService","77","EnsureNavigationEntry _"
"EnsureNavigationEntry","modAppNavigationService","80","frameworkGroupId = EnsureNavigationEntry( _"
"EnsureNavigationEntry","modAppNavigationService","83","EnsureNavigationEntry _"
"EnsureNavigationEntry","modAppNavigationService","86","EnsureNavigationEntry _"
"EnsureNavigationEntry","modAppNavigationService","89","EnsureNavigationEntry _"
"EnsureNavigationEntry","modAppNavigationService","92","EnsureNavigationEntry _"
"EnsureNavigationEntry","modAppNavigationService","95","EnsureNavigationEntry _"
"EnsureNavigationEntry","modAppNavigationService","98","EnsureNavigationEntry _"
"EnsureNavigationEntry","modAppNavigationService","101","EnsureNavigationEntry _"
"EnsureNavigationEntry","modAppNavigationService","104","systemGroupId = EnsureNavigationEntry( _"
"EnsureNavigationEntry","modAppNavigationService","107","EnsureNavigationEntry _"
"SeedDefaultNavigation","modAppNavigationService","110","SeedDefaultNavigation = True"
"LogInfo","modAppNavigationService","112","modLoggingHandler.LogInfo MODULE_NAME & "".SeedDefaultNavigation"", _"
"SeedDefaultNavigation","modAppNavigationService","112","modLoggingHandler.LogInfo MODULE_NAME & "".SeedDefaultNavigation"", _"
"SeedDefaultNavigation","modAppNavigationService","118","SeedDefaultNavigation = False"
"HandleError","modAppNavigationService","119","modErrorHandler.HandleError MODULE_NAME, ""SeedDefaultNavigation"", Err"
"SeedDefaultNavigation","modAppNavigationService","119","modErrorHandler.HandleError MODULE_NAME, ""SeedDefaultNavigation"", Err"
"BuildNavigationRowSource","modAppNavigationService","125","GetNavigationRowSource = BuildNavigationRowSource(False, role_code)"
"GetNavigationRowSource","modAppNavigationService","125","GetNavigationRowSource = BuildNavigationRowSource(False, role_code)"
"GetNavigationRowSource","modAppNavigationService","129","modErrorHandler.HandleError MODULE_NAME, ""GetNavigationRowSource"", Err"
"HandleError","modAppNavigationService","129","modErrorHandler.HandleError MODULE_NAME, ""GetNavigationRowSource"", Err"
"BuildNavigationRowSource","modAppNavigationService","135","GetVisibleNavigationRowSource = BuildNavigationRowSource(True, role_code)"
"GetVisibleNavigationRowSource","modAppNavigationService","135","GetVisibleNavigationRowSource = BuildNavigationRowSource(True, role_code)"
"GetVisibleNavigationRowSource","modAppNavigationService","139","modErrorHandler.HandleError MODULE_NAME, ""GetVisibleNavigationRowSource"", Err"
"HandleError","modAppNavigationService","139","modErrorHandler.HandleError MODULE_NAME, ""GetVisibleNavigationRowSource"", Err"
"IsGroupNavigation","modAppNavigationService","148","If Not IsGroupNavigation(navigation_id) Then"
"GetNavigationExpandedState","modAppNavigationService","152","currentlyExpanded = GetNavigationExpandedState(navigation_id)"
"ToggleNavigationGroup","modAppNavigationService","177","ToggleNavigationGroup = True"
"ToggleNavigationGroup","modAppNavigationService","181","ToggleNavigationGroup = False"
"HandleError","modAppNavigationService","182","modErrorHandler.HandleError MODULE_NAME, ""ToggleNavigationGroup"", Err"
"ToggleNavigationGroup","modAppNavigationService","182","modErrorHandler.HandleError MODULE_NAME, ""ToggleNavigationGroup"", Err"
"ExpandNavigationGroup","modAppNavigationService","187","ExpandNavigationGroup = SetNavigationExpandedState(navigation_id, True)"
"SetNavigationExpandedState","modAppNavigationService","187","ExpandNavigationGroup = SetNavigationExpandedState(navigation_id, True)"
"ExpandNavigationGroup","modAppNavigationService","191","ExpandNavigationGroup = False"
"ExpandNavigationGroup","modAppNavigationService","192","modErrorHandler.HandleError MODULE_NAME, ""ExpandNavigationGroup"", Err"
"HandleError","modAppNavigationService","192","modErrorHandler.HandleError MODULE_NAME, ""ExpandNavigationGroup"", Err"
"CollapseNavigationGroup","modAppNavigationService","198","CollapseNavigationGroup = SetNavigationExpandedState(navigation_id, False)"
"SetNavigationExpandedState","modAppNavigationService","198","CollapseNavigationGroup = SetNavigationExpandedState(navigation_id, False)"
"CollapseNavigationGroup","modAppNavigationService","202","CollapseNavigationGroup = False"
"CollapseNavigationGroup","modAppNavigationService","203","modErrorHandler.HandleError MODULE_NAME, ""CollapseNavigationGroup"", Err"
"HandleError","modAppNavigationService","203","modErrorHandler.HandleError MODULE_NAME, ""CollapseNavigationGroup"", Err"
"CollapseAllNavigationGroups","modAppNavigationService","215","CollapseAllNavigationGroups = True"
"CollapseAllNavigationGroups","modAppNavigationService","217","modLoggingHandler.LogInfo MODULE_NAME & "".CollapseAllNavigationGroups"", _"
"LogInfo","modAppNavigationService","217","modLoggingHandler.LogInfo MODULE_NAME & "".CollapseAllNavigationGroups"", _"
"CollapseAllNavigationGroups","modAppNavigationService","222","CollapseAllNavigationGroups = False"
"CollapseAllNavigationGroups","modAppNavigationService","223","modErrorHandler.HandleError MODULE_NAME, ""CollapseAllNavigationGroups"", Err"
"HandleError","modAppNavigationService","223","modErrorHandler.HandleError MODULE_NAME, ""CollapseAllNavigationGroups"", Err"
"NzString","modAppNavigationService","256","objectName = Trim$(modDaoHelper.NzString(rs.Fields(""object_name"").Value))"
"NzString","modAppNavigationService","257","objectType = UCase$(Trim$(modDaoHelper.NzString(rs.Fields(""object_type"").Value)))"
"NormalizeOpenMode","modAppNavigationService","258","openMode = NormalizeOpenMode(modDaoHelper.NzString(rs.Fields(""open_mode"").Value))"
"NzString","modAppNavigationService","258","openMode = NormalizeOpenMode(modDaoHelper.NzString(rs.Fields(""open_mode"").Value))"
"HandleNavigationClick","modAppNavigationService","262","HandleNavigationClick = ToggleNavigationGroup(navigation_id)"
"ToggleNavigationGroup","modAppNavigationService","262","HandleNavigationClick = ToggleNavigationGroup(navigation_id)"
"ResolveOpenDataMode","modAppNavigationService","265","dataMode = ResolveOpenDataMode(openMode)"
"HandleNavigationClick","modAppNavigationService","266","HandleNavigationClick = modAppWorkspaceService.OpenWorkspaceForm(shellForm, objectName, vbNullString, dataMode)"
"OpenWorkspaceForm","modAppNavigationService","266","HandleNavigationClick = modAppWorkspaceService.OpenWorkspaceForm(shellForm, objectName, vbNullString, dataMode)"
"HandleNavigationClick","modAppNavigationService","269","HandleNavigationClick = modAppWorkspaceService.PreviewWorkspaceReport(shellForm, objectName)"
"PreviewWorkspaceReport","modAppNavigationService","269","HandleNavigationClick = modAppWorkspaceService.PreviewWorkspaceReport(shellForm, objectName)"
"HandleNavigationClick","modAppNavigationService","272","modLoggingHandler.LogWarning MODULE_NAME & "".HandleNavigationClick"", _"
"LogWarning","modAppNavigationService","272","modLoggingHandler.LogWarning MODULE_NAME & "".HandleNavigationClick"", _"
"HandleNavigationClick","modAppNavigationService","276","modLoggingHandler.LogWarning MODULE_NAME & "".HandleNavigationClick"", _"
"LogWarning","modAppNavigationService","276","modLoggingHandler.LogWarning MODULE_NAME & "".HandleNavigationClick"", _"
"HandleNavigationClick","modAppNavigationService","288","HandleNavigationClick = False"
"HandleError","modAppNavigationService","289","modErrorHandler.HandleError MODULE_NAME, ""HandleNavigationClick"", Err"
"HandleNavigationClick","modAppNavigationService","289","modErrorHandler.HandleError MODULE_NAME, ""HandleNavigationClick"", Err"
"ResolveShellText","modAppNavigationService","300","sqlStatement = sqlStatement & ""ResolveShellText(Nz(n.caption_key,''), Nz(n.fallback_caption,'')) AS display_caption, """
"ResolveShellText","modAppNavigationService","312","sqlStatement = sqlStatement & ""IIf(Nz(n.is_expanded,False)=True, "" & SqlTextNav(PREFIX_GROUP_EXPANDED) & "", "" & SqlTextNav(PREFIX_GROUP_COLLAPSED) & "") & ResolveShellText(Nz(n.caption_key,''), Nz(n.fallback_caption,'')), """
"SqlTextNav","modAppNavigationService","312","sqlStatement = sqlStatement & ""IIf(Nz(n.is_expanded,False)=True, "" & SqlTextNav(PREFIX_GROUP_EXPANDED) & "", "" & SqlTextNav(PREFIX_GROUP_COLLAPSED) & "") & ResolveShellText(Nz(n.caption_key,''), Nz(n.fallback_caption,'')), """
"ResolveShellText","modAppNavigationService","313","sqlStatement = sqlStatement & SqlTextNav(PREFIX_CHILD) & "" & ResolveShellText(Nz(n.caption_key,''), Nz(n.fallback_caption,''))) AS display_text """
"SqlTextNav","modAppNavigationService","313","sqlStatement = sqlStatement & SqlTextNav(PREFIX_CHILD) & "" & ResolveShellText(Nz(n.caption_key,''), Nz(n.fallback_caption,''))) AS display_text """
"BuildNavigationRowSource","modAppNavigationService","337","BuildNavigationRowSource = sqlStatement"
"TableExists","modAppNavigationService","341","If Not TableExists(TABLE_NAVIGATION) Then"
"ExecuteSql","modAppNavigationService","342","ExecuteSql ""CREATE TABLE "" & TABLE_NAVIGATION & "" ("" & _"
"EnsureFieldExists","modAppNavigationService","362","EnsureFieldExists TABLE_NAVIGATION, ""parent_navigation_id"", ""LONG"""
"EnsureFieldExists","modAppNavigationService","363","EnsureFieldExists TABLE_NAVIGATION, ""navigation_group"", ""TEXT(100)"""
"EnsureFieldExists","modAppNavigationService","364","EnsureFieldExists TABLE_NAVIGATION, ""caption_key"", ""TEXT(150)"""
"EnsureFieldExists","modAppNavigationService","365","EnsureFieldExists TABLE_NAVIGATION, ""fallback_caption"", ""TEXT(150)"""
"EnsureFieldExists","modAppNavigationService","366","EnsureFieldExists TABLE_NAVIGATION, ""object_name"", ""TEXT(150)"""
"EnsureFieldExists","modAppNavigationService","367","EnsureFieldExists TABLE_NAVIGATION, ""object_type"", ""TEXT(30)"""
"EnsureFieldExists","modAppNavigationService","368","EnsureFieldExists TABLE_NAVIGATION, ""open_mode"", ""TEXT(30)"""
"EnsureFieldExists","modAppNavigationService","369","EnsureFieldExists TABLE_NAVIGATION, ""icon_key"", ""TEXT(100)"""
"EnsureFieldExists","modAppNavigationService","370","EnsureFieldExists TABLE_NAVIGATION, ""sort_order"", ""LONG"""
"EnsureFieldExists","modAppNavigationService","371","EnsureFieldExists TABLE_NAVIGATION, ""is_active"", ""YESNO"""
"EnsureFieldExists","modAppNavigationService","372","EnsureFieldExists TABLE_NAVIGATION, ""is_expanded"", ""YESNO"""
"EnsureFieldExists","modAppNavigationService","373","EnsureFieldExists TABLE_NAVIGATION, ""is_visible"", ""YESNO"""
"EnsureFieldExists","modAppNavigationService","374","EnsureFieldExists TABLE_NAVIGATION, ""created_at"", ""DATETIME"""
"EnsureFieldExists","modAppNavigationService","375","EnsureFieldExists TABLE_NAVIGATION, ""created_by"", ""TEXT(100)"""
"EnsureFieldExists","modAppNavigationService","376","EnsureFieldExists TABLE_NAVIGATION, ""updated_at"", ""DATETIME"""
"EnsureFieldExists","modAppNavigationService","377","EnsureFieldExists TABLE_NAVIGATION, ""updated_by"", ""TEXT(100)"""
"ExecuteSql","modAppNavigationService","379","ExecuteSql ""UPDATE "" & TABLE_NAVIGATION & "" "" & _"
"SqlText","modAppNavigationService","380","""SET open_mode = "" & SqlText(OPEN_MODE_NORMAL) & "" "" & _"
"EnsureIndexExists","modAppNavigationService","383","EnsureIndexExists TABLE_NAVIGATION, ""ix_fw_navigation_parent_navigation_id"", _"
"EnsureIndexExists","modAppNavigationService","386","EnsureIndexExists TABLE_NAVIGATION, ""ix_fw_navigation_navigation_group"", _"
"EnsureIndexExists","modAppNavigationService","389","EnsureIndexExists TABLE_NAVIGATION, ""ix_fw_navigation_sort_order"", _"
"EnsureIndexExists","modAppNavigationService","392","EnsureIndexExists TABLE_NAVIGATION, ""ix_fw_navigation_is_visible"", _"
"EnsureIndexExists","modAppNavigationService","395","EnsureIndexExists TABLE_NAVIGATION, ""ix_fw_navigation_object_type"", _"
"EnsureIndexExists","modAppNavigationService","398","EnsureIndexExists TABLE_NAVIGATION, ""ix_fw_navigation_open_mode"", _"
"TableExists","modAppNavigationService","403","If Not TableExists(TABLE_NAVIGATION_ROLE) Then"
"ExecuteSql","modAppNavigationService","404","ExecuteSql ""CREATE TABLE "" & TABLE_NAVIGATION_ROLE & "" ("" & _"
"EnsureFieldExists","modAppNavigationService","415","EnsureFieldExists TABLE_NAVIGATION_ROLE, ""navigation_id"", ""LONG"""
"EnsureFieldExists","modAppNavigationService","416","EnsureFieldExists TABLE_NAVIGATION_ROLE, ""role_code"", ""TEXT(50)"""
"EnsureFieldExists","modAppNavigationService","417","EnsureFieldExists TABLE_NAVIGATION_ROLE, ""is_active"", ""YESNO"""
"EnsureFieldExists","modAppNavigationService","418","EnsureFieldExists TABLE_NAVIGATION_ROLE, ""created_at"", ""DATETIME"""
"EnsureFieldExists","modAppNavigationService","419","EnsureFieldExists TABLE_NAVIGATION_ROLE, ""created_by"", ""TEXT(100)"""
"EnsureFieldExists","modAppNavigationService","420","EnsureFieldExists TABLE_NAVIGATION_ROLE, ""updated_at"", ""DATETIME"""
"EnsureFieldExists","modAppNavigationService","421","EnsureFieldExists TABLE_NAVIGATION_ROLE, ""updated_by"", ""TEXT(100)"""
"EnsureIndexExists","modAppNavigationService","423","EnsureIndexExists TABLE_NAVIGATION_ROLE, ""ix_fw_navigation_role_navigation_id"", _"
"EnsureIndexExists","modAppNavigationService","426","EnsureIndexExists TABLE_NAVIGATION_ROLE, ""ix_fw_navigation_role_role_code"", _"
"EnsureIndexExists","modAppNavigationService","429","EnsureIndexExists TABLE_NAVIGATION_ROLE, ""ux_fw_navigation_role_nav_role"", _"
"NzString","modAppNavigationService","454","captionKey = Trim$(modDaoHelper.NzString(captionKey))"
"NzString","modAppNavigationService","455","fallbackCaption = Trim$(modDaoHelper.NzString(fallbackCaption))"
"NzString","modAppNavigationService","456","objectName = Trim$(modDaoHelper.NzString(objectName))"
"NzString","modAppNavigationService","457","navigationGroup = Trim$(modDaoHelper.NzString(navigationGroup))"
"NzString","modAppNavigationService","458","normalizedObjectType = UCase$(Trim$(modDaoHelper.NzString(objectType)))"
"NormalizeOpenMode","modAppNavigationService","459","normalizedOpenMode = NormalizeOpenMode(openMode)"
"LookupNavigationId","modAppNavigationService","461","existingId = LookupNavigationId(captionKey, normalizedObjectType, objectName, fallbackCaption)"
"SqlLongOrNull","modAppNavigationService","468","SqlLongOrNull(parentNavigationId) & "", "" & _"
"SqlText","modAppNavigationService","469","SqlText(navigationGroup) & "", "" & _"
"SqlText","modAppNavigationService","470","SqlText(captionKey) & "", "" & _"
"SqlText","modAppNavigationService","471","SqlText(fallbackCaption) & "", "" & _"
"SqlNullableText","modAppNavigationService","472","SqlNullableText(objectName) & "", "" & _"
"SqlText","modAppNavigationService","473","SqlText(normalizedObjectType) & "", "" & _"
"SqlText","modAppNavigationService","474","SqlText(normalizedOpenMode) & "", Null, "" & _"
"SqlBoolean","modAppNavigationService","476","SqlBoolean(isActive) & "", "" & _"
"SqlBoolean","modAppNavigationService","477","SqlBoolean(isExpanded) & "", "" & _"
"SqlBoolean","modAppNavigationService","478","SqlBoolean(isVisible) & "", "" & _"
"ExecuteSql","modAppNavigationService","480","ExecuteSql sqlStatement"
"EnsureNavigationEntry","modAppNavigationService","484","EnsureNavigationEntry = LookupNavigationId(captionKey, normalizedObjectType, objectName, fallbackCaption)"
"LookupNavigationId","modAppNavigationService","484","EnsureNavigationEntry = LookupNavigationId(captionKey, normalizedObjectType, objectName, fallbackCaption)"
"EnsureNavigationEntry","modAppNavigationService","489","EnsureNavigationEntry = LookupNavigationId(captionKey, normalizedObjectType, objectName, fallbackCaption)"
"LookupNavigationId","modAppNavigationService","489","EnsureNavigationEntry = LookupNavigationId(captionKey, normalizedObjectType, objectName, fallbackCaption)"
"EnsureNavigationEntry","modAppNavigationService","490","If EnsureNavigationEntry > 0 Then"
"EnsureNavigationEntry","modAppNavigationService","491","modLoggingHandler.LogInfo MODULE_NAME & "".EnsureNavigationEntry"", _"
"LogInfo","modAppNavigationService","491","modLoggingHandler.LogInfo MODULE_NAME & "".EnsureNavigationEntry"", _"
"EnsureNavigationEntry","modAppNavigationService","497","modErrorHandler.HandleError MODULE_NAME, ""EnsureNavigationEntry"", Err"
"HandleError","modAppNavigationService","497","modErrorHandler.HandleError MODULE_NAME, ""EnsureNavigationEntry"", Err"
"NormalizeOpenMode","modAppNavigationService","505","NormalizeOpenMode = openMode"
"NormalizeOpenMode","modAppNavigationService","507","NormalizeOpenMode = OPEN_MODE_NORMAL"
"NormalizeOpenMode","modAppNavigationService","512","openMode = NormalizeOpenMode(openMode)"
"ResolveOpenDataMode","modAppNavigationService","516","ResolveOpenDataMode = acFormAdd"
"ResolveOpenDataMode","modAppNavigationService","519","ResolveOpenDataMode = acFormPropertySettings"
"LogInfo","modAppNavigationService","521","modLoggingHandler.LogInfo MODULE_NAME & "".ResolveOpenDataMode"", _"
"ResolveOpenDataMode","modAppNavigationService","521","modLoggingHandler.LogInfo MODULE_NAME & "".ResolveOpenDataMode"", _"
"ResolveOpenDataMode","modAppNavigationService","525","ResolveOpenDataMode = acFormPropertySettings"
"BuildNavigationLookupCriteria","modAppNavigationService","539","criteria = BuildNavigationLookupCriteria(captionKey, objectType, objectName)"
"LookupNavigationId","modAppNavigationService","540","LookupNavigationId = LookupNavigationIdByCriteria(criteria)"
"LookupNavigationIdByCriteria","modAppNavigationService","540","LookupNavigationId = LookupNavigationIdByCriteria(criteria)"
"LookupNavigationId","modAppNavigationService","542","If LookupNavigationId > 0 Then"
"SqlText","modAppNavigationService","547","criteria = ""UCase(Trim(Nz(caption_key,''))) = "" & SqlText(UCase$(Trim$(captionKey)))"
"LookupNavigationId","modAppNavigationService","548","LookupNavigationId = LookupNavigationIdByCriteria(criteria)"
"LookupNavigationIdByCriteria","modAppNavigationService","548","LookupNavigationId = LookupNavigationIdByCriteria(criteria)"
"LookupNavigationId","modAppNavigationService","549","If LookupNavigationId > 0 Then"
"SqlText","modAppNavigationService","555","criteria = ""UCase(Trim(Nz(object_type,''))) = "" & SqlText(UCase$(Trim$(objectType))) & "" "" & _"
"SqlText","modAppNavigationService","556","""AND UCase(Trim(Nz(object_name,''))) = "" & SqlText(UCase$(Trim$(objectName)))"
"LookupNavigationId","modAppNavigationService","557","LookupNavigationId = LookupNavigationIdByCriteria(criteria)"
"LookupNavigationIdByCriteria","modAppNavigationService","557","LookupNavigationId = LookupNavigationIdByCriteria(criteria)"
"SqlText","modAppNavigationService","559","criteria = ""UCase(Trim(Nz(object_type,''))) = "" & SqlText(TYPE_GROUP) & "" "" & _"
"SqlText","modAppNavigationService","560","""AND UCase(Trim(Nz(fallback_caption,''))) = "" & SqlText(UCase$(Trim$(fallbackCaption)))"
"LookupNavigationId","modAppNavigationService","561","LookupNavigationId = LookupNavigationIdByCriteria(criteria)"
"LookupNavigationIdByCriteria","modAppNavigationService","561","LookupNavigationId = LookupNavigationIdByCriteria(criteria)"
"LookupNavigationId","modAppNavigationService","567","LookupNavigationId = 0"
"HandleError","modAppNavigationService","568","modErrorHandler.HandleError MODULE_NAME, ""LookupNavigationId"", Err"
"LookupNavigationId","modAppNavigationService","568","modErrorHandler.HandleError MODULE_NAME, ""LookupNavigationId"", Err"
"LookupNavigationIdByCriteria","modAppNavigationService","581","LookupNavigationIdByCriteria = modDaoHelper.NzLong(lookupValue, 0)"
"NzLong","modAppNavigationService","581","LookupNavigationIdByCriteria = modDaoHelper.NzLong(lookupValue, 0)"
"LookupNavigationIdByCriteria","modAppNavigationService","585","LookupNavigationIdByCriteria = 0"
"HandleError","modAppNavigationService","586","modErrorHandler.HandleError MODULE_NAME, ""LookupNavigationIdByCriteria"", Err"
"LookupNavigationIdByCriteria","modAppNavigationService","586","modErrorHandler.HandleError MODULE_NAME, ""LookupNavigationIdByCriteria"", Err"
"NzString","modAppNavigationService","594","captionKey = Trim$(modDaoHelper.NzString(captionKey))"
"NzString","modAppNavigationService","595","objectType = UCase$(Trim$(modDaoHelper.NzString(objectType)))"
"NzString","modAppNavigationService","596","objectName = Trim$(modDaoHelper.NzString(objectName))"
"BuildNavigationLookupCriteria","modAppNavigationService","598","BuildNavigationLookupCriteria = ""UCase(Trim(Nz(caption_key,''))) = "" & SqlText(UCase$(captionKey)) & "" "" & _"
"SqlText","modAppNavigationService","598","BuildNavigationLookupCriteria = ""UCase(Trim(Nz(caption_key,''))) = "" & SqlText(UCase$(captionKey)) & "" "" & _"
"SqlText","modAppNavigationService","599","""AND UCase(Trim(Nz(object_type,''))) = "" & SqlText(objectType) & "" """
"BuildNavigationLookupCriteria","modAppNavigationService","602","BuildNavigationLookupCriteria = BuildNavigationLookupCriteria & _"
"SqlText","modAppNavigationService","603","""AND UCase(Trim(Nz(object_name,''))) = "" & SqlText(UCase$(objectName))"
"BuildNavigationLookupCriteria","modAppNavigationService","605","BuildNavigationLookupCriteria = BuildNavigationLookupCriteria & _"
"IsGroupNavigation","modAppNavigationService","613","If Not IsGroupNavigation(navigation_id) Then"
"SqlBoolean","modAppNavigationService","618","""SET is_expanded = "" & SqlBoolean(expandedState) & "", "" & _"
"SetNavigationExpandedState","modAppNavigationService","623","SetNavigationExpandedState = True"
"SetNavigationExpandedState","modAppNavigationService","627","SetNavigationExpandedState = False"
"HandleError","modAppNavigationService","628","modErrorHandler.HandleError MODULE_NAME, ""SetNavigationExpandedState"", Err"
"SetNavigationExpandedState","modAppNavigationService","628","modErrorHandler.HandleError MODULE_NAME, ""SetNavigationExpandedState"", Err"
"IsGroupNavigation","modAppNavigationService","634","IsGroupNavigation = (StrComp( _"
"NzString","modAppNavigationService","635","modDaoHelper.NzString(DLookup(""object_type"", TABLE_NAVIGATION, ""navigation_id = "" & CStr(navigation_id))), _"
"IsGroupNavigation","modAppNavigationService","640","IsGroupNavigation = False"
"HandleError","modAppNavigationService","641","modErrorHandler.HandleError MODULE_NAME, ""IsGroupNavigation"", Err"
"IsGroupNavigation","modAppNavigationService","641","modErrorHandler.HandleError MODULE_NAME, ""IsGroupNavigation"", Err"
"GetNavigationExpandedState","modAppNavigationService","647","GetNavigationExpandedState = modDaoHelper.NzBoolean( _"
"NzBoolean","modAppNavigationService","647","GetNavigationExpandedState = modDaoHelper.NzBoolean( _"
"GetNavigationExpandedState","modAppNavigationService","652","GetNavigationExpandedState = False"
"GetNavigationExpandedState","modAppNavigationService","653","modErrorHandler.HandleError MODULE_NAME, ""GetNavigationExpandedState"", Err"
"HandleError","modAppNavigationService","653","modErrorHandler.HandleError MODULE_NAME, ""GetNavigationExpandedState"", Err"
"FieldExists","modAppNavigationService","657","If Not FieldExists(table_name, field_name) Then"
"ExecuteSql","modAppNavigationService","658","ExecuteSql ""ALTER TABLE "" & table_name & "" ADD COLUMN "" & field_name & "" "" & ddlType & "";"""
"IndexExists","modAppNavigationService","663","If Not IndexExists(table_name, indexName) Then"
"ExecuteSql","modAppNavigationService","664","ExecuteSql createSql"
"TableExists","modAppNavigationService","678","TableExists = True"
"FieldExists","modAppNavigationService","700","FieldExists = True"
"IndexExists","modAppNavigationService","723","IndexExists = True"
"OpenSchemaDatabase","modBasicModuleSchema","23","If Not OpenSchemaDatabase(backendPath, db, shouldCloseDb) Then"
"CreateBasicModuleTables","modBasicModuleSchema","24","Err.Raise vbObjectError + 6210, MODULE_NAME & "".CreateBasicModuleTables"", ""Schema target database could not be resolved."""
"CreateTenPaymentTerms","modBasicModuleSchema","27","CreateTenPaymentTerms db"
"CreateRefVatCodes","modBasicModuleSchema","28","CreateRefVatCodes db"
"CreateRefUnits","modBasicModuleSchema","29","CreateRefUnits db"
"CreateRefArticleTypeCodes","modBasicModuleSchema","30","CreateRefArticleTypeCodes db"
"CreateRefAddressType","modBasicModuleSchema","31","CreateRefAddressType db"
"CreateRefSalutation","modBasicModuleSchema","32","CreateRefSalutation db"
"CreateRefAddressingMode","modBasicModuleSchema","33","CreateRefAddressingMode db"
"CreateRefContactType","modBasicModuleSchema","34","CreateRefContactType db"
"CreateTblProductGroups","modBasicModuleSchema","36","CreateTblProductGroups db"
"CreateTblArticles","modBasicModuleSchema","37","CreateTblArticles db"
"CreateTblOrders","modBasicModuleSchema","39","CreateTblOrders db"
"CreateTblOrderLines","modBasicModuleSchema","40","CreateTblOrderLines db"
"CreateTmpOrders","modBasicModuleSchema","41","CreateTmpOrders db"
"CreateTmpOrderLines","modBasicModuleSchema","42","CreateTmpOrderLines db"
"EnsureOrderPhase1SchemaForDatabase","modBasicModuleSchema","43","Call EnsureOrderPhase1SchemaForDatabase(db)"
"EnsureSalesOrderNumberRange","modBasicModuleSchema","44","Call modOrderRepository.EnsureSalesOrderNumberRange(Year(Date))"
"EnsureSystemLanguageReferenceSchema","modBasicModuleSchema","45","Call EnsureSystemLanguageReferenceSchema"
"OpenSchemaDatabase","modBasicModuleSchema","69","If Not OpenSchemaDatabase(backendPath, db, shouldCloseDb) Then"
"EnsureOrderPhase1Schema","modBasicModuleSchema","73","EnsureOrderPhase1Schema = EnsureOrderPhase1SchemaForDatabase(db)"
"EnsureOrderPhase1SchemaForDatabase","modBasicModuleSchema","73","EnsureOrderPhase1Schema = EnsureOrderPhase1SchemaForDatabase(db)"
"EnsureOrderPhase1Schema","modBasicModuleSchema","74","If EnsureOrderPhase1Schema Then"
"EnsureTemporaryOrderWorkspaceSchema","modBasicModuleSchema","76","If Not EnsureTemporaryOrderWorkspaceSchema(frontendDb) Then"
"EnsureOrderPhase1Schema","modBasicModuleSchema","77","EnsureOrderPhase1Schema = False"
"EnsureOrderPhase1Schema","modBasicModuleSchema","91","EnsureOrderPhase1Schema = False"
"EnsureTemporaryOrderWorkspaceSchema","modBasicModuleSchema","98","EnsureTemporaryOrderWorkspaceSchema = False"
"CreateTmpOrders","modBasicModuleSchema","104","CreateTmpOrders db"
"CreateTmpOrderLines","modBasicModuleSchema","105","CreateTmpOrderLines db"
"TableExists","modBasicModuleSchema","107","If Not TableExists(db, ""tmp_order"") Then Exit Function"
"TableExists","modBasicModuleSchema","108","If Not TableExists(db, ""tmp_order_line"") Then Exit Function"
"EnsureTemporaryOrderHeaderSchema","modBasicModuleSchema","109","If Not EnsureTemporaryOrderHeaderSchema(db) Then Exit Function"
"EnsureTemporaryOrderLineSchema","modBasicModuleSchema","110","If Not EnsureTemporaryOrderLineSchema(db) Then Exit Function"
"EnsureRequiredFieldExists","modBasicModuleSchema","111","If Not EnsureRequiredFieldExists(db, ""tmp_order"", ""session_id"") Then Exit Function"
"EnsureRequiredFieldExists","modBasicModuleSchema","112","If Not EnsureRequiredFieldExists(db, ""tmp_order"", ""order_no"") Then Exit Function"
"EnsureRequiredFieldExists","modBasicModuleSchema","113","If Not EnsureRequiredFieldExists(db, ""tmp_order_line"", ""tmp_order_id"") Then Exit Function"
"EnsureRequiredFieldExists","modBasicModuleSchema","114","If Not EnsureRequiredFieldExists(db, ""tmp_order_line"", ""order_line_id"") Then Exit Function"
"EnsureRequiredFieldExists","modBasicModuleSchema","115","If Not EnsureRequiredFieldExists(db, ""tmp_order_line"", ""vat_rate"") Then Exit Function"
"EnsureTemporaryOrderHeaderIndexes","modBasicModuleSchema","116","If Not EnsureTemporaryOrderHeaderIndexes(db) Then Exit Function"
"EnsureTemporaryOrderLineIndexes","modBasicModuleSchema","117","If Not EnsureTemporaryOrderLineIndexes(db) Then Exit Function"
"EnsureTemporaryOrderWorkspaceSchema","modBasicModuleSchema","119","EnsureTemporaryOrderWorkspaceSchema = True"
"EnsureTemporaryOrderWorkspaceSchema","modBasicModuleSchema","123","EnsureTemporaryOrderWorkspaceSchema = False"
"OpenSchemaDatabase","modBasicModuleSchema","133","If Not OpenSchemaDatabase(backendPath, db, shouldCloseDb) Then"
"DiagnoseOrderSchema","modBasicModuleSchema","134","modLoggingHandler.LogError MODULE_NAME & "".DiagnoseOrderSchema"", ""Schema target database could not be resolved."""
"LogError","modBasicModuleSchema","134","modLoggingHandler.LogError MODULE_NAME & "".DiagnoseOrderSchema"", ""Schema target database could not be resolved."""
"ResolveDatabasePath","modBasicModuleSchema","138","resolvedPath = ResolveDatabasePath(db)"
"DiagnoseOrderSchema","modBasicModuleSchema","139","modLoggingHandler.LogInfo MODULE_NAME & "".DiagnoseOrderSchema"", ""backend_path="" & resolvedPath"
"LogInfo","modBasicModuleSchema","139","modLoggingHandler.LogInfo MODULE_NAME & "".DiagnoseOrderSchema"", ""backend_path="" & resolvedPath"
"DiagnoseOrderSchema","modBasicModuleSchema","140","modLoggingHandler.LogInfo MODULE_NAME & "".DiagnoseOrderSchema"", ""table_exists ord_order="" & CStr(TableExists(db, ""ord_order""))"
"LogInfo","modBasicModuleSchema","140","modLoggingHandler.LogInfo MODULE_NAME & "".DiagnoseOrderSchema"", ""table_exists ord_order="" & CStr(TableExists(db, ""ord_order""))"
"TableExists","modBasicModuleSchema","140","modLoggingHandler.LogInfo MODULE_NAME & "".DiagnoseOrderSchema"", ""table_exists ord_order="" & CStr(TableExists(db, ""ord_order""))"
"DiagnoseOrderSchema","modBasicModuleSchema","141","modLoggingHandler.LogInfo MODULE_NAME & "".DiagnoseOrderSchema"", ""field_exists ord_order.customer_address_id="" & CStr(FieldExists(db, ""ord_order"", ""customer_address_id""))"
"FieldExists","modBasicModuleSchema","141","modLoggingHandler.LogInfo MODULE_NAME & "".DiagnoseOrderSchema"", ""field_exists ord_order.customer_address_id="" & CStr(FieldExists(db, ""ord_order"", ""customer_address_id""))"
"LogInfo","modBasicModuleSchema","141","modLoggingHandler.LogInfo MODULE_NAME & "".DiagnoseOrderSchema"", ""field_exists ord_order.customer_address_id="" & CStr(FieldExists(db, ""ord_order"", ""customer_address_id""))"
"DiagnoseOrderSchema","modBasicModuleSchema","142","modLoggingHandler.LogInfo MODULE_NAME & "".DiagnoseOrderSchema"", ""field_exists ord_order.invoice_address_id="" & CStr(FieldExists(db, ""ord_order"", ""invoice_address_id""))"
"FieldExists","modBasicModuleSchema","142","modLoggingHandler.LogInfo MODULE_NAME & "".DiagnoseOrderSchema"", ""field_exists ord_order.invoice_address_id="" & CStr(FieldExists(db, ""ord_order"", ""invoice_address_id""))"
"LogInfo","modBasicModuleSchema","142","modLoggingHandler.LogInfo MODULE_NAME & "".DiagnoseOrderSchema"", ""field_exists ord_order.invoice_address_id="" & CStr(FieldExists(db, ""ord_order"", ""invoice_address_id""))"
"DiagnoseOrderSchema","modBasicModuleSchema","143","modLoggingHandler.LogInfo MODULE_NAME & "".DiagnoseOrderSchema"", ""field_exists ord_order.delivery_address_id="" & CStr(FieldExists(db, ""ord_order"", ""delivery_address_id""))"
"FieldExists","modBasicModuleSchema","143","modLoggingHandler.LogInfo MODULE_NAME & "".DiagnoseOrderSchema"", ""field_exists ord_order.delivery_address_id="" & CStr(FieldExists(db, ""ord_order"", ""delivery_address_id""))"
"LogInfo","modBasicModuleSchema","143","modLoggingHandler.LogInfo MODULE_NAME & "".DiagnoseOrderSchema"", ""field_exists ord_order.delivery_address_id="" & CStr(FieldExists(db, ""ord_order"", ""delivery_address_id""))"
"DiagnoseOrderSchema","modBasicModuleSchema","144","modLoggingHandler.LogInfo MODULE_NAME & "".DiagnoseOrderSchema"", ""field_exists ord_order.vat_code="" & CStr(FieldExists(db, ""ord_order"", ""vat_code""))"
"FieldExists","modBasicModuleSchema","144","modLoggingHandler.LogInfo MODULE_NAME & "".DiagnoseOrderSchema"", ""field_exists ord_order.vat_code="" & CStr(FieldExists(db, ""ord_order"", ""vat_code""))"
"LogInfo","modBasicModuleSchema","144","modLoggingHandler.LogInfo MODULE_NAME & "".DiagnoseOrderSchema"", ""field_exists ord_order.vat_code="" & CStr(FieldExists(db, ""ord_order"", ""vat_code""))"
"DiagnoseOrderSchema","modBasicModuleSchema","145","modLoggingHandler.LogInfo MODULE_NAME & "".DiagnoseOrderSchema"", ""field_exists ord_order.vat_rate="" & CStr(FieldExists(db, ""ord_order"", ""vat_rate""))"
"FieldExists","modBasicModuleSchema","145","modLoggingHandler.LogInfo MODULE_NAME & "".DiagnoseOrderSchema"", ""field_exists ord_order.vat_rate="" & CStr(FieldExists(db, ""ord_order"", ""vat_rate""))"
"LogInfo","modBasicModuleSchema","145","modLoggingHandler.LogInfo MODULE_NAME & "".DiagnoseOrderSchema"", ""field_exists ord_order.vat_rate="" & CStr(FieldExists(db, ""ord_order"", ""vat_rate""))"
"DiagnoseOrderSchema","modBasicModuleSchema","146","modLoggingHandler.LogInfo MODULE_NAME & "".DiagnoseOrderSchema"", ""table_exists ord_order_line="" & CStr(TableExists(db, ""ord_order_line""))"
"LogInfo","modBasicModuleSchema","146","modLoggingHandler.LogInfo MODULE_NAME & "".DiagnoseOrderSchema"", ""table_exists ord_order_line="" & CStr(TableExists(db, ""ord_order_line""))"
"TableExists","modBasicModuleSchema","146","modLoggingHandler.LogInfo MODULE_NAME & "".DiagnoseOrderSchema"", ""table_exists ord_order_line="" & CStr(TableExists(db, ""ord_order_line""))"
"DiagnoseOrderSchema","modBasicModuleSchema","147","modLoggingHandler.LogInfo MODULE_NAME & "".DiagnoseOrderSchema"", ""field_exists ord_order_line.article_no="" & CStr(FieldExists(db, ""ord_order_line"", ""article_no""))"
"FieldExists","modBasicModuleSchema","147","modLoggingHandler.LogInfo MODULE_NAME & "".DiagnoseOrderSchema"", ""field_exists ord_order_line.article_no="" & CStr(FieldExists(db, ""ord_order_line"", ""article_no""))"
"LogInfo","modBasicModuleSchema","147","modLoggingHandler.LogInfo MODULE_NAME & "".DiagnoseOrderSchema"", ""field_exists ord_order_line.article_no="" & CStr(FieldExists(db, ""ord_order_line"", ""article_no""))"
"DiagnoseOrderSchema","modBasicModuleSchema","148","modLoggingHandler.LogInfo MODULE_NAME & "".DiagnoseOrderSchema"", ""field_exists ord_order_line.vat_rate="" & CStr(FieldExists(db, ""ord_order_line"", ""vat_rate""))"
"FieldExists","modBasicModuleSchema","148","modLoggingHandler.LogInfo MODULE_NAME & "".DiagnoseOrderSchema"", ""field_exists ord_order_line.vat_rate="" & CStr(FieldExists(db, ""ord_order_line"", ""vat_rate""))"
"LogInfo","modBasicModuleSchema","148","modLoggingHandler.LogInfo MODULE_NAME & "".DiagnoseOrderSchema"", ""field_exists ord_order_line.vat_rate="" & CStr(FieldExists(db, ""ord_order_line"", ""vat_rate""))"
"DiagnoseOrderSchema","modBasicModuleSchema","149","modLoggingHandler.LogInfo MODULE_NAME & "".DiagnoseOrderSchema"", ""index_exists ix_ord_order_customer_address_id="" & CStr(IndexExists(db, ""ord_order"", ""ix_ord_order_customer_address_id""))"
"IndexExists","modBasicModuleSchema","149","modLoggingHandler.LogInfo MODULE_NAME & "".DiagnoseOrderSchema"", ""index_exists ix_ord_order_customer_address_id="" & CStr(IndexExists(db, ""ord_order"", ""ix_ord_order_customer_address_id""))"
"LogInfo","modBasicModuleSchema","149","modLoggingHandler.LogInfo MODULE_NAME & "".DiagnoseOrderSchema"", ""index_exists ix_ord_order_customer_address_id="" & CStr(IndexExists(db, ""ord_order"", ""ix_ord_order_customer_address_id""))"
"DiagnoseOrderSchema","modBasicModuleSchema","160","modLoggingHandler.LogError MODULE_NAME & "".DiagnoseOrderSchema"", Err.description, Err.Number"
"LogError","modBasicModuleSchema","160","modLoggingHandler.LogError MODULE_NAME & "".DiagnoseOrderSchema"", Err.description, Err.Number"
"LogInfo","modBasicModuleSchema","175","modLoggingHandler.LogInfo MODULE_NAME & "".OpenSchemaDatabase"", ""frontend_db="" & ResolveDatabasePath(frontendDb)"
"OpenSchemaDatabase","modBasicModuleSchema","175","modLoggingHandler.LogInfo MODULE_NAME & "".OpenSchemaDatabase"", ""frontend_db="" & ResolveDatabasePath(frontendDb)"
"ResolveDatabasePath","modBasicModuleSchema","175","modLoggingHandler.LogInfo MODULE_NAME & "".OpenSchemaDatabase"", ""frontend_db="" & ResolveDatabasePath(frontendDb)"
"TableExists","modBasicModuleSchema","178","If TableExists(frontendDb, ""ord_order"") Then"
"IsLinkedAccessTable","modBasicModuleSchema","179","If IsLinkedAccessTable(frontendDb, ""ord_order"") Then"
"ResolveLinkedTableBackendPath","modBasicModuleSchema","180","targetBackendPath = ResolveLinkedTableBackendPath(frontendDb, ""ord_order"")"
"GetBackendPath","modBasicModuleSchema","183","targetBackendPath = Trim$(modDb.GetBackendPath())"
"LogInfo","modBasicModuleSchema","187","modLoggingHandler.LogInfo MODULE_NAME & "".OpenSchemaDatabase"", ""requested_backend_path="" & targetBackendPath"
"OpenSchemaDatabase","modBasicModuleSchema","187","modLoggingHandler.LogInfo MODULE_NAME & "".OpenSchemaDatabase"", ""requested_backend_path="" & targetBackendPath"
"NormalizePath","modBasicModuleSchema","190","If StrComp(NormalizePath(frontendDb.Name), NormalizePath(targetBackendPath), vbTextCompare) <> 0 Then"
"LogInfo","modBasicModuleSchema","201","modLoggingHandler.LogInfo MODULE_NAME & "".OpenSchemaDatabase"", ""resolved_schema_db="" & ResolveDatabasePath(resolvedDb)"
"OpenSchemaDatabase","modBasicModuleSchema","201","modLoggingHandler.LogInfo MODULE_NAME & "".OpenSchemaDatabase"", ""resolved_schema_db="" & ResolveDatabasePath(resolvedDb)"
"ResolveDatabasePath","modBasicModuleSchema","201","modLoggingHandler.LogInfo MODULE_NAME & "".OpenSchemaDatabase"", ""resolved_schema_db="" & ResolveDatabasePath(resolvedDb)"
"OpenSchemaDatabase","modBasicModuleSchema","204","OpenSchemaDatabase = Not (resolvedDb Is Nothing)"
"LogError","modBasicModuleSchema","208","modLoggingHandler.LogError MODULE_NAME & "".OpenSchemaDatabase"", Err.description, Err.Number"
"OpenSchemaDatabase","modBasicModuleSchema","208","modLoggingHandler.LogError MODULE_NAME & "".OpenSchemaDatabase"", Err.description, Err.Number"
"OpenSchemaDatabase","modBasicModuleSchema","211","OpenSchemaDatabase = False"
"ExecuteDdl","modBasicModuleSchema","229","ExecuteDdl db, sqlStatement"
"ExecuteDdl","modBasicModuleSchema","247","ExecuteDdl db, sqlStatement"
"ExecuteDdl","modBasicModuleSchema","265","ExecuteDdl db, sqlStatement"
"ExecuteDdl","modBasicModuleSchema","283","ExecuteDdl db, sqlStatement"
"ExecuteDdl","modBasicModuleSchema","304","ExecuteDdl db, sqlStatement"
"ExecuteCreateIndexIfMissing","modBasicModuleSchema","305","ExecuteCreateIndexIfMissing db, TABLE_REF_LANGUAGE, ""ix_ref_language_is_active"", _"
"ExecuteCreateIndexIfMissing","modBasicModuleSchema","307","ExecuteCreateIndexIfMissing db, TABLE_REF_LANGUAGE, ""ix_ref_language_sort_order"", _"
"ExecuteDdl","modBasicModuleSchema","333","ExecuteDdl db, sqlStatement"
"ExecuteCreateIndexIfMissing","modBasicModuleSchema","334","ExecuteCreateIndexIfMissing db, ""ten_payment_term"", ""ux_ten_payment_term_code_language"", _"
"ExecuteCreateIndexIfMissing","modBasicModuleSchema","336","ExecuteCreateIndexIfMissing db, ""ten_payment_term"", ""ix_ten_payment_term_is_default"", _"
"ExecuteCreateIndexIfMissing","modBasicModuleSchema","338","ExecuteCreateIndexIfMissing db, ""ten_payment_term"", ""ix_ten_payment_term_is_active"", _"
"ExecuteDdl","modBasicModuleSchema","361","ExecuteDdl db, sqlStatement"
"ExecuteDdl","modBasicModuleSchema","379","ExecuteDdl db, sqlStatement"
"EnsureRefLanguageSchema","modBasicModuleSchema","385","EnsureRefLanguageSchema = False"
"EnsureTextField","modBasicModuleSchema","387","If Not EnsureTextField(db, TABLE_REF_LANGUAGE, ""language_code"", 10, vbNullString, False) Then GoTo ErrorHandler"
"EnsureTextField","modBasicModuleSchema","388","If Not EnsureTextField(db, TABLE_REF_LANGUAGE, ""language_name"", 100, vbNullString, False) Then GoTo ErrorHandler"
"EnsureTextField","modBasicModuleSchema","389","If Not EnsureTextField(db, TABLE_REF_LANGUAGE, ""iso_language_code"", 10, vbNullString, False) Then GoTo ErrorHandler"
"EnsureTextField","modBasicModuleSchema","390","If Not EnsureTextField(db, TABLE_REF_LANGUAGE, ""country_code"", 10, vbNullString, False) Then GoTo ErrorHandler"
"EnsureLongField","modBasicModuleSchema","391","If Not EnsureLongField(db, TABLE_REF_LANGUAGE, ""sort_order"", 0, False) Then GoTo ErrorHandler"
"EnsureDateField","modBasicModuleSchema","392","If Not EnsureDateField(db, TABLE_REF_LANGUAGE, ""created_at"", Now(), False) Then GoTo ErrorHandler"
"EnsureTextField","modBasicModuleSchema","393","If Not EnsureTextField(db, TABLE_REF_LANGUAGE, ""created_by"", 50, ""SYSTEM"", False) Then GoTo ErrorHandler"
"EnsureDateField","modBasicModuleSchema","394","If Not EnsureDateField(db, TABLE_REF_LANGUAGE, ""updated_at"", Now(), False) Then GoTo ErrorHandler"
"EnsureTextField","modBasicModuleSchema","395","If Not EnsureTextField(db, TABLE_REF_LANGUAGE, ""updated_by"", 50, ""SYSTEM"", False) Then GoTo ErrorHandler"
"FieldExists","modBasicModuleSchema","397","If Not FieldExists(db, TABLE_REF_LANGUAGE, ""is_default"") Then"
"FieldExists","modBasicModuleSchema","400","If Not FieldExists(db, TABLE_REF_LANGUAGE, ""is_active"") Then"
"ExecuteCreateIndexIfMissing","modBasicModuleSchema","404","ExecuteCreateIndexIfMissing db, TABLE_REF_LANGUAGE, ""ix_ref_language_is_active"", _"
"ExecuteCreateIndexIfMissing","modBasicModuleSchema","406","ExecuteCreateIndexIfMissing db, TABLE_REF_LANGUAGE, ""ix_ref_language_sort_order"", _"
"EnsureRefLanguageSchema","modBasicModuleSchema","409","EnsureRefLanguageSchema = True"
"EnsureRefLanguageSchema","modBasicModuleSchema","413","EnsureRefLanguageSchema = False"
"SeedRefLanguageData","modBasicModuleSchema","419","SeedRefLanguageData = False"
"UpsertRefLanguage","modBasicModuleSchema","421","UpsertRefLanguage db, ""de-CH"", ""Deutsch (Schweiz)"", ""de"", ""CH"", False, True, 10"
"UpsertRefLanguage","modBasicModuleSchema","422","UpsertRefLanguage db, ""fr-CH"", ""Francais (Suisse)"", ""fr"", ""CH"", False, True, 20"
"UpsertRefLanguage","modBasicModuleSchema","423","UpsertRefLanguage db, ""en-US"", ""English (United States)"", ""en"", ""US"", True, True, 30"
"UpsertRefLanguage","modBasicModuleSchema","424","UpsertRefLanguage db, ""it-CH"", ""Italiano (Svizzera)"", ""it"", ""CH"", False, True, 40"
"UpsertRefLanguage","modBasicModuleSchema","425","UpsertRefLanguage db, ""de-DE"", ""Deutsch (Deutschland)"", ""de"", ""DE"", False, True, 50"
"SeedRefLanguageData","modBasicModuleSchema","427","SeedRefLanguageData = True"
"SeedRefLanguageData","modBasicModuleSchema","431","SeedRefLanguageData = False"
"SqlText","modBasicModuleSchema","448","sqlStatement = ""SELECT * FROM ["" & TABLE_REF_LANGUAGE & ""] WHERE [language_code]="" & SqlText(languageCode) & "";"""
"UpsertRefLanguage","modBasicModuleSchema","477","Err.Raise Err.Number, MODULE_NAME & "".UpsertRefLanguage"", Err.description"
"EnsureLinkedAccessTable","modBasicModuleSchema","487","EnsureLinkedAccessTable = False"
"TableExists","modBasicModuleSchema","497","If TableExists(frontendDb, tableName) Then"
"EnsureLinkedAccessTable","modBasicModuleSchema","502","modLoggingHandler.LogError MODULE_NAME & "".EnsureLinkedAccessTable"", _"
"LogError","modBasicModuleSchema","502","modLoggingHandler.LogError MODULE_NAME & "".EnsureLinkedAccessTable"", _"
"EnsureLinkedAccessTable","modBasicModuleSchema","517","EnsureLinkedAccessTable = True"
"EnsureLinkedAccessTable","modBasicModuleSchema","521","EnsureLinkedAccessTable = False"
"ExecuteDdl","modBasicModuleSchema","545","ExecuteDdl db, sqlStatement"
"ExecuteCreateIndexIfMissing","modBasicModuleSchema","546","ExecuteCreateIndexIfMissing db, ""art_product_group"", ""ux_art_product_group_code"", _"
"ExecuteCreateIndexIfMissing","modBasicModuleSchema","548","ExecuteCreateIndexIfMissing db, ""art_product_group"", ""ix_art_product_group_sort_order"", _"
"ExecuteCreateIndexIfMissing","modBasicModuleSchema","550","ExecuteCreateIndexIfMissing db, ""art_product_group"", ""ix_art_product_group_is_active"", _"
"ExecuteDdl","modBasicModuleSchema","571","ExecuteDdl db, sqlStatement"
"ExecuteCreateIndexIfMissing","modBasicModuleSchema","572","ExecuteCreateIndexIfMissing db, ""ref_article_type_code"", ""ix_ref_article_type_code_sort_order"", _"
"ExecuteCreateIndexIfMissing","modBasicModuleSchema","574","ExecuteCreateIndexIfMissing db, ""ref_article_type_code"", ""ix_ref_article_type_code_is_active"", _"
"ExecuteDdl","modBasicModuleSchema","601","ExecuteDdl db, sqlStatement"
"ExecuteCreateIndexIfMissing","modBasicModuleSchema","602","ExecuteCreateIndexIfMissing db, ""art_article"", ""ux_art_article_article_no"", _"
"ExecuteCreateIndexIfMissing","modBasicModuleSchema","604","ExecuteCreateIndexIfMissing db, ""art_article"", ""ix_art_article_product_group_id"", _"
"ExecuteCreateIndexIfMissing","modBasicModuleSchema","606","ExecuteCreateIndexIfMissing db, ""art_article"", ""ix_art_article_unit_code"", _"
"ExecuteCreateIndexIfMissing","modBasicModuleSchema","608","ExecuteCreateIndexIfMissing db, ""art_article"", ""ix_art_article_vat_code"", _"
"SqlText","modBasicModuleSchema","613","Dim SqlText As String"
"SqlText","modBasicModuleSchema","615","SqlText = """""
"SqlText","modBasicModuleSchema","616","SqlText = SqlText & ""CREATE TABLE ord_order ("""
"SqlText","modBasicModuleSchema","617","SqlText = SqlText & ""order_id AUTOINCREMENT CONSTRAINT pk_ord_order PRIMARY KEY, """
"SqlText","modBasicModuleSchema","618","SqlText = SqlText & ""order_no TEXT(50), """
"SqlText","modBasicModuleSchema","619","SqlText = SqlText & ""order_type_code TEXT(30), """
"SqlText","modBasicModuleSchema","620","SqlText = SqlText & ""order_status_code TEXT(30), """
"SqlText","modBasicModuleSchema","621","SqlText = SqlText & ""customer_address_id LONG, """
"SqlText","modBasicModuleSchema","622","SqlText = SqlText & ""invoice_address_id LONG, """
"SqlText","modBasicModuleSchema","623","SqlText = SqlText & ""delivery_address_id LONG, """
"SqlText","modBasicModuleSchema","624","SqlText = SqlText & ""customer_name TEXT(150), """
"SqlText","modBasicModuleSchema","625","SqlText = SqlText & ""order_date DATETIME, """
"SqlText","modBasicModuleSchema","626","SqlText = SqlText & ""delivery_date DATETIME, """
"SqlText","modBasicModuleSchema","627","SqlText = SqlText & ""valid_until DATETIME, """
"SqlText","modBasicModuleSchema","628","SqlText = SqlText & ""reference_text TEXT(150), """
"SqlText","modBasicModuleSchema","629","SqlText = SqlText & ""external_reference TEXT(150), """
"SqlText","modBasicModuleSchema","630","SqlText = SqlText & ""language_code TEXT(10), """
"SqlText","modBasicModuleSchema","631","SqlText = SqlText & ""currency_code TEXT(10), """
"SqlText","modBasicModuleSchema","632","SqlText = SqlText & ""payment_term_code TEXT(50), """
"SqlText","modBasicModuleSchema","633","SqlText = SqlText & ""vat_mode TEXT(20), """
"SqlText","modBasicModuleSchema","634","SqlText = SqlText & ""vat_code TEXT(30), """
"SqlText","modBasicModuleSchema","635","SqlText = SqlText & ""vat_rate DOUBLE, """
"SqlText","modBasicModuleSchema","636","SqlText = SqlText & ""header_discount_type TEXT(20), """
"SqlText","modBasicModuleSchema","637","SqlText = SqlText & ""header_discount_value CURRENCY, """
"SqlText","modBasicModuleSchema","638","SqlText = SqlText & ""header_discount_amount CURRENCY, """
"SqlText","modBasicModuleSchema","639","SqlText = SqlText & ""header_surcharge_type TEXT(20), """
"SqlText","modBasicModuleSchema","640","SqlText = SqlText & ""header_surcharge_value CURRENCY, """
"SqlText","modBasicModuleSchema","641","SqlText = SqlText & ""header_surcharge_amount CURRENCY, """
"SqlText","modBasicModuleSchema","642","SqlText = SqlText & ""subtotal_net_amount CURRENCY, """
"SqlText","modBasicModuleSchema","643","SqlText = SqlText & ""net_amount CURRENCY, """
"SqlText","modBasicModuleSchema","644","SqlText = SqlText & ""vat_amount CURRENCY, """
"SqlText","modBasicModuleSchema","645","SqlText = SqlText & ""gross_amount CURRENCY, """
"SqlText","modBasicModuleSchema","646","SqlText = SqlText & ""notes_text LONGTEXT, """
"SqlText","modBasicModuleSchema","647","SqlText = SqlText & ""internal_notes_text LONGTEXT, """
"SqlText","modBasicModuleSchema","648","SqlText = SqlText & ""result_document_id LONG, """
"SqlText","modBasicModuleSchema","649","SqlText = SqlText & ""created_at DATETIME, """
"SqlText","modBasicModuleSchema","650","SqlText = SqlText & ""created_by TEXT(50), """
"SqlText","modBasicModuleSchema","651","SqlText = SqlText & ""updated_at DATETIME, """
"SqlText","modBasicModuleSchema","652","SqlText = SqlText & ""updated_by TEXT(50)"""
"SqlText","modBasicModuleSchema","653","SqlText = SqlText & "");"""
"ExecuteDdl","modBasicModuleSchema","655","ExecuteDdl db, SqlText"
"SqlText","modBasicModuleSchema","655","ExecuteDdl db, SqlText"
"SqlText","modBasicModuleSchema","659","Dim SqlText As String"
"SqlText","modBasicModuleSchema","661","SqlText = """""
"SqlText","modBasicModuleSchema","662","SqlText = SqlText & ""CREATE TABLE ord_order_line ("""
"SqlText","modBasicModuleSchema","663","SqlText = SqlText & ""order_line_id AUTOINCREMENT CONSTRAINT pk_ord_order_line PRIMARY KEY, """
"SqlText","modBasicModuleSchema","664","SqlText = SqlText & ""order_id LONG NOT NULL, """
"SqlText","modBasicModuleSchema","665","SqlText = SqlText & ""line_no LONG, """
"SqlText","modBasicModuleSchema","666","SqlText = SqlText & ""article_id LONG, """
"SqlText","modBasicModuleSchema","667","SqlText = SqlText & ""article_no TEXT(50), """
"SqlText","modBasicModuleSchema","668","SqlText = SqlText & ""line_type_code TEXT(30), """
"SqlText","modBasicModuleSchema","669","SqlText = SqlText & ""description_text LONGTEXT, """
"SqlText","modBasicModuleSchema","670","SqlText = SqlText & ""quantity DOUBLE, """
"SqlText","modBasicModuleSchema","671","SqlText = SqlText & ""unit_code TEXT(30), """
"SqlText","modBasicModuleSchema","672","SqlText = SqlText & ""unit_price CURRENCY, """
"SqlText","modBasicModuleSchema","673","SqlText = SqlText & ""discount_type TEXT(20), """
"SqlText","modBasicModuleSchema","674","SqlText = SqlText & ""discount_value CURRENCY, """
"SqlText","modBasicModuleSchema","675","SqlText = SqlText & ""line_discount_amount CURRENCY, """
"SqlText","modBasicModuleSchema","676","SqlText = SqlText & ""surcharge_type TEXT(20), """
"SqlText","modBasicModuleSchema","677","SqlText = SqlText & ""surcharge_value CURRENCY, """
"SqlText","modBasicModuleSchema","678","SqlText = SqlText & ""line_surcharge_amount CURRENCY, """
"SqlText","modBasicModuleSchema","679","SqlText = SqlText & ""vat_code TEXT(30), """
"SqlText","modBasicModuleSchema","680","SqlText = SqlText & ""vat_rate DOUBLE, """
"SqlText","modBasicModuleSchema","681","SqlText = SqlText & ""line_base_amount CURRENCY, """
"SqlText","modBasicModuleSchema","682","SqlText = SqlText & ""line_net_amount CURRENCY, """
"SqlText","modBasicModuleSchema","683","SqlText = SqlText & ""line_vat_amount CURRENCY, """
"SqlText","modBasicModuleSchema","684","SqlText = SqlText & ""line_gross_amount CURRENCY, """
"SqlText","modBasicModuleSchema","685","SqlText = SqlText & ""sort_order LONG, """
"SqlText","modBasicModuleSchema","686","SqlText = SqlText & ""created_at DATETIME, """
"SqlText","modBasicModuleSchema","687","SqlText = SqlText & ""created_by TEXT(50), """
"SqlText","modBasicModuleSchema","688","SqlText = SqlText & ""updated_at DATETIME, """
"SqlText","modBasicModuleSchema","689","SqlText = SqlText & ""updated_by TEXT(50)"""
"SqlText","modBasicModuleSchema","690","SqlText = SqlText & "");"""
"ExecuteDdl","modBasicModuleSchema","692","ExecuteDdl db, SqlText"
"SqlText","modBasicModuleSchema","692","ExecuteDdl db, SqlText"
"OpenOrCreateAccessDatabase","modBasicModuleSchema","707","Set backendDb = OpenOrCreateAccessDatabase(effectiveBackendPath)"
"CreateRefLanguage","modBasicModuleSchema","708","CreateRefLanguage backendDb"
"EnsureRefLanguageSchema","modBasicModuleSchema","709","If Not EnsureRefLanguageSchema(backendDb) Then GoTo CleanExit"
"SeedRefLanguageData","modBasicModuleSchema","710","If Not SeedRefLanguageData(backendDb) Then GoTo CleanExit"
"EnsureLinkedAccessTable","modBasicModuleSchema","713","If Not EnsureLinkedAccessTable(frontendDb, effectiveBackendPath, TABLE_REF_LANGUAGE) Then GoTo CleanExit"
"EnsureSystemLanguageReferenceSchema","modBasicModuleSchema","715","EnsureSystemLanguageReferenceSchema = True"
"EnsureSystemLanguageReferenceSchema","modBasicModuleSchema","725","EnsureSystemLanguageReferenceSchema = False"
"EnsureSystemLanguageReferenceSchema","modBasicModuleSchema","726","modErrorHandler.HandleError MODULE_NAME, ""EnsureSystemLanguageReferenceSchema"", Err"
"HandleError","modBasicModuleSchema","726","modErrorHandler.HandleError MODULE_NAME, ""EnsureSystemLanguageReferenceSchema"", Err"
"SqlText","modBasicModuleSchema","731","Dim SqlText As String"
"SqlText","modBasicModuleSchema","733","SqlText = """""
"SqlText","modBasicModuleSchema","734","SqlText = SqlText & ""CREATE TABLE tmp_order ("""
"SqlText","modBasicModuleSchema","735","SqlText = SqlText & ""tmp_order_id AUTOINCREMENT CONSTRAINT pk_tmp_order PRIMARY KEY, """
"SqlText","modBasicModuleSchema","736","SqlText = SqlText & ""session_id TEXT(100), """
"SqlText","modBasicModuleSchema","737","SqlText = SqlText & ""order_id LONG, """
"SqlText","modBasicModuleSchema","738","SqlText = SqlText & ""order_no TEXT(50), """
"SqlText","modBasicModuleSchema","739","SqlText = SqlText & ""customer_address_id LONG, """
"SqlText","modBasicModuleSchema","740","SqlText = SqlText & ""invoice_address_id LONG, """
"SqlText","modBasicModuleSchema","741","SqlText = SqlText & ""delivery_address_id LONG, """
"SqlText","modBasicModuleSchema","742","SqlText = SqlText & ""customer_name TEXT(150), """
"SqlText","modBasicModuleSchema","743","SqlText = SqlText & ""order_type_code TEXT(30), """
"SqlText","modBasicModuleSchema","744","SqlText = SqlText & ""order_status_code TEXT(30), """
"SqlText","modBasicModuleSchema","745","SqlText = SqlText & ""order_date DATETIME, """
"SqlText","modBasicModuleSchema","746","SqlText = SqlText & ""delivery_date DATETIME, """
"SqlText","modBasicModuleSchema","747","SqlText = SqlText & ""valid_until DATETIME, """
"SqlText","modBasicModuleSchema","748","SqlText = SqlText & ""reference_text TEXT(150), """
"SqlText","modBasicModuleSchema","749","SqlText = SqlText & ""external_reference TEXT(150), """
"SqlText","modBasicModuleSchema","750","SqlText = SqlText & ""language_code TEXT(10), """
"SqlText","modBasicModuleSchema","751","SqlText = SqlText & ""currency_code TEXT(10), """
"SqlText","modBasicModuleSchema","752","SqlText = SqlText & ""payment_term_code TEXT(50), """
"SqlText","modBasicModuleSchema","753","SqlText = SqlText & ""vat_mode TEXT(20), """
"SqlText","modBasicModuleSchema","754","SqlText = SqlText & ""vat_code TEXT(30), """
"SqlText","modBasicModuleSchema","755","SqlText = SqlText & ""vat_rate DOUBLE, """
"SqlText","modBasicModuleSchema","756","SqlText = SqlText & ""header_discount_type TEXT(20), """
"SqlText","modBasicModuleSchema","757","SqlText = SqlText & ""header_discount_value CURRENCY, """
"SqlText","modBasicModuleSchema","758","SqlText = SqlText & ""header_discount_amount CURRENCY, """
"SqlText","modBasicModuleSchema","759","SqlText = SqlText & ""header_surcharge_type TEXT(20), """
"SqlText","modBasicModuleSchema","760","SqlText = SqlText & ""header_surcharge_value CURRENCY, """
"SqlText","modBasicModuleSchema","761","SqlText = SqlText & ""header_surcharge_amount CURRENCY, """
"SqlText","modBasicModuleSchema","762","SqlText = SqlText & ""subtotal_net_amount CURRENCY, """
"SqlText","modBasicModuleSchema","763","SqlText = SqlText & ""net_amount CURRENCY, """
"SqlText","modBasicModuleSchema","764","SqlText = SqlText & ""vat_amount CURRENCY, """
"SqlText","modBasicModuleSchema","765","SqlText = SqlText & ""gross_amount CURRENCY, """
"SqlText","modBasicModuleSchema","766","SqlText = SqlText & ""notes_text LONGTEXT, """
"SqlText","modBasicModuleSchema","767","SqlText = SqlText & ""internal_notes_text LONGTEXT, """
"SqlText","modBasicModuleSchema","768","SqlText = SqlText & ""result_document_id LONG, """
"SqlText","modBasicModuleSchema","769","SqlText = SqlText & ""created_at DATETIME, """
"SqlText","modBasicModuleSchema","770","SqlText = SqlText & ""created_by TEXT(50), """
"SqlText","modBasicModuleSchema","771","SqlText = SqlText & ""updated_at DATETIME, """
"SqlText","modBasicModuleSchema","772","SqlText = SqlText & ""updated_by TEXT(50)"""
"SqlText","modBasicModuleSchema","773","SqlText = SqlText & "");"""
"ExecuteDdl","modBasicModuleSchema","775","ExecuteDdl db, SqlText"
"SqlText","modBasicModuleSchema","775","ExecuteDdl db, SqlText"
"SqlText","modBasicModuleSchema","779","Dim SqlText As String"
"SqlText","modBasicModuleSchema","781","SqlText = """""
"SqlText","modBasicModuleSchema","782","SqlText = SqlText & ""CREATE TABLE tmp_order_line ("""
"SqlText","modBasicModuleSchema","783","SqlText = SqlText & ""tmp_order_line_id AUTOINCREMENT CONSTRAINT pk_tmp_order_line PRIMARY KEY, """
"SqlText","modBasicModuleSchema","784","SqlText = SqlText & ""order_line_id LONG, """
"SqlText","modBasicModuleSchema","785","SqlText = SqlText & ""order_id LONG, """
"SqlText","modBasicModuleSchema","786","SqlText = SqlText & ""tmp_order_id LONG NOT NULL, """
"SqlText","modBasicModuleSchema","787","SqlText = SqlText & ""line_no LONG, """
"SqlText","modBasicModuleSchema","788","SqlText = SqlText & ""article_id LONG, """
"SqlText","modBasicModuleSchema","789","SqlText = SqlText & ""article_no TEXT(50), """
"SqlText","modBasicModuleSchema","790","SqlText = SqlText & ""line_type_code TEXT(30), """
"SqlText","modBasicModuleSchema","791","SqlText = SqlText & ""description_text LONGTEXT, """
"SqlText","modBasicModuleSchema","792","SqlText = SqlText & ""quantity DOUBLE, """
"SqlText","modBasicModuleSchema","793","SqlText = SqlText & ""unit_code TEXT(30), """
"SqlText","modBasicModuleSchema","794","SqlText = SqlText & ""unit_price CURRENCY, """
"SqlText","modBasicModuleSchema","795","SqlText = SqlText & ""discount_type TEXT(20), """
"SqlText","modBasicModuleSchema","796","SqlText = SqlText & ""discount_value CURRENCY, """
"SqlText","modBasicModuleSchema","797","SqlText = SqlText & ""line_discount_amount CURRENCY, """
"SqlText","modBasicModuleSchema","798","SqlText = SqlText & ""surcharge_type TEXT(20), """
"SqlText","modBasicModuleSchema","799","SqlText = SqlText & ""surcharge_value CURRENCY, """
"SqlText","modBasicModuleSchema","800","SqlText = SqlText & ""line_surcharge_amount CURRENCY, """
"SqlText","modBasicModuleSchema","801","SqlText = SqlText & ""vat_code TEXT(30), """
"SqlText","modBasicModuleSchema","802","SqlText = SqlText & ""vat_rate DOUBLE, """
"SqlText","modBasicModuleSchema","803","SqlText = SqlText & ""line_base_amount CURRENCY, """
"SqlText","modBasicModuleSchema","804","SqlText = SqlText & ""line_net_amount CURRENCY, """
"SqlText","modBasicModuleSchema","805","SqlText = SqlText & ""line_vat_amount CURRENCY, """
"SqlText","modBasicModuleSchema","806","SqlText = SqlText & ""line_gross_amount CURRENCY, """
"SqlText","modBasicModuleSchema","807","SqlText = SqlText & ""sort_order LONG, """
"SqlText","modBasicModuleSchema","808","SqlText = SqlText & ""created_at DATETIME, """
"SqlText","modBasicModuleSchema","809","SqlText = SqlText & ""created_by TEXT(50), """
"SqlText","modBasicModuleSchema","810","SqlText = SqlText & ""updated_at DATETIME, """
"SqlText","modBasicModuleSchema","811","SqlText = SqlText & ""updated_by TEXT(50)"""
"SqlText","modBasicModuleSchema","812","SqlText = SqlText & "");"""
"ExecuteDdl","modBasicModuleSchema","814","ExecuteDdl db, SqlText"
"SqlText","modBasicModuleSchema","814","ExecuteDdl db, SqlText"
"EnsureOrderPhase1SchemaForDatabase","modBasicModuleSchema","820","EnsureOrderPhase1SchemaForDatabase = False"
"CreateTblOrders","modBasicModuleSchema","826","CreateTblOrders db"
"CreateTblOrderLines","modBasicModuleSchema","827","CreateTblOrderLines db"
"CreateTmpOrders","modBasicModuleSchema","828","CreateTmpOrders db"
"CreateTmpOrderLines","modBasicModuleSchema","829","CreateTmpOrderLines db"
"TableExists","modBasicModuleSchema","831","If Not TableExists(db, ""ord_order"") Then Exit Function"
"TableExists","modBasicModuleSchema","832","If Not TableExists(db, ""ord_order_line"") Then Exit Function"
"TableExists","modBasicModuleSchema","833","If Not TableExists(db, ""tmp_order"") Then Exit Function"
"TableExists","modBasicModuleSchema","834","If Not TableExists(db, ""tmp_order_line"") Then Exit Function"
"EnsureOrderHeaderSchema","modBasicModuleSchema","836","If Not EnsureOrderHeaderSchema(db) Then GoTo CleanExit"
"EnsureOrderLineSchema","modBasicModuleSchema","837","If Not EnsureOrderLineSchema(db) Then GoTo CleanExit"
"EnsureTemporaryOrderHeaderSchema","modBasicModuleSchema","838","If Not EnsureTemporaryOrderHeaderSchema(db) Then GoTo CleanExit"
"EnsureTemporaryOrderLineSchema","modBasicModuleSchema","839","If Not EnsureTemporaryOrderLineSchema(db) Then GoTo CleanExit"
"CleanupLegacyOrderSchema","modBasicModuleSchema","840","If Not CleanupLegacyOrderSchema(db) Then GoTo CleanExit"
"VerifyRequiredOrderFields","modBasicModuleSchema","841","If Not VerifyRequiredOrderFields(db) Then GoTo CleanExit"
"EnsureOrderHeaderIndexes","modBasicModuleSchema","842","If Not EnsureOrderHeaderIndexes(db) Then GoTo CleanExit"
"EnsureOrderLineIndexes","modBasicModuleSchema","843","If Not EnsureOrderLineIndexes(db) Then GoTo CleanExit"
"EnsureTemporaryOrderHeaderIndexes","modBasicModuleSchema","844","If Not EnsureTemporaryOrderHeaderIndexes(db) Then GoTo CleanExit"
"EnsureTemporaryOrderLineIndexes","modBasicModuleSchema","845","If Not EnsureTemporaryOrderLineIndexes(db) Then GoTo CleanExit"
"EnsureOrderPhase1SchemaForDatabase","modBasicModuleSchema","847","EnsureOrderPhase1SchemaForDatabase = True"
"EnsureOrderPhase1SchemaForDatabase","modBasicModuleSchema","853","EnsureOrderPhase1SchemaForDatabase = False"
"EnsureTextField","modBasicModuleSchema","859","If Not EnsureTextField(db, ""ord_order"", ""order_no"", 50, vbNullString, False) Then GoTo ErrorHandler"
"EnsureTextField","modBasicModuleSchema","860","If Not EnsureTextField(db, ""ord_order"", ""order_type_code"", 30, ""SO"", True) Then GoTo ErrorHandler"
"EnsureTextField","modBasicModuleSchema","861","If Not EnsureTextField(db, ""ord_order"", ""order_status_code"", 30, ""DRAFT"", True) Then GoTo ErrorHandler"
"EnsureLongField","modBasicModuleSchema","862","If Not EnsureLongField(db, ""ord_order"", ""customer_address_id"", 0, False) Then GoTo ErrorHandler"
"EnsureLongField","modBasicModuleSchema","863","If Not EnsureLongField(db, ""ord_order"", ""invoice_address_id"", 0, False) Then GoTo ErrorHandler"
"EnsureLongField","modBasicModuleSchema","864","If Not EnsureLongField(db, ""ord_order"", ""delivery_address_id"", 0, False) Then GoTo ErrorHandler"
"EnsureTextField","modBasicModuleSchema","865","If Not EnsureTextField(db, ""ord_order"", ""customer_name"", 150, vbNullString, False) Then GoTo ErrorHandler"
"EnsureDateField","modBasicModuleSchema","866","If Not EnsureDateField(db, ""ord_order"", ""order_date"", Date, True) Then GoTo ErrorHandler"
"EnsureDateField","modBasicModuleSchema","867","If Not EnsureDateField(db, ""ord_order"", ""delivery_date"", 0, False) Then GoTo ErrorHandler"
"EnsureDateField","modBasicModuleSchema","868","If Not EnsureDateField(db, ""ord_order"", ""valid_until"", 0, False) Then GoTo ErrorHandler"
"EnsureTextField","modBasicModuleSchema","869","If Not EnsureTextField(db, ""ord_order"", ""reference_text"", 150, vbNullString, False) Then GoTo ErrorHandler"
"EnsureTextField","modBasicModuleSchema","870","If Not EnsureTextField(db, ""ord_order"", ""external_reference"", 150, vbNullString, False) Then GoTo ErrorHandler"
"EnsureTextField","modBasicModuleSchema","871","If Not EnsureTextField(db, ""ord_order"", ""language_code"", 10, ""en-US"", True) Then GoTo ErrorHandler"
"EnsureTextField","modBasicModuleSchema","872","If Not EnsureTextField(db, ""ord_order"", ""currency_code"", 10, ""CHF"", True) Then GoTo ErrorHandler"
"EnsureTextField","modBasicModuleSchema","873","If Not EnsureTextField(db, ""ord_order"", ""payment_term_code"", 50, vbNullString, False) Then GoTo ErrorHandler"
"EnsureTextField","modBasicModuleSchema","874","If Not EnsureTextField(db, ""ord_order"", ""vat_mode"", 20, ""EXCLUSIVE"", True) Then GoTo ErrorHandler"
"EnsureTextField","modBasicModuleSchema","875","If Not EnsureTextField(db, ""ord_order"", ""vat_code"", 30, vbNullString, False) Then GoTo ErrorHandler"
"EnsureDoubleField","modBasicModuleSchema","876","If Not EnsureDoubleField(db, ""ord_order"", ""vat_rate"", 0, True) Then GoTo ErrorHandler"
"EnsureTextField","modBasicModuleSchema","877","If Not EnsureTextField(db, ""ord_order"", ""header_discount_type"", 20, ""NONE"", True) Then GoTo ErrorHandler"
"EnsureCurrencyField","modBasicModuleSchema","878","If Not EnsureCurrencyField(db, ""ord_order"", ""header_discount_value"", 0, True) Then GoTo ErrorHandler"
"EnsureCurrencyField","modBasicModuleSchema","879","If Not EnsureCurrencyField(db, ""ord_order"", ""header_discount_amount"", 0, True) Then GoTo ErrorHandler"
"EnsureTextField","modBasicModuleSchema","880","If Not EnsureTextField(db, ""ord_order"", ""header_surcharge_type"", 20, ""NONE"", True) Then GoTo ErrorHandler"
"EnsureCurrencyField","modBasicModuleSchema","881","If Not EnsureCurrencyField(db, ""ord_order"", ""header_surcharge_value"", 0, True) Then GoTo ErrorHandler"
"EnsureCurrencyField","modBasicModuleSchema","882","If Not EnsureCurrencyField(db, ""ord_order"", ""header_surcharge_amount"", 0, True) Then GoTo ErrorHandler"
"EnsureCurrencyField","modBasicModuleSchema","883","If Not EnsureCurrencyField(db, ""ord_order"", ""subtotal_net_amount"", 0, True) Then GoTo ErrorHandler"
"EnsureCurrencyField","modBasicModuleSchema","884","If Not EnsureCurrencyField(db, ""ord_order"", ""net_amount"", 0, True) Then GoTo ErrorHandler"
"EnsureCurrencyField","modBasicModuleSchema","885","If Not EnsureCurrencyField(db, ""ord_order"", ""vat_amount"", 0, True) Then GoTo ErrorHandler"
"EnsureCurrencyField","modBasicModuleSchema","886","If Not EnsureCurrencyField(db, ""ord_order"", ""gross_amount"", 0, True) Then GoTo ErrorHandler"
"EnsureLongTextField","modBasicModuleSchema","887","If Not EnsureLongTextField(db, ""ord_order"", ""notes_text"") Then GoTo ErrorHandler"
"EnsureLongTextField","modBasicModuleSchema","888","If Not EnsureLongTextField(db, ""ord_order"", ""internal_notes_text"") Then GoTo ErrorHandler"
"EnsureLongField","modBasicModuleSchema","889","If Not EnsureLongField(db, ""ord_order"", ""result_document_id"", 0, False) Then GoTo ErrorHandler"
"EnsureDateField","modBasicModuleSchema","890","If Not EnsureDateField(db, ""ord_order"", ""created_at"", Now(), True) Then GoTo ErrorHandler"
"EnsureTextField","modBasicModuleSchema","891","If Not EnsureTextField(db, ""ord_order"", ""created_by"", 50, ""SYSTEM"", True) Then GoTo ErrorHandler"
"EnsureDateField","modBasicModuleSchema","892","If Not EnsureDateField(db, ""ord_order"", ""updated_at"", Now(), True) Then GoTo ErrorHandler"
"EnsureTextField","modBasicModuleSchema","893","If Not EnsureTextField(db, ""ord_order"", ""updated_by"", 50, ""SYSTEM"", True) Then GoTo ErrorHandler"
"EnsureOrderHeaderSchema","modBasicModuleSchema","895","EnsureOrderHeaderSchema = True"
"EnsureOrderHeaderSchema","modBasicModuleSchema","899","EnsureOrderHeaderSchema = False"
"EnsureLongField","modBasicModuleSchema","905","If Not EnsureLongField(db, ""ord_order_line"", ""order_id"", 0, False) Then GoTo ErrorHandler"
"EnsureLongField","modBasicModuleSchema","906","If Not EnsureLongField(db, ""ord_order_line"", ""line_no"", 0, False) Then GoTo ErrorHandler"
"EnsureLongField","modBasicModuleSchema","907","If Not EnsureLongField(db, ""ord_order_line"", ""article_id"", 0, False) Then GoTo ErrorHandler"
"EnsureTextField","modBasicModuleSchema","908","If Not EnsureTextField(db, ""ord_order_line"", ""article_no"", 50, vbNullString, False) Then GoTo ErrorHandler"
"EnsureTextField","modBasicModuleSchema","909","If Not EnsureTextField(db, ""ord_order_line"", ""line_type_code"", 30, vbNullString, False) Then GoTo ErrorHandler"
"EnsureLongTextField","modBasicModuleSchema","910","If Not EnsureLongTextField(db, ""ord_order_line"", ""description_text"") Then GoTo ErrorHandler"
"EnsureDoubleField","modBasicModuleSchema","911","If Not EnsureDoubleField(db, ""ord_order_line"", ""quantity"", 0, True) Then GoTo ErrorHandler"
"EnsureTextField","modBasicModuleSchema","912","If Not EnsureTextField(db, ""ord_order_line"", ""unit_code"", 30, vbNullString, False) Then GoTo ErrorHandler"
"EnsureCurrencyField","modBasicModuleSchema","913","If Not EnsureCurrencyField(db, ""ord_order_line"", ""unit_price"", 0, True) Then GoTo ErrorHandler"
"EnsureTextField","modBasicModuleSchema","914","If Not EnsureTextField(db, ""ord_order_line"", ""discount_type"", 20, ""NONE"", True) Then GoTo ErrorHandler"
"EnsureCurrencyField","modBasicModuleSchema","915","If Not EnsureCurrencyField(db, ""ord_order_line"", ""discount_value"", 0, True) Then GoTo ErrorHandler"
"EnsureCurrencyField","modBasicModuleSchema","916","If Not EnsureCurrencyField(db, ""ord_order_line"", ""line_discount_amount"", 0, True) Then GoTo ErrorHandler"
"EnsureTextField","modBasicModuleSchema","917","If Not EnsureTextField(db, ""ord_order_line"", ""surcharge_type"", 20, ""NONE"", True) Then GoTo ErrorHandler"
"EnsureCurrencyField","modBasicModuleSchema","918","If Not EnsureCurrencyField(db, ""ord_order_line"", ""surcharge_value"", 0, True) Then GoTo ErrorHandler"
"EnsureCurrencyField","modBasicModuleSchema","919","If Not EnsureCurrencyField(db, ""ord_order_line"", ""line_surcharge_amount"", 0, True) Then GoTo ErrorHandler"
"EnsureTextField","modBasicModuleSchema","920","If Not EnsureTextField(db, ""ord_order_line"", ""vat_code"", 30, vbNullString, False) Then GoTo ErrorHandler"
"EnsureDoubleField","modBasicModuleSchema","921","If Not EnsureDoubleField(db, ""ord_order_line"", ""vat_rate"", 0, True) Then GoTo ErrorHandler"
"EnsureCurrencyField","modBasicModuleSchema","922","If Not EnsureCurrencyField(db, ""ord_order_line"", ""line_base_amount"", 0, True) Then GoTo ErrorHandler"
"EnsureCurrencyField","modBasicModuleSchema","923","If Not EnsureCurrencyField(db, ""ord_order_line"", ""line_net_amount"", 0, True) Then GoTo ErrorHandler"
"EnsureCurrencyField","modBasicModuleSchema","924","If Not EnsureCurrencyField(db, ""ord_order_line"", ""line_vat_amount"", 0, True) Then GoTo ErrorHandler"
"EnsureCurrencyField","modBasicModuleSchema","925","If Not EnsureCurrencyField(db, ""ord_order_line"", ""line_gross_amount"", 0, True) Then GoTo ErrorHandler"
"EnsureLongField","modBasicModuleSchema","926","If Not EnsureLongField(db, ""ord_order_line"", ""sort_order"", 0, False) Then GoTo ErrorHandler"
"EnsureDateField","modBasicModuleSchema","927","If Not EnsureDateField(db, ""ord_order_line"", ""created_at"", Now(), True) Then GoTo ErrorHandler"
"EnsureTextField","modBasicModuleSchema","928","If Not EnsureTextField(db, ""ord_order_line"", ""created_by"", 50, ""SYSTEM"", True) Then GoTo ErrorHandler"
"EnsureDateField","modBasicModuleSchema","929","If Not EnsureDateField(db, ""ord_order_line"", ""updated_at"", Now(), True) Then GoTo ErrorHandler"
"EnsureTextField","modBasicModuleSchema","930","If Not EnsureTextField(db, ""ord_order_line"", ""updated_by"", 50, ""SYSTEM"", True) Then GoTo ErrorHandler"
"EnsureOrderLineSchema","modBasicModuleSchema","932","EnsureOrderLineSchema = True"
"EnsureOrderLineSchema","modBasicModuleSchema","936","EnsureOrderLineSchema = False"
"EnsureTextField","modBasicModuleSchema","942","If Not EnsureTextField(db, ""tmp_order"", ""session_id"", 100, vbNullString, False) Then GoTo ErrorHandler"
"EnsureLongField","modBasicModuleSchema","943","If Not EnsureLongField(db, ""tmp_order"", ""order_id"", 0, False) Then GoTo ErrorHandler"
"EnsureTextField","modBasicModuleSchema","944","If Not EnsureTextField(db, ""tmp_order"", ""order_no"", 50, vbNullString, False) Then GoTo ErrorHandler"
"EnsureLongField","modBasicModuleSchema","945","If Not EnsureLongField(db, ""tmp_order"", ""customer_address_id"", 0, False) Then GoTo ErrorHandler"
"EnsureLongField","modBasicModuleSchema","946","If Not EnsureLongField(db, ""tmp_order"", ""invoice_address_id"", 0, False) Then GoTo ErrorHandler"
"EnsureLongField","modBasicModuleSchema","947","If Not EnsureLongField(db, ""tmp_order"", ""delivery_address_id"", 0, False) Then GoTo ErrorHandler"
"EnsureTextField","modBasicModuleSchema","948","If Not EnsureTextField(db, ""tmp_order"", ""customer_name"", 150, vbNullString, False) Then GoTo ErrorHandler"
"EnsureTextField","modBasicModuleSchema","949","If Not EnsureTextField(db, ""tmp_order"", ""order_type_code"", 30, ""SO"", True) Then GoTo ErrorHandler"
"EnsureTextField","modBasicModuleSchema","950","If Not EnsureTextField(db, ""tmp_order"", ""order_status_code"", 30, ""DRAFT"", True) Then GoTo ErrorHandler"
"EnsureDateField","modBasicModuleSchema","951","If Not EnsureDateField(db, ""tmp_order"", ""order_date"", Date, True) Then GoTo ErrorHandler"
"EnsureDateField","modBasicModuleSchema","952","If Not EnsureDateField(db, ""tmp_order"", ""delivery_date"", 0, False) Then GoTo ErrorHandler"
"EnsureDateField","modBasicModuleSchema","953","If Not EnsureDateField(db, ""tmp_order"", ""valid_until"", 0, False) Then GoTo ErrorHandler"
"EnsureTextField","modBasicModuleSchema","954","If Not EnsureTextField(db, ""tmp_order"", ""reference_text"", 150, vbNullString, False) Then GoTo ErrorHandler"
"EnsureTextField","modBasicModuleSchema","955","If Not EnsureTextField(db, ""tmp_order"", ""external_reference"", 150, vbNullString, False) Then GoTo ErrorHandler"
"EnsureTextField","modBasicModuleSchema","956","If Not EnsureTextField(db, ""tmp_order"", ""language_code"", 10, ""en-US"", True) Then GoTo ErrorHandler"
"EnsureTextField","modBasicModuleSchema","957","If Not EnsureTextField(db, ""tmp_order"", ""currency_code"", 10, ""CHF"", True) Then GoTo ErrorHandler"
"EnsureTextField","modBasicModuleSchema","958","If Not EnsureTextField(db, ""tmp_order"", ""payment_term_code"", 50, vbNullString, False) Then GoTo ErrorHandler"
"EnsureTextField","modBasicModuleSchema","959","If Not EnsureTextField(db, ""tmp_order"", ""vat_mode"", 20, ""EXCLUSIVE"", True) Then GoTo ErrorHandler"
"EnsureTextField","modBasicModuleSchema","960","If Not EnsureTextField(db, ""tmp_order"", ""vat_code"", 30, vbNullString, False) Then GoTo ErrorHandler"
"EnsureDoubleField","modBasicModuleSchema","961","If Not EnsureDoubleField(db, ""tmp_order"", ""vat_rate"", 0, True) Then GoTo ErrorHandler"
"EnsureTextField","modBasicModuleSchema","962","If Not EnsureTextField(db, ""tmp_order"", ""header_discount_type"", 20, ""NONE"", True) Then GoTo ErrorHandler"
"EnsureCurrencyField","modBasicModuleSchema","963","If Not EnsureCurrencyField(db, ""tmp_order"", ""header_discount_value"", 0, True) Then GoTo ErrorHandler"
"EnsureCurrencyField","modBasicModuleSchema","964","If Not EnsureCurrencyField(db, ""tmp_order"", ""header_discount_amount"", 0, True) Then GoTo ErrorHandler"
"EnsureTextField","modBasicModuleSchema","965","If Not EnsureTextField(db, ""tmp_order"", ""header_surcharge_type"", 20, ""NONE"", True) Then GoTo ErrorHandler"
"EnsureCurrencyField","modBasicModuleSchema","966","If Not EnsureCurrencyField(db, ""tmp_order"", ""header_surcharge_value"", 0, True) Then GoTo ErrorHandler"
"EnsureCurrencyField","modBasicModuleSchema","967","If Not EnsureCurrencyField(db, ""tmp_order"", ""header_surcharge_amount"", 0, True) Then GoTo ErrorHandler"
"EnsureCurrencyField","modBasicModuleSchema","968","If Not EnsureCurrencyField(db, ""tmp_order"", ""subtotal_net_amount"", 0, True) Then GoTo ErrorHandler"
"EnsureCurrencyField","modBasicModuleSchema","969","If Not EnsureCurrencyField(db, ""tmp_order"", ""net_amount"", 0, True) Then GoTo ErrorHandler"
"EnsureCurrencyField","modBasicModuleSchema","970","If Not EnsureCurrencyField(db, ""tmp_order"", ""vat_amount"", 0, True) Then GoTo ErrorHandler"
"EnsureCurrencyField","modBasicModuleSchema","971","If Not EnsureCurrencyField(db, ""tmp_order"", ""gross_amount"", 0, True) Then GoTo ErrorHandler"
"EnsureLongTextField","modBasicModuleSchema","972","If Not EnsureLongTextField(db, ""tmp_order"", ""notes_text"") Then GoTo ErrorHandler"
"EnsureLongTextField","modBasicModuleSchema","973","If Not EnsureLongTextField(db, ""tmp_order"", ""internal_notes_text"") Then GoTo ErrorHandler"
"EnsureLongField","modBasicModuleSchema","974","If Not EnsureLongField(db, ""tmp_order"", ""result_document_id"", 0, False) Then GoTo ErrorHandler"
"EnsureDateField","modBasicModuleSchema","975","If Not EnsureDateField(db, ""tmp_order"", ""created_at"", Now(), True) Then GoTo ErrorHandler"
"EnsureTextField","modBasicModuleSchema","976","If Not EnsureTextField(db, ""tmp_order"", ""created_by"", 50, ""SYSTEM"", True) Then GoTo ErrorHandler"
"EnsureDateField","modBasicModuleSchema","977","If Not EnsureDateField(db, ""tmp_order"", ""updated_at"", Now(), True) Then GoTo ErrorHandler"
"EnsureTextField","modBasicModuleSchema","978","If Not EnsureTextField(db, ""tmp_order"", ""updated_by"", 50, ""SYSTEM"", True) Then GoTo ErrorHandler"
"EnsureTemporaryOrderHeaderSchema","modBasicModuleSchema","980","EnsureTemporaryOrderHeaderSchema = True"
"EnsureTemporaryOrderHeaderSchema","modBasicModuleSchema","984","EnsureTemporaryOrderHeaderSchema = False"
"EnsureLongField","modBasicModuleSchema","990","If Not EnsureLongField(db, ""tmp_order_line"", ""order_line_id"", 0, False) Then GoTo ErrorHandler"
"EnsureLongField","modBasicModuleSchema","991","If Not EnsureLongField(db, ""tmp_order_line"", ""order_id"", 0, False) Then GoTo ErrorHandler"
"EnsureLongField","modBasicModuleSchema","992","If Not EnsureLongField(db, ""tmp_order_line"", ""tmp_order_id"", 0, False) Then GoTo ErrorHandler"
"EnsureLongField","modBasicModuleSchema","993","If Not EnsureLongField(db, ""tmp_order_line"", ""line_no"", 0, False) Then GoTo ErrorHandler"
"EnsureLongField","modBasicModuleSchema","994","If Not EnsureLongField(db, ""tmp_order_line"", ""article_id"", 0, False) Then GoTo ErrorHandler"
"EnsureTextField","modBasicModuleSchema","995","If Not EnsureTextField(db, ""tmp_order_line"", ""article_no"", 50, vbNullString, False) Then GoTo ErrorHandler"
"EnsureTextField","modBasicModuleSchema","996","If Not EnsureTextField(db, ""tmp_order_line"", ""line_type_code"", 30, vbNullString, False) Then GoTo ErrorHandler"
"EnsureLongTextField","modBasicModuleSchema","997","If Not EnsureLongTextField(db, ""tmp_order_line"", ""description_text"") Then GoTo ErrorHandler"
"EnsureDoubleField","modBasicModuleSchema","998","If Not EnsureDoubleField(db, ""tmp_order_line"", ""quantity"", 0, True) Then GoTo ErrorHandler"
"EnsureTextField","modBasicModuleSchema","999","If Not EnsureTextField(db, ""tmp_order_line"", ""unit_code"", 30, vbNullString, False) Then GoTo ErrorHandler"
"EnsureCurrencyField","modBasicModuleSchema","1000","If Not EnsureCurrencyField(db, ""tmp_order_line"", ""unit_price"", 0, True) Then GoTo ErrorHandler"
"EnsureTextField","modBasicModuleSchema","1001","If Not EnsureTextField(db, ""tmp_order_line"", ""discount_type"", 20, ""NONE"", True) Then GoTo ErrorHandler"
"EnsureCurrencyField","modBasicModuleSchema","1002","If Not EnsureCurrencyField(db, ""tmp_order_line"", ""discount_value"", 0, True) Then GoTo ErrorHandler"
"EnsureCurrencyField","modBasicModuleSchema","1003","If Not EnsureCurrencyField(db, ""tmp_order_line"", ""line_discount_amount"", 0, True) Then GoTo ErrorHandler"
"EnsureTextField","modBasicModuleSchema","1004","If Not EnsureTextField(db, ""tmp_order_line"", ""surcharge_type"", 20, ""NONE"", True) Then GoTo ErrorHandler"
"EnsureCurrencyField","modBasicModuleSchema","1005","If Not EnsureCurrencyField(db, ""tmp_order_line"", ""surcharge_value"", 0, True) Then GoTo ErrorHandler"
"EnsureCurrencyField","modBasicModuleSchema","1006","If Not EnsureCurrencyField(db, ""tmp_order_line"", ""line_surcharge_amount"", 0, True) Then GoTo ErrorHandler"
"EnsureTextField","modBasicModuleSchema","1007","If Not EnsureTextField(db, ""tmp_order_line"", ""vat_code"", 30, vbNullString, False) Then GoTo ErrorHandler"
"EnsureDoubleField","modBasicModuleSchema","1008","If Not EnsureDoubleField(db, ""tmp_order_line"", ""vat_rate"", 0, True) Then GoTo ErrorHandler"
"EnsureCurrencyField","modBasicModuleSchema","1009","If Not EnsureCurrencyField(db, ""tmp_order_line"", ""line_base_amount"", 0, True) Then GoTo ErrorHandler"
"EnsureCurrencyField","modBasicModuleSchema","1010","If Not EnsureCurrencyField(db, ""tmp_order_line"", ""line_net_amount"", 0, True) Then GoTo ErrorHandler"
"EnsureCurrencyField","modBasicModuleSchema","1011","If Not EnsureCurrencyField(db, ""tmp_order_line"", ""line_vat_amount"", 0, True) Then GoTo ErrorHandler"
"EnsureCurrencyField","modBasicModuleSchema","1012","If Not EnsureCurrencyField(db, ""tmp_order_line"", ""line_gross_amount"", 0, True) Then GoTo ErrorHandler"
"EnsureLongField","modBasicModuleSchema","1013","If Not EnsureLongField(db, ""tmp_order_line"", ""sort_order"", 0, False) Then GoTo ErrorHandler"
"EnsureDateField","modBasicModuleSchema","1014","If Not EnsureDateField(db, ""tmp_order_line"", ""created_at"", Now(), True) Then GoTo ErrorHandler"
"EnsureTextField","modBasicModuleSchema","1015","If Not EnsureTextField(db, ""tmp_order_line"", ""created_by"", 50, ""SYSTEM"", True) Then GoTo ErrorHandler"
"EnsureDateField","modBasicModuleSchema","1016","If Not EnsureDateField(db, ""tmp_order_line"", ""updated_at"", Now(), True) Then GoTo ErrorHandler"
"EnsureTextField","modBasicModuleSchema","1017","If Not EnsureTextField(db, ""tmp_order_line"", ""updated_by"", 50, ""SYSTEM"", True) Then GoTo ErrorHandler"
"EnsureTemporaryOrderLineSchema","modBasicModuleSchema","1019","EnsureTemporaryOrderLineSchema = True"
"EnsureTemporaryOrderLineSchema","modBasicModuleSchema","1023","EnsureTemporaryOrderLineSchema = False"
"VerifyRequiredOrderFields","modBasicModuleSchema","1029","VerifyRequiredOrderFields = False"
"EnsureRequiredFieldExists","modBasicModuleSchema","1031","If Not EnsureRequiredFieldExists(db, ""ord_order"", ""customer_address_id"") Then Exit Function"
"EnsureRequiredFieldExists","modBasicModuleSchema","1032","If Not EnsureRequiredFieldExists(db, ""ord_order"", ""invoice_address_id"") Then Exit Function"
"EnsureRequiredFieldExists","modBasicModuleSchema","1033","If Not EnsureRequiredFieldExists(db, ""ord_order"", ""delivery_address_id"") Then Exit Function"
"EnsureRequiredFieldExists","modBasicModuleSchema","1034","If Not EnsureRequiredFieldExists(db, ""ord_order"", ""vat_code"") Then Exit Function"
"EnsureRequiredFieldExists","modBasicModuleSchema","1035","If Not EnsureRequiredFieldExists(db, ""ord_order"", ""vat_rate"") Then Exit Function"
"EnsureRequiredFieldExists","modBasicModuleSchema","1036","If Not EnsureRequiredFieldExists(db, ""ord_order_line"", ""article_no"") Then Exit Function"
"EnsureRequiredFieldExists","modBasicModuleSchema","1037","If Not EnsureRequiredFieldExists(db, ""ord_order_line"", ""vat_rate"") Then Exit Function"
"EnsureRequiredFieldExists","modBasicModuleSchema","1038","If Not EnsureRequiredFieldExists(db, ""tmp_order"", ""session_id"") Then Exit Function"
"EnsureRequiredFieldExists","modBasicModuleSchema","1039","If Not EnsureRequiredFieldExists(db, ""tmp_order"", ""order_no"") Then Exit Function"
"EnsureRequiredFieldExists","modBasicModuleSchema","1040","If Not EnsureRequiredFieldExists(db, ""tmp_order_line"", ""tmp_order_id"") Then Exit Function"
"EnsureRequiredFieldExists","modBasicModuleSchema","1041","If Not EnsureRequiredFieldExists(db, ""tmp_order_line"", ""order_line_id"") Then Exit Function"
"EnsureRequiredFieldExists","modBasicModuleSchema","1042","If Not EnsureRequiredFieldExists(db, ""tmp_order_line"", ""vat_rate"") Then Exit Function"
"VerifyRequiredOrderFields","modBasicModuleSchema","1044","VerifyRequiredOrderFields = True"
"VerifyRequiredOrderFields","modBasicModuleSchema","1048","VerifyRequiredOrderFields = False"
"CleanupLegacyOrderSchema","modBasicModuleSchema","1054","CleanupLegacyOrderSchema = False"
"DropFieldIfExists","modBasicModuleSchema","1056","DropFieldIfExists db, ""ord_order"", ""address_id"""
"DropFieldIfExists","modBasicModuleSchema","1057","DropFieldIfExists db, ""ord_order"", ""subtotal_amount"""
"DropFieldIfExists","modBasicModuleSchema","1058","DropFieldIfExists db, ""ord_order"", ""total_amount"""
"DropFieldIfExists","modBasicModuleSchema","1059","DropFieldIfExists db, ""ord_order"", ""tenant_code"""
"DropFieldIfExists","modBasicModuleSchema","1061","DropFieldIfExists db, ""ord_order_line"", ""line_description"""
"DropFieldIfExists","modBasicModuleSchema","1062","DropFieldIfExists db, ""ord_order_line"", ""line_total_net"""
"DropFieldIfExists","modBasicModuleSchema","1063","DropFieldIfExists db, ""ord_order_line"", ""line_total_vat"""
"DropFieldIfExists","modBasicModuleSchema","1064","DropFieldIfExists db, ""ord_order_line"", ""line_total_gross"""
"CleanupLegacyOrderSchema","modBasicModuleSchema","1066","CleanupLegacyOrderSchema = True"
"CleanupLegacyOrderSchema","modBasicModuleSchema","1070","CleanupLegacyOrderSchema = False"
"EnsureIndexWhenFieldExists","modBasicModuleSchema","1076","EnsureIndexWhenFieldExists db, ""ord_order"", ""order_no"", ""ux_ord_order_order_no"", _"
"EnsureIndexWhenFieldExists","modBasicModuleSchema","1078","EnsureIndexWhenFieldExists db, ""ord_order"", ""customer_address_id"", ""ix_ord_order_customer_address_id"", _"
"EnsureIndexWhenFieldExists","modBasicModuleSchema","1080","EnsureIndexWhenFieldExists db, ""ord_order"", ""invoice_address_id"", ""ix_ord_order_invoice_address_id"", _"
"EnsureIndexWhenFieldExists","modBasicModuleSchema","1082","EnsureIndexWhenFieldExists db, ""ord_order"", ""delivery_address_id"", ""ix_ord_order_delivery_address_id"", _"
"EnsureIndexWhenFieldExists","modBasicModuleSchema","1084","EnsureIndexWhenFieldExists db, ""ord_order"", ""order_date"", ""ix_ord_order_order_date"", _"
"EnsureIndexWhenFieldExists","modBasicModuleSchema","1086","EnsureIndexWhenFieldExists db, ""ord_order"", ""order_status_code"", ""ix_ord_order_order_status_code"", _"
"EnsureIndexWhenFieldExists","modBasicModuleSchema","1088","EnsureIndexWhenFieldExists db, ""ord_order"", ""payment_term_code"", ""ix_ord_order_payment_term_code"", _"
"EnsureIndexWhenFieldExists","modBasicModuleSchema","1090","EnsureIndexWhenFieldExists db, ""ord_order"", ""vat_code"", ""ix_ord_order_vat_code"", _"
"EnsureIndexWhenFieldExists","modBasicModuleSchema","1092","EnsureIndexWhenFieldExists db, ""ord_order"", ""result_document_id"", ""ix_ord_order_result_document_id"", _"
"EnsureOrderHeaderIndexes","modBasicModuleSchema","1095","EnsureOrderHeaderIndexes = True"
"EnsureOrderHeaderIndexes","modBasicModuleSchema","1099","EnsureOrderHeaderIndexes = False"
"EnsureIndexWhenFieldExists","modBasicModuleSchema","1105","EnsureIndexWhenFieldExists db, ""ord_order_line"", ""order_id"", ""ix_ord_order_line_order_id"", _"
"EnsureIndexWhenFieldExists","modBasicModuleSchema","1107","EnsureIndexWhenFieldExists db, ""ord_order_line"", ""article_id"", ""ix_ord_order_line_article_id"", _"
"EnsureIndexWhenFieldExists","modBasicModuleSchema","1109","EnsureIndexWhenFieldExists db, ""ord_order_line"", ""article_no"", ""ix_ord_order_line_article_no"", _"
"EnsureIndexWhenFieldExists","modBasicModuleSchema","1111","EnsureIndexWhenFieldExists db, ""ord_order_line"", ""line_no"", ""ix_ord_order_line_line_no"", _"
"EnsureIndexWhenFieldExists","modBasicModuleSchema","1113","EnsureIndexWhenFieldExists db, ""ord_order_line"", ""unit_code"", ""ix_ord_order_line_unit_code"", _"
"EnsureIndexWhenFieldExists","modBasicModuleSchema","1115","EnsureIndexWhenFieldExists db, ""ord_order_line"", ""vat_code"", ""ix_ord_order_line_vat_code"", _"
"EnsureOrderLineIndexes","modBasicModuleSchema","1118","EnsureOrderLineIndexes = True"
"EnsureOrderLineIndexes","modBasicModuleSchema","1122","EnsureOrderLineIndexes = False"
"EnsureIndexWhenFieldExists","modBasicModuleSchema","1128","EnsureIndexWhenFieldExists db, ""tmp_order"", ""session_id"", ""ix_tmp_order_session_id"", _"
"EnsureIndexWhenFieldExists","modBasicModuleSchema","1130","EnsureIndexWhenFieldExists db, ""tmp_order"", ""customer_address_id"", ""ix_tmp_order_customer_address_id"", _"
"EnsureTemporaryOrderHeaderIndexes","modBasicModuleSchema","1133","EnsureTemporaryOrderHeaderIndexes = True"
"EnsureTemporaryOrderHeaderIndexes","modBasicModuleSchema","1137","EnsureTemporaryOrderHeaderIndexes = False"
"EnsureIndexWhenFieldExists","modBasicModuleSchema","1143","EnsureIndexWhenFieldExists db, ""tmp_order_line"", ""tmp_order_id"", ""ix_tmp_order_line_tmp_order_id"", _"
"EnsureIndexWhenFieldExists","modBasicModuleSchema","1145","EnsureIndexWhenFieldExists db, ""tmp_order_line"", ""line_no"", ""ix_tmp_order_line_line_no"", _"
"EnsureIndexWhenFieldExists","modBasicModuleSchema","1147","EnsureIndexWhenFieldExists db, ""tmp_order_line"", ""vat_code"", ""ix_tmp_order_line_vat_code"", _"
"EnsureTemporaryOrderLineIndexes","modBasicModuleSchema","1150","EnsureTemporaryOrderLineIndexes = True"
"EnsureTemporaryOrderLineIndexes","modBasicModuleSchema","1154","EnsureTemporaryOrderLineIndexes = False"
"TableExists","modBasicModuleSchema","1164","TableExists = True"
"TableExists","modBasicModuleSchema","1171","TableExists = False"
"RefreshTableDefinition","modBasicModuleSchema","1180","RefreshTableDefinition db, tableName"
"FieldExists","modBasicModuleSchema","1184","FieldExists = True"
"FieldExists","modBasicModuleSchema","1191","FieldExists = False"
"FieldExists","modBasicModuleSchema","1197","If Not FieldExists(db, tableName, fieldName) Then"
"EnsureTextField","modBasicModuleSchema","1199","modLoggingHandler.LogInfo MODULE_NAME & "".EnsureTextField"", ""Field ensured: "" & tableName & ""."" & fieldName"
"LogInfo","modBasicModuleSchema","1199","modLoggingHandler.LogInfo MODULE_NAME & "".EnsureTextField"", ""Field ensured: "" & tableName & ""."" & fieldName"
"EnsureTextField","modBasicModuleSchema","1201","modLoggingHandler.LogInfo MODULE_NAME & "".EnsureTextField"", ""Field exists: "" & tableName & ""."" & fieldName"
"LogInfo","modBasicModuleSchema","1201","modLoggingHandler.LogInfo MODULE_NAME & "".EnsureTextField"", ""Field exists: "" & tableName & ""."" & fieldName"
"ApplyFieldDefaultValue","modBasicModuleSchema","1205","ApplyFieldDefaultValue db, tableName, fieldName, """""""" & Replace(defaultValue, """""""", """""""""""") & """""""""
"EnsureTextField","modBasicModuleSchema","1211","EnsureTextField = True"
"EnsureTextField","modBasicModuleSchema","1215","EnsureTextField = False"
"FieldExists","modBasicModuleSchema","1221","If Not FieldExists(db, tableName, fieldName) Then"
"EnsureLongField","modBasicModuleSchema","1222","modLoggingHandler.LogInfo MODULE_NAME & "".EnsureLongField"", _"
"LogInfo","modBasicModuleSchema","1222","modLoggingHandler.LogInfo MODULE_NAME & "".EnsureLongField"", _"
"ResolveDatabasePath","modBasicModuleSchema","1223","""AddField executing: "" & tableName & ""."" & fieldName & ""; db="" & ResolveDatabasePath(db)"
"RefreshTableDefinition","modBasicModuleSchema","1225","RefreshTableDefinition db, tableName"
"EnsureLongField","modBasicModuleSchema","1226","LogTableFieldNames db, tableName, MODULE_NAME & "".EnsureLongField"""
"LogTableFieldNames","modBasicModuleSchema","1226","LogTableFieldNames db, tableName, MODULE_NAME & "".EnsureLongField"""
"EnsureLongField","modBasicModuleSchema","1227","modLoggingHandler.LogInfo MODULE_NAME & "".EnsureLongField"", _"
"LogInfo","modBasicModuleSchema","1227","modLoggingHandler.LogInfo MODULE_NAME & "".EnsureLongField"", _"
"FieldExists","modBasicModuleSchema","1228","""AddField successful: "" & tableName & ""."" & fieldName & ""; exists_after_add="" & CStr(FieldExists(db, tableName, fieldName))"
"FieldExists","modBasicModuleSchema","1229","If Not FieldExists(db, tableName, fieldName) Then"
"EnsureLongField","modBasicModuleSchema","1230","modLoggingHandler.LogError MODULE_NAME & "".EnsureLongField"", _"
"LogError","modBasicModuleSchema","1230","modLoggingHandler.LogError MODULE_NAME & "".EnsureLongField"", _"
"EnsureLongField","modBasicModuleSchema","1234","modLoggingHandler.LogInfo MODULE_NAME & "".EnsureLongField"", ""Field ensured: "" & tableName & ""."" & fieldName"
"LogInfo","modBasicModuleSchema","1234","modLoggingHandler.LogInfo MODULE_NAME & "".EnsureLongField"", ""Field ensured: "" & tableName & ""."" & fieldName"
"EnsureLongField","modBasicModuleSchema","1236","modLoggingHandler.LogInfo MODULE_NAME & "".EnsureLongField"", ""Field exists: "" & tableName & ""."" & fieldName"
"LogInfo","modBasicModuleSchema","1236","modLoggingHandler.LogInfo MODULE_NAME & "".EnsureLongField"", ""Field exists: "" & tableName & ""."" & fieldName"
"ApplyFieldDefaultValue","modBasicModuleSchema","1239","ApplyFieldDefaultValue db, tableName, fieldName, CStr(defaultValue)"
"EnsureLongField","modBasicModuleSchema","1244","EnsureLongField = True"
"EnsureLongField","modBasicModuleSchema","1248","modLoggingHandler.LogError MODULE_NAME & "".EnsureLongField"", _"
"LogError","modBasicModuleSchema","1248","modLoggingHandler.LogError MODULE_NAME & "".EnsureLongField"", _"
"ResolveDatabasePath","modBasicModuleSchema","1249","""AddField failed for "" & tableName & ""."" & fieldName & "" in db="" & ResolveDatabasePath(db) & "": "" & Err.description, Err.Number"
"EnsureLongField","modBasicModuleSchema","1250","EnsureLongField = False"
"FieldExists","modBasicModuleSchema","1258","If Not FieldExists(db, tableName, fieldName) Then"
"EnsureDoubleField","modBasicModuleSchema","1260","modLoggingHandler.LogInfo MODULE_NAME & "".EnsureDoubleField"", ""Field ensured: "" & tableName & ""."" & fieldName"
"LogInfo","modBasicModuleSchema","1260","modLoggingHandler.LogInfo MODULE_NAME & "".EnsureDoubleField"", ""Field ensured: "" & tableName & ""."" & fieldName"
"EnsureDoubleField","modBasicModuleSchema","1262","modLoggingHandler.LogInfo MODULE_NAME & "".EnsureDoubleField"", ""Field exists: "" & tableName & ""."" & fieldName"
"LogInfo","modBasicModuleSchema","1262","modLoggingHandler.LogInfo MODULE_NAME & "".EnsureDoubleField"", ""Field exists: "" & tableName & ""."" & fieldName"
"ApplyFieldDefaultValue","modBasicModuleSchema","1266","ApplyFieldDefaultValue db, tableName, fieldName, numericText"
"EnsureDoubleField","modBasicModuleSchema","1271","EnsureDoubleField = True"
"EnsureDoubleField","modBasicModuleSchema","1275","EnsureDoubleField = False"
"FieldExists","modBasicModuleSchema","1283","If Not FieldExists(db, tableName, fieldName) Then"
"EnsureCurrencyField","modBasicModuleSchema","1285","modLoggingHandler.LogInfo MODULE_NAME & "".EnsureCurrencyField"", ""Field ensured: "" & tableName & ""."" & fieldName"
"LogInfo","modBasicModuleSchema","1285","modLoggingHandler.LogInfo MODULE_NAME & "".EnsureCurrencyField"", ""Field ensured: "" & tableName & ""."" & fieldName"
"EnsureCurrencyField","modBasicModuleSchema","1287","modLoggingHandler.LogInfo MODULE_NAME & "".EnsureCurrencyField"", ""Field exists: "" & tableName & ""."" & fieldName"
"LogInfo","modBasicModuleSchema","1287","modLoggingHandler.LogInfo MODULE_NAME & "".EnsureCurrencyField"", ""Field exists: "" & tableName & ""."" & fieldName"
"ApplyFieldDefaultValue","modBasicModuleSchema","1291","ApplyFieldDefaultValue db, tableName, fieldName, numericText"
"EnsureCurrencyField","modBasicModuleSchema","1296","EnsureCurrencyField = True"
"EnsureCurrencyField","modBasicModuleSchema","1300","EnsureCurrencyField = False"
"FieldExists","modBasicModuleSchema","1309","If Not FieldExists(db, tableName, fieldName) Then"
"EnsureDateField","modBasicModuleSchema","1311","modLoggingHandler.LogInfo MODULE_NAME & "".EnsureDateField"", ""Field ensured: "" & tableName & ""."" & fieldName"
"LogInfo","modBasicModuleSchema","1311","modLoggingHandler.LogInfo MODULE_NAME & "".EnsureDateField"", ""Field ensured: "" & tableName & ""."" & fieldName"
"EnsureDateField","modBasicModuleSchema","1313","modLoggingHandler.LogInfo MODULE_NAME & "".EnsureDateField"", ""Field exists: "" & tableName & ""."" & fieldName"
"LogInfo","modBasicModuleSchema","1313","modLoggingHandler.LogInfo MODULE_NAME & "".EnsureDateField"", ""Field exists: "" & tableName & ""."" & fieldName"
"ApplyFieldDefaultValue","modBasicModuleSchema","1323","ApplyFieldDefaultValue db, tableName, fieldName, defaultExpression"
"EnsureDateField","modBasicModuleSchema","1328","EnsureDateField = True"
"EnsureDateField","modBasicModuleSchema","1332","EnsureDateField = False"
"FieldExists","modBasicModuleSchema","1338","If Not FieldExists(db, tableName, fieldName) Then"
"EnsureLongTextField","modBasicModuleSchema","1340","modLoggingHandler.LogInfo MODULE_NAME & "".EnsureLongTextField"", ""Field ensured: "" & tableName & ""."" & fieldName"
"LogInfo","modBasicModuleSchema","1340","modLoggingHandler.LogInfo MODULE_NAME & "".EnsureLongTextField"", ""Field ensured: "" & tableName & ""."" & fieldName"
"EnsureLongTextField","modBasicModuleSchema","1342","modLoggingHandler.LogInfo MODULE_NAME & "".EnsureLongTextField"", ""Field exists: "" & tableName & ""."" & fieldName"
"LogInfo","modBasicModuleSchema","1342","modLoggingHandler.LogInfo MODULE_NAME & "".EnsureLongTextField"", ""Field exists: "" & tableName & ""."" & fieldName"
"EnsureLongTextField","modBasicModuleSchema","1345","EnsureLongTextField = True"
"EnsureLongTextField","modBasicModuleSchema","1349","EnsureLongTextField = False"
"FieldExists","modBasicModuleSchema","1361","If FieldExists(db, tableName, fieldName) Then"
"EnsureRequiredFieldExists","modBasicModuleSchema","1362","modLoggingHandler.LogInfo MODULE_NAME & "".EnsureRequiredFieldExists"", ""Field exists: "" & tableName & ""."" & fieldName"
"LogInfo","modBasicModuleSchema","1362","modLoggingHandler.LogInfo MODULE_NAME & "".EnsureRequiredFieldExists"", ""Field exists: "" & tableName & ""."" & fieldName"
"EnsureRequiredFieldExists","modBasicModuleSchema","1363","EnsureRequiredFieldExists = True"
"EnsureRequiredFieldExists","modBasicModuleSchema","1367","modLoggingHandler.LogError MODULE_NAME & "".EnsureRequiredFieldExists"", _"
"LogError","modBasicModuleSchema","1367","modLoggingHandler.LogError MODULE_NAME & "".EnsureRequiredFieldExists"", _"
"EnsureRequiredFieldExists","modBasicModuleSchema","1372","EnsureRequiredFieldExists = False"
"FieldExists","modBasicModuleSchema","1382","If Not FieldExists(db, tableName, fieldName) Then"
"DropFieldIfExists","modBasicModuleSchema","1387","modLoggingHandler.LogInfo MODULE_NAME & "".DropFieldIfExists"", ""Dropped field: "" & tableName & ""."" & fieldName"
"LogInfo","modBasicModuleSchema","1387","modLoggingHandler.LogInfo MODULE_NAME & "".DropFieldIfExists"", ""Dropped field: "" & tableName & ""."" & fieldName"
"DropFieldIfExists","modBasicModuleSchema","1391","modLoggingHandler.LogWarning MODULE_NAME & "".DropFieldIfExists"", _"
"LogWarning","modBasicModuleSchema","1391","modLoggingHandler.LogWarning MODULE_NAME & "".DropFieldIfExists"", _"
"SqlText","modBasicModuleSchema","1400","ByVal SqlText As String)"
"FieldExists","modBasicModuleSchema","1403","If Not FieldExists(db, tableName, fieldName) Then"
"EnsureIndexWhenFieldExists","modBasicModuleSchema","1404","modLoggingHandler.LogWarning MODULE_NAME & "".EnsureIndexWhenFieldExists"", _"
"LogWarning","modBasicModuleSchema","1404","modLoggingHandler.LogWarning MODULE_NAME & "".EnsureIndexWhenFieldExists"", _"
"ExecuteCreateIndexIfMissing","modBasicModuleSchema","1409","ExecuteCreateIndexIfMissing db, tableName, indexName, SqlText"
"SqlText","modBasicModuleSchema","1409","ExecuteCreateIndexIfMissing db, tableName, indexName, SqlText"
"EnsureIndexWhenFieldExists","modBasicModuleSchema","1410","modLoggingHandler.LogInfo MODULE_NAME & "".EnsureIndexWhenFieldExists"", ""Index ensured: "" & indexName"
"LogInfo","modBasicModuleSchema","1410","modLoggingHandler.LogInfo MODULE_NAME & "".EnsureIndexWhenFieldExists"", ""Index ensured: "" & indexName"
"EnsureIndexWhenFieldExists","modBasicModuleSchema","1414","modLoggingHandler.LogWarning MODULE_NAME & "".EnsureIndexWhenFieldExists"", _"
"LogWarning","modBasicModuleSchema","1414","modLoggingHandler.LogWarning MODULE_NAME & "".EnsureIndexWhenFieldExists"", _"
"IsLinkedAccessTable","modBasicModuleSchema","1428","IsLinkedAccessTable = (InStr(1, connectText, ACCESS_CONNECT_PREFIX, vbTextCompare) > 0)"
"IsLinkedAccessTable","modBasicModuleSchema","1432","IsLinkedAccessTable = False"
"ResolveLinkedTableBackendPath","modBasicModuleSchema","1451","ResolveLinkedTableBackendPath = Trim$(Mid$(connectText, markerPosition + Len(ACCESS_CONNECT_PREFIX)))"
"ResolveLinkedTableBackendPath","modBasicModuleSchema","1455","ResolveLinkedTableBackendPath = vbNullString"
"NormalizePath","modBasicModuleSchema","1459","NormalizePath = LCase$(Trim$(Replace(pathText, ""/"", ""\"")))"
"OpenOrCreateAccessDatabase","modBasicModuleSchema","1466","Set OpenOrCreateAccessDatabase = DBEngine.CreateDatabase(databasePath, dbLangGeneral)"
"OpenOrCreateAccessDatabase","modBasicModuleSchema","1468","Set OpenOrCreateAccessDatabase = DBEngine.OpenDatabase(databasePath)"
"OpenOrCreateAccessDatabase","modBasicModuleSchema","1473","Set OpenOrCreateAccessDatabase = Nothing"
"OpenOrCreateAccessDatabase","modBasicModuleSchema","1474","Err.Raise Err.Number, MODULE_NAME & "".OpenOrCreateAccessDatabase"", Err.description"
"ResolveDatabasePath","modBasicModuleSchema","1481","ResolveDatabasePath = ""(none)"""
"ResolveDatabasePath","modBasicModuleSchema","1483","ResolveDatabasePath = Nz(db.Name, vbNullString)"
"ResolveDatabasePath","modBasicModuleSchema","1488","ResolveDatabasePath = ""(unresolved)"""
"RefreshTableDefinition","modBasicModuleSchema","1512","RefreshTableDefinition db, tableName"
"LogInfo","modBasicModuleSchema","1522","modLoggingHandler.LogInfo SourceProcedure, ""Fields in "" & tableName & "": "" & fieldList"
"LogWarning","modBasicModuleSchema","1526","modLoggingHandler.LogWarning SourceProcedure, _"
"SqlText","modBasicModuleSchema","1534","ByVal SqlText As String)"
"IndexExists","modBasicModuleSchema","1537","If IndexExists(db, tableName, indexName) Then"
"ExecuteDdl","modBasicModuleSchema","1542","ExecuteDdl db, SqlText"
"SqlText","modBasicModuleSchema","1542","ExecuteDdl db, SqlText"
"ExecuteCreateIndexIfMissing","modBasicModuleSchema","1546","Err.Raise Err.Number, MODULE_NAME & "".ExecuteCreateIndexIfMissing"", Err.description"
"IndexExists","modBasicModuleSchema","1565","IndexExists = True"
"SqlText","modBasicModuleSchema","1578","db.Execute SqlText, dbFailOnError"
"SqlText","modBasicModuleSchema","1579","Debug.Print ""OK: "" & SqlText"
"SqlText","modBasicModuleSchema","1590","Debug.Print SqlText"
"ExecuteDdl","modBasicModuleSchema","1591","Err.Raise Err.Number, MODULE_NAME & "".ExecuteDdl"", Err.description"
"SqlText","modBasicModuleSchema","1596","SqlText = ""'"" & Replace(Trim$(valueText), ""'"", ""''"") & ""'"""
"TableExists","modArticleGroupService","34","If Not TableExists(TABLE_ARTICLE_GROUP) Then"
"ExecuteSql","modArticleGroupService","35","ExecuteSql ""CREATE TABLE "" & TABLE_ARTICLE_GROUP & "" ("" & _"
"IsLinkedTable","modArticleGroupService","46","ElseIf IsLinkedTable(TABLE_ARTICLE_GROUP) Then"
"EnsureArticleGroupTable","modArticleGroupService","47","EnsureArticleGroupTable = True"
"EnsureFieldExists","modArticleGroupService","51","EnsureFieldExists TABLE_ARTICLE_GROUP, FIELD_ARTICLE_GROUP_CODE, ""TEXT(50)"""
"EnsureFieldExists","modArticleGroupService","52","EnsureFieldExists TABLE_ARTICLE_GROUP, FIELD_ARTICLE_GROUP_NAME, ""TEXT(150)"""
"EnsureFieldExists","modArticleGroupService","53","EnsureFieldExists TABLE_ARTICLE_GROUP, FIELD_DESCRIPTION_TEXT, ""LONGTEXT"""
"EnsureFieldExists","modArticleGroupService","54","EnsureFieldExists TABLE_ARTICLE_GROUP, FIELD_IS_ACTIVE, ""YESNO"""
"EnsureFieldExists","modArticleGroupService","55","EnsureFieldExists TABLE_ARTICLE_GROUP, FIELD_SORT_ORDER, ""LONG"""
"EnsureFieldExists","modArticleGroupService","56","EnsureFieldExists TABLE_ARTICLE_GROUP, FIELD_CREATED_AT, ""DATETIME"""
"EnsureFieldExists","modArticleGroupService","57","EnsureFieldExists TABLE_ARTICLE_GROUP, FIELD_CREATED_BY, ""TEXT(100)"""
"EnsureFieldExists","modArticleGroupService","58","EnsureFieldExists TABLE_ARTICLE_GROUP, FIELD_UPDATED_AT, ""DATETIME"""
"EnsureFieldExists","modArticleGroupService","59","EnsureFieldExists TABLE_ARTICLE_GROUP, FIELD_UPDATED_BY, ""TEXT(100)"""
"EnsureIndexExists","modArticleGroupService","61","EnsureIndexExists TABLE_ARTICLE_GROUP, ""ux_art_product_group_code"", _"
"EnsureIndexExists","modArticleGroupService","63","EnsureIndexExists TABLE_ARTICLE_GROUP, ""ix_art_product_group_sort_order"", _"
"EnsureIndexExists","modArticleGroupService","65","EnsureIndexExists TABLE_ARTICLE_GROUP, ""ix_art_product_group_is_active"", _"
"EnsureArticleGroupTable","modArticleGroupService","68","EnsureArticleGroupTable = True"
"EnsureArticleGroupTable","modArticleGroupService","72","EnsureArticleGroupTable = False"
"EnsureArticleGroupTable","modArticleGroupService","73","modErrorHandler.HandleError MODULE_NAME, ""EnsureArticleGroupTable"", Err"
"HandleError","modArticleGroupService","73","modErrorHandler.HandleError MODULE_NAME, ""EnsureArticleGroupTable"", Err"
"BuildArticleGroupListRowSource","modArticleGroupService","93","BuildArticleGroupListRowSource = sqlStatement"
"EscapeLikeValue","modArticleGroupService","97","searchText = EscapeLikeValue(UCase$(Trim$(searchText)))"
"BuildArticleGroupSearchFilter","modArticleGroupService","98","BuildArticleGroupSearchFilter = ""UCase(Nz(["" & FIELD_SEARCH_TEXT & ""],'')) Like '*"" & searchText & ""*'"""
"HasFormControl","modArticleGroupService","108","If HasFormControl(formInstance, FIELD_IS_ACTIVE) Then"
"HasFormControl","modArticleGroupService","114","If HasFormControl(formInstance, FIELD_SORT_ORDER) Then"
"NzLong","modArticleGroupService","115","If modDaoHelper.NzLong(formInstance.Controls(FIELD_SORT_ORDER).Value, 0) <= 0 Then"
"ResolveNextSortOrder","modArticleGroupService","116","formInstance.Controls(FIELD_SORT_ORDER).Value = ResolveNextSortOrder()"
"ApplyDefaultValues","modArticleGroupService","123","modErrorHandler.HandleError MODULE_NAME, ""ApplyDefaultValues"", Err"
"HandleError","modArticleGroupService","123","modErrorHandler.HandleError MODULE_NAME, ""ApplyDefaultValues"", Err"
"ValidateForm","modArticleGroupService","137","If Not modFwValidationRuntime.ValidateForm(formInstance) Then"
"ResolveArticleGroupId","modArticleGroupService","141","articleGroupId = ResolveArticleGroupId(formInstance)"
"ResolveFieldText","modArticleGroupService","142","articleGroupCode = ResolveFieldText(formInstance, FIELD_ARTICLE_GROUP_CODE)"
"ResolveFieldText","modArticleGroupService","143","articleGroupName = ResolveFieldText(formInstance, FIELD_ARTICLE_GROUP_NAME)"
"ResolveText","modArticleGroupService","146","MsgBox modFwTranslationRuntime.ResolveText(""MSG.ARTICLE_GROUP_CODE_REQUIRED"", ""Artikelgruppen-Code ist erforderlich.""), vbExclamation, MODULE_NAME"
"ResolveText","modArticleGroupService","151","MsgBox modFwTranslationRuntime.ResolveText(""MSG.ARTICLE_GROUP_NAME_REQUIRED"", ""Artikelgruppen-Name ist erforderlich.""), vbExclamation, MODULE_NAME"
"ArticleGroupCodeExists","modArticleGroupService","155","If ArticleGroupCodeExists(articleGroupCode, articleGroupId) Then"
"ResolveText","modArticleGroupService","156","MsgBox modFwTranslationRuntime.ResolveText(""MSG.ARTICLE_GROUP_DUPLICATE_CODE"", ""Artikelgruppen-Code existiert bereits.""), vbExclamation, MODULE_NAME"
"ValidateArticleGroupForm","modArticleGroupService","160","ValidateArticleGroupForm = True"
"ValidateArticleGroupForm","modArticleGroupService","164","ValidateArticleGroupForm = False"
"HandleError","modArticleGroupService","165","modErrorHandler.HandleError MODULE_NAME, ""ValidateArticleGroupForm"", Err"
"ValidateArticleGroupForm","modArticleGroupService","165","modErrorHandler.HandleError MODULE_NAME, ""ValidateArticleGroupForm"", Err"
"ResolveFieldText","modArticleGroupService","179","productGroupCode = UCase$(ResolveFieldText(formInstance, FIELD_ARTICLE_GROUP_CODE))"
"ResolveFieldText","modArticleGroupService","180","productGroupName = ResolveFieldText(formInstance, FIELD_ARTICLE_GROUP_NAME)"
"ResolveFieldText","modArticleGroupService","181","DescriptionText = ResolveFieldText(formInstance, FIELD_DESCRIPTION_TEXT)"
"SetFieldValueIfPresent","modArticleGroupService","184","SetFieldValueIfPresent formInstance, FIELD_ARTICLE_GROUP_CODE, productGroupCode"
"SetFieldValueIfPresent","modArticleGroupService","188","SetFieldValueIfPresent formInstance, FIELD_ARTICLE_GROUP_NAME, productGroupName"
"HasFormControl","modArticleGroupService","191","If HasFormControl(formInstance, FIELD_DESCRIPTION_TEXT) Then"
"SetFieldValueIfPresent","modArticleGroupService","192","SetFieldValueIfPresent formInstance, FIELD_DESCRIPTION_TEXT, DescriptionText"
"HandleError","modArticleGroupService","198","modErrorHandler.HandleError MODULE_NAME, ""PrepareArticleGroupForSave"", Err"
"PrepareArticleGroupForSave","modArticleGroupService","198","modErrorHandler.HandleError MODULE_NAME, ""PrepareArticleGroupForSave"", Err"
"HasFormControl","modArticleGroupService","206","If HasFormControl(formInstance, FIELD_ARTICLE_GROUP_ID) Then"
"NzLong","modArticleGroupService","207","ResolveArticleGroupId = modDaoHelper.NzLong(formInstance.Controls(FIELD_ARTICLE_GROUP_ID).Value, 0)"
"ResolveArticleGroupId","modArticleGroupService","207","ResolveArticleGroupId = modDaoHelper.NzLong(formInstance.Controls(FIELD_ARTICLE_GROUP_ID).Value, 0)"
"HasFormControl","modArticleGroupService","208","ElseIf HasFormControl(formInstance, ""txtArticleGroupId"") Then"
"NzLong","modArticleGroupService","209","ResolveArticleGroupId = modDaoHelper.NzLong(formInstance.Controls(""txtArticleGroupId"").Value, 0)"
"ResolveArticleGroupId","modArticleGroupService","209","ResolveArticleGroupId = modDaoHelper.NzLong(formInstance.Controls(""txtArticleGroupId"").Value, 0)"
"ResolveFieldText","modArticleGroupService","217","articleGroupCode = ResolveFieldText(formInstance, FIELD_ARTICLE_GROUP_CODE)"
"ResolveFieldText","modArticleGroupService","218","articleGroupName = ResolveFieldText(formInstance, FIELD_ARTICLE_GROUP_NAME)"
"ResolveArticleGroupDisplayName","modArticleGroupService","222","ResolveArticleGroupDisplayName = articleGroupCode & "" - "" & articleGroupName"
"ResolveArticleGroupDisplayName","modArticleGroupService","224","ResolveArticleGroupDisplayName = articleGroupName"
"ResolveArticleGroupDisplayName","modArticleGroupService","227","ResolveArticleGroupDisplayName = articleGroupCode"
"SqlText","modArticleGroupService","240","criteria = ""UCase(Nz(["" & FIELD_ARTICLE_GROUP_CODE & ""],'')) = "" & SqlText(articleGroupCode) & "" """
"ArticleGroupCodeExists","modArticleGroupService","246","ArticleGroupCodeExists = (DCount(""*"", TABLE_ARTICLE_GROUP, criteria) > 0)"
"ArticleGroupCodeExists","modArticleGroupService","250","ArticleGroupCodeExists = False"
"ArticleGroupCodeExists","modArticleGroupService","251","modErrorHandler.HandleError MODULE_NAME, ""ArticleGroupCodeExists"", Err"
"HandleError","modArticleGroupService","251","modErrorHandler.HandleError MODULE_NAME, ""ArticleGroupCodeExists"", Err"
"ResolveNextSortOrder","modArticleGroupService","261","ResolveNextSortOrder = 10"
"ResolveNextSortOrder","modArticleGroupService","263","ResolveNextSortOrder = CLng(maxSortOrder) + 10"
"ResolveNextSortOrder","modArticleGroupService","268","ResolveNextSortOrder = 10"
"HandleError","modArticleGroupService","269","modErrorHandler.HandleError MODULE_NAME, ""ResolveNextSortOrder"", Err"
"ResolveNextSortOrder","modArticleGroupService","269","modErrorHandler.HandleError MODULE_NAME, ""ResolveNextSortOrder"", Err"
"HasFormControl","modArticleGroupService","279","If HasFormControl(formInstance, fieldName) Then"
"NzString","modArticleGroupService","280","ResolveFieldText = Trim$(modDaoHelper.NzString(formInstance.Controls(fieldName).Value))"
"ResolveFieldText","modArticleGroupService","280","ResolveFieldText = Trim$(modDaoHelper.NzString(formInstance.Controls(fieldName).Value))"
"ConvertFieldNameToPascal","modArticleGroupService","284","If HasFormControl(formInstance, ""txt"" & ConvertFieldNameToPascal(fieldName)) Then"
"HasFormControl","modArticleGroupService","284","If HasFormControl(formInstance, ""txt"" & ConvertFieldNameToPascal(fieldName)) Then"
"ConvertFieldNameToPascal","modArticleGroupService","285","ResolveFieldText = Trim$(modDaoHelper.NzString(formInstance.Controls(""txt"" & ConvertFieldNameToPascal(fieldName)).Value))"
"NzString","modArticleGroupService","285","ResolveFieldText = Trim$(modDaoHelper.NzString(formInstance.Controls(""txt"" & ConvertFieldNameToPascal(fieldName)).Value))"
"ResolveFieldText","modArticleGroupService","285","ResolveFieldText = Trim$(modDaoHelper.NzString(formInstance.Controls(""txt"" & ConvertFieldNameToPascal(fieldName)).Value))"
"ConvertFieldNameToPascal","modArticleGroupService","298","ConvertFieldNameToPascal = ConvertFieldNameToPascal & UCase$(Left$(CStr(partValue), 1)) & LCase$(Mid$(CStr(partValue), 2))"
"HasFormControl","modArticleGroupService","310","If HasFormControl(formInstance, fieldName) Then"
"EscapeLikeValue","modArticleGroupService","323","EscapeLikeValue = valueText"
"FieldExists","modArticleGroupService","327","If Not FieldExists(tableName, fieldName) Then"
"ExecuteSql","modArticleGroupService","328","ExecuteSql ""ALTER TABLE "" & tableName & "" ADD COLUMN "" & fieldName & "" "" & ddlType & "";"""
"IndexExists","modArticleGroupService","333","If Not IndexExists(tableName, indexName) Then"
"ExecuteSql","modArticleGroupService","334","ExecuteSql createSql"
"TableExists","modArticleGroupService","347","TableExists = True"
"FieldExists","modArticleGroupService","368","FieldExists = True"
"IndexExists","modArticleGroupService","390","IndexExists = True"
"IsLinkedTable","modArticleGroupService","409","IsLinkedTable = (LenB(Trim$(modDaoHelper.NzString(tableDefinition.Connect))) > 0)"
"NzString","modArticleGroupService","409","IsLinkedTable = (LenB(Trim$(modDaoHelper.NzString(tableDefinition.Connect))) > 0)"
"HasFormControl","modArticleGroupService","431","HasFormControl = True"
"TableExists","modFwTranslationTagGeneratorService","43","If TableExists(db, TABLE_TAG_GENERATOR) Then"
"EnsureTranslationTagGeneratorTable","modFwTranslationTagGeneratorService","66","modLoggingHandler.LogInfo MODULE_NAME & "".EnsureTranslationTagGeneratorTable"", _"
"LogInfo","modFwTranslationTagGeneratorService","66","modLoggingHandler.LogInfo MODULE_NAME & "".EnsureTranslationTagGeneratorTable"", _"
"EnsureTranslationTagGeneratorTable","modFwTranslationTagGeneratorService","71","modErrorHandler.HandleError MODULE_NAME, ""EnsureTranslationTagGeneratorTable"", Err"
"HandleError","modFwTranslationTagGeneratorService","71","modErrorHandler.HandleError MODULE_NAME, ""EnsureTranslationTagGeneratorTable"", Err"
"NzString","modFwTranslationTagGeneratorService","92","sessionId = Trim$(modDaoHelper.NzString(sessionId))"
"NzString","modFwTranslationTagGeneratorService","93","FormName = Trim$(modDaoHelper.NzString(FormName))"
"EnsureTranslationTagGeneratorTable","modFwTranslationTagGeneratorService","99","EnsureTranslationTagGeneratorTable"
"ClearSession","modFwTranslationTagGeneratorService","100","ClearSession sessionId"
"GetFormControlMetadata","modFwTranslationTagGeneratorService","103","Set metadataItems = modFwComposerService.GetFormControlMetadata(FormName, includeHidden)"
"NzString","modFwTranslationTagGeneratorService","108","currentTag = modDaoHelper.NzString(metadata(""current_tag""))"
"NzString","modFwTranslationTagGeneratorService","109","currentTranslationKey = modDaoHelper.NzString(metadata(""current_translation_key""))"
"NzString","modFwTranslationTagGeneratorService","110","sourceText = ResolveStoredSourceText(modDaoHelper.NzString(metadata(""source_text"")), modDaoHelper.NzString(metadata(""control_name"")))"
"ResolveStoredSourceText","modFwTranslationTagGeneratorService","110","sourceText = ResolveStoredSourceText(modDaoHelper.NzString(metadata(""source_text"")), modDaoHelper.NzString(metadata(""control_name"")))"
"BuildTranslationKey","modFwTranslationTagGeneratorService","111","suggestedTranslationKey = BuildTranslationKey(FormName, modDaoHelper.NzString(metadata(""control_name"")))"
"NzString","modFwTranslationTagGeneratorService","111","suggestedTranslationKey = BuildTranslationKey(FormName, modDaoHelper.NzString(metadata(""control_name"")))"
"IsRelevantControl","modFwTranslationTagGeneratorService","112","isRelevant = IsRelevantControl(metadata)"
"NzString","modFwTranslationTagGeneratorService","119","rs.Fields(FIELD_CONTROL_NAME).Value = modDaoHelper.NzString(metadata(""control_name""))"
"NzString","modFwTranslationTagGeneratorService","120","rs.Fields(FIELD_CONTROL_TYPE).Value = modDaoHelper.NzString(metadata(""control_type""))"
"NullIfEmpty","modFwTranslationTagGeneratorService","124","rs.Fields(FIELD_CURRENT_TRANSLATION_KEY).Value = NullIfEmpty(currentTranslationKey)"
"NullIfEmpty","modFwTranslationTagGeneratorService","125","rs.Fields(FIELD_SUGGESTED_TRANSLATION_KEY).Value = NullIfEmpty(ResolveSuggestedTranslationKey(isRelevant, suggestedTranslationKey))"
"ResolveSuggestedTranslationKey","modFwTranslationTagGeneratorService","125","rs.Fields(FIELD_SUGGESTED_TRANSLATION_KEY).Value = NullIfEmpty(ResolveSuggestedTranslationKey(isRelevant, suggestedTranslationKey))"
"ResolveTagStatus","modFwTranslationTagGeneratorService","126","rs.Fields(FIELD_TAG_STATUS).Value = ResolveTagStatus(isRelevant, hasTranslationMarker, currentTranslationKey)"
"NzBoolean","modFwTranslationTagGeneratorService","128","rs.Fields(FIELD_IS_VISIBLE).Value = modDaoHelper.NzBoolean(metadata(""is_visible""), True)"
"LoadFormControlRows","modFwTranslationTagGeneratorService","134","LoadFormControlRows = RowNo"
"HandleError","modFwTranslationTagGeneratorService","145","modErrorHandler.HandleError MODULE_NAME, ""LoadFormControlRows"", Err"
"LoadFormControlRows","modFwTranslationTagGeneratorService","145","modErrorHandler.HandleError MODULE_NAME, ""LoadFormControlRows"", Err"
"NzString","modFwTranslationTagGeneratorService","157","sessionId = Trim$(modDaoHelper.NzString(sessionId))"
"EnsureTranslationTagGeneratorTable","modFwTranslationTagGeneratorService","162","EnsureTranslationTagGeneratorTable"
"SqlText","modFwTranslationTagGeneratorService","166",""" WHERE "" & FIELD_SESSION_ID & "" = "" & SqlText(sessionId) & _"
"NzBoolean","modFwTranslationTagGeneratorService","170","isRelevant = modDaoHelper.NzBoolean(rs.Fields(FIELD_IS_RELEVANT).Value, False)"
"BuildTranslationKey","modFwTranslationTagGeneratorService","171","suggestedTranslationKey = BuildTranslationKey( _"
"NzString","modFwTranslationTagGeneratorService","172","modDaoHelper.NzString(rs.Fields(FIELD_FORM_NAME).Value), _"
"NzString","modFwTranslationTagGeneratorService","173","modDaoHelper.NzString(rs.Fields(FIELD_CONTROL_NAME).Value))"
"NullIfEmpty","modFwTranslationTagGeneratorService","176","rs.Fields(FIELD_SUGGESTED_TRANSLATION_KEY).Value = NullIfEmpty(ResolveSuggestedTranslationKey(isRelevant, suggestedTranslationKey))"
"ResolveSuggestedTranslationKey","modFwTranslationTagGeneratorService","176","rs.Fields(FIELD_SUGGESTED_TRANSLATION_KEY).Value = NullIfEmpty(ResolveSuggestedTranslationKey(isRelevant, suggestedTranslationKey))"
"RegenerateSuggestions","modFwTranslationTagGeneratorService","179","RegenerateSuggestions = RegenerateSuggestions + 1"
"HandleError","modFwTranslationTagGeneratorService","191","modErrorHandler.HandleError MODULE_NAME, ""RegenerateSuggestions"", Err"
"RegenerateSuggestions","modFwTranslationTagGeneratorService","191","modErrorHandler.HandleError MODULE_NAME, ""RegenerateSuggestions"", Err"
"NzString","modFwTranslationTagGeneratorService","201","sessionId = Trim$(modDaoHelper.NzString(sessionId))"
"EnsureTranslationTagGeneratorTable","modFwTranslationTagGeneratorService","206","EnsureTranslationTagGeneratorTable"
"SqlText","modFwTranslationTagGeneratorService","210",""" WHERE "" & FIELD_SESSION_ID & "" = "" & SqlText(sessionId) & _"
"SqlText","modFwTranslationTagGeneratorService","211",""" AND "" & FIELD_TAG_STATUS & "" = "" & SqlText(STATUS_MISSING_KEY) & _"
"ApplySuggestedKeyToRow","modFwTranslationTagGeneratorService","215","If ApplySuggestedKeyToRow(rs) Then"
"SetMissingKeys","modFwTranslationTagGeneratorService","216","SetMissingKeys = SetMissingKeys + 1"
"HandleError","modFwTranslationTagGeneratorService","229","modErrorHandler.HandleError MODULE_NAME, ""SetMissingKeys"", Err"
"SetMissingKeys","modFwTranslationTagGeneratorService","229","modErrorHandler.HandleError MODULE_NAME, ""SetMissingKeys"", Err"
"NzString","modFwTranslationTagGeneratorService","239","sessionId = Trim$(modDaoHelper.NzString(sessionId))"
"NzString","modFwTranslationTagGeneratorService","240","ControlName = Trim$(modDaoHelper.NzString(ControlName))"
"EnsureTranslationTagGeneratorTable","modFwTranslationTagGeneratorService","246","EnsureTranslationTagGeneratorTable"
"SqlText","modFwTranslationTagGeneratorService","250",""" WHERE "" & FIELD_SESSION_ID & "" = "" & SqlText(sessionId) & _"
"SqlText","modFwTranslationTagGeneratorService","251",""" AND "" & FIELD_CONTROL_NAME & "" = "" & SqlText(ControlName) & "";"", dbOpenDynaset)"
"ApplySuggestedKeyToRow","modFwTranslationTagGeneratorService","254","SetKeyForControl = ApplySuggestedKeyToRow(rs)"
"SetKeyForControl","modFwTranslationTagGeneratorService","254","SetKeyForControl = ApplySuggestedKeyToRow(rs)"
"HandleError","modFwTranslationTagGeneratorService","265","modErrorHandler.HandleError MODULE_NAME, ""SetKeyForControl"", Err"
"SetKeyForControl","modFwTranslationTagGeneratorService","265","modErrorHandler.HandleError MODULE_NAME, ""SetKeyForControl"", Err"
"NzString","modFwTranslationTagGeneratorService","277","sessionId = Trim$(modDaoHelper.NzString(sessionId))"
"NzString","modFwTranslationTagGeneratorService","278","ControlName = Trim$(modDaoHelper.NzString(ControlName))"
"EnsureTranslationTagGeneratorTable","modFwTranslationTagGeneratorService","284","EnsureTranslationTagGeneratorTable"
"SqlText","modFwTranslationTagGeneratorService","288",""" WHERE "" & FIELD_SESSION_ID & "" = "" & SqlText(sessionId) & _"
"SqlText","modFwTranslationTagGeneratorService","289",""" AND "" & FIELD_CONTROL_NAME & "" = "" & SqlText(ControlName) & "";"", dbOpenDynaset)"
"NzString","modFwTranslationTagGeneratorService","292","updatedTag = modFwTranslationRuntime.RemoveTranslationKeyFromTag(modDaoHelper.NzString(rs.Fields(FIELD_CURRENT_TAG).Value))"
"RemoveTranslationKeyFromTag","modFwTranslationTagGeneratorService","292","updatedTag = modFwTranslationRuntime.RemoveTranslationKeyFromTag(modDaoHelper.NzString(rs.Fields(FIELD_CURRENT_TAG).Value))"
"NzBoolean","modFwTranslationTagGeneratorService","293","isRelevant = modDaoHelper.NzBoolean(rs.Fields(FIELD_IS_RELEVANT).Value, False)"
"NullIfEmpty","modFwTranslationTagGeneratorService","296","rs.Fields(FIELD_CURRENT_TAG).Value = NullIfEmpty(updatedTag)"
"ResolveTagStatus","modFwTranslationTagGeneratorService","298","rs.Fields(FIELD_TAG_STATUS).Value = ResolveTagStatus(isRelevant, False, vbNullString)"
"NzString","modFwTranslationTagGeneratorService","299","rs.Fields(FIELD_IS_DIRTY).Value = (StrComp(updatedTag, modDaoHelper.NzString(rs.Fields(FIELD_ORIGINAL_TAG).Value), vbBinaryCompare) <> 0)"
"RemoveKeyFromControl","modFwTranslationTagGeneratorService","302","RemoveKeyFromControl = True"
"HandleError","modFwTranslationTagGeneratorService","313","modErrorHandler.HandleError MODULE_NAME, ""RemoveKeyFromControl"", Err"
"RemoveKeyFromControl","modFwTranslationTagGeneratorService","313","modErrorHandler.HandleError MODULE_NAME, ""RemoveKeyFromControl"", Err"
"NzString","modFwTranslationTagGeneratorService","327","sessionId = Trim$(modDaoHelper.NzString(sessionId))"
"NzString","modFwTranslationTagGeneratorService","328","FormName = Trim$(modDaoHelper.NzString(FormName))"
"EnsureTranslationTagGeneratorTable","modFwTranslationTagGeneratorService","334","EnsureTranslationTagGeneratorTable"
"SqlText","modFwTranslationTagGeneratorService","341",""" WHERE "" & FIELD_SESSION_ID & "" = "" & SqlText(sessionId) & _"
"NzString","modFwTranslationTagGeneratorService","346","controlTagMap(modDaoHelper.NzString(rs.Fields(FIELD_CONTROL_NAME).Value)) = modDaoHelper.NzString(rs.Fields(FIELD_CURRENT_TAG).Value)"
"SaveTagChanges","modFwTranslationTagGeneratorService","354","SaveTagChanges = True"
"SaveControlTagsToObject","modFwTranslationTagGeneratorService","358","If Not modFwComposerService.SaveControlTagsToObject(modFwComposerService.OBJECT_TYPE_FORM, FormName, controlTagMap, updatedCount) Then"
"SqlText","modFwTranslationTagGeneratorService","364",""" WHERE "" & FIELD_SESSION_ID & "" = "" & SqlText(sessionId) & _"
"NzString","modFwTranslationTagGeneratorService","370","rs.Fields(FIELD_ORIGINAL_TAG).Value = modDaoHelper.NzString(rs.Fields(FIELD_CURRENT_TAG).Value)"
"SaveTagChanges","modFwTranslationTagGeneratorService","376","SaveTagChanges = True"
"HandleError","modFwTranslationTagGeneratorService","387","modErrorHandler.HandleError MODULE_NAME, ""SaveTagChanges"", Err"
"SaveTagChanges","modFwTranslationTagGeneratorService","387","modErrorHandler.HandleError MODULE_NAME, ""SaveTagChanges"", Err"
"NzString","modFwTranslationTagGeneratorService","397","sessionId = Trim$(modDaoHelper.NzString(sessionId))"
"TableExists","modFwTranslationTagGeneratorService","403","If Not TableExists(db, TABLE_TAG_GENERATOR) Then"
"NzLong","modFwTranslationTagGeneratorService","407","rowCount = modDaoHelper.NzLong(DCount(""*"", TABLE_TAG_GENERATOR, _"
"SqlText","modFwTranslationTagGeneratorService","408","FIELD_SESSION_ID & "" = "" & SqlText(sessionId) & _"
"HasPendingChanges","modFwTranslationTagGeneratorService","411","HasPendingChanges = (rowCount > 0)"
"HandleError","modFwTranslationTagGeneratorService","415","modErrorHandler.HandleError MODULE_NAME, ""HasPendingChanges"", Err"
"HasPendingChanges","modFwTranslationTagGeneratorService","415","modErrorHandler.HandleError MODULE_NAME, ""HasPendingChanges"", Err"
"NzString","modFwTranslationTagGeneratorService","423","sessionId = Trim$(modDaoHelper.NzString(sessionId))"
"TableExists","modFwTranslationTagGeneratorService","429","If Not TableExists(db, TABLE_TAG_GENERATOR) Then"
"SqlText","modFwTranslationTagGeneratorService","434",""" WHERE "" & FIELD_SESSION_ID & "" = "" & SqlText(sessionId) & "";"", dbFailOnError"
"ClearSession","modFwTranslationTagGeneratorService","438","modErrorHandler.HandleError MODULE_NAME, ""ClearSession"", Err"
"HandleError","modFwTranslationTagGeneratorService","438","modErrorHandler.HandleError MODULE_NAME, ""ClearSession"", Err"
"NzBoolean","modFwTranslationTagGeneratorService","453","isRelevant = modDaoHelper.NzBoolean(rs.Fields(FIELD_IS_RELEVANT).Value, False)"
"NzString","modFwTranslationTagGeneratorService","454","suggestedTranslationKey = Trim$(modDaoHelper.NzString(rs.Fields(FIELD_SUGGESTED_TRANSLATION_KEY).Value))"
"NzString","modFwTranslationTagGeneratorService","460","currentTag = modDaoHelper.NzString(rs.Fields(FIELD_CURRENT_TAG).Value)"
"SetTranslationKeyInTag","modFwTranslationTagGeneratorService","461","updatedTag = modFwTranslationRuntime.SetTranslationKeyInTag(currentTag, suggestedTranslationKey)"
"NullIfEmpty","modFwTranslationTagGeneratorService","464","rs.Fields(FIELD_CURRENT_TAG).Value = NullIfEmpty(updatedTag)"
"NzString","modFwTranslationTagGeneratorService","467","rs.Fields(FIELD_IS_DIRTY).Value = (StrComp(updatedTag, modDaoHelper.NzString(rs.Fields(FIELD_ORIGINAL_TAG).Value), vbBinaryCompare) <> 0)"
"ApplySuggestedKeyToRow","modFwTranslationTagGeneratorService","470","ApplySuggestedKeyToRow = True"
"ApplySuggestedKeyToRow","modFwTranslationTagGeneratorService","474","modErrorHandler.HandleError MODULE_NAME, ""ApplySuggestedKeyToRow"", Err"
"HandleError","modFwTranslationTagGeneratorService","474","modErrorHandler.HandleError MODULE_NAME, ""ApplySuggestedKeyToRow"", Err"
"NzLong","modFwTranslationTagGeneratorService","482","controlTypeId = modDaoHelper.NzLong(metadata(""control_type_id""), 0)"
"NzString","modFwTranslationTagGeneratorService","483","CaptionValue = Trim$(modDaoHelper.NzString(metadata(""caption_value"")))"
"NzString","modFwTranslationTagGeneratorService","484","attachedLabelCaption = Trim$(modDaoHelper.NzString(metadata(""attached_label_caption"")))"
"IsRelevantControl","modFwTranslationTagGeneratorService","488","IsRelevantControl = (LenB(CaptionValue) > 0 Or LenB(attachedLabelCaption) > 0)"
"IsRelevantControl","modFwTranslationTagGeneratorService","491","IsRelevantControl = (LenB(attachedLabelCaption) > 0 Or LenB(CaptionValue) > 0)"
"IsRelevantControl","modFwTranslationTagGeneratorService","494","IsRelevantControl = False"
"NzString","modFwTranslationTagGeneratorService","503","currentTranslationKey = Trim$(modDaoHelper.NzString(currentTranslationKey))"
"ResolveTagStatus","modFwTranslationTagGeneratorService","506","ResolveTagStatus = STATUS_NON_TRANSLATABLE"
"ResolveTagStatus","modFwTranslationTagGeneratorService","508","ResolveTagStatus = STATUS_INVALID_TAG"
"ResolveTagStatus","modFwTranslationTagGeneratorService","510","ResolveTagStatus = STATUS_HAS_KEY"
"ResolveTagStatus","modFwTranslationTagGeneratorService","512","ResolveTagStatus = STATUS_MISSING_KEY"
"NzString","modFwTranslationTagGeneratorService","517","FormName = Trim$(modDaoHelper.NzString(FormName))"
"NzString","modFwTranslationTagGeneratorService","518","ControlName = Trim$(modDaoHelper.NzString(ControlName))"
"BuildTranslationKey","modFwTranslationTagGeneratorService","524","BuildTranslationKey = ""FORM."" & UCase$(FormName) & ""."" & UCase$(ControlName)"
"NzString","modFwTranslationTagGeneratorService","529","ResolveSuggestedTranslationKey = Trim$(modDaoHelper.NzString(suggestedTranslationKey))"
"ResolveSuggestedTranslationKey","modFwTranslationTagGeneratorService","529","ResolveSuggestedTranslationKey = Trim$(modDaoHelper.NzString(suggestedTranslationKey))"
"ResolveSuggestedTranslationKey","modFwTranslationTagGeneratorService","531","ResolveSuggestedTranslationKey = vbNullString"
"NzString","modFwTranslationTagGeneratorService","536","sourceText = Trim$(modDaoHelper.NzString(sourceText))"
"NzString","modFwTranslationTagGeneratorService","539","ResolveStoredSourceText = Trim$(modDaoHelper.NzString(ControlName))"
"ResolveStoredSourceText","modFwTranslationTagGeneratorService","539","ResolveStoredSourceText = Trim$(modDaoHelper.NzString(ControlName))"
"ResolveStoredSourceText","modFwTranslationTagGeneratorService","541","ResolveStoredSourceText = sourceText"
"NzString","modFwTranslationTagGeneratorService","546","valueText = modDaoHelper.NzString(valueText)"
"NullIfEmpty","modFwTranslationTagGeneratorService","549","NullIfEmpty = Null"
"NullIfEmpty","modFwTranslationTagGeneratorService","551","NullIfEmpty = valueText"
"TableExists","modFwTranslationTagGeneratorService","566","TableExists = True"
"TableExists","modFwTranslationTagGeneratorService","574","TableExists = False"
"ClearStoredValidationColorsForForm","modFormRuntime","46","ClearStoredValidationColorsForForm formInstance"
"GetFormName","modFormRuntime","48","FormName = GetFormName(formInstance)"
"ParseTagTokens","modFormRuntime","49","Set formTokens = ParseTagTokens(formInstance.Tag)"
"GetCurrentUserRoles","modFormRuntime","50","Set CurrentUserRoles = modSessionContext.GetCurrentUserRoles()"
"InitializeForm","modFormRuntime","52","modLoggingHandler.LogInfo MODULE_NAME & "".InitializeForm"", _"
"LogInfo","modFormRuntime","52","modLoggingHandler.LogInfo MODULE_NAME & "".InitializeForm"", _"
"IsModuleActive","modFormRuntime","60","If Not modModuleManager.IsModuleActive(RequiredModule) Then"
"TryShowMissingModuleMessage","modFormRuntime","61","TryShowMissingModuleMessage RequiredModule, FormName"
"InitializeForm","modFormRuntime","62","modLoggingHandler.LogWarning MODULE_NAME & "".InitializeForm"", _"
"LogWarning","modFormRuntime","62","modLoggingHandler.LogWarning MODULE_NAME & "".InitializeForm"", _"
"IsRoleAllowed","modFormRuntime","70","If Not IsRoleAllowed(AllowedRoles, CurrentUserRoles) Then"
"TryShowRoleDeniedMessage","modFormRuntime","71","TryShowRoleDeniedMessage FormName"
"InitializeForm","modFormRuntime","72","modLoggingHandler.LogWarning MODULE_NAME & "".InitializeForm"", _"
"LogWarning","modFormRuntime","72","modLoggingHandler.LogWarning MODULE_NAME & "".InitializeForm"", _"
"LocalizeForm","modFormRuntime","79","modFormLocalization.LocalizeForm formInstance"
"ApplyReadOnlyPolicy","modFormRuntime","82","ApplyReadOnlyPolicy formInstance"
"InitializeForm","modFormRuntime","83","modLoggingHandler.LogInfo MODULE_NAME & "".InitializeForm"", _"
"LogInfo","modFormRuntime","83","modLoggingHandler.LogInfo MODULE_NAME & "".InitializeForm"", _"
"ApplyInitialFocusPolicy","modFormRuntime","87","ApplyInitialFocusPolicy formInstance"
"ApplyControlPolicies","modFormRuntime","88","ApplyControlPolicies formInstance"
"InitializeForm","modFormRuntime","90","modLoggingHandler.LogInfo MODULE_NAME & "".InitializeForm"", _"
"LogInfo","modFormRuntime","90","modLoggingHandler.LogInfo MODULE_NAME & "".InitializeForm"", _"
"HandleError","modFormRuntime","103","modErrorHandler.HandleError MODULE_NAME, ""InitializeForm"", Err"
"InitializeForm","modFormRuntime","103","modErrorHandler.HandleError MODULE_NAME, ""InitializeForm"", Err"
"ValidateRequiredFields","modFormRuntime","118","ValidateRequiredFields = True"
"ClearValidationHighlights","modFormRuntime","124","ClearValidationHighlights formInstance"
"ShouldValidateControl","modFormRuntime","130","If Not ShouldValidateControl(ctl) Then"
"ParseTagTokens","modFormRuntime","134","Set controlTokens = ParseTagTokens(ctl.Tag)"
"IsControlRequired","modFormRuntime","136","If IsControlRequired(controlTokens) Then"
"IsControlValueMissing","modFormRuntime","137","If IsControlValueMissing(ctl) Then"
"GetDisplayNameForRequiredControl","modFormRuntime","139","MissingFieldNames.Add GetDisplayNameForRequiredControl(formInstance, ctl)"
"HighlightInvalidControl","modFormRuntime","140","HighlightInvalidControl ctl"
"ValidateRequiredFields","modFormRuntime","151","ValidateRequiredFields = False"
"GetFormName","modFormRuntime","152","TryShowRequiredFieldsMessage MissingFieldNames, GetFormName(formInstance)"
"TryShowRequiredFieldsMessage","modFormRuntime","152","TryShowRequiredFieldsMessage MissingFieldNames, GetFormName(formInstance)"
"TryFocusControl","modFormRuntime","155","Call TryFocusControl(firstMissingControl)"
"LogWarning","modFormRuntime","157","modLoggingHandler.LogWarning MODULE_NAME & "".ValidateRequiredFields"", _"
"ValidateRequiredFields","modFormRuntime","157","modLoggingHandler.LogWarning MODULE_NAME & "".ValidateRequiredFields"", _"
"GetFormName","modFormRuntime","158","""Required-field validation failed on form '"" & GetFormName(formInstance) & ""' for "" & _"
"HandleError","modFormRuntime","171","modErrorHandler.HandleError MODULE_NAME, ""ValidateRequiredFields"", Err"
"ValidateRequiredFields","modFormRuntime","171","modErrorHandler.HandleError MODULE_NAME, ""ValidateRequiredFields"", Err"
"ValidateFormPolicies","modFormRuntime","190","ValidateFormPolicies = True"
"ClearValidationHighlights","modFormRuntime","196","ClearValidationHighlights formInstance"
"ShouldValidateControl","modFormRuntime","204","If Not ShouldValidateControl(ctl) Then"
"ParseTagTokens","modFormRuntime","208","Set controlTokens = ParseTagTokens(ctl.Tag)"
"IsControlValueMissing","modFormRuntime","210","isValueMissing = IsControlValueMissing(ctl)"
"IsControlRequired","modFormRuntime","212","If IsControlRequired(controlTokens) And isValueMissing Then"
"GetDisplayNameForRequiredControl","modFormRuntime","214","missingRequiredFieldNames.Add GetDisplayNameForRequiredControl(formInstance, ctl)"
"HighlightInvalidControl","modFormRuntime","215","HighlightInvalidControl ctl"
"IsControlValueInvalidForPolicies","modFormRuntime","216","ElseIf IsControlValueInvalidForPolicies(ctl, controlTokens) Then"
"HighlightInvalidControl","modFormRuntime","218","HighlightInvalidControl ctl"
"BuildControlValidationMessage","modFormRuntime","219","errorMessage = BuildControlValidationMessage(ctl, controlTokens)"
"GetDisplayNameForRequiredControl","modFormRuntime","223","GetDisplayNameForRequiredControl(formInstance, ctl) & "": "" & errorMessage"
"ValidateFormPolicies","modFormRuntime","233","ValidateFormPolicies = False"
"GetFormName","modFormRuntime","234","TryShowValidationSummaryMessage missingRequiredFieldNames, invalidFormatFieldNames, GetFormName(formInstance)"
"TryShowValidationSummaryMessage","modFormRuntime","234","TryShowValidationSummaryMessage missingRequiredFieldNames, invalidFormatFieldNames, GetFormName(formInstance)"
"TryFocusControl","modFormRuntime","242","Call TryFocusControl(firstInvalidControl)"
"LogWarning","modFormRuntime","244","modLoggingHandler.LogWarning MODULE_NAME & "".ValidateFormPolicies"", _"
"ValidateFormPolicies","modFormRuntime","244","modLoggingHandler.LogWarning MODULE_NAME & "".ValidateFormPolicies"", _"
"GetFormName","modFormRuntime","245","""Form policy validation failed on form '"" & GetFormName(formInstance) & ""' for "" & _"
"HandleError","modFormRuntime","258","modErrorHandler.HandleError MODULE_NAME, ""ValidateFormPolicies"", Err"
"ValidateFormPolicies","modFormRuntime","258","modErrorHandler.HandleError MODULE_NAME, ""ValidateFormPolicies"", Err"
"ShouldValidateControl","modFormRuntime","289","ShouldValidateControl = True"
"GetFormName","modFormRuntime","298","GetFormName = ""<unknown>"""
"GetFormName","modFormRuntime","300","GetFormName = formInstance.Name"
"GetFormName","modFormRuntime","305","GetFormName = ""<unknown>"""
"GetFormName","modFormRuntime","306","modErrorHandler.HandleError MODULE_NAME, ""GetFormName"", Err"
"HandleError","modFormRuntime","306","modErrorHandler.HandleError MODULE_NAME, ""GetFormName"", Err"
"ParseTagTokens","modFormRuntime","325","Set ParseTagTokens = parsedTokens"
"ParseTagTokens","modFormRuntime","354","Set ParseTagTokens = parsedTokens"
"ParseTagTokens","modFormRuntime","358","Set ParseTagTokens = CreateObject(""Scripting.Dictionary"")"
"ParseTagTokens","modFormRuntime","359","ParseTagTokens.CompareMode = vbTextCompare"
"HandleError","modFormRuntime","360","modErrorHandler.HandleError MODULE_NAME, ""ParseTagTokens"", Err"
"ParseTagTokens","modFormRuntime","360","modErrorHandler.HandleError MODULE_NAME, ""ParseTagTokens"", Err"
"ParseTagTokens","modFormRuntime","374","Set controlTokens = ParseTagTokens(ctl.Tag)"
"TrySetInitialFocus","modFormRuntime","376","If TrySetInitialFocus(ctl) Then"
"ApplyInitialFocusPolicy","modFormRuntime","377","modLoggingHandler.LogInfo MODULE_NAME & "".ApplyInitialFocusPolicy"", _"
"LogInfo","modFormRuntime","377","modLoggingHandler.LogInfo MODULE_NAME & "".ApplyInitialFocusPolicy"", _"
"GetControlName","modFormRuntime","378","""Initial focus set to control '"" & GetControlName(ctl) & ""' on form '"" & GetFormName(formInstance) & ""'."""
"GetFormName","modFormRuntime","378","""Initial focus set to control '"" & GetControlName(ctl) & ""' on form '"" & GetFormName(formInstance) & ""'."""
"ApplyInitialFocusPolicy","modFormRuntime","380","modLoggingHandler.LogWarning MODULE_NAME & "".ApplyInitialFocusPolicy"", _"
"LogWarning","modFormRuntime","380","modLoggingHandler.LogWarning MODULE_NAME & "".ApplyInitialFocusPolicy"", _"
"GetControlName","modFormRuntime","381","""Initial focus could not be set to control '"" & GetControlName(ctl) & ""' on form '"" & GetFormName(formInstance) & ""'."""
"GetFormName","modFormRuntime","381","""Initial focus could not be set to control '"" & GetControlName(ctl) & ""' on form '"" & GetFormName(formInstance) & ""'."""
"ApplyInitialFocusPolicy","modFormRuntime","397","modErrorHandler.HandleError MODULE_NAME, ""ApplyInitialFocusPolicy"", Err"
"HandleError","modFormRuntime","397","modErrorHandler.HandleError MODULE_NAME, ""ApplyInitialFocusPolicy"", Err"
"IsControlRequired","modFormRuntime","410","IsControlRequired = controlTokens.Exists(TAG_TOKEN_REQUIRED)"
"IsControlRequired","modFormRuntime","414","IsControlRequired = False"
"HandleError","modFormRuntime","415","modErrorHandler.HandleError MODULE_NAME, ""IsControlRequired"", Err"
"IsControlRequired","modFormRuntime","415","modErrorHandler.HandleError MODULE_NAME, ""IsControlRequired"", Err"
"IsControlNumericTag","modFormRuntime","425","IsControlNumericTag = controlTokens.Exists(TAG_TOKEN_NUMERIC)"
"IsControlNumericTag","modFormRuntime","429","IsControlNumericTag = False"
"HandleError","modFormRuntime","430","modErrorHandler.HandleError MODULE_NAME, ""IsControlNumericTag"", Err"
"IsControlNumericTag","modFormRuntime","430","modErrorHandler.HandleError MODULE_NAME, ""IsControlNumericTag"", Err"
"IsControlDateTag","modFormRuntime","440","IsControlDateTag = controlTokens.Exists(TAG_TOKEN_DATE)"
"IsControlDateTag","modFormRuntime","444","IsControlDateTag = False"
"HandleError","modFormRuntime","445","modErrorHandler.HandleError MODULE_NAME, ""IsControlDateTag"", Err"
"IsControlDateTag","modFormRuntime","445","modErrorHandler.HandleError MODULE_NAME, ""IsControlDateTag"", Err"
"IsControlIntegerTag","modFormRuntime","455","IsControlIntegerTag = controlTokens.Exists(TAG_TOKEN_INTEGER)"
"IsControlIntegerTag","modFormRuntime","459","IsControlIntegerTag = False"
"HandleError","modFormRuntime","460","modErrorHandler.HandleError MODULE_NAME, ""IsControlIntegerTag"", Err"
"IsControlIntegerTag","modFormRuntime","460","modErrorHandler.HandleError MODULE_NAME, ""IsControlIntegerTag"", Err"
"GetCurrentUserRoles","modFormRuntime","479","Set CurrentUserRoles = modSessionContext.GetCurrentUserRoles()"
"ParseTagTokens","modFormRuntime","482","Set controlTokens = ParseTagTokens(ctl.Tag)"
"TryApplyLockedPolicy","modFormRuntime","485","If TryApplyLockedPolicy(ctl) Then"
"TryApplyDisabledPolicy","modFormRuntime","491","If TryApplyDisabledPolicy(ctl) Then"
"TryApplyRolePolicy","modFormRuntime","497","If TryApplyRolePolicy(ctl, controlTokens, CurrentUserRoles) Then"
"TryApplyHiddenPolicy","modFormRuntime","503","If TryApplyHiddenPolicy(ctl) Then"
"TryApplyRequiredPolicy","modFormRuntime","509","If TryApplyRequiredPolicy(formInstance, ctl) Then"
"ApplyControlPolicies","modFormRuntime","516","modLoggingHandler.LogInfo MODULE_NAME & "".ApplyControlPolicies"", _"
"LogInfo","modFormRuntime","516","modLoggingHandler.LogInfo MODULE_NAME & "".ApplyControlPolicies"", _"
"GetFormName","modFormRuntime","517","""Control policies applied on form '"" & GetFormName(formInstance) & ""': "" & _"
"ApplyControlPolicies","modFormRuntime","533","modErrorHandler.HandleError MODULE_NAME, ""ApplyControlPolicies"", Err"
"HandleError","modFormRuntime","533","modErrorHandler.HandleError MODULE_NAME, ""ApplyControlPolicies"", Err"
"TryApplyLockedPolicy","modFormRuntime","547","TryApplyLockedPolicy = True"
"TryApplyDisabledPolicy","modFormRuntime","560","TryApplyDisabledPolicy = True"
"IsRoleAllowed","modFormRuntime","583","If IsRoleAllowed(AllowedRoles, CurrentUserRoles) Then"
"TryApplyRolePolicy","modFormRuntime","588","TryApplyRolePolicy = True"
"IsRoleAllowed","modFormRuntime","611","IsRoleAllowed = True"
"IsRoleAllowed","modFormRuntime","620","IsRoleAllowed = False"
"HandleError","modFormRuntime","621","modErrorHandler.HandleError MODULE_NAME, ""IsRoleAllowed"", Err"
"IsRoleAllowed","modFormRuntime","621","modErrorHandler.HandleError MODULE_NAME, ""IsRoleAllowed"", Err"
"TrySetInitialFocus","modFormRuntime","632","TrySetInitialFocus = True"
"TryApplyHiddenPolicy","modFormRuntime","649","TryApplyHiddenPolicy = True"
"GetAssociatedLabel","modFormRuntime","668","Set associatedLabel = GetAssociatedLabel(formInstance, ControlInstance)"
"TryApplyRequiredPolicy","modFormRuntime","679","TryApplyRequiredPolicy = True"
"IsControlValueMissing","modFormRuntime","696","IsControlValueMissing = True"
"IsControlValueMissing","modFormRuntime","701","IsControlValueMissing = (LenB(Trim$(CStr(controlValue))) = 0)"
"IsControlRequired","modFormRuntime","723","If IsControlRequired(controlTokens) Then"
"IsControlValueMissing","modFormRuntime","724","If IsControlValueMissing(ControlInstance) Then"
"IsControlValueInvalidForPolicies","modFormRuntime","725","IsControlValueInvalidForPolicies = True"
"IsControlNumericTag","modFormRuntime","730","If IsControlNumericTag(controlTokens) Then"
"IsControlValueNumericValid","modFormRuntime","731","If Not IsControlValueNumericValid(ControlInstance) Then"
"IsControlValueInvalidForPolicies","modFormRuntime","732","IsControlValueInvalidForPolicies = True"
"IsControlIntegerTag","modFormRuntime","737","If IsControlIntegerTag(controlTokens) Then"
"IsControlValueNumericValid","modFormRuntime","739","If Not IsControlValueNumericValid(ControlInstance) Then"
"IsControlValueInvalidForPolicies","modFormRuntime","740","IsControlValueInvalidForPolicies = True"
"IsControlValueIntegerValid","modFormRuntime","744","If Not IsControlValueIntegerValid(ControlInstance) Then"
"IsControlValueInvalidForPolicies","modFormRuntime","745","IsControlValueInvalidForPolicies = True"
"IsControlNumericTag","modFormRuntime","751","If IsControlNumericTag(controlTokens) Then"
"GetMinValue","modFormRuntime","753","If GetMinValue(controlTokens, minValue) Then"
"IsControlValueMinValid","modFormRuntime","754","If Not IsControlValueMinValid(ControlInstance, minValue) Then"
"IsControlValueInvalidForPolicies","modFormRuntime","755","IsControlValueInvalidForPolicies = True"
"GetMaxValue","modFormRuntime","760","If GetMaxValue(controlTokens, maxValue) Then"
"IsControlValueMaxValid","modFormRuntime","761","If Not IsControlValueMaxValid(ControlInstance, maxValue) Then"
"IsControlValueInvalidForPolicies","modFormRuntime","762","IsControlValueInvalidForPolicies = True"
"GetMinLenValue","modFormRuntime","769","If GetMinLenValue(controlTokens, minLenValue) Then"
"IsControlValueMinLenValid","modFormRuntime","770","If Not IsControlValueMinLenValid(ControlInstance, minLenValue) Then"
"IsControlValueInvalidForPolicies","modFormRuntime","771","IsControlValueInvalidForPolicies = True"
"GetMaxLenValue","modFormRuntime","776","If GetMaxLenValue(controlTokens, maxLenValue) Then"
"IsControlValueMaxLenValid","modFormRuntime","777","If Not IsControlValueMaxLenValid(ControlInstance, maxLenValue) Then"
"IsControlValueInvalidForPolicies","modFormRuntime","778","IsControlValueInvalidForPolicies = True"
"IsControlDateTag","modFormRuntime","783","If IsControlDateTag(controlTokens) Then"
"IsControlValueDateValid","modFormRuntime","784","If Not IsControlValueDateValid(ControlInstance) Then"
"IsControlValueInvalidForPolicies","modFormRuntime","785","IsControlValueInvalidForPolicies = True"
"GetMinValue","modFormRuntime","815","GetMinValue = True"
"GetMaxValue","modFormRuntime","843","GetMaxValue = True"
"IsControlValueNumericValid","modFormRuntime","853","IsControlValueNumericValid = True"
"IsControlValueNumericValid","modFormRuntime","871","IsControlValueNumericValid = IsNumeric(controlValue)"
"IsControlValueIntegerValid","modFormRuntime","882","IsControlValueIntegerValid = True"
"IsControlValueIntegerValid","modFormRuntime","901","IsControlValueIntegerValid = False"
"IsControlValueIntegerValid","modFormRuntime","906","IsControlValueIntegerValid = (numericValue = Fix(numericValue))"
"IsControlValueMinValid","modFormRuntime","916","IsControlValueMinValid = True"
"IsControlValueMinValid","modFormRuntime","935","IsControlValueMinValid = False"
"IsControlValueMinValid","modFormRuntime","939","IsControlValueMinValid = (CDbl(controlValue) >= minValue)"
"IsControlValueMaxValid","modFormRuntime","949","IsControlValueMaxValid = True"
"IsControlValueMaxValid","modFormRuntime","968","IsControlValueMaxValid = False"
"IsControlValueMaxValid","modFormRuntime","972","IsControlValueMaxValid = (CDbl(controlValue) <= maxValue)"
"IsControlValueDateValid","modFormRuntime","982","IsControlValueDateValid = True"
"IsControlValueDateValid","modFormRuntime","1000","IsControlValueDateValid = IsDate(controlValue)"
"GetAssociatedLabel","modFormRuntime","1023","Set GetAssociatedLabel = childControl"
"GetAssociatedLabel","modFormRuntime","1044","Set GetAssociatedLabel = ctl"
"GetAssociatedLabel","modFormRuntime","1053","If GetAssociatedLabel Is Nothing Then"
"GetAssociatedLabel","modFormRuntime","1054","Set GetAssociatedLabel = Nothing"
"TryFocusControl","modFormRuntime","1066","TryFocusControl = True"
"GetDisplayNameForRequiredControl","modFormRuntime","1078","GetDisplayNameForRequiredControl = ""<unknown>"""
"GetAssociatedLabel","modFormRuntime","1082","Set associatedLabel = GetAssociatedLabel(formInstance, ControlInstance)"
"GetDisplayNameForRequiredControl","modFormRuntime","1090","GetDisplayNameForRequiredControl = displayName"
"GetControlName","modFormRuntime","1095","GetDisplayNameForRequiredControl = GetControlName(ControlInstance)"
"GetDisplayNameForRequiredControl","modFormRuntime","1095","GetDisplayNameForRequiredControl = GetControlName(ControlInstance)"
"GetControlName","modFormRuntime","1099","GetDisplayNameForRequiredControl = GetControlName(ControlInstance)"
"GetDisplayNameForRequiredControl","modFormRuntime","1099","GetDisplayNameForRequiredControl = GetControlName(ControlInstance)"
"GetControlName","modFormRuntime","1106","GetControlName = ""<unknown>"""
"GetControlName","modFormRuntime","1110","GetControlName = ControlInstance.Name"
"GetControlName","modFormRuntime","1114","GetControlName = ""<unknown>"""
"ApplyReadOnlyPolicy","modFormRuntime","1138","modErrorHandler.HandleError MODULE_NAME, ""ApplyReadOnlyPolicy"", Err"
"HandleError","modFormRuntime","1138","modErrorHandler.HandleError MODULE_NAME, ""ApplyReadOnlyPolicy"", Err"
"T","modFormRuntime","1151","messageText = modTranslationService.T(""MSG_MODULE_NOT_ACTIVE"", baseMessage)"
"T","modFormRuntime","1172","messageText = modTranslationService.T(""MSG_ROLE_NOT_ALLOWED"", baseMessage)"
"T","modFormRuntime","1194","messageText = modTranslationService.T(""MSG_REQUIRED_FIELDS_MISSING"", baseMessage)"
"T","modFormRuntime","1232","messageText = modTranslationService.T(""MSG_INVALID_FIELD_VALUES"", baseMessage)"
"T","modFormRuntime","1269","requiredMessage = modTranslationService.T(""MSG_REQUIRED_FIELDS_MISSING"", ""Please fill in all required fields."")"
"T","modFormRuntime","1274","invalidMessage = modTranslationService.T(""MSG_INVALID_FIELD_VALUES"", ""Please correct invalid field values."")"
"BuildValidationFieldList","modFormRuntime","1279","requiredFieldList = BuildValidationFieldList(MissingFieldNames)"
"BuildValidationFieldList","modFormRuntime","1280","invalidFieldList = BuildValidationFieldList(InvalidFieldNames)"
"BuildValidationFieldList","modFormRuntime","1319","BuildValidationFieldList = BuildValidationFieldList & ""- "" & CStr(fieldName) & vbCrLf"
"BuildValidationFieldList","modFormRuntime","1322","If LenB(BuildValidationFieldList) > 0 Then"
"BuildValidationFieldList","modFormRuntime","1323","BuildValidationFieldList = Left$(BuildValidationFieldList, Len(BuildValidationFieldList) - Len(vbCrLf))"
"GetMinLenValue","modFormRuntime","1344","GetMinLenValue = True"
"GetMaxLenValue","modFormRuntime","1364","GetMaxLenValue = True"
"IsControlValueMinLenValid","modFormRuntime","1375","IsControlValueMinLenValid = True"
"IsControlValueMinLenValid","modFormRuntime","1387","IsControlValueMinLenValid = (Len(textValue) >= minLenValue)"
"IsControlValueMaxLenValid","modFormRuntime","1398","IsControlValueMaxLenValid = True"
"IsControlValueMaxLenValid","modFormRuntime","1410","IsControlValueMaxLenValid = (Len(textValue) <= maxLenValue)"
"IsControlRequired","modFormRuntime","1427","If IsControlRequired(controlTokens) Then"
"IsControlValueMissing","modFormRuntime","1428","If IsControlValueMissing(ControlInstance) Then"
"BuildControlValidationMessage","modFormRuntime","1429","BuildControlValidationMessage = modTranslationService.T(""ERR_REQUIRED"", ""is required"")"
"T","modFormRuntime","1429","BuildControlValidationMessage = modTranslationService.T(""ERR_REQUIRED"", ""is required"")"
"IsControlNumericTag","modFormRuntime","1435","If IsControlNumericTag(controlTokens) Then"
"IsControlValueNumericValid","modFormRuntime","1436","If Not IsControlValueNumericValid(ControlInstance) Then"
"BuildControlValidationMessage","modFormRuntime","1437","BuildControlValidationMessage = modTranslationService.T(""ERR_NUMERIC"", ""must be a number"")"
"T","modFormRuntime","1437","BuildControlValidationMessage = modTranslationService.T(""ERR_NUMERIC"", ""must be a number"")"
"IsControlIntegerTag","modFormRuntime","1443","If IsControlIntegerTag(controlTokens) Then"
"IsControlValueIntegerValid","modFormRuntime","1444","If Not IsControlValueIntegerValid(ControlInstance) Then"
"BuildControlValidationMessage","modFormRuntime","1445","BuildControlValidationMessage = modTranslationService.T(""ERR_INTEGER"", ""must be an integer"")"
"T","modFormRuntime","1445","BuildControlValidationMessage = modTranslationService.T(""ERR_INTEGER"", ""must be an integer"")"
"IsControlNumericTag","modFormRuntime","1451","If IsControlNumericTag(controlTokens) Then"
"GetMinValue","modFormRuntime","1452","If GetMinValue(controlTokens, minValue) Then"
"IsControlValueMinValid","modFormRuntime","1453","If Not IsControlValueMinValid(ControlInstance, minValue) Then"
"BuildControlValidationMessage","modFormRuntime","1454","BuildControlValidationMessage = modTranslationService.TEx(""ERR_MIN"", ""must be >= {0}"", minValue)"
"TEx","modFormRuntime","1454","BuildControlValidationMessage = modTranslationService.TEx(""ERR_MIN"", ""must be >= {0}"", minValue)"
"GetMaxValue","modFormRuntime","1459","If GetMaxValue(controlTokens, maxValue) Then"
"IsControlValueMaxValid","modFormRuntime","1460","If Not IsControlValueMaxValid(ControlInstance, maxValue) Then"
"BuildControlValidationMessage","modFormRuntime","1461","BuildControlValidationMessage = modTranslationService.TEx(""ERR_MAX"", ""must be <= {0}"", maxValue)"
"TEx","modFormRuntime","1461","BuildControlValidationMessage = modTranslationService.TEx(""ERR_MAX"", ""must be <= {0}"", maxValue)"
"GetMinLenValue","modFormRuntime","1468","If GetMinLenValue(controlTokens, minLenValue) Then"
"IsControlValueMinLenValid","modFormRuntime","1469","If Not IsControlValueMinLenValid(ControlInstance, minLenValue) Then"
"BuildControlValidationMessage","modFormRuntime","1470","BuildControlValidationMessage = modTranslationService.TEx(""ERR_MINLEN"", ""minimum length is {0}"", minLenValue)"
"TEx","modFormRuntime","1470","BuildControlValidationMessage = modTranslationService.TEx(""ERR_MINLEN"", ""minimum length is {0}"", minLenValue)"
"GetMaxLenValue","modFormRuntime","1475","If GetMaxLenValue(controlTokens, maxLenValue) Then"
"IsControlValueMaxLenValid","modFormRuntime","1476","If Not IsControlValueMaxLenValid(ControlInstance, maxLenValue) Then"
"BuildControlValidationMessage","modFormRuntime","1477","BuildControlValidationMessage = modTranslationService.TEx(""ERR_MAXLEN"", ""maximum length is {0}"", maxLenValue)"
"TEx","modFormRuntime","1477","BuildControlValidationMessage = modTranslationService.TEx(""ERR_MAXLEN"", ""maximum length is {0}"", maxLenValue)"
"IsControlDateTag","modFormRuntime","1483","If IsControlDateTag(controlTokens) Then"
"IsControlValueDateValid","modFormRuntime","1484","If Not IsControlValueDateValid(ControlInstance) Then"
"BuildControlValidationMessage","modFormRuntime","1485","BuildControlValidationMessage = modTranslationService.T(""ERR_DATE"", ""must be a valid date"")"
"T","modFormRuntime","1485","BuildControlValidationMessage = modTranslationService.T(""ERR_DATE"", ""must be a valid date"")"
"CanHighlightControl","modFormRuntime","1502","If Not CanHighlightControl(ControlInstance) Then"
"EnsureValidationColorStore","modFormRuntime","1506","EnsureValidationColorStore"
"GetValidationColorKey","modFormRuntime","1508","colorKey = GetValidationColorKey(ControlInstance)"
"EnsureValidationColorStore","modFormRuntime","1533","EnsureValidationColorStore"
"CanHighlightControl","modFormRuntime","1536","If CanHighlightControl(ctl) Then"
"GetValidationColorKey","modFormRuntime","1537","colorKey = GetValidationColorKey(ctl)"
"CanHighlightControl","modFormRuntime","1563","CanHighlightControl = True"
"GetParentFormName","modFormRuntime","1582","GetValidationColorKey = GetParentFormName(ControlInstance) & ""|"" & ControlInstance.Name"
"GetValidationColorKey","modFormRuntime","1582","GetValidationColorKey = GetParentFormName(ControlInstance) & ""|"" & ControlInstance.Name"
"GetValidationColorKey","modFormRuntime","1586","GetValidationColorKey = vbNullString"
"GetParentFormName","modFormRuntime","1596","GetParentFormName = ControlInstance.Parent.Name"
"GetParentFormName","modFormRuntime","1600","GetParentFormName = ""<unknown>"""
"EnsureValidationColorStore","modFormRuntime","1614","EnsureValidationColorStore"
"NormalizeFeatureCode","modGlobals","115","NormalizeFeatureCode = UCase$(Trim$(FeatureCode))"
"ResolveConfigPath","modConfigIni","38","resolvedPath = ResolveConfigPath(IniPath)"
"InitializeConfiguration","modConfigIni","40","Err.Raise vbObjectError + 2100, MODULE_NAME & "".InitializeConfiguration"", ""Configuration file path could not be resolved."""
"GetConfigValue","modConfigIni","44","CurrentLanguage = GetConfigValue(CONFIG_SECTION_APP, ""Language"", DEFAULT_LANGUAGE, ConfigFilePath)"
"GetConfigValue","modConfigIni","45","CurrentEnvironment = UCase$(GetConfigValue(CONFIG_SECTION_APP, ""Environment"", ENV_DEV, ConfigFilePath))"
"GetConfigValue","modConfigIni","46","CurrentLogLevel = NormalizeLogLevel(GetConfigValue(CONFIG_SECTION_LOGGING, ""Level"", DEFAULT_LOG_LEVEL, ConfigFilePath))"
"NormalizeLogLevel","modConfigIni","46","CurrentLogLevel = NormalizeLogLevel(GetConfigValue(CONFIG_SECTION_LOGGING, ""Level"", DEFAULT_LOG_LEVEL, ConfigFilePath))"
"InitializeConfiguration","modConfigIni","48","InitializeConfiguration = True"
"InitializeConfiguration","modConfigIni","52","InitializeConfiguration = False"
"HandleError","modConfigIni","53","modErrorHandler.HandleError MODULE_NAME, ""InitializeConfiguration"", Err"
"InitializeConfiguration","modConfigIni","53","modErrorHandler.HandleError MODULE_NAME, ""InitializeConfiguration"", Err"
"ResolveConfigPath","modConfigIni","61","ResolveConfigPath = Candidate"
"ResolveConfigPath","modConfigIni","67","ResolveConfigPath = Candidate"
"ResolveConfigPath","modConfigIni","73","ResolveConfigPath = Candidate"
"ResolveConfigPath","modConfigIni","85","effectivePath = ResolveConfigPath(IniPath)"
"GetIniString","modConfigIni","87","GetIniString = defaultValue"
"GetIniString","modConfigIni","95","GetIniString = Left$(buffer, charsRead)"
"GetIniString","modConfigIni","97","GetIniString = defaultValue"
"GetIniString","modConfigIni","102","GetIniString = defaultValue"
"GetIniString","modConfigIni","103","modErrorHandler.HandleError MODULE_NAME, ""GetIniString"", Err"
"HandleError","modConfigIni","103","modErrorHandler.HandleError MODULE_NAME, ""GetIniString"", Err"
"GetConfigValue","modConfigIni","107","GetConfigValue = GetIniString(SectionName, keyName, defaultValue, IniPath)"
"GetIniString","modConfigIni","107","GetConfigValue = GetIniString(SectionName, keyName, defaultValue, IniPath)"
"BoolToIni","modConfigIni","113","rawValue = NormalizeToken(GetIniString(SectionName, keyName, BoolToIni(defaultValue), IniPath))"
"GetIniString","modConfigIni","113","rawValue = NormalizeToken(GetIniString(SectionName, keyName, BoolToIni(defaultValue), IniPath))"
"NormalizeToken","modConfigIni","113","rawValue = NormalizeToken(GetIniString(SectionName, keyName, BoolToIni(defaultValue), IniPath))"
"GetIniBoolean","modConfigIni","117","GetIniBoolean = True"
"GetIniBoolean","modConfigIni","119","GetIniBoolean = False"
"GetIniBoolean","modConfigIni","121","GetIniBoolean = defaultValue"
"GetIniString","modConfigIni","128","rawValue = Trim$(GetIniString(SectionName, keyName, CStr(defaultValue), IniPath))"
"GetIniLong","modConfigIni","130","GetIniLong = CLng(rawValue)"
"GetIniLong","modConfigIni","132","GetIniLong = defaultValue"
"NormalizeToken","modConfigIni","137","NormalizeToken = UCase$(Trim$(Value))"
"BoolToIni","modConfigIni","142","BoolToIni = ""1"""
"BoolToIni","modConfigIni","144","BoolToIni = ""0"""
"NormalizeToken","modConfigIni","149","Select Case NormalizeToken(Value)"
"NormalizeLogLevel","modConfigIni","151","NormalizeLogLevel = ""WARN"""
"NormalizeLogLevel","modConfigIni","153","NormalizeLogLevel = ""ERROR"""
"NormalizeLogLevel","modConfigIni","155","NormalizeLogLevel = ""INFO"""
"DiagnosticsEnabled","modFwDiagnostics","15","Private Const APPLICATION_DIAGNOSTICS_KEY As String = ""DiagnosticsEnabled"""
"DiagnosticsEnabled","modFwDiagnostics","23","If Not DiagnosticsEnabled() Then"
"LogSystemSnapshot","modFwDiagnostics","27","SafeLogInfo MODULE_NAME & "".LogSystemSnapshot"", _"
"SafeLogInfo","modFwDiagnostics","27","SafeLogInfo MODULE_NAME & "".LogSystemSnapshot"", _"
"SafeToken","modFwDiagnostics","28","""context="" & SafeToken(contextName) & _"
"SafeToken","modFwDiagnostics","30","""; app_name="" & SafeToken(APP_NAME) & _"
"SafeToken","modFwDiagnostics","31","""; app_version="" & SafeToken(APP_VERSION) & _"
"ResolveTenantCode","modFwDiagnostics","32","""; tenant_code="" & SafeToken(ResolveTenantCode()) & _"
"SafeToken","modFwDiagnostics","32","""; tenant_code="" & SafeToken(ResolveTenantCode()) & _"
"ResolveCurrentUserName","modFwDiagnostics","33","""; current_user="" & SafeToken(ResolveCurrentUserName()) & _"
"SafeToken","modFwDiagnostics","33","""; current_user="" & SafeToken(ResolveCurrentUserName()) & _"
"ResolveCurrentUserId","modFwDiagnostics","34","""; session_user_id="" & SafeToken(ResolveCurrentUserId()) & _"
"SafeToken","modFwDiagnostics","34","""; session_user_id="" & SafeToken(ResolveCurrentUserId()) & _"
"ResolveSessionStartedAt","modFwDiagnostics","35","""; session_started_at="" & SafeToken(ResolveSessionStartedAt()) & _"
"SafeToken","modFwDiagnostics","35","""; session_started_at="" & SafeToken(ResolveSessionStartedAt()) & _"
"GetCurrentLanguageCode","modFwDiagnostics","36","""; language_code="" & SafeToken(modFwTranslationRuntime.GetCurrentLanguageCode()) & _"
"SafeToken","modFwDiagnostics","36","""; language_code="" & SafeToken(modFwTranslationRuntime.GetCurrentLanguageCode()) & _"
"GetOpenFormsCount","modFwDiagnostics","37","""; open_forms_count="" & CStr(GetOpenFormsCount()) & _"
"ResolveActiveFormName","modFwDiagnostics","38","""; active_form="" & SafeToken(ResolveActiveFormName()) & _"
"SafeToken","modFwDiagnostics","38","""; active_form="" & SafeToken(ResolveActiveFormName()) & _"
"ResolveShellSourceObject","modFwDiagnostics","39","""; workspace_source_object="" & SafeToken(ResolveShellSourceObject(WORKSPACE_SUBFORM_CONTROL)) & _"
"SafeToken","modFwDiagnostics","39","""; workspace_source_object="" & SafeToken(ResolveShellSourceObject(WORKSPACE_SUBFORM_CONTROL)) & _"
"ResolveShellSourceObject","modFwDiagnostics","40","""; navigation_source_object="" & SafeToken(ResolveShellSourceObject(NAVIGATION_SUBFORM_CONTROL)) & _"
"SafeToken","modFwDiagnostics","40","""; navigation_source_object="" & SafeToken(ResolveShellSourceObject(NAVIGATION_SUBFORM_CONTROL)) & _"
"GetBackendPath","modFwDiagnostics","41","""; backend_path="" & SafeToken(modDb.GetBackendPath()) & _"
"SafeToken","modFwDiagnostics","41","""; backend_path="" & SafeToken(modDb.GetBackendPath()) & _"
"SafeToken","modFwDiagnostics","42","""; log_level="" & SafeToken(CurrentLogLevel) & _"
"SafeToken","modFwDiagnostics","43","""; environment="" & SafeToken(CurrentEnvironment)"
"DiagnosticsEnabled","modFwDiagnostics","53","If Not DiagnosticsEnabled() Then"
"LogOpenForms","modFwDiagnostics","57","SafeLogInfo MODULE_NAME & "".LogOpenForms"", _"
"SafeLogInfo","modFwDiagnostics","57","SafeLogInfo MODULE_NAME & "".LogOpenForms"", _"
"GetOpenFormsCount","modFwDiagnostics","58","""context="" & SafeToken(contextName) & ""; open_forms_count="" & CStr(GetOpenFormsCount())"
"SafeToken","modFwDiagnostics","58","""context="" & SafeToken(contextName) & ""; open_forms_count="" & CStr(GetOpenFormsCount())"
"ResolveRecordsetState","modFwDiagnostics","61","recordsetState = ResolveRecordsetState(frm)"
"ResolveHostSourceObject","modFwDiagnostics","62","sourceObject = ResolveHostSourceObject(frm)"
"LogOpenForms","modFwDiagnostics","64","SafeLogInfo MODULE_NAME & "".LogOpenForms"", _"
"SafeLogInfo","modFwDiagnostics","64","SafeLogInfo MODULE_NAME & "".LogOpenForms"", _"
"SafeToken","modFwDiagnostics","65","""context="" & SafeToken(contextName) & _"
"SafeToken","modFwDiagnostics","66","""; form_name="" & SafeToken(frm.Name) & _"
"SafeToken","modFwDiagnostics","68","""; record_source="" & SafeToken(TryGetPropertyText(frm, ""RecordSource"")) & _"
"TryGetPropertyText","modFwDiagnostics","68","""; record_source="" & SafeToken(TryGetPropertyText(frm, ""RecordSource"")) & _"
"BoolText","modFwDiagnostics","69","""; dirty="" & BoolText(TryGetPropertyBoolean(frm, ""Dirty"")) & _"
"TryGetPropertyBoolean","modFwDiagnostics","69","""; dirty="" & BoolText(TryGetPropertyBoolean(frm, ""Dirty"")) & _"
"BoolText","modFwDiagnostics","70","""; new_record="" & BoolText(TryGetPropertyBoolean(frm, ""NewRecord"")) & _"
"TryGetPropertyBoolean","modFwDiagnostics","70","""; new_record="" & BoolText(TryGetPropertyBoolean(frm, ""NewRecord"")) & _"
"SafeToken","modFwDiagnostics","71","""; current_record="" & SafeToken(CStr(TryGetPropertyLong(frm, ""CurrentRecord""))) & _"
"TryGetPropertyLong","modFwDiagnostics","71","""; current_record="" & SafeToken(CStr(TryGetPropertyLong(frm, ""CurrentRecord""))) & _"
"SafeToken","modFwDiagnostics","72","""; recordset_state="" & SafeToken(recordsetState) & _"
"SafeToken","modFwDiagnostics","73","""; host_source_object="" & SafeToken(sourceObject)"
"DiagnosticsEnabled","modFwDiagnostics","82","If Not DiagnosticsEnabled() Then"
"ResolveShellForm","modFwDiagnostics","86","Set effectiveShellForm = ResolveShellForm(shellForm)"
"LogWorkspaceState","modFwDiagnostics","88","SafeLogInfo MODULE_NAME & "".LogWorkspaceState"", _"
"SafeLogInfo","modFwDiagnostics","88","SafeLogInfo MODULE_NAME & "".LogWorkspaceState"", _"
"SafeToken","modFwDiagnostics","89","""context="" & SafeToken(contextName) & _"
"ResolveFormName","modFwDiagnostics","90","""; shell_form="" & SafeToken(ResolveFormName(effectiveShellForm)) & _"
"SafeToken","modFwDiagnostics","90","""; shell_form="" & SafeToken(ResolveFormName(effectiveShellForm)) & _"
"GetControlPropertyText","modFwDiagnostics","91","""; workspace_source_object="" & SafeToken(GetControlPropertyText(effectiveShellForm, WORKSPACE_SUBFORM_CONTROL, ""SourceObject"")) & _"
"SafeToken","modFwDiagnostics","91","""; workspace_source_object="" & SafeToken(GetControlPropertyText(effectiveShellForm, WORKSPACE_SUBFORM_CONTROL, ""SourceObject"")) & _"
"GetControlPropertyText","modFwDiagnostics","92","""; navigation_source_object="" & SafeToken(GetControlPropertyText(effectiveShellForm, NAVIGATION_SUBFORM_CONTROL, ""SourceObject"")) & _"
"SafeToken","modFwDiagnostics","92","""; navigation_source_object="" & SafeToken(GetControlPropertyText(effectiveShellForm, NAVIGATION_SUBFORM_CONTROL, ""SourceObject"")) & _"
"BoolText","modFwDiagnostics","93","""; can_go_back="" & BoolText(modAppWorkspaceService.CanGoBack())"
"CanGoBack","modFwDiagnostics","93","""; can_go_back="" & BoolText(modAppWorkspaceService.CanGoBack())"
"LogCommandBarState","modFwDiagnostics","96","LogCommandBarState contextName, effectiveShellForm"
"DiagnosticsEnabled","modFwDiagnostics","110","If Not DiagnosticsEnabled() Then"
"GetCurrentLanguageCode","modFwDiagnostics","114","currentLanguageCode = modFwTranslationRuntime.GetCurrentLanguageCode()"
"GetTenantParameter","modFwDiagnostics","115","tenantDefaultLanguage = modTenantRepository.GetTenantParameter(""DEFAULT_LANGUAGE"", vbNullString)"
"GetConfigValue","modFwDiagnostics","116","iniLanguage = modConfigIni.GetConfigValue(CONFIG_SECTION_APP, ""Language"", CurrentLanguage, ConfigFilePath)"
"ResolveUserLanguageCode","modFwDiagnostics","117","userLanguage = ResolveUserLanguageCode()"
"ResolveTranslationCount","modFwDiagnostics","118","translationCount = ResolveTranslationCount()"
"AppendNote","modFwDiagnostics","121","noteText = AppendNote(noteText, ""Current language resolves to de-CH."")"
"AppendNote","modFwDiagnostics","124","noteText = AppendNote(noteText, ""No user language resolved."")"
"AppendNote","modFwDiagnostics","127","noteText = AppendNote(noteText, ""No tenant DEFAULT_LANGUAGE resolved."")"
"AppendNote","modFwDiagnostics","130","noteText = AppendNote(noteText, ""No INI Application.Language resolved."")"
"LogTranslationRuntimeState","modFwDiagnostics","133","SafeLogInfo MODULE_NAME & "".LogTranslationRuntimeState"", _"
"SafeLogInfo","modFwDiagnostics","133","SafeLogInfo MODULE_NAME & "".LogTranslationRuntimeState"", _"
"SafeToken","modFwDiagnostics","134","""context="" & SafeToken(contextName) & _"
"SafeToken","modFwDiagnostics","135","""; current_language="" & SafeToken(currentLanguageCode) & _"
"SafeToken","modFwDiagnostics","136","""; global_default_language="" & SafeToken(DEFAULT_LANGUAGE) & _"
"SafeToken","modFwDiagnostics","137","""; tenant_default_language="" & SafeToken(tenantDefaultLanguage) & _"
"SafeToken","modFwDiagnostics","138","""; ini_language="" & SafeToken(iniLanguage) & _"
"SafeToken","modFwDiagnostics","139","""; user_language="" & SafeToken(userLanguage) & _"
"SafeToken","modFwDiagnostics","141","""; note="" & SafeToken(noteText)"
"DiagnosticsEnabled","modFwDiagnostics","154","If Not DiagnosticsEnabled() Then"
"LogFormDiagnostics","modFwDiagnostics","159","SafeLogInfo MODULE_NAME & "".LogFormDiagnostics"", _"
"SafeLogInfo","modFwDiagnostics","159","SafeLogInfo MODULE_NAME & "".LogFormDiagnostics"", _"
"SafeToken","modFwDiagnostics","160","""context="" & SafeToken(contextName) & ""; form_instance=<nothing>"""
"TryGetPropertyText","modFwDiagnostics","166","currentTag = TryGetPropertyText(ctl, ""Tag"")"
"ResolveControlCaptionText","modFwDiagnostics","167","CaptionValue = ResolveControlCaptionText(ctl)"
"LogFormDiagnostics","modFwDiagnostics","176","SafeLogInfo MODULE_NAME & "".LogFormDiagnostics"", _"
"SafeLogInfo","modFwDiagnostics","176","SafeLogInfo MODULE_NAME & "".LogFormDiagnostics"", _"
"SafeToken","modFwDiagnostics","177","""context="" & SafeToken(contextName) & _"
"SafeToken","modFwDiagnostics","178","""; form_name="" & SafeToken(formInstance.Name) & _"
"SafeToken","modFwDiagnostics","179","""; record_source="" & SafeToken(TryGetPropertyText(formInstance, ""RecordSource"")) & _"
"TryGetPropertyText","modFwDiagnostics","179","""; record_source="" & SafeToken(TryGetPropertyText(formInstance, ""RecordSource"")) & _"
"SafeToken","modFwDiagnostics","180","""; filter="" & SafeToken(TryGetPropertyText(formInstance, ""Filter"")) & _"
"TryGetPropertyText","modFwDiagnostics","180","""; filter="" & SafeToken(TryGetPropertyText(formInstance, ""Filter"")) & _"
"BoolText","modFwDiagnostics","181","""; filter_on="" & BoolText(TryGetPropertyBoolean(formInstance, ""FilterOn"")) & _"
"TryGetPropertyBoolean","modFwDiagnostics","181","""; filter_on="" & BoolText(TryGetPropertyBoolean(formInstance, ""FilterOn"")) & _"
"DiagnosticsEnabled","modFwDiagnostics","191","If Not DiagnosticsEnabled() Then"
"LogCommandBarControl","modFwDiagnostics","199","LogCommandBarControl contextName, shellForm, ""cmdL1"""
"LogCommandBarControl","modFwDiagnostics","200","LogCommandBarControl contextName, shellForm, ""cmdL2"""
"LogCommandBarControl","modFwDiagnostics","201","LogCommandBarControl contextName, shellForm, ""cmdL3"""
"LogCommandBarControl","modFwDiagnostics","202","LogCommandBarControl contextName, shellForm, ""cmdR5"""
"LogCommandBarControl","modFwDiagnostics","203","LogCommandBarControl contextName, shellForm, ""cmdR4"""
"LogCommandBarControl","modFwDiagnostics","204","LogCommandBarControl contextName, shellForm, ""cmdR3"""
"LogCommandBarControl","modFwDiagnostics","205","LogCommandBarControl contextName, shellForm, ""cmdR2"""
"LogCommandBarControl","modFwDiagnostics","206","LogCommandBarControl contextName, shellForm, ""cmdR1"""
"LogCommandBarState","modFwDiagnostics","208","SafeLogInfo MODULE_NAME & "".LogCommandBarState"", _"
"SafeLogInfo","modFwDiagnostics","208","SafeLogInfo MODULE_NAME & "".LogCommandBarState"", _"
"SafeToken","modFwDiagnostics","209","""context="" & SafeToken(contextName) & _"
"BoolText","modFwDiagnostics","211","""; visible="" & BoolText(GetControlPropertyBoolean(shellForm, TEXT_QUICK_SEARCH, ""Visible"")) & _"
"GetControlPropertyBoolean","modFwDiagnostics","211","""; visible="" & BoolText(GetControlPropertyBoolean(shellForm, TEXT_QUICK_SEARCH, ""Visible"")) & _"
"BoolText","modFwDiagnostics","212","""; enabled="" & BoolText(GetControlPropertyBoolean(shellForm, TEXT_QUICK_SEARCH, ""Enabled"")) & _"
"GetControlPropertyBoolean","modFwDiagnostics","212","""; enabled="" & BoolText(GetControlPropertyBoolean(shellForm, TEXT_QUICK_SEARCH, ""Enabled"")) & _"
"GetControlPropertyText","modFwDiagnostics","213","""; value="" & SafeToken(GetControlPropertyText(shellForm, TEXT_QUICK_SEARCH, ""Value""))"
"SafeToken","modFwDiagnostics","213","""; value="" & SafeToken(GetControlPropertyText(shellForm, TEXT_QUICK_SEARCH, ""Value""))"
"LogCommandBarState","modFwDiagnostics","215","SafeLogInfo MODULE_NAME & "".LogCommandBarState"", _"
"SafeLogInfo","modFwDiagnostics","215","SafeLogInfo MODULE_NAME & "".LogCommandBarState"", _"
"SafeToken","modFwDiagnostics","216","""context="" & SafeToken(contextName) & _"
"GetControlPropertyText","modFwDiagnostics","217","""; workspace_source_object="" & SafeToken(GetControlPropertyText(shellForm, WORKSPACE_SUBFORM_CONTROL, ""SourceObject"")) & _"
"SafeToken","modFwDiagnostics","217","""; workspace_source_object="" & SafeToken(GetControlPropertyText(shellForm, WORKSPACE_SUBFORM_CONTROL, ""SourceObject"")) & _"
"GetControlPropertyText","modFwDiagnostics","218","""; navigation_source_object="" & SafeToken(GetControlPropertyText(shellForm, NAVIGATION_SUBFORM_CONTROL, ""SourceObject""))"
"SafeToken","modFwDiagnostics","218","""; navigation_source_object="" & SafeToken(GetControlPropertyText(shellForm, NAVIGATION_SUBFORM_CONTROL, ""SourceObject""))"
"DiagnosticsEnabled","modFwDiagnostics","228","DiagnosticsEnabled = CBool(cachedValue)"
"GetIniBoolean","modFwDiagnostics","237","cachedValue = modConfigIni.GetIniBoolean(CONFIG_SECTION_APP, APPLICATION_DIAGNOSTICS_KEY, defaultValue, ConfigFilePath)"
"DiagnosticsEnabled","modFwDiagnostics","238","DiagnosticsEnabled = CBool(cachedValue)"
"LogCommandBarState","modFwDiagnostics","244","SafeLogInfo MODULE_NAME & "".LogCommandBarState"", _"
"SafeLogInfo","modFwDiagnostics","244","SafeLogInfo MODULE_NAME & "".LogCommandBarState"", _"
"SafeToken","modFwDiagnostics","245","""context="" & SafeToken(contextName) & _"
"BoolText","modFwDiagnostics","247","""; visible="" & BoolText(GetControlPropertyBoolean(shellForm, ControlName, ""Visible"")) & _"
"GetControlPropertyBoolean","modFwDiagnostics","247","""; visible="" & BoolText(GetControlPropertyBoolean(shellForm, ControlName, ""Visible"")) & _"
"BoolText","modFwDiagnostics","248","""; enabled="" & BoolText(GetControlPropertyBoolean(shellForm, ControlName, ""Enabled"")) & _"
"GetControlPropertyBoolean","modFwDiagnostics","248","""; enabled="" & BoolText(GetControlPropertyBoolean(shellForm, ControlName, ""Enabled"")) & _"
"GetControlPropertyText","modFwDiagnostics","249","""; caption="" & SafeToken(GetControlPropertyText(shellForm, ControlName, ""Caption"")) & _"
"SafeToken","modFwDiagnostics","249","""; caption="" & SafeToken(GetControlPropertyText(shellForm, ControlName, ""Caption"")) & _"
"GetControlPropertyText","modFwDiagnostics","250","""; tag="" & SafeToken(GetControlPropertyText(shellForm, ControlName, ""Tag""))"
"SafeToken","modFwDiagnostics","250","""; tag="" & SafeToken(GetControlPropertyText(shellForm, ControlName, ""Tag""))"
"ResolveShellForm","modFwDiagnostics","259","Set ResolveShellForm = shellForm"
"FormIsOpen","modFwDiagnostics","265","If FormIsOpen(""frmAppShell"") Then"
"ResolveShellForm","modFwDiagnostics","266","Set ResolveShellForm = Forms(""frmAppShell"")"
"ResolveShellForm","modFwDiagnostics","275","Set shellForm = ResolveShellForm()"
"GetControlPropertyText","modFwDiagnostics","276","ResolveShellSourceObject = GetControlPropertyText(shellForm, ControlName, ""SourceObject"")"
"ResolveShellSourceObject","modFwDiagnostics","276","ResolveShellSourceObject = GetControlPropertyText(shellForm, ControlName, ""SourceObject"")"
"ResolveActiveFormName","modFwDiagnostics","282","ResolveActiveFormName = Screen.ActiveForm.Name"
"IsSessionInitialized","modFwDiagnostics","288","If modSessionContext.IsSessionInitialized Then"
"ResolveCurrentUserName","modFwDiagnostics","289","ResolveCurrentUserName = modSessionContext.CurrentUserName"
"IsSessionInitialized","modFwDiagnostics","296","If modSessionContext.IsSessionInitialized Then"
"ResolveCurrentUserId","modFwDiagnostics","297","ResolveCurrentUserId = modSessionContext.currentUserId"
"IsSessionInitialized","modFwDiagnostics","304","If modSessionContext.IsSessionInitialized Then"
"ResolveSessionStartedAt","modFwDiagnostics","306","ResolveSessionStartedAt = Format$(modSessionContext.SessionStartedAt, ""yyyy-mm-dd hh:nn:ss"")"
"IsTenantInitialized","modFwDiagnostics","314","If modTenantContext.IsTenantInitialized Then"
"ResolveTenantCode","modFwDiagnostics","315","ResolveTenantCode = modTenantContext.currentTenantCode"
"IsSessionInitialized","modFwDiagnostics","322","If modSessionContext.IsSessionInitialized Then"
"GetUserLanguageCode","modFwDiagnostics","323","ResolveUserLanguageCode = Trim$(modUserRepository.GetUserLanguageCode(modSessionContext.currentUserId, vbNullString))"
"ResolveUserLanguageCode","modFwDiagnostics","323","ResolveUserLanguageCode = Trim$(modUserRepository.GetUserLanguageCode(modSessionContext.currentUserId, vbNullString))"
"ResolveTranslationCount","modFwDiagnostics","337","ResolveTranslationCount = CLng(Nz(rs.Fields(0).Value, 0))"
"ResolveRecordsetState","modFwDiagnostics","350","ResolveRecordsetState = ""n/a"""
"BoolText","modFwDiagnostics","354","ResolveRecordsetState = ""BOF="" & BoolText(rs.BOF) & "",EOF="" & BoolText(rs.EOF)"
"ResolveRecordsetState","modFwDiagnostics","354","ResolveRecordsetState = ""BOF="" & BoolText(rs.BOF) & "",EOF="" & BoolText(rs.EOF)"
"TryGetPropertyText","modFwDiagnostics","366","sourceObject = TryGetPropertyText(ctl, ""SourceObject"")"
"ResolveHostSourceObject","modFwDiagnostics","375","ResolveHostSourceObject = parts"
"TryGetPropertyText","modFwDiagnostics","385","If LenB(Trim$(TryGetPropertyText(hostControl, ""SourceObject""))) = 0 Then"
"TryGetHostedForm","modFwDiagnostics","389","Set TryGetHostedForm = hostControl.Form"
"ResolveControlCaptionText","modFwDiagnostics","395","ResolveControlCaptionText = TryGetPropertyText(ctl, ""Caption"")"
"TryGetPropertyText","modFwDiagnostics","395","ResolveControlCaptionText = TryGetPropertyText(ctl, ""Caption"")"
"ResolveControlCaptionText","modFwDiagnostics","396","If LenB(Trim$(ResolveControlCaptionText)) = 0 Then"
"ResolveControlCaptionText","modFwDiagnostics","397","ResolveControlCaptionText = TryGetPropertyText(ctl, ""ControlTipText"")"
"TryGetPropertyText","modFwDiagnostics","397","ResolveControlCaptionText = TryGetPropertyText(ctl, ""ControlTipText"")"
"GetOpenFormsCount","modFwDiagnostics","404","GetOpenFormsCount = Forms.count"
"FormIsOpen","modFwDiagnostics","414","FormIsOpen = True"
"ResolveFormName","modFwDiagnostics","424","ResolveFormName = formInstance.Name"
"GetControlPropertyText","modFwDiagnostics","435","GetControlPropertyText = TryGetPropertyText(formInstance.Controls(ControlName), propertyName)"
"TryGetPropertyText","modFwDiagnostics","435","GetControlPropertyText = TryGetPropertyText(formInstance.Controls(ControlName), propertyName)"
"GetControlPropertyBoolean","modFwDiagnostics","445","GetControlPropertyBoolean = TryGetPropertyBoolean(formInstance.Controls(ControlName), propertyName)"
"TryGetPropertyBoolean","modFwDiagnostics","445","GetControlPropertyBoolean = TryGetPropertyBoolean(formInstance.Controls(ControlName), propertyName)"
"TryGetPropertyText","modFwDiagnostics","459","TryGetPropertyText = CStr(Value)"
"TryGetPropertyBoolean","modFwDiagnostics","474","TryGetPropertyBoolean = CBool(Value)"
"TryGetPropertyLong","modFwDiagnostics","489","TryGetPropertyLong = CLng(Value)"
"BoolText","modFwDiagnostics","495","BoolText = ""True"""
"BoolText","modFwDiagnostics","497","BoolText = ""False"""
"SafeToken","modFwDiagnostics","506","SafeToken = ""<empty>"""
"SafeToken","modFwDiagnostics","508","SafeToken = valueText"
"AppendNote","modFwDiagnostics","515","AppendNote = noteText"
"AppendNote","modFwDiagnostics","517","AppendNote = notePart"
"AppendNote","modFwDiagnostics","519","AppendNote = noteText & "" "" & notePart"
"LogInfo","modFwDiagnostics","525","modLoggingHandler.LogInfo sourceName, messageText"
"LoadRuntimeLicenses","modLicenseHandler","23","LoadRuntimeLicenses ConfigFilePath"
"InitializeLicenses","modLicenseHandler","24","modLoggingHandler.LogInfo MODULE_NAME & "".InitializeLicenses"", _"
"LogInfo","modLicenseHandler","24","modLoggingHandler.LogInfo MODULE_NAME & "".InitializeLicenses"", _"
"GetLicenseStore","modLicenseHandler","25","""Licensing initialized with "" & CStr(GetLicenseStore().count) & "" active feature(s)."""
"HandleError","modLicenseHandler","29","modErrorHandler.HandleError MODULE_NAME, ""InitializeLicenses"", Err"
"InitializeLicenses","modLicenseHandler","29","modErrorHandler.HandleError MODULE_NAME, ""InitializeLicenses"", Err"
"NormalizeFeatureCode","modLicenseHandler","38","normalizedFeature = NormalizeFeatureCode(featureName)"
"IsFeatureLicensed","modLicenseHandler","40","IsFeatureLicensed = False"
"GetLicenseStore","modLicenseHandler","44","IsFeatureLicensed = GetLicenseStore().Exists(normalizedFeature)"
"IsFeatureLicensed","modLicenseHandler","44","IsFeatureLicensed = GetLicenseStore().Exists(normalizedFeature)"
"IsFeatureLicensed","modLicenseHandler","48","IsFeatureLicensed = False"
"HandleError","modLicenseHandler","49","modErrorHandler.HandleError MODULE_NAME, ""IsFeatureLicensed"", Err"
"IsFeatureLicensed","modLicenseHandler","49","modErrorHandler.HandleError MODULE_NAME, ""IsFeatureLicensed"", Err"
"GetLicenseStore","modLicenseHandler","60","For Each featureKey In GetLicenseStore().Keys"
"GetLicensedFeatures","modLicenseHandler","64","Set GetLicensedFeatures = licensedFeatures"
"GetLicensedFeatures","modLicenseHandler","68","Set GetLicensedFeatures = New Collection"
"GetLicensedFeatures","modLicenseHandler","69","modErrorHandler.HandleError MODULE_NAME, ""GetLicensedFeatures"", Err"
"HandleError","modLicenseHandler","69","modErrorHandler.HandleError MODULE_NAME, ""GetLicensedFeatures"", Err"
"NormalizeFeatureCode","modLicenseHandler","78","normalizedFeature = NormalizeFeatureCode(featureName)"
"LogWarning","modLicenseHandler","81","modLoggingHandler.LogWarning MODULE_NAME & "".RequireFeature"", messageText"
"RequireFeature","modLicenseHandler","81","modLoggingHandler.LogWarning MODULE_NAME & "".RequireFeature"", messageText"
"RequireFeature","modLicenseHandler","84","Err.Raise ERR_FEATURE_REQUIRED, MODULE_NAME & "".RequireFeature"", messageText"
"IsFeatureLicensed","modLicenseHandler","89","If IsFeatureLicensed(normalizedFeature) Then"
"LogWarning","modLicenseHandler","94","modLoggingHandler.LogWarning MODULE_NAME & "".RequireFeature"", messageText"
"RequireFeature","modLicenseHandler","94","modLoggingHandler.LogWarning MODULE_NAME & "".RequireFeature"", messageText"
"RequireFeature","modLicenseHandler","97","Err.Raise ERR_FEATURE_REQUIRED, MODULE_NAME & "".RequireFeature"", messageText"
"HandleError","modLicenseHandler","102","modErrorHandler.HandleError MODULE_NAME, ""RequireFeature"", Err"
"RequireFeature","modLicenseHandler","102","modErrorHandler.HandleError MODULE_NAME, ""RequireFeature"", Err"
"LoadRuntimeLicenses","modLicenseHandler","112","LoadRuntimeLicenses IniPath"
"InitializeLicensing","modLicenseHandler","113","modLoggingHandler.LogInfo MODULE_NAME & "".InitializeLicensing"", _"
"LogInfo","modLicenseHandler","113","modLoggingHandler.LogInfo MODULE_NAME & "".InitializeLicensing"", _"
"GetLicenseStore","modLicenseHandler","114","""Licensing initialized with "" & CStr(GetLicenseStore().count) & "" active feature(s)."""
"InitializeLicensing","modLicenseHandler","115","InitializeLicensing = True"
"InitializeLicensing","modLicenseHandler","119","InitializeLicensing = False"
"HandleError","modLicenseHandler","120","modErrorHandler.HandleError MODULE_NAME, ""InitializeLicensing"", Err"
"InitializeLicensing","modLicenseHandler","120","modErrorHandler.HandleError MODULE_NAME, ""InitializeLicensing"", Err"
"IsFeatureEnabled","modLicenseHandler","124","IsFeatureEnabled = IsFeatureLicensed(featureName)"
"IsFeatureLicensed","modLicenseHandler","124","IsFeatureEnabled = IsFeatureLicensed(featureName)"
"ClearLicenseStore","modLicenseHandler","132","ClearLicenseStore"
"AddLicensedFeature","modLicenseHandler","134","AddLicensedFeature FEATURE_CORE"
"GetIniString","modLicenseHandler","136","FeatureList = modConfigIni.GetIniString(CONFIG_SECTION_LICENSE, ""EnabledFeatures"", vbNullString, IniPath)"
"LoadFeatureList","modLicenseHandler","137","LoadFeatureList FeatureList"
"GetIniBoolean","modLicenseHandler","139","If modConfigIni.GetIniBoolean(CONFIG_SECTION_LICENSE, FEATURE_CAMT054, False, IniPath) Then"
"AddLicensedFeature","modLicenseHandler","140","AddLicensedFeature FEATURE_CAMT054"
"GetIniBoolean","modLicenseHandler","143","If modConfigIni.GetIniBoolean(CONFIG_SECTION_LICENSE, FEATURE_PROPERTY_MGMT, False, IniPath) Then"
"AddLicensedFeature","modLicenseHandler","144","AddLicensedFeature FEATURE_PROPERTY_MGMT"
"GetIniBoolean","modLicenseHandler","147","If modConfigIni.GetIniBoolean(CONFIG_SECTION_LICENSE, FEATURE_WINE_MGMT, False, IniPath) Then"
"AddLicensedFeature","modLicenseHandler","148","AddLicensedFeature FEATURE_WINE_MGMT"
"HandleError","modLicenseHandler","154","modErrorHandler.HandleError MODULE_NAME, ""LoadRuntimeLicenses"", Err"
"LoadRuntimeLicenses","modLicenseHandler","154","modErrorHandler.HandleError MODULE_NAME, ""LoadRuntimeLicenses"", Err"
"NormalizeFeatureCode","modLicenseHandler","171","token = NormalizeFeatureCode(tokens(index))"
"AddLicensedFeature","modLicenseHandler","173","AddLicensedFeature token"
"HandleError","modLicenseHandler","180","modErrorHandler.HandleError MODULE_NAME, ""LoadFeatureList"", Err"
"LoadFeatureList","modLicenseHandler","180","modErrorHandler.HandleError MODULE_NAME, ""LoadFeatureList"", Err"
"NormalizeFeatureCode","modLicenseHandler","189","normalizedFeature = NormalizeFeatureCode(featureName)"
"GetLicenseStore","modLicenseHandler","194","If Not GetLicenseStore().Exists(normalizedFeature) Then"
"GetLicenseStore","modLicenseHandler","195","GetLicenseStore().Add normalizedFeature, True"
"AddLicensedFeature","modLicenseHandler","201","modErrorHandler.HandleError MODULE_NAME, ""AddLicensedFeature"", Err"
"HandleError","modLicenseHandler","201","modErrorHandler.HandleError MODULE_NAME, ""AddLicensedFeature"", Err"
"GetLicenseStore","modLicenseHandler","208","GetLicenseStore().RemoveAll"
"ClearLicenseStore","modLicenseHandler","212","modErrorHandler.HandleError MODULE_NAME, ""ClearLicenseStore"", Err"
"HandleError","modLicenseHandler","212","modErrorHandler.HandleError MODULE_NAME, ""ClearLicenseStore"", Err"
"GetLicenseStore","modLicenseHandler","217","Set GetLicenseStore = modGlobals.FeatureLicenses"
"GetBackendPathForLinkedTable","modMigrationPaymentTerms","51","backendPath = GetBackendPathForLinkedTable(frontendDb, TABLE_DOC_DOCUMENT)"
"EnsureDocDocumentFields","modMigrationPaymentTerms","54","EnsureDocDocumentFields beDb"
"EnsureTenPaymentTermTable","modMigrationPaymentTerms","55","EnsureTenPaymentTermTable beDb"
"EnsureTenPaymentTermIndexes","modMigrationPaymentTerms","56","EnsureTenPaymentTermIndexes beDb"
"SeedDefaultPaymentTerms","modMigrationPaymentTerms","57","SeedDefaultPaymentTerms beDb"
"EnsureLinkedBackendTable","modMigrationPaymentTerms","58","EnsureLinkedBackendTable frontendDb, backendPath, TABLE_TEN_PAYMENT_TERM"
"TableExists","modMigrationPaymentTerms","86","If Not TableExists(db, TABLE_DOC_DOCUMENT) Then"
"EnsureDocDocumentFields","modMigrationPaymentTerms","87","Debug.Print MODULE_NAME & "".EnsureDocDocumentFields: Table '"" & TABLE_DOC_DOCUMENT & ""' not found."""
"FieldExists","modMigrationPaymentTerms","91","If Not FieldExists(db, TABLE_DOC_DOCUMENT, FIELD_LANGUAGE_CODE) Then"
"ExecSql","modMigrationPaymentTerms","92","ExecSql db, ""ALTER TABLE "" & TABLE_DOC_DOCUMENT & "" ADD COLUMN "" & FIELD_LANGUAGE_CODE & "" TEXT(10)"""
"FieldExists","modMigrationPaymentTerms","95","If Not FieldExists(db, TABLE_DOC_DOCUMENT, FIELD_PAYMENT_TERM_CODE) Then"
"ExecSql","modMigrationPaymentTerms","96","ExecSql db, ""ALTER TABLE "" & TABLE_DOC_DOCUMENT & "" ADD COLUMN "" & FIELD_PAYMENT_TERM_CODE & "" TEXT(50)"""
"FieldExists","modMigrationPaymentTerms","99","If Not FieldExists(db, TABLE_DOC_DOCUMENT, FIELD_PAYMENT_TERMS_TEXT) Then"
"ExecSql","modMigrationPaymentTerms","100","ExecSql db, ""ALTER TABLE "" & TABLE_DOC_DOCUMENT & "" ADD COLUMN "" & FIELD_PAYMENT_TERMS_TEXT & "" LONGTEXT"""
"EnsureDocDocumentFields","modMigrationPaymentTerms","106","Debug.Print MODULE_NAME & "".EnsureDocDocumentFields: "" & Err.Number & "" - "" & Err.description"
"TableExists","modMigrationPaymentTerms","119","If TableExists(db, TABLE_TEN_PAYMENT_TERM) Then"
"ExecSql","modMigrationPaymentTerms","141","ExecSql db, sql"
"EnsureTenPaymentTermTable","modMigrationPaymentTerms","145","Debug.Print MODULE_NAME & "".EnsureTenPaymentTermTable: "" & Err.Number & "" - "" & Err.description"
"TableExists","modMigrationPaymentTerms","156","If Not TableExists(db, TABLE_TEN_PAYMENT_TERM) Then"
"IndexExists","modMigrationPaymentTerms","160","If Not IndexExists(db, TABLE_TEN_PAYMENT_TERM, INDEX_UQ_PAYMENT_TERM_CODE_LANGUAGE) Then"
"ExecSql","modMigrationPaymentTerms","161","ExecSql db, ""CREATE UNIQUE INDEX "" & INDEX_UQ_PAYMENT_TERM_CODE_LANGUAGE & _"
"IndexExists","modMigrationPaymentTerms","165","If Not IndexExists(db, TABLE_TEN_PAYMENT_TERM, INDEX_IS_DEFAULT) Then"
"ExecSql","modMigrationPaymentTerms","166","ExecSql db, ""CREATE INDEX "" & INDEX_IS_DEFAULT & _"
"IndexExists","modMigrationPaymentTerms","170","If Not IndexExists(db, TABLE_TEN_PAYMENT_TERM, INDEX_IS_ACTIVE) Then"
"ExecSql","modMigrationPaymentTerms","171","ExecSql db, ""CREATE INDEX "" & INDEX_IS_ACTIVE & _"
"EnsureTenPaymentTermIndexes","modMigrationPaymentTerms","178","Debug.Print MODULE_NAME & "".EnsureTenPaymentTermIndexes: "" & Err.Number & "" - "" & Err.description"
"TableExists","modMigrationPaymentTerms","189","If Not TableExists(db, TABLE_TEN_PAYMENT_TERM) Then"
"EnsurePaymentTerm","modMigrationPaymentTerms","193","EnsurePaymentTerm db, ""PREPAYMENT"", ""de-CH"", ""Vorkasse"", _"
"EnsurePaymentTerm","modMigrationPaymentTerms","196","EnsurePaymentTerm db, ""NET_30"", ""de-CH"", ""30 Tage netto"", _"
"EnsurePaymentTerm","modMigrationPaymentTerms","199","EnsurePaymentTerm db, ""CASH_DISCOUNT_10_2_NET_30"", ""de-CH"", ""10 Tage -2% Skonto, 30 Tage netto"", _"
"EnsurePaymentTerm","modMigrationPaymentTerms","202","EnsurePaymentTerm db, ""SPLIT_50_ORDER_50_DELIVERY"", ""de-CH"", ""50% bei Auftragserteilung, 50% bei Lieferung"", _"
"EnsurePaymentTerm","modMigrationPaymentTerms","205","EnsurePaymentTerm db, ""MILESTONE_50_25_25"", ""de-CH"", ""50% Anzahlung, 25% bei Launch, 25% nach 30 Tagen"", _"
"EnsurePaymentTerm","modMigrationPaymentTerms","208","EnsurePaymentTerm db, ""PREPAYMENT"", ""en"", ""Prepayment"", _"
"EnsurePaymentTerm","modMigrationPaymentTerms","211","EnsurePaymentTerm db, ""NET_30"", ""en"", ""Net 30 days"", _"
"SeedDefaultPaymentTerms","modMigrationPaymentTerms","217","Debug.Print MODULE_NAME & "".SeedDefaultPaymentTerms: "" & Err.Number & "" - "" & Err.description"
"PaymentTermExists","modMigrationPaymentTerms","237","If PaymentTermExists(db, PaymentTermCode, languageCode) Then"
"SqlText","modMigrationPaymentTerms","256","sql = sql & SqlText(PaymentTermCode) & "", """
"SqlText","modMigrationPaymentTerms","257","sql = sql & SqlText(languageCode) & "", """
"SqlText","modMigrationPaymentTerms","258","sql = sql & SqlText(Title) & "", """
"SqlText","modMigrationPaymentTerms","259","sql = sql & SqlText(TermsText) & "", """
"SqlNumber","modMigrationPaymentTerms","260","sql = sql & SqlNumber(DaysNet) & "", """
"SqlNumber","modMigrationPaymentTerms","261","sql = sql & SqlNumber(DiscountDays) & "", """
"SqlNumber","modMigrationPaymentTerms","262","sql = sql & SqlNumber(DiscountPercent) & "", """
"SqlBool","modMigrationPaymentTerms","263","sql = sql & SqlBool(IsDefault) & "", """
"SqlBool","modMigrationPaymentTerms","264","sql = sql & SqlBool(isActive) & "", """
"SqlNumber","modMigrationPaymentTerms","265","sql = sql & SqlNumber(sortOrder) & "", """
"SqlDate","modMigrationPaymentTerms","266","sql = sql & SqlDate(Now()) & "", """
"SqlText","modMigrationPaymentTerms","267","sql = sql & SqlText(DEFAULT_CREATED_BY) & "", """
"SqlDate","modMigrationPaymentTerms","268","sql = sql & SqlDate(Now()) & "", """
"SqlText","modMigrationPaymentTerms","269","sql = sql & SqlText(DEFAULT_UPDATED_BY) & "")"""
"ExecSql","modMigrationPaymentTerms","271","ExecSql db, sql"
"EnsurePaymentTerm","modMigrationPaymentTerms","275","Debug.Print MODULE_NAME & "".EnsurePaymentTerm: "" & Err.Number & "" - "" & Err.description"
"PaymentTermExists","modMigrationPaymentTerms","288","PaymentTermExists = False"
"TableExists","modMigrationPaymentTerms","294","If Not TableExists(db, TABLE_TEN_PAYMENT_TERM) Then"
"SqlText","modMigrationPaymentTerms","300",""" WHERE "" & FIELD_PAYMENT_TERM_CODE & "" = "" & SqlText(PaymentTermCode) & _"
"SqlText","modMigrationPaymentTerms","301",""" AND "" & FIELD_LANGUAGE_CODE & "" = "" & SqlText(languageCode)"
"PaymentTermExists","modMigrationPaymentTerms","304","PaymentTermExists = Not (rs.BOF And rs.EOF)"
"PaymentTermExists","modMigrationPaymentTerms","316","PaymentTermExists = False"
"PaymentTermExists","modMigrationPaymentTerms","317","Debug.Print MODULE_NAME & "".PaymentTermExists: "" & Err.Number & "" - "" & Err.description"
"GetBackendPathForLinkedTable","modMigrationPaymentTerms","331","Err.Raise vbObjectError + 2000, MODULE_NAME & "".GetBackendPathForLinkedTable"", _"
"TableExists","modMigrationPaymentTerms","335","If Not TableExists(db, linkedTableName) Then"
"GetBackendPathForLinkedTable","modMigrationPaymentTerms","336","Err.Raise vbObjectError + 2001, MODULE_NAME & "".GetBackendPathForLinkedTable"", _"
"GetBackendPathForLinkedTable","modMigrationPaymentTerms","342","Err.Raise vbObjectError + 2002, MODULE_NAME & "".GetBackendPathForLinkedTable"", _"
"GetBackendPathForLinkedTable","modMigrationPaymentTerms","348","Err.Raise vbObjectError + 2003, MODULE_NAME & "".GetBackendPathForLinkedTable"", _"
"GetBackendPathForLinkedTable","modMigrationPaymentTerms","352","GetBackendPathForLinkedTable = Trim$(Mid$(connectText, markerPosition + Len(databaseMarker)))"
"GetBackendPathForLinkedTable","modMigrationPaymentTerms","353","If LenB(GetBackendPathForLinkedTable) = 0 Then"
"GetBackendPathForLinkedTable","modMigrationPaymentTerms","354","Err.Raise vbObjectError + 2004, MODULE_NAME & "".GetBackendPathForLinkedTable"", _"
"GetBackendPathForLinkedTable","modMigrationPaymentTerms","365","Err.Raise vbObjectError + 2005, MODULE_NAME & "".GetBackendPathForLinkedTable"", _"
"EnsureLinkedBackendTable","modMigrationPaymentTerms","384","Err.Raise vbObjectError + 2010, MODULE_NAME & "".EnsureLinkedBackendTable"", _"
"TableExists","modMigrationPaymentTerms","388","If TableExists(frontendDb, tableName) Then"
"EnsureLinkedBackendTable","modMigrationPaymentTerms","393","Err.Raise vbObjectError + 2011, MODULE_NAME & "".EnsureLinkedBackendTable"", _"
"TableExists","modMigrationPaymentTerms","424","TableExists = True"
"TableExists","modMigrationPaymentTerms","432","TableExists = False"
"TableExists","modMigrationPaymentTerms","445","If Not TableExists(db, tableName) Then"
"FieldExists","modMigrationPaymentTerms","453","FieldExists = True"
"FieldExists","modMigrationPaymentTerms","461","FieldExists = False"
"TableExists","modMigrationPaymentTerms","474","If Not TableExists(db, tableName) Then"
"IndexExists","modMigrationPaymentTerms","482","IndexExists = True"
"IndexExists","modMigrationPaymentTerms","490","IndexExists = False"
"SqlDate","modMigrationPaymentTerms","502","SqlDate = ""NULL"""
"SqlDate","modMigrationPaymentTerms","505","SqlDate = ""#"" & Year(dt) & ""-"" & Right$(""0"" & Month(dt), 2) & ""-"" & Right$(""0"" & Day(dt), 2) & _"
"SqlBool","modMigrationPaymentTerms","512","SqlBool = ""NULL"""
"SqlBool","modMigrationPaymentTerms","514","SqlBool = ""True"""
"SqlBool","modMigrationPaymentTerms","516","SqlBool = ""False"""
"SqlNumber","modMigrationPaymentTerms","522","SqlNumber = ""NULL"""
"SqlNumber","modMigrationPaymentTerms","524","SqlNumber = Replace(Trim$(Str$(CDbl(v))), "","", ""."")"
