"translation_key","old_language_code","new_language_code","old_text","new_text","classification","auto_cleanable"
"ADDRESS_TYPE.COMPANY","DE-CH","de-CH","Firma","Firma","IDENTICAL_SELF_MATCH","True"
"ADDRESS_TYPE.COMPANY","DE-DE","de-DE","Unternehmen","Unternehmen","IDENTICAL_SELF_MATCH","True"
"ADDRESS_TYPE.COMPANY","EN-US","en-US","Company","Company","IDENTICAL_SELF_MATCH","True"
"ADDRESS_TYPE.COMPANY","IT-CH","it-CH","Azienda","Azienda","IDENTICAL_SELF_MATCH","True"
"ADDRESS_TYPE.CUSTOMER","DE-CH","de-CH","Kunde","Kunde","IDENTICAL_SELF_MATCH","True"
"ADDRESS_TYPE.CUSTOMER","DE-DE","de-DE","Kunde","Kunde","IDENTICAL_SELF_MATCH","True"
"ADDRESS_TYPE.CUSTOMER","EN-US","en-US","Customer","Customer","IDENTICAL_SELF_MATCH","True"
"ADDRESS_TYPE.CUSTOMER","IT-CH","it-CH","Cliente","Cliente","IDENTICAL_SELF_MATCH","True"
"ADDRESS_TYPE.EMPLOYEE","DE-CH","de-CH","Mitarbeiter","Mitarbeiter","IDENTICAL_SELF_MATCH","True"
"ADDRESS_TYPE.EMPLOYEE","DE-DE","de-DE","Mitarbeiter","Mitarbeiter","IDENTICAL_SELF_MATCH","True"
"ADDRESS_TYPE.EMPLOYEE","EN-US","en-US","Employee","Employee","IDENTICAL_SELF_MATCH","True"
"ADDRESS_TYPE.EMPLOYEE","IT-CH","it-CH","Collaboratore","Collaboratore","IDENTICAL_SELF_MATCH","True"
"ADDRESS_TYPE.OTHER","DE-CH","de-CH","Andere","Andere","IDENTICAL_SELF_MATCH","True"
"ADDRESS_TYPE.OTHER","DE-DE","de-DE","Sonstige","Sonstige","IDENTICAL_SELF_MATCH","True"
"ADDRESS_TYPE.OTHER","EN-US","en-US","Other","Other","IDENTICAL_SELF_MATCH","True"
"ADDRESS_TYPE.OTHER","IT-CH","it-CH","Altro","Altro","IDENTICAL_SELF_MATCH","True"
"ADDRESS_TYPE.PARTNER","DE-CH","de-CH","Partner","Partner","IDENTICAL_SELF_MATCH","True"
"ADDRESS_TYPE.PARTNER","DE-DE","de-DE","Partner","Partner","IDENTICAL_SELF_MATCH","True"
"ADDRESS_TYPE.PARTNER","EN-US","en-US","Partner","Partner","IDENTICAL_SELF_MATCH","True"
"ADDRESS_TYPE.PARTNER","IT-CH","it-CH","Partner","Partner","IDENTICAL_SELF_MATCH","True"
"ADDRESS_TYPE.PRIVATE","DE-CH","de-CH","Privat","Privat","IDENTICAL_SELF_MATCH","True"
"ADDRESS_TYPE.PRIVATE","DE-DE","de-DE","Privat","Privat","IDENTICAL_SELF_MATCH","True"
"ADDRESS_TYPE.PRIVATE","EN-US","en-US","Private","Private","IDENTICAL_SELF_MATCH","True"
"ADDRESS_TYPE.PRIVATE","IT-CH","it-CH","Privato","Privato","IDENTICAL_SELF_MATCH","True"
"ADDRESS_TYPE.SUPPLIER","DE-CH","de-CH","Lieferant","Lieferant","IDENTICAL_SELF_MATCH","True"
"ADDRESS_TYPE.SUPPLIER","DE-DE","de-DE","Lieferant","Lieferant","IDENTICAL_SELF_MATCH","True"
"ADDRESS_TYPE.SUPPLIER","EN-US","en-US","Supplier","Supplier","IDENTICAL_SELF_MATCH","True"
"ADDRESS_TYPE.SUPPLIER","IT-CH","it-CH","Fornitore","Fornitore","IDENTICAL_SELF_MATCH","True"
"ADDRESSING_MODE.FORMAL","DE-CH","de-CH","Formal","Formal","IDENTICAL_SELF_MATCH","True"
"ADDRESSING_MODE.FORMAL","DE-DE","de-DE","Formal","Formal","IDENTICAL_SELF_MATCH","True"
"ADDRESSING_MODE.FORMAL","EN-US","en-US","Formal","Formal","IDENTICAL_SELF_MATCH","True"
"ADDRESSING_MODE.FORMAL","IT-CH","it-CH","Formale","Formale","IDENTICAL_SELF_MATCH","True"
"ADDRESSING_MODE.INFORMAL","DE-CH","de-CH","Informell","Informell","IDENTICAL_SELF_MATCH","True"
"ADDRESSING_MODE.INFORMAL","DE-DE","de-DE","Informell","Informell","IDENTICAL_SELF_MATCH","True"
"ADDRESSING_MODE.INFORMAL","EN-US","en-US","Informal","Informal","IDENTICAL_SELF_MATCH","True"
"ADDRESSING_MODE.INFORMAL","IT-CH","it-CH","Informale","Informale","IDENTICAL_SELF_MATCH","True"
"COMMON.ALL","DE-CH","de-CH","Alle","Alle","IDENTICAL_SELF_MATCH","True"
"COMMON.ALL","EN-US","en-US","All","All","IDENTICAL_SELF_MATCH","True"
"COMMON.BACK","DE-CH","de-CH","Zurück","Zurück","IDENTICAL_SELF_MATCH","True"
"COMMON.BACK","EN-US","en-US","Back","Back","IDENTICAL_SELF_MATCH","True"
"COMMON.CLEAR_SEARCH","DE-CH","de-CH","Filter Reset","Filter Reset","IDENTICAL_SELF_MATCH","True"
"COMMON.CLEAR_SEARCH","EN-US","en-US","Clear Filter","Clear Filter","IDENTICAL_SELF_MATCH","True"
"COMMON.EDIT","DE-CH","de-CH","Bearbeiten","Bearbeiten","IDENTICAL_SELF_MATCH","True"
"COMMON.EDIT","EN-US","en-US","Edit","Edit","IDENTICAL_SELF_MATCH","True"
"COMMON.HOME","DE-CH","de-CH","Home","Home","IDENTICAL_SELF_MATCH","True"
"COMMON.HOME","EN-US","en-US","Home","Home","IDENTICAL_SELF_MATCH","True"
"COMMON.NEW","DE-CH","de-CH","Neu","Neu","IDENTICAL_SELF_MATCH","True"
"COMMON.NEW","EN-US","en-US","New","New","IDENTICAL_SELF_MATCH","True"
"COMMON.REFRESH","DE-CH","de-CH","Aktualisieren","Aktualisieren","IDENTICAL_SELF_MATCH","True"
"COMMON.REFRESH","EN-US","en-US","Refresh","Refresh","IDENTICAL_SELF_MATCH","True"
"COMMON.SEARCH","DE-CH","de-CH","Suche","Suche","IDENTICAL_SELF_MATCH","True"
"COMMON.SEARCH","EN-US","en-US","Search","Search","IDENTICAL_SELF_MATCH","True"
"CONTACT_TYPE.EMAIL","DE-CH","de-CH","E-Mail","E-Mail","IDENTICAL_SELF_MATCH","True"
"CONTACT_TYPE.EMAIL","DE-DE","de-DE","E-Mail","E-Mail","IDENTICAL_SELF_MATCH","True"
"CONTACT_TYPE.EMAIL","EN-US","en-US","E-Mail","E-Mail","IDENTICAL_SELF_MATCH","True"
"CONTACT_TYPE.EMAIL","IT-CH","it-CH","E-mail","E-mail","IDENTICAL_SELF_MATCH","True"
"CONTACT_TYPE.FAX","DE-CH","de-CH","Fax","Fax","IDENTICAL_SELF_MATCH","True"
"CONTACT_TYPE.FAX","DE-DE","de-DE","Fax","Fax","IDENTICAL_SELF_MATCH","True"
"CONTACT_TYPE.FAX","EN-US","en-US","Fax","Fax","IDENTICAL_SELF_MATCH","True"
"CONTACT_TYPE.FAX","IT-CH","it-CH","Fax","Fax","IDENTICAL_SELF_MATCH","True"
"CONTACT_TYPE.MOBILE","DE-CH","de-CH","Mobil","Mobil","IDENTICAL_SELF_MATCH","True"
"CONTACT_TYPE.MOBILE","DE-DE","de-DE","Mobil","Mobil","IDENTICAL_SELF_MATCH","True"
"CONTACT_TYPE.MOBILE","EN-US","en-US","Mobile","Mobile","IDENTICAL_SELF_MATCH","True"
"CONTACT_TYPE.MOBILE","IT-CH","it-CH","Mobile","Mobile","IDENTICAL_SELF_MATCH","True"
"CONTACT_TYPE.OTHER","DE-CH","de-CH","Sonstige","Sonstige","IDENTICAL_SELF_MATCH","True"
"CONTACT_TYPE.OTHER","DE-DE","de-DE","Sonstige","Sonstige","IDENTICAL_SELF_MATCH","True"
"CONTACT_TYPE.OTHER","EN-US","en-US","Other","Other","IDENTICAL_SELF_MATCH","True"
"CONTACT_TYPE.OTHER","IT-CH","it-CH","Altro","Altro","IDENTICAL_SELF_MATCH","True"
"CONTACT_TYPE.PHONE","DE-CH","de-CH","Telefon","Telefon","IDENTICAL_SELF_MATCH","True"
"CONTACT_TYPE.PHONE","DE-DE","de-DE","Telefon","Telefon","IDENTICAL_SELF_MATCH","True"
"CONTACT_TYPE.PHONE","EN-US","en-US","Phone","Phone","IDENTICAL_SELF_MATCH","True"
"CONTACT_TYPE.PHONE","IT-CH","it-CH","Telefono","Telefono","IDENTICAL_SELF_MATCH","True"
"CONTACT_TYPE.WEBSITE","DE-CH","de-CH","Webseite","Webseite","IDENTICAL_SELF_MATCH","True"
"CONTACT_TYPE.WEBSITE","DE-DE","de-DE","Webseite","Webseite","IDENTICAL_SELF_MATCH","True"
"CONTACT_TYPE.WEBSITE","EN-US","en-US","Website","Website","IDENTICAL_SELF_MATCH","True"
"CONTACT_TYPE.WEBSITE","IT-CH","it-CH","Sito web","Sito web","IDENTICAL_SELF_MATCH","True"
"ERR_DATE","DE","de-CH","muss ein gueltiges Datum sein","muss ein gueltiges Datum sein","IDENTICAL_SELF_MATCH","True"
"ERR_DATE","DE-CH","de-CH","Gültiges Datum erwartet","Gültiges Datum erwartet","IDENTICAL_SELF_MATCH","True"
"ERR_DATE","EN","en-US","must be a valid date","must be a valid date","IDENTICAL_SELF_MATCH","True"
"ERR_DATE","EN-US","en-US","Valid date expected","Valid date expected","IDENTICAL_SELF_MATCH","True"
"ERR_INTEGER","DE","de-CH","muss eine ganze Zahl sein","muss eine ganze Zahl sein","IDENTICAL_SELF_MATCH","True"
"ERR_INTEGER","DE-CH","de-CH","Ganze Zahl erwartet","Ganze Zahl erwartet","IDENTICAL_SELF_MATCH","True"
"ERR_INTEGER","EN","en-US","must be an integer","must be an integer","IDENTICAL_SELF_MATCH","True"
"ERR_INTEGER","EN-US","en-US","Integer expected","Integer expected","IDENTICAL_SELF_MATCH","True"
"ERR_MAX","DE","de-CH","muss <= {0} sein","muss <= {0} sein","IDENTICAL_SELF_MATCH","True"
"ERR_MAX","DE-CH","de-CH","Wert zu gross","Wert zu gross","IDENTICAL_SELF_MATCH","True"
"ERR_MAX","EN","en-US","must be <= {0}","must be <= {0}","IDENTICAL_SELF_MATCH","True"
"ERR_MAX","EN-US","en-US","Value too large","Value too large","IDENTICAL_SELF_MATCH","True"
"ERR_MAXLEN","DE","de-CH","Maximallaenge ist {0}","Maximallaenge ist {0}","IDENTICAL_SELF_MATCH","True"
"ERR_MAXLEN","DE-CH","de-CH","Eingabe zu lang","Eingabe zu lang","IDENTICAL_SELF_MATCH","True"
"ERR_MAXLEN","EN","en-US","maximum length is {0}","maximum length is {0}","IDENTICAL_SELF_MATCH","True"
"ERR_MAXLEN","EN-US","en-US","Input is too long","Input is too long","IDENTICAL_SELF_MATCH","True"
"ERR_MIN","DE","de-CH","muss >= {0} sein","muss >= {0} sein","IDENTICAL_SELF_MATCH","True"
"ERR_MIN","DE-CH","de-CH","Wert zu klein","Wert zu klein","IDENTICAL_SELF_MATCH","True"
"ERR_MIN","EN","en-US","must be >= {0}","must be >= {0}","IDENTICAL_SELF_MATCH","True"
"ERR_MIN","EN-US","en-US","Value too small","Value too small","IDENTICAL_SELF_MATCH","True"
"ERR_MINLEN","DE","de-CH","Mindestlaenge ist {0}","Mindestlaenge ist {0}","IDENTICAL_SELF_MATCH","True"
"ERR_MINLEN","DE-CH","de-CH","Eingabe zu kurz","Eingabe zu kurz","IDENTICAL_SELF_MATCH","True"
"ERR_MINLEN","EN","en-US","minimum length is {0}","minimum length is {0}","IDENTICAL_SELF_MATCH","True"
"ERR_MINLEN","EN-US","en-US","Input too short","Input too short","IDENTICAL_SELF_MATCH","True"
"ERR_NUMERIC","DE","de-CH","muss eine Zahl sein","muss eine Zahl sein","IDENTICAL_SELF_MATCH","True"
"ERR_NUMERIC","DE-CH","de-CH","Numerischer Wert erwartet","Numerischer Wert erwartet","IDENTICAL_SELF_MATCH","True"
"ERR_NUMERIC","EN","en-US","must be a number","must be a number","IDENTICAL_SELF_MATCH","True"
"ERR_NUMERIC","EN-US","en-US","Numeric value expected","Numeric value expected","IDENTICAL_SELF_MATCH","True"
"ERR_REQUIRED","DE","de-CH","ist erforderlich","ist erforderlich","IDENTICAL_SELF_MATCH","True"
"ERR_REQUIRED","DE-CH","de-CH","Pflichtfeld","Pflichtfeld","IDENTICAL_SELF_MATCH","True"
"ERR_REQUIRED","EN","en-US","is required","is required","IDENTICAL_SELF_MATCH","True"
"ERR_REQUIRED","EN-US","en-US","Mandatory field","Mandatory field","IDENTICAL_SELF_MATCH","True"
"FORM.FRMADDRESSCOCKPIT.ACCOUNT_STATEMENT","DE-CH","de-CH","Kontoauszug","Kontoauszug","IDENTICAL_SELF_MATCH","True"
"FORM.FRMADDRESSCOCKPIT.ACCOUNT_STATEMENT","EN-US","en-US","Account statement","Account statement","IDENTICAL_SELF_MATCH","True"
"FORM.FRMADDRESSCOCKPIT.ACTIVE_SUBSCRIPTIONS","DE-CH","de-CH","Aktive Abos","Aktive Abos","IDENTICAL_SELF_MATCH","True"
"FORM.FRMADDRESSCOCKPIT.ACTIVE_SUBSCRIPTIONS","EN-US","en-US","Active subscriptions","Active subscriptions","IDENTICAL_SELF_MATCH","True"
"FORM.FRMADDRESSCOCKPIT.ADDRESS","DE-CH","de-CH","Adresse","Adresse","IDENTICAL_SELF_MATCH","True"
"FORM.FRMADDRESSCOCKPIT.ADDRESS","EN-US","en-US","Address","Address","IDENTICAL_SELF_MATCH","True"
"FORM.FRMADDRESSCOCKPIT.CAPTURE_PAYMENT","DE-CH","de-CH","Zahlungseingang erfassen","Zahlungseingang erfassen","IDENTICAL_SELF_MATCH","True"
"FORM.FRMADDRESSCOCKPIT.CAPTURE_PAYMENT","EN-US","en-US","Capture payment","Capture payment","IDENTICAL_SELF_MATCH","True"
"FORM.FRMADDRESSCOCKPIT.CMDACCOUNTSTATEMENT","DE-CH","de-CH","Kontoauszug","Kontoauszug","IDENTICAL_SELF_MATCH","True"
"FORM.FRMADDRESSCOCKPIT.CMDACCOUNTSTATEMENT","EN-US","en-US","Account statement","Account statement","IDENTICAL_SELF_MATCH","True"
"FORM.FRMADDRESSCOCKPIT.CMDCAPTUREPAYMENT","DE-CH","de-CH","Zahlungseingang erfassen","Zahlungseingang erfassen","IDENTICAL_SELF_MATCH","True"
"FORM.FRMADDRESSCOCKPIT.CMDCAPTUREPAYMENT","EN-US","en-US","Enter Incoming Payment","Enter Incoming Payment","IDENTICAL_SELF_MATCH","True"
"FORM.FRMADDRESSCOCKPIT.CMDDUNNING","DE-CH","de-CH","Mahnungen","Mahnungen","IDENTICAL_SELF_MATCH","True"
"FORM.FRMADDRESSCOCKPIT.CMDDUNNING","EN-US","en-US","Reminders","Reminders","IDENTICAL_SELF_MATCH","True"
"FORM.FRMADDRESSCOCKPIT.CMDEMAILS","DE-CH","de-CH","E-Mails","E-Mails","IDENTICAL_SELF_MATCH","True"
"FORM.FRMADDRESSCOCKPIT.CMDEMAILS","EN-US","en-US","Emails","Emails","IDENTICAL_SELF_MATCH","True"
"FORM.FRMADDRESSCOCKPIT.CMDMANAGEORDERS","DE-CH","de-CH","Bestellungen verwalten","Bestellungen verwalten","IDENTICAL_SELF_MATCH","True"
"FORM.FRMADDRESSCOCKPIT.CMDMANAGEORDERS","EN-US","en-US","Manage Orders","Manage Orders","IDENTICAL_SELF_MATCH","True"
"FORM.FRMADDRESSCOCKPIT.CMDMANAGESUBSCRIPTIONS","DE-CH","de-CH","Abos verwalten","Abos verwalten","IDENTICAL_SELF_MATCH","True"
"FORM.FRMADDRESSCOCKPIT.CMDMANAGESUBSCRIPTIONS","EN-US","en-US","Manage Subscriptions","Manage Subscriptions","IDENTICAL_SELF_MATCH","True"
"FORM.FRMADDRESSCOCKPIT.CMDNEWORDER","DE-CH","de-CH","Neue Bestellung","Neue Bestellung","IDENTICAL_SELF_MATCH","True"
"FORM.FRMADDRESSCOCKPIT.CMDNEWORDER","EN-US","en-US","New Order","New Order","IDENTICAL_SELF_MATCH","True"
"FORM.FRMADDRESSCOCKPIT.CMDNEWSUBSCRIPTION","DE-CH","de-CH","Neues Abo","Neues Abo","IDENTICAL_SELF_MATCH","True"
"FORM.FRMADDRESSCOCKPIT.CMDNEWSUBSCRIPTION","EN-US","en-US","New Subscription","New Subscription","IDENTICAL_SELF_MATCH","True"
"FORM.FRMADDRESSCOCKPIT.CMDNOTES","DE-CH","de-CH","Notizen","Notizen","IDENTICAL_SELF_MATCH","True"
"FORM.FRMADDRESSCOCKPIT.CMDNOTES","EN-US","en-US","Notes","Notes","IDENTICAL_SELF_MATCH","True"
"FORM.FRMADDRESSCOCKPIT.CMDREPORTS","DE-CH","de-CH","Reports","Reports","IDENTICAL_SELF_MATCH","True"
"FORM.FRMADDRESSCOCKPIT.CMDREPORTS","EN-US","en-US","Reports","Reports","IDENTICAL_SELF_MATCH","True"
"FORM.FRMADDRESSCOCKPIT.CONTACT","DE-CH","de-CH","Kontakt","Kontakt","IDENTICAL_SELF_MATCH","True"
"FORM.FRMADDRESSCOCKPIT.CONTACT","EN-US","en-US","Contact","Contact","IDENTICAL_SELF_MATCH","True"
"FORM.FRMADDRESSCOCKPIT.DUNNINGS","DE-CH","de-CH","Mahnungen","Mahnungen","IDENTICAL_SELF_MATCH","True"
"FORM.FRMADDRESSCOCKPIT.DUNNINGS","EN-US","en-US","Dunnings","Dunnings","IDENTICAL_SELF_MATCH","True"
"FORM.FRMADDRESSCOCKPIT.DUNNINGS_ACTION","DE-CH","de-CH","Mahnungen","Mahnungen","IDENTICAL_SELF_MATCH","True"
"FORM.FRMADDRESSCOCKPIT.DUNNINGS_ACTION","EN-US","en-US","Dunnings","Dunnings","IDENTICAL_SELF_MATCH","True"
"FORM.FRMADDRESSCOCKPIT.EMAILS","DE-CH","de-CH","E-Mails","E-Mails","IDENTICAL_SELF_MATCH","True"
"FORM.FRMADDRESSCOCKPIT.EMAILS","EN-US","en-US","Emails","Emails","IDENTICAL_SELF_MATCH","True"
"FORM.FRMADDRESSCOCKPIT.FORM_TITLE","DE-CH","de-CH","Adress-Cockpit","Adress-Cockpit","IDENTICAL_SELF_MATCH","True"
"FORM.FRMADDRESSCOCKPIT.FORM_TITLE","EN-US","en-US","Address Cockpit","Address Cockpit","IDENTICAL_SELF_MATCH","True"
"FORM.FRMADDRESSCOCKPIT.LAST_ACTIVITY","DE-CH","de-CH","Letzte Aktivitaet","Letzte Aktivitaet","IDENTICAL_SELF_MATCH","True"
"FORM.FRMADDRESSCOCKPIT.LAST_ACTIVITY","EN-US","en-US","Last activity","Last activity","IDENTICAL_SELF_MATCH","True"
"FORM.FRMADDRESSCOCKPIT.LBLACTIVESUBSCRIPTIONS","DE-CH","de-CH","Aktive Abos","Aktive Abos","IDENTICAL_SELF_MATCH","True"
"FORM.FRMADDRESSCOCKPIT.LBLACTIVESUBSCRIPTIONS","EN-US","en-US","Active Subscriptions","Active Subscriptions","IDENTICAL_SELF_MATCH","True"
"FORM.FRMADDRESSCOCKPIT.LBLADDRESS","DE-CH","de-CH","Adresse","Adresse","IDENTICAL_SELF_MATCH","True"
"FORM.FRMADDRESSCOCKPIT.LBLADDRESS","EN-US","en-US","Address","Address","IDENTICAL_SELF_MATCH","True"
"FORM.FRMADDRESSCOCKPIT.LBLCONTACT","DE-CH","de-CH","Kontakt","Kontakt","IDENTICAL_SELF_MATCH","True"
"FORM.FRMADDRESSCOCKPIT.LBLCONTACT","EN-US","en-US","Contact","Contact","IDENTICAL_SELF_MATCH","True"
"FORM.FRMADDRESSCOCKPIT.LBLCURRENCY","DE-CH","de-CH","Währung","Währung","IDENTICAL_SELF_MATCH","True"
"FORM.FRMADDRESSCOCKPIT.LBLCURRENCY","EN-US","en-US","Currency","Currency","IDENTICAL_SELF_MATCH","True"
"FORM.FRMADDRESSCOCKPIT.LBLDISPLAYNAME","DE-CH","de-CH","Name / Firma","Name / Firma","IDENTICAL_SELF_MATCH","True"
"FORM.FRMADDRESSCOCKPIT.LBLDISPLAYNAME","EN-US","en-US","Name / Company","Name / Company","IDENTICAL_SELF_MATCH","True"
"FORM.FRMADDRESSCOCKPIT.LBLDUNNINGS","DE-CH","de-CH","Mahnungen","Mahnungen","IDENTICAL_SELF_MATCH","True"
"FORM.FRMADDRESSCOCKPIT.LBLDUNNINGS","EN-US","en-US","Reminders","Reminders","IDENTICAL_SELF_MATCH","True"
"FORM.FRMADDRESSCOCKPIT.LBLFORMTITLE","DE-CH","de-CH","","","IDENTICAL_SELF_MATCH","True"
"FORM.FRMADDRESSCOCKPIT.LBLFORMTITLE","EN-US","en-US","","","IDENTICAL_SELF_MATCH","True"
"FORM.FRMADDRESSCOCKPIT.LBLLANGUAGE","DE-CH","de-CH","Sprache","Sprache","IDENTICAL_SELF_MATCH","True"
"FORM.FRMADDRESSCOCKPIT.LBLLANGUAGE","EN-US","en-US","Language","Language","IDENTICAL_SELF_MATCH","True"
"FORM.FRMADDRESSCOCKPIT.LBLLASTACTIVITY","DE-CH","de-CH","Letzte Aktivität","Letzte Aktivität","IDENTICAL_SELF_MATCH","True"
"FORM.FRMADDRESSCOCKPIT.LBLLASTACTIVITY","EN-US","en-US","Last Activity","Last Activity","IDENTICAL_SELF_MATCH","True"
"FORM.FRMADDRESSCOCKPIT.LBLLOCKHINT","DE-CH","de-CH","Adresse ist gesperrt","Adresse ist gesperrt","IDENTICAL_SELF_MATCH","True"
"FORM.FRMADDRESSCOCKPIT.LBLLOCKHINT","EN-US","en-US","Address is locked","Address is locked","IDENTICAL_SELF_MATCH","True"
"FORM.FRMADDRESSCOCKPIT.LBLOPENINVOICES","DE-CH","de-CH","Offene Rechnungen","Offene Rechnungen","IDENTICAL_SELF_MATCH","True"
"FORM.FRMADDRESSCOCKPIT.LBLOPENINVOICES","EN-US","en-US","Open Invoices","Open Invoices","IDENTICAL_SELF_MATCH","True"
"FORM.FRMADDRESSCOCKPIT.LBLOPENORDERS","DE-CH","de-CH","Offene Aufträge","Offene Aufträge","IDENTICAL_SELF_MATCH","True"
"FORM.FRMADDRESSCOCKPIT.LBLOPENORDERS","EN-US","en-US","Open Orders","Open Orders","IDENTICAL_SELF_MATCH","True"
"FORM.FRMADDRESSCOCKPIT.LBLOVERDUEITEMS","DE-CH","de-CH","Überfällige Posten","Überfällige Posten","IDENTICAL_SELF_MATCH","True"
"FORM.FRMADDRESSCOCKPIT.LBLOVERDUEITEMS","EN-US","en-US","Overdue items","Overdue items","IDENTICAL_SELF_MATCH","True"
"FORM.FRMADDRESSCOCKPIT.LBLSALESCURRENTYEAR","DE-CH","de-CH","Umsatz laufendes Jahr","Umsatz laufendes Jahr","IDENTICAL_SELF_MATCH","True"
"FORM.FRMADDRESSCOCKPIT.LBLSALESCURRENTYEAR","EN-US","en-US","Current Year Sales","Current Year Sales","IDENTICAL_SELF_MATCH","True"
"FORM.FRMADDRESSCOCKPIT.LBLSTATUS","DE-CH","de-CH","Status","Status","IDENTICAL_SELF_MATCH","True"
"FORM.FRMADDRESSCOCKPIT.LBLSTATUS","EN-US","en-US","Status","Status","IDENTICAL_SELF_MATCH","True"
"FORM.FRMADDRESSCOCKPIT.LOCK_HINT","DE-CH","de-CH","Adresse ist gesperrt","Adresse ist gesperrt","IDENTICAL_SELF_MATCH","True"
"FORM.FRMADDRESSCOCKPIT.LOCK_HINT","EN-US","en-US","Address is locked","Address is locked","IDENTICAL_SELF_MATCH","True"
"FORM.FRMADDRESSCOCKPIT.MANAGE_ORDERS","DE-CH","de-CH","Bestellungen verwalten","Bestellungen verwalten","IDENTICAL_SELF_MATCH","True"
"FORM.FRMADDRESSCOCKPIT.MANAGE_ORDERS","EN-US","en-US","Manage orders","Manage orders","IDENTICAL_SELF_MATCH","True"
"FORM.FRMADDRESSCOCKPIT.MANAGE_SUBSCRIPTIONS","DE-CH","de-CH","Abos verwalten","Abos verwalten","IDENTICAL_SELF_MATCH","True"
"FORM.FRMADDRESSCOCKPIT.MANAGE_SUBSCRIPTIONS","EN-US","en-US","Manage subscriptions","Manage subscriptions","IDENTICAL_SELF_MATCH","True"
"FORM.FRMADDRESSCOCKPIT.N_A","DE-CH","de-CH","n/a","n/a","IDENTICAL_SELF_MATCH","True"
"FORM.FRMADDRESSCOCKPIT.N_A","EN-US","en-US","n/a","n/a","IDENTICAL_SELF_MATCH","True"
"FORM.FRMADDRESSCOCKPIT.NEW_ORDER","DE-CH","de-CH","Neue Bestellung","Neue Bestellung","IDENTICAL_SELF_MATCH","True"
"FORM.FRMADDRESSCOCKPIT.NEW_ORDER","EN-US","en-US","New order","New order","IDENTICAL_SELF_MATCH","True"
"FORM.FRMADDRESSCOCKPIT.NEW_SUBSCRIPTION","DE-CH","de-CH","Neues Abo","Neues Abo","IDENTICAL_SELF_MATCH","True"
"FORM.FRMADDRESSCOCKPIT.NEW_SUBSCRIPTION","EN-US","en-US","New subscription","New subscription","IDENTICAL_SELF_MATCH","True"
"FORM.FRMADDRESSCOCKPIT.NOTES","DE-CH","de-CH","Notizen","Notizen","IDENTICAL_SELF_MATCH","True"
"FORM.FRMADDRESSCOCKPIT.NOTES","EN-US","en-US","Notes","Notes","IDENTICAL_SELF_MATCH","True"
"FORM.FRMADDRESSCOCKPIT.OPEN_INVOICES","DE-CH","de-CH","Offene Rechnungen","Offene Rechnungen","IDENTICAL_SELF_MATCH","True"
"FORM.FRMADDRESSCOCKPIT.OPEN_INVOICES","EN-US","en-US","Open invoices","Open invoices","IDENTICAL_SELF_MATCH","True"
"FORM.FRMADDRESSCOCKPIT.OPEN_ORDERS","DE-CH","de-CH","Offene Auftraege","Offene Auftraege","IDENTICAL_SELF_MATCH","True"
"FORM.FRMADDRESSCOCKPIT.OPEN_ORDERS","EN-US","en-US","Open orders","Open orders","IDENTICAL_SELF_MATCH","True"
"FORM.FRMADDRESSCOCKPIT.OVERDUE_ITEMS","DE-CH","de-CH","Ueberfaellige Posten","Ueberfaellige Posten","IDENTICAL_SELF_MATCH","True"
"FORM.FRMADDRESSCOCKPIT.OVERDUE_ITEMS","EN-US","en-US","Overdue items","Overdue items","IDENTICAL_SELF_MATCH","True"
"FORM.FRMADDRESSCOCKPIT.RECHTECK24","DE-CH","de-CH","","","IDENTICAL_SELF_MATCH","True"
"FORM.FRMADDRESSCOCKPIT.RECHTECK24","EN-US","en-US","","","IDENTICAL_SELF_MATCH","True"
"FORM.FRMADDRESSCOCKPIT.REPORTS","DE-CH","de-CH","Reports","Reports","IDENTICAL_SELF_MATCH","True"
"FORM.FRMADDRESSCOCKPIT.REPORTS","EN-US","en-US","Reports","Reports","IDENTICAL_SELF_MATCH","True"
"FORM.FRMADDRESSCOCKPIT.SALES_CURRENT_YEAR","DE-CH","de-CH","Umsatz laufendes Jahr","Umsatz laufendes Jahr","IDENTICAL_SELF_MATCH","True"
"FORM.FRMADDRESSCOCKPIT.SALES_CURRENT_YEAR","EN-US","en-US","Sales current year","Sales current year","IDENTICAL_SELF_MATCH","True"
"FORM.FRMADDRESSCOCKPIT.STATUS","DE-CH","de-CH","Status","Status","IDENTICAL_SELF_MATCH","True"
"FORM.FRMADDRESSCOCKPIT.STATUS","EN-US","en-US","Status","Status","IDENTICAL_SELF_MATCH","True"
"FORM.FRMADDRESSCOCKPIT.STATUS_ACTIVE","DE-CH","de-CH","Aktiv","Aktiv","IDENTICAL_SELF_MATCH","True"
"FORM.FRMADDRESSCOCKPIT.STATUS_ACTIVE","EN-US","en-US","Active","Active","IDENTICAL_SELF_MATCH","True"
"FORM.FRMADDRESSCOCKPIT.STATUS_INACTIVE","DE-CH","de-CH","Inaktiv","Inaktiv","IDENTICAL_SELF_MATCH","True"
"FORM.FRMADDRESSCOCKPIT.STATUS_INACTIVE","EN-US","en-US","Inactive","Inactive","IDENTICAL_SELF_MATCH","True"
"FORM.FRMADDRESSCOCKPIT.TXTACTIVESUBSCRIPTIONSCOUNT","DE-CH","de-CH","","","IDENTICAL_SELF_MATCH","True"
"FORM.FRMADDRESSCOCKPIT.TXTACTIVESUBSCRIPTIONSCOUNT","EN-US","en-US","","","IDENTICAL_SELF_MATCH","True"
"FORM.FRMADDRESSCOCKPIT.TXTADDRESSCOMPACT","DE-CH","de-CH","","","IDENTICAL_SELF_MATCH","True"
"FORM.FRMADDRESSCOCKPIT.TXTADDRESSCOMPACT","EN-US","en-US","","","IDENTICAL_SELF_MATCH","True"
"FORM.FRMADDRESSCOCKPIT.TXTADDRESSID","DE-CH","de-CH","","","IDENTICAL_SELF_MATCH","True"
"FORM.FRMADDRESSCOCKPIT.TXTADDRESSID","EN-US","en-US","","","IDENTICAL_SELF_MATCH","True"
"FORM.FRMADDRESSCOCKPIT.TXTCONTACTINFO","DE-CH","de-CH","","","IDENTICAL_SELF_MATCH","True"
"FORM.FRMADDRESSCOCKPIT.TXTCONTACTINFO","EN-US","en-US","","","IDENTICAL_SELF_MATCH","True"
"FORM.FRMADDRESSCOCKPIT.TXTCURRENCYCODE","DE-CH","de-CH","","","IDENTICAL_SELF_MATCH","True"
"FORM.FRMADDRESSCOCKPIT.TXTCURRENCYCODE","EN-US","en-US","","","IDENTICAL_SELF_MATCH","True"
"FORM.FRMADDRESSCOCKPIT.TXTDISPLAYNAME","DE-CH","de-CH","","","IDENTICAL_SELF_MATCH","True"
"FORM.FRMADDRESSCOCKPIT.TXTDISPLAYNAME","EN-US","en-US","","","IDENTICAL_SELF_MATCH","True"
"FORM.FRMADDRESSCOCKPIT.TXTDUNNINGCOUNT","DE-CH","de-CH","","","IDENTICAL_SELF_MATCH","True"
"FORM.FRMADDRESSCOCKPIT.TXTDUNNINGCOUNT","EN-US","en-US","","","IDENTICAL_SELF_MATCH","True"
"FORM.FRMADDRESSCOCKPIT.TXTLANGUAGECODE","DE-CH","de-CH","","","IDENTICAL_SELF_MATCH","True"
"FORM.FRMADDRESSCOCKPIT.TXTLANGUAGECODE","EN-US","en-US","","","IDENTICAL_SELF_MATCH","True"
"FORM.FRMADDRESSCOCKPIT.TXTLASTACTIVITYTEXT","DE-CH","de-CH","","","IDENTICAL_SELF_MATCH","True"
"FORM.FRMADDRESSCOCKPIT.TXTLASTACTIVITYTEXT","EN-US","en-US","","","IDENTICAL_SELF_MATCH","True"
"FORM.FRMADDRESSCOCKPIT.TXTLOCKREASON","DE-CH","de-CH","","","IDENTICAL_SELF_MATCH","True"
"FORM.FRMADDRESSCOCKPIT.TXTLOCKREASON","EN-US","en-US","","","IDENTICAL_SELF_MATCH","True"
"FORM.FRMADDRESSCOCKPIT.TXTOPENINVOICESCOUNT","DE-CH","de-CH","","","IDENTICAL_SELF_MATCH","True"
"FORM.FRMADDRESSCOCKPIT.TXTOPENINVOICESCOUNT","EN-US","en-US","","","IDENTICAL_SELF_MATCH","True"
"FORM.FRMADDRESSCOCKPIT.TXTOPENORDERSCOUNT","DE-CH","de-CH","","","IDENTICAL_SELF_MATCH","True"
"FORM.FRMADDRESSCOCKPIT.TXTOPENORDERSCOUNT","EN-US","en-US","","","IDENTICAL_SELF_MATCH","True"
"FORM.FRMADDRESSCOCKPIT.TXTOVERDUEITEMSCOUNT","DE-CH","de-CH","","","IDENTICAL_SELF_MATCH","True"
"FORM.FRMADDRESSCOCKPIT.TXTOVERDUEITEMSCOUNT","EN-US","en-US","","","IDENTICAL_SELF_MATCH","True"
"FORM.FRMADDRESSCOCKPIT.TXTSALESCURRENTYEARAMOUNT","DE-CH","de-CH","","","IDENTICAL_SELF_MATCH","True"
"FORM.FRMADDRESSCOCKPIT.TXTSALESCURRENTYEARAMOUNT","EN-US","en-US","","","IDENTICAL_SELF_MATCH","True"
"FORM.FRMADDRESSCOCKPIT.TXTSTATUSTEXT","DE-CH","de-CH","","","IDENTICAL_SELF_MATCH","True"
"FORM.FRMADDRESSCOCKPIT.TXTSTATUSTEXT","EN-US","en-US","","","IDENTICAL_SELF_MATCH","True"
"FORM.FRMADDRESSDETAIL.ADDRESS_CONTACTS","DE-CH","de-CH","Kontakt","Kontakt","IDENTICAL_SELF_MATCH","True"
"FORM.FRMADDRESSDETAIL.ADDRESS_CONTACTS","EN-US","en-US","contact","contact","IDENTICAL_SELF_MATCH","True"
"FORM.FRMADDRESSDETAIL.ADDRESS_ID","DE-CH","de-CH","ID","ID","IDENTICAL_SELF_MATCH","True"
"FORM.FRMADDRESSDETAIL.ADDRESS_ID","EN-US","en-US","ID","ID","IDENTICAL_SELF_MATCH","True"
"FORM.FRMADDRESSDETAIL.ADDRESS_TYPE_CODE","DE-CH","de-CH","Typ","Typ","IDENTICAL_SELF_MATCH","True"
"FORM.FRMADDRESSDETAIL.ADDRESS_TYPE_CODE","EN-US","en-US","Type","Type","IDENTICAL_SELF_MATCH","True"
"FORM.FRMADDRESSDETAIL.ADDRESSING_MODE","DE-CH","de-CH","Anredeform","Anredeform","IDENTICAL_SELF_MATCH","True"
"FORM.FRMADDRESSDETAIL.ADDRESSING_MODE","EN-US","en-US","Form of address","Form of address","IDENTICAL_SELF_MATCH","True"
"FORM.FRMADDRESSDETAIL.CMDCANCEL","DE-CH","de-CH","Abbrechen","Abbrechen","IDENTICAL_SELF_MATCH","True"
"FORM.FRMADDRESSDETAIL.CMDCANCEL","EN-US","en-US","Cancel","Cancel","IDENTICAL_SELF_MATCH","True"
"FORM.FRMADDRESSDETAIL.CMDSAVE","DE-CH","de-CH","Speichern","Speichern","IDENTICAL_SELF_MATCH","True"
"FORM.FRMADDRESSDETAIL.CMDSAVE","EN-US","en-US","Save","Save","IDENTICAL_SELF_MATCH","True"
"FORM.FRMADDRESSDETAIL.COMPANY_NAME","DE-CH","de-CH","Firma","Firma","IDENTICAL_SELF_MATCH","True"
"FORM.FRMADDRESSDETAIL.COMPANY_NAME","EN-US","en-US","Company","Company","IDENTICAL_SELF_MATCH","True"
"FORM.FRMADDRESSDETAIL.CREATED_AT","DE-CH","de-CH","Erstellt am","Erstellt am","IDENTICAL_SELF_MATCH","True"
"FORM.FRMADDRESSDETAIL.CREATED_AT","EN-US","en-US","Created on","Created on","IDENTICAL_SELF_MATCH","True"
"FORM.FRMADDRESSDETAIL.CREATED_BY","DE-CH","de-CH","Erstellt von","Erstellt von","IDENTICAL_SELF_MATCH","True"
"FORM.FRMADDRESSDETAIL.CREATED_BY","EN-US","en-US","Created by","Created by","IDENTICAL_SELF_MATCH","True"
"FORM.FRMADDRESSDETAIL.FIRST_NAME","DE-CH","de-CH","Vorname","Vorname","IDENTICAL_SELF_MATCH","True"
"FORM.FRMADDRESSDETAIL.FIRST_NAME","EN-US","en-US","First name","First name","IDENTICAL_SELF_MATCH","True"
"FORM.FRMADDRESSDETAIL.FORM_TITLE","DE-CH","de-CH","Bearbeiten","Bearbeiten","IDENTICAL_SELF_MATCH","True"
"FORM.FRMADDRESSDETAIL.FORM_TITLE","EN-US","en-US","Edit","Edit","IDENTICAL_SELF_MATCH","True"
"FORM.FRMADDRESSDETAIL.IS_ACTIVE","DE-CH","de-CH","Aktiv","Aktiv","IDENTICAL_SELF_MATCH","True"
"FORM.FRMADDRESSDETAIL.IS_ACTIVE","EN-US","en-US","Active","Active","IDENTICAL_SELF_MATCH","True"
"FORM.FRMADDRESSDETAIL.LAND_PLZ_ORT","DE-CH","de-CH","Land | Plz | Ort","Land | Plz | Ort","IDENTICAL_SELF_MATCH","True"
"FORM.FRMADDRESSDETAIL.LAND_PLZ_ORT","EN-US","en-US","Country | Zip | City","Country | Zip | City","IDENTICAL_SELF_MATCH","True"
"FORM.FRMADDRESSDETAIL.LANGUAGE_CODE","DE-CH","de-CH","Sprache","Sprache","IDENTICAL_SELF_MATCH","True"
"FORM.FRMADDRESSDETAIL.LANGUAGE_CODE","EN-US","en-US","language","language","IDENTICAL_SELF_MATCH","True"
"FORM.FRMADDRESSDETAIL.LAST_NAME","DE-CH","de-CH","Nachname","Nachname","IDENTICAL_SELF_MATCH","True"
"FORM.FRMADDRESSDETAIL.LAST_NAME","EN-US","en-US","Last name","Last name","IDENTICAL_SELF_MATCH","True"
"FORM.FRMADDRESSDETAIL.LBLISACTIVE","DE-CH","de-CH","Aktiv","Aktiv","IDENTICAL_SELF_MATCH","True"
"FORM.FRMADDRESSDETAIL.LBLISACTIVE","EN-US","en-US","Active","Active","IDENTICAL_SELF_MATCH","True"
"FORM.FRMADDRESSDETAIL.PREFERRED_NAME","DE-CH","de-CH","Bevorzugter Name","Bevorzugter Name","IDENTICAL_SELF_MATCH","True"
"FORM.FRMADDRESSDETAIL.PREFERRED_NAME","EN-US","en-US","Preferred name","Preferred name","IDENTICAL_SELF_MATCH","True"
"FORM.FRMADDRESSDETAIL.SALUTATION","DE-CH","de-CH","Anrede","Anrede","IDENTICAL_SELF_MATCH","True"
"FORM.FRMADDRESSDETAIL.SALUTATION","EN-US","en-US","Salutation","Salutation","IDENTICAL_SELF_MATCH","True"
"FORM.FRMADDRESSDETAIL.STREET_NO","DE-CH","de-CH","Strasse | Nr","Strasse | Nr","IDENTICAL_SELF_MATCH","True"
"FORM.FRMADDRESSDETAIL.STREET_NO","EN-US","en-US","Street | No","Street | No","IDENTICAL_SELF_MATCH","True"
"FORM.FRMADDRESSLIST.ADDRESS_ID","DE-CH","de-CH","ID","ID","IDENTICAL_SELF_MATCH","True"
"FORM.FRMADDRESSLIST.ADDRESS_ID","EN-US","en-US","ID","ID","IDENTICAL_SELF_MATCH","True"
"FORM.FRMADDRESSLIST.CITY","DE-CH","de-CH","Ort","Ort","IDENTICAL_SELF_MATCH","True"
"FORM.FRMADDRESSLIST.CITY","EN-US","en-US","City","City","IDENTICAL_SELF_MATCH","True"
"FORM.FRMADDRESSLIST.DISPLAY_NAME","DE-CH","de-CH","Anzeigename","Anzeigename","IDENTICAL_SELF_MATCH","True"
"FORM.FRMADDRESSLIST.DISPLAY_NAME","EN-US","en-US","Display name","Display name","IDENTICAL_SELF_MATCH","True"
"FORM.FRMADDRESSLIST.EMAIL","DE-CH","de-CH","E-Mail","E-Mail","IDENTICAL_SELF_MATCH","True"
"FORM.FRMADDRESSLIST.EMAIL","EN-US","en-US","e-mail","e-mail","IDENTICAL_SELF_MATCH","True"
"FORM.FRMADDRESSLIST.LBLFORMTITLE","DE-CH","de-CH","Adressenliste","Adressenliste","IDENTICAL_SELF_MATCH","True"
"FORM.FRMADDRESSLIST.LBLFORMTITLE","EN-US","en-US","Address list","Address list","IDENTICAL_SELF_MATCH","True"
"FORM.FRMADDRESSLIST.PHONE","DE-CH","de-CH","Telefon","Telefon","IDENTICAL_SELF_MATCH","True"
"FORM.FRMADDRESSLIST.PHONE","EN-US","en-US","Phone","Phone","IDENTICAL_SELF_MATCH","True"
"FORM.FRMADDRESSLIST.ZIP_CODE","DE-CH","de-CH","Plz","Plz","IDENTICAL_SELF_MATCH","True"
"FORM.FRMADDRESSLIST.ZIP_CODE","EN-US","en-US","Zip-code","Zip-code","IDENTICAL_SELF_MATCH","True"
"FORM.FRMAPPDASHBOARD.BACKEND","DE-CH","de-CH","Backend","Backend","IDENTICAL_SELF_MATCH","True"
"FORM.FRMAPPDASHBOARD.BACKEND","EN-US","en-US","Backend","Backend","IDENTICAL_SELF_MATCH","True"
"FORM.FRMAPPDASHBOARD.FRAMEWORK","DE-CH","de-CH","Framework","Framework","IDENTICAL_SELF_MATCH","True"
"FORM.FRMAPPDASHBOARD.FRAMEWORK","EN-US","en-US","Framework","Framework","IDENTICAL_SELF_MATCH","True"
"FORM.FRMAPPDASHBOARD.STATUS","DE-CH","de-CH","Status","Status","IDENTICAL_SELF_MATCH","True"
"FORM.FRMAPPDASHBOARD.STATUS","EN-US","en-US","Status","Status","IDENTICAL_SELF_MATCH","True"
"FORM.FRMAPPDASHBOARD.TENANT","DE-CH","de-CH","Mandant","Mandant","IDENTICAL_SELF_MATCH","True"
"FORM.FRMAPPDASHBOARD.TENANT","EN-US","en-US","Tenant","Tenant","IDENTICAL_SELF_MATCH","True"
"FORM.FRMAPPDASHBOARD.USER","DE-CH","de-CH","Benutzer","Benutzer","IDENTICAL_SELF_MATCH","True"
"FORM.FRMAPPDASHBOARD.USER","EN-US","en-US","User","User","IDENTICAL_SELF_MATCH","True"
"FORM.FRMAPPSHELL.APP_SUBTITLE","DE-CH","de-CH","Die clevere Auftragsbearbeitung","Die clevere Auftragsbearbeitung","IDENTICAL_SELF_MATCH","True"
"FORM.FRMAPPSHELL.APP_SUBTITLE","EN-US","en-US","Clever order processing","Clever order processing","IDENTICAL_SELF_MATCH","True"
"FORM.FRMAPPSHELL.APP_TITLE","DE-CH","de-CH","EASIS v4","EASIS v4","IDENTICAL_SELF_MATCH","True"
"FORM.FRMAPPSHELL.APP_TITLE","EN-US","en-US","EASIS v4","EASIS v4","IDENTICAL_SELF_MATCH","True"
"FORM.FRMAPPSHELL.BACKEND","DE-CH","de-CH","Backend","Backend","IDENTICAL_SELF_MATCH","True"
"FORM.FRMAPPSHELL.BACKEND","EN-US","en-US","Backend","Backend","IDENTICAL_SELF_MATCH","True"
"FORM.FRMAPPSHELL.ENVIRONMENT","DE-CH","de-CH","Umgebung:","Umgebung:","IDENTICAL_SELF_MATCH","True"
"FORM.FRMAPPSHELL.ENVIRONMENT","EN-US","en-US","Environment","Environment","IDENTICAL_SELF_MATCH","True"
"FORM.FRMAPPSHELL.ROLE","DE-CH","de-CH","Rolle","Rolle","IDENTICAL_SELF_MATCH","True"
"FORM.FRMAPPSHELL.ROLE","EN-US","en-US","Role","Role","IDENTICAL_SELF_MATCH","True"
"FORM.FRMAPPSHELL.STATUS_APP_VERSION","DE-CH","de-CH","Version:","Version:","IDENTICAL_SELF_MATCH","True"
"FORM.FRMAPPSHELL.STATUS_APP_VERSION","EN-US","en-US","Version:","Version:","IDENTICAL_SELF_MATCH","True"
"FORM.FRMAPPSHELL.STATUS_BACKEND","DE-CH","de-CH","Backend:","Backend:","IDENTICAL_SELF_MATCH","True"
"FORM.FRMAPPSHELL.STATUS_BACKEND","EN-US","en-US","backend:","backend:","IDENTICAL_SELF_MATCH","True"
"FORM.FRMAPPSHELL.STATUS_CURRENT_ROLE","DE-CH","de-CH","Rolle","Rolle","IDENTICAL_SELF_MATCH","True"
"FORM.FRMAPPSHELL.STATUS_CURRENT_ROLE","EN-US","en-US","Role","Role","IDENTICAL_SELF_MATCH","True"
"FORM.FRMAPPSHELL.STATUS_CURRENT_TENANT","DE-CH","de-CH","Mandant","Mandant","IDENTICAL_SELF_MATCH","True"
"FORM.FRMAPPSHELL.STATUS_CURRENT_TENANT","EN-US","en-US","Tenant","Tenant","IDENTICAL_SELF_MATCH","True"
"FORM.FRMAPPSHELL.STATUS_CURRENT_USER","DE-CH","de-CH","Benutzer","Benutzer","IDENTICAL_SELF_MATCH","True"
"FORM.FRMAPPSHELL.STATUS_CURRENT_USER","EN-US","en-US","user","user","IDENTICAL_SELF_MATCH","True"
"FORM.FRMAPPSHELL.STATUS_ENVIRONMENT","DE-CH","de-CH","Umgebung:","Umgebung:","IDENTICAL_SELF_MATCH","True"
"FORM.FRMAPPSHELL.STATUS_ENVIRONMENT","EN-US","en-US","Environment:","Environment:","IDENTICAL_SELF_MATCH","True"
"FORM.FRMAPPSHELL.STATUS_ROLE","DE-CH","de-CH","Rolle","Rolle","IDENTICAL_SELF_MATCH","True"
"FORM.FRMAPPSHELL.STATUS_ROLE","EN-US","en-US","Role","Role","IDENTICAL_SELF_MATCH","True"
"FORM.FRMAPPSHELL.STATUS_TENANT","DE-CH","de-CH","Mandant","Mandant","IDENTICAL_SELF_MATCH","True"
"FORM.FRMAPPSHELL.STATUS_TENANT","EN-US","en-US","Tenant","Tenant","IDENTICAL_SELF_MATCH","True"
"FORM.FRMAPPSHELL.STATUS_USER","DE-CH","de-CH","Benutzer","Benutzer","IDENTICAL_SELF_MATCH","True"
"FORM.FRMAPPSHELL.STATUS_USER","EN-US","en-US","user","user","IDENTICAL_SELF_MATCH","True"
"FORM.FRMAPPSHELL.TENANT","DE-CH","de-CH","Mandant","Mandant","IDENTICAL_SELF_MATCH","True"
"FORM.FRMAPPSHELL.TENANT","EN-US","en-US","Tenant","Tenant","IDENTICAL_SELF_MATCH","True"
"FORM.FRMAPPSHELL.USER","DE-CH","de-CH","Benutzer","Benutzer","IDENTICAL_SELF_MATCH","True"
"FORM.FRMAPPSHELL.USER","EN-US","en-US","User","User","IDENTICAL_SELF_MATCH","True"
"FORM.FRMARTICLEDETAIL.ARTICLE_NAME","DE-CH","de-CH","Artikelname","Artikelname","IDENTICAL_SELF_MATCH","True"
"FORM.FRMARTICLEDETAIL.ARTICLE_NAME","EN-US","en-US","Article name","Article name","IDENTICAL_SELF_MATCH","True"
"FORM.FRMARTICLEDETAIL.ARTICLE_NO","DE-CH","de-CH","Artikel-Nr.","Artikel-Nr.","IDENTICAL_SELF_MATCH","True"
"FORM.FRMARTICLEDETAIL.ARTICLE_NO","EN-US","en-US","Article no.","Article no.","IDENTICAL_SELF_MATCH","True"
"FORM.FRMARTICLEDETAIL.ARTICLE_TYPE_CODE","DE-CH","de-CH","Artikeltyp","Artikeltyp","IDENTICAL_SELF_MATCH","True"
"FORM.FRMARTICLEDETAIL.ARTICLE_TYPE_CODE","EN-US","en-US","Article type","Article type","IDENTICAL_SELF_MATCH","True"
"FORM.FRMARTICLEDETAIL.BARCODE","DE-CH","de-CH","Barcode","Barcode","IDENTICAL_SELF_MATCH","True"
"FORM.FRMARTICLEDETAIL.BARCODE","EN-US","en-US","Barcode","Barcode","IDENTICAL_SELF_MATCH","True"
"FORM.FRMARTICLEDETAIL.CANCEL","DE-CH","de-CH","Abbrechen","Abbrechen","IDENTICAL_SELF_MATCH","True"
"FORM.FRMARTICLEDETAIL.CANCEL","EN-US","en-US","Cancel","Cancel","IDENTICAL_SELF_MATCH","True"
"FORM.FRMARTICLEDETAIL.CMDCANCEL","DE-CH","de-CH","Abbrechen","Abbrechen","IDENTICAL_SELF_MATCH","True"
"FORM.FRMARTICLEDETAIL.CMDCANCEL","EN-US","en-US","Cancel","Cancel","IDENTICAL_SELF_MATCH","True"
"FORM.FRMARTICLEDETAIL.CMDSAVE","DE-CH","de-CH","Speichern","Speichern","IDENTICAL_SELF_MATCH","True"
"FORM.FRMARTICLEDETAIL.CMDSAVE","EN-US","en-US","Save","Save","IDENTICAL_SELF_MATCH","True"
"FORM.FRMARTICLEDETAIL.DESCRIPTION_TEXT","DE-CH","de-CH","Beschreibung","Beschreibung","IDENTICAL_SELF_MATCH","True"
"FORM.FRMARTICLEDETAIL.DESCRIPTION_TEXT","EN-US","en-US","Description","Description","IDENTICAL_SELF_MATCH","True"
"FORM.FRMARTICLEDETAIL.FORM_TITLE","DE-CH","de-CH","Artikel","Artikel","IDENTICAL_SELF_MATCH","True"
"FORM.FRMARTICLEDETAIL.FORM_TITLE","EN-US","en-US","Article","Article","IDENTICAL_SELF_MATCH","True"
"FORM.FRMARTICLEDETAIL.IS_ACTIVE","DE-CH","de-CH","Aktiv","Aktiv","IDENTICAL_SELF_MATCH","True"
"FORM.FRMARTICLEDETAIL.IS_ACTIVE","EN-US","en-US","Active","Active","IDENTICAL_SELF_MATCH","True"
"FORM.FRMARTICLEDETAIL.LBLARTICLEID","DE-CH","de-CH","ID","ID","IDENTICAL_SELF_MATCH","True"
"FORM.FRMARTICLEDETAIL.LBLARTICLEID","EN-US","en-US","ID","ID","IDENTICAL_SELF_MATCH","True"
"FORM.FRMARTICLEDETAIL.LBLARTICLENAME","DE-CH","de-CH","Artikelname","Artikelname","IDENTICAL_SELF_MATCH","True"
"FORM.FRMARTICLEDETAIL.LBLARTICLENAME","EN-US","en-US","article name","article name","IDENTICAL_SELF_MATCH","True"
"FORM.FRMARTICLEDETAIL.LBLARTICLENO","DE-CH","de-CH","Artikel-Nr","Artikel-Nr","IDENTICAL_SELF_MATCH","True"
"FORM.FRMARTICLEDETAIL.LBLARTICLENO","EN-US","en-US","Article no.","Article no.","IDENTICAL_SELF_MATCH","True"
"FORM.FRMARTICLEDETAIL.LBLARTICLETYPECODE","DE-CH","de-CH","Artikeltyp","Artikeltyp","IDENTICAL_SELF_MATCH","True"
"FORM.FRMARTICLEDETAIL.LBLARTICLETYPECODE","EN-US","en-US","Article type","Article type","IDENTICAL_SELF_MATCH","True"
"FORM.FRMARTICLEDETAIL.LBLBARCODE","DE-CH","de-CH","Barcode","Barcode","IDENTICAL_SELF_MATCH","True"
"FORM.FRMARTICLEDETAIL.LBLBARCODE","EN-US","en-US","barcode","barcode","IDENTICAL_SELF_MATCH","True"
"FORM.FRMARTICLEDETAIL.LBLCREATEDAT","DE-CH","de-CH","Erstellt am","Erstellt am","IDENTICAL_SELF_MATCH","True"
"FORM.FRMARTICLEDETAIL.LBLCREATEDAT","EN-US","en-US","Created on","Created on","IDENTICAL_SELF_MATCH","True"
"FORM.FRMARTICLEDETAIL.LBLCREATEDBY","DE-CH","de-CH","Erstellt von","Erstellt von","IDENTICAL_SELF_MATCH","True"
"FORM.FRMARTICLEDETAIL.LBLCREATEDBY","EN-US","en-US","Created by","Created by","IDENTICAL_SELF_MATCH","True"
"FORM.FRMARTICLEDETAIL.LBLDESCRIPTION","DE-CH","de-CH","Beschreibung","Beschreibung","IDENTICAL_SELF_MATCH","True"
"FORM.FRMARTICLEDETAIL.LBLDESCRIPTION","EN-US","en-US","Description","Description","IDENTICAL_SELF_MATCH","True"
"FORM.FRMARTICLEDETAIL.LBLFORMTITLE","DE-CH","de-CH","Artikeldetail","Artikeldetail","IDENTICAL_SELF_MATCH","True"
"FORM.FRMARTICLEDETAIL.LBLFORMTITLE","EN-US","en-US","Article detail","Article detail","IDENTICAL_SELF_MATCH","True"
"FORM.FRMARTICLEDETAIL.LBLISACTIVE","DE-CH","de-CH","Aktiv","Aktiv","IDENTICAL_SELF_MATCH","True"
"FORM.FRMARTICLEDETAIL.LBLISACTIVE","EN-US","en-US","Active","Active","IDENTICAL_SELF_MATCH","True"
"FORM.FRMARTICLEDETAIL.LBLPRODUCTGROUPID","DE-CH","de-CH","Warengruppe","Warengruppe","IDENTICAL_SELF_MATCH","True"
"FORM.FRMARTICLEDETAIL.LBLPRODUCTGROUPID","EN-US","en-US","Product group","Product group","IDENTICAL_SELF_MATCH","True"
"FORM.FRMARTICLEDETAIL.LBLPURCHASEPRICE","DE-CH","de-CH","Einkaufspreis","Einkaufspreis","IDENTICAL_SELF_MATCH","True"
"FORM.FRMARTICLEDETAIL.LBLPURCHASEPRICE","EN-US","en-US","Purchase price","Purchase price","IDENTICAL_SELF_MATCH","True"
"FORM.FRMARTICLEDETAIL.LBLSALESPRICE","DE-CH","de-CH","Verkaufspreis","Verkaufspreis","IDENTICAL_SELF_MATCH","True"
"FORM.FRMARTICLEDETAIL.LBLSALESPRICE","EN-US","en-US","sales price","sales price","IDENTICAL_SELF_MATCH","True"
"FORM.FRMARTICLEDETAIL.LBLUNITCODE","DE-CH","de-CH","Einheit","Einheit","IDENTICAL_SELF_MATCH","True"
"FORM.FRMARTICLEDETAIL.LBLUNITCODE","EN-US","en-US","Unit","Unit","IDENTICAL_SELF_MATCH","True"
"FORM.FRMARTICLEDETAIL.LBLUPDATEDAT","DE-CH","de-CH","Aktualisiert am","Aktualisiert am","IDENTICAL_SELF_MATCH","True"
"FORM.FRMARTICLEDETAIL.LBLUPDATEDAT","EN-US","en-US","Updated on","Updated on","IDENTICAL_SELF_MATCH","True"
"FORM.FRMARTICLEDETAIL.LBLUPDATEDBY","DE-CH","de-CH","Aktualisiert von","Aktualisiert von","IDENTICAL_SELF_MATCH","True"
"FORM.FRMARTICLEDETAIL.LBLUPDATEDBY","EN-US","en-US","Updated by","Updated by","IDENTICAL_SELF_MATCH","True"
"FORM.FRMARTICLEDETAIL.LBLVATCODE","DE-CH","de-CH","MwSt-Code","MwSt-Code","IDENTICAL_SELF_MATCH","True"
"FORM.FRMARTICLEDETAIL.LBLVATCODE","EN-US","en-US","VAT code","VAT code","IDENTICAL_SELF_MATCH","True"
"FORM.FRMARTICLEDETAIL.PRODUCT_GROUP","DE-CH","de-CH","Artikelgruppe","Artikelgruppe","IDENTICAL_SELF_MATCH","True"
"FORM.FRMARTICLEDETAIL.PRODUCT_GROUP","EN-US","en-US","Product group","Product group","IDENTICAL_SELF_MATCH","True"
"FORM.FRMARTICLEDETAIL.PURCHASE_PRICE","DE-CH","de-CH","Einkaufspreis","Einkaufspreis","IDENTICAL_SELF_MATCH","True"
"FORM.FRMARTICLEDETAIL.PURCHASE_PRICE","EN-US","en-US","Purchase price","Purchase price","IDENTICAL_SELF_MATCH","True"
"FORM.FRMARTICLEDETAIL.SALES_PRICE","DE-CH","de-CH","Verkaufspreis","Verkaufspreis","IDENTICAL_SELF_MATCH","True"
"FORM.FRMARTICLEDETAIL.SALES_PRICE","EN-US","en-US","Sales price","Sales price","IDENTICAL_SELF_MATCH","True"
"FORM.FRMARTICLEDETAIL.SAVE","DE-CH","de-CH","Speichern","Speichern","IDENTICAL_SELF_MATCH","True"
"FORM.FRMARTICLEDETAIL.SAVE","EN-US","en-US","Save","Save","IDENTICAL_SELF_MATCH","True"
"FORM.FRMARTICLEDETAIL.UNIT_CODE","DE-CH","de-CH","Einheit","Einheit","IDENTICAL_SELF_MATCH","True"
"FORM.FRMARTICLEDETAIL.UNIT_CODE","EN-US","en-US","Unit","Unit","IDENTICAL_SELF_MATCH","True"
"FORM.FRMARTICLEDETAIL.VAT_CODE","DE-CH","de-CH","MWST-Code","MWST-Code","IDENTICAL_SELF_MATCH","True"
"FORM.FRMARTICLEDETAIL.VAT_CODE","EN-US","en-US","VAT code","VAT code","IDENTICAL_SELF_MATCH","True"
"FORM.FRMARTICLEGROUPDETAIL.ARTICLE_GROUP_CODE","DE-CH","de-CH","Artikelgruppen-Code","Artikelgruppen-Code","IDENTICAL_SELF_MATCH","True"
"FORM.FRMARTICLEGROUPDETAIL.ARTICLE_GROUP_CODE","EN-US","en-US","Article group code","Article group code","IDENTICAL_SELF_MATCH","True"
"FORM.FRMARTICLEGROUPDETAIL.ARTICLE_GROUP_NAME","DE-CH","de-CH","Artikelgruppen-Name","Artikelgruppen-Name","IDENTICAL_SELF_MATCH","True"
"FORM.FRMARTICLEGROUPDETAIL.ARTICLE_GROUP_NAME","EN-US","en-US","Article group name","Article group name","IDENTICAL_SELF_MATCH","True"
"FORM.FRMARTICLEGROUPDETAIL.CANCEL","DE-CH","de-CH","Abbrechen","Abbrechen","IDENTICAL_SELF_MATCH","True"
"FORM.FRMARTICLEGROUPDETAIL.CANCEL","EN-US","en-US","Cancel","Cancel","IDENTICAL_SELF_MATCH","True"
"FORM.FRMARTICLEGROUPDETAIL.DESCRIPTION","DE-CH","de-CH","Beschreibung","Beschreibung","IDENTICAL_SELF_MATCH","True"
"FORM.FRMARTICLEGROUPDETAIL.DESCRIPTION","EN-US","en-US","Description","Description","IDENTICAL_SELF_MATCH","True"
"FORM.FRMARTICLEGROUPDETAIL.DESCRIPTION_TEXT","DE-CH","de-CH","Beschreibung","Beschreibung","IDENTICAL_SELF_MATCH","True"
"FORM.FRMARTICLEGROUPDETAIL.DESCRIPTION_TEXT","EN-US","en-US","Description","Description","IDENTICAL_SELF_MATCH","True"
"FORM.FRMARTICLEGROUPDETAIL.FORM_TITLE","DE-CH","de-CH","Artikelgruppe","Artikelgruppe","IDENTICAL_SELF_MATCH","True"
"FORM.FRMARTICLEGROUPDETAIL.FORM_TITLE","EN-US","en-US","Article group","Article group","IDENTICAL_SELF_MATCH","True"
"FORM.FRMARTICLEGROUPDETAIL.IS_ACTIVE","DE-CH","de-CH","Aktiv","Aktiv","IDENTICAL_SELF_MATCH","True"
"FORM.FRMARTICLEGROUPDETAIL.IS_ACTIVE","EN-US","en-US","Active","Active","IDENTICAL_SELF_MATCH","True"
"FORM.FRMARTICLEGROUPDETAIL.PRODUCT_GROUP_CODE","DE-CH","de-CH","Artikelgruppen-Code","Artikelgruppen-Code","IDENTICAL_SELF_MATCH","True"
"FORM.FRMARTICLEGROUPDETAIL.PRODUCT_GROUP_CODE","EN-US","en-US","Article group code","Article group code","IDENTICAL_SELF_MATCH","True"
"FORM.FRMARTICLEGROUPDETAIL.PRODUCT_GROUP_NAME","DE-CH","de-CH","Artikelgruppen-Name","Artikelgruppen-Name","IDENTICAL_SELF_MATCH","True"
"FORM.FRMARTICLEGROUPDETAIL.PRODUCT_GROUP_NAME","EN-US","en-US","Article group name","Article group name","IDENTICAL_SELF_MATCH","True"
"FORM.FRMARTICLEGROUPDETAIL.SAVE","DE-CH","de-CH","Speichern","Speichern","IDENTICAL_SELF_MATCH","True"
"FORM.FRMARTICLEGROUPDETAIL.SAVE","EN-US","en-US","Save","Save","IDENTICAL_SELF_MATCH","True"
"FORM.FRMARTICLEGROUPDETAIL.SORT_ORDER","DE-CH","de-CH","Sortierung","Sortierung","IDENTICAL_SELF_MATCH","True"
"FORM.FRMARTICLEGROUPDETAIL.SORT_ORDER","EN-US","en-US","Sort order","Sort order","IDENTICAL_SELF_MATCH","True"
"FORM.FRMARTICLEGROUPLIST.DESCRIPTION_TEXT","DE-CH","de-CH","Beschreibung","Beschreibung","IDENTICAL_SELF_MATCH","True"
"FORM.FRMARTICLEGROUPLIST.DESCRIPTION_TEXT","EN-US","en-US","Description","Description","IDENTICAL_SELF_MATCH","True"
"FORM.FRMARTICLEGROUPLIST.EDIT","DE-CH","de-CH","Bearbeiten","Bearbeiten","IDENTICAL_SELF_MATCH","True"
"FORM.FRMARTICLEGROUPLIST.EDIT","EN-US","en-US","Edit","Edit","IDENTICAL_SELF_MATCH","True"
"FORM.FRMARTICLEGROUPLIST.FORM_TITLE","DE-CH","de-CH","Artikelgruppen","Artikelgruppen","IDENTICAL_SELF_MATCH","True"
"FORM.FRMARTICLEGROUPLIST.FORM_TITLE","EN-US","en-US","Article groups","Article groups","IDENTICAL_SELF_MATCH","True"
"FORM.FRMARTICLEGROUPLIST.IS_ACTIVE","DE-CH","de-CH","Aktiv","Aktiv","IDENTICAL_SELF_MATCH","True"
"FORM.FRMARTICLEGROUPLIST.IS_ACTIVE","EN-US","en-US","Active","Active","IDENTICAL_SELF_MATCH","True"
"FORM.FRMARTICLEGROUPLIST.PRODUCT_GROUP_CODE","DE-CH","de-CH","Code der Warengruppe","Code der Warengruppe","IDENTICAL_SELF_MATCH","True"
"FORM.FRMARTICLEGROUPLIST.PRODUCT_GROUP_CODE","EN-US","en-US","Product group code","Product group code","IDENTICAL_SELF_MATCH","True"
"FORM.FRMARTICLEGROUPLIST.PRODUCT_GROUP_ID","DE-CH","de-CH","WG-ID","WG-ID","IDENTICAL_SELF_MATCH","True"
"FORM.FRMARTICLEGROUPLIST.PRODUCT_GROUP_ID","EN-US","en-US","PG-ID","PG-ID","IDENTICAL_SELF_MATCH","True"
"FORM.FRMARTICLEGROUPLIST.PRODUCT_GROUP_NAME","DE-CH","de-CH","Warengruppe","Warengruppe","IDENTICAL_SELF_MATCH","True"
"FORM.FRMARTICLEGROUPLIST.PRODUCT_GROUP_NAME","EN-US","en-US","Product group","Product group","IDENTICAL_SELF_MATCH","True"
"FORM.FRMARTICLEGROUPLIST.REFRESH","DE-CH","de-CH","Aktualisieren","Aktualisieren","IDENTICAL_SELF_MATCH","True"
"FORM.FRMARTICLEGROUPLIST.REFRESH","EN-US","en-US","Refresh","Refresh","IDENTICAL_SELF_MATCH","True"
"FORM.FRMARTICLEGROUPLIST.SEARCH","DE-CH","de-CH","Suche","Suche","IDENTICAL_SELF_MATCH","True"
"FORM.FRMARTICLEGROUPLIST.SEARCH","EN-US","en-US","Search","Search","IDENTICAL_SELF_MATCH","True"
"FORM.FRMARTICLEGROUPLIST.SORT_ORDER","DE-CH","de-CH","Sort","Sort","IDENTICAL_SELF_MATCH","True"
"FORM.FRMARTICLEGROUPLIST.SORT_ORDER","EN-US","en-US","Sort","Sort","IDENTICAL_SELF_MATCH","True"
"FORM.FRMARTICLELIST.ARTICLE_NAME","DE-CH","de-CH","Artikelname","Artikelname","IDENTICAL_SELF_MATCH","True"
"FORM.FRMARTICLELIST.ARTICLE_NAME","EN-US","en-US","Article name","Article name","IDENTICAL_SELF_MATCH","True"
"FORM.FRMARTICLELIST.ARTICLE_NO","DE-CH","de-CH","Artikel-Nr.","Artikel-Nr.","IDENTICAL_SELF_MATCH","True"
"FORM.FRMARTICLELIST.ARTICLE_NO","EN-US","en-US","Article no.","Article no.","IDENTICAL_SELF_MATCH","True"
"FORM.FRMARTICLELIST.FORM_TITLE","DE-CH","de-CH","Artikel","Artikel","IDENTICAL_SELF_MATCH","True"
"FORM.FRMARTICLELIST.FORM_TITLE","EN-US","en-US","Articles","Articles","IDENTICAL_SELF_MATCH","True"
"FORM.FRMARTICLELIST.IS_ACTIVE","DE-CH","de-CH","Aktiv","Aktiv","IDENTICAL_SELF_MATCH","True"
"FORM.FRMARTICLELIST.IS_ACTIVE","EN-US","en-US","Active","Active","IDENTICAL_SELF_MATCH","True"
"FORM.FRMARTICLELIST.PRODUCT_GROUP","DE-CH","de-CH","Artikelgruppe","Artikelgruppe","IDENTICAL_SELF_MATCH","True"
"FORM.FRMARTICLELIST.PRODUCT_GROUP","EN-US","en-US","Product group","Product group","IDENTICAL_SELF_MATCH","True"
"FORM.FRMARTICLELIST.PRODUCT_GROUP_NAME","DE-CH","de-CH","Warengruppe","Warengruppe","IDENTICAL_SELF_MATCH","True"
"FORM.FRMARTICLELIST.PRODUCT_GROUP_NAME","EN-US","en-US","Product group","Product group","IDENTICAL_SELF_MATCH","True"
"FORM.FRMARTICLELIST.REFRESH","DE-CH","de-CH","Aktualisieren","Aktualisieren","IDENTICAL_SELF_MATCH","True"
"FORM.FRMARTICLELIST.REFRESH","EN-US","en-US","Refresh","Refresh","IDENTICAL_SELF_MATCH","True"
"FORM.FRMARTICLELIST.SALES_PRICE","DE-CH","de-CH","Verkaufspreis","Verkaufspreis","IDENTICAL_SELF_MATCH","True"
"FORM.FRMARTICLELIST.SALES_PRICE","EN-US","en-US","Sales price","Sales price","IDENTICAL_SELF_MATCH","True"
"FORM.FRMARTICLELIST.SEARCH","DE-CH","de-CH","Suche","Suche","IDENTICAL_SELF_MATCH","True"
"FORM.FRMARTICLELIST.SEARCH","EN-US","en-US","Search","Search","IDENTICAL_SELF_MATCH","True"
"FORM.FRMARTICLELIST.UNIT_CODE","DE-CH","de-CH","Einheit","Einheit","IDENTICAL_SELF_MATCH","True"
"FORM.FRMARTICLELIST.UNIT_CODE","EN-US","en-US","Unit","Unit","IDENTICAL_SELF_MATCH","True"
"FORM.FRMARTICLELIST.VAT_CODE","DE-CH","de-CH","MWST","MWST","IDENTICAL_SELF_MATCH","True"
"FORM.FRMARTICLELIST.VAT_CODE","EN-US","en-US","VAT","VAT","IDENTICAL_SELF_MATCH","True"
"FORM.FRMFWNAVIGATIONADMIN.CMDDEACTIVATE","DE-CH","de-CH","Deaktivieren","Deaktivieren","IDENTICAL_SELF_MATCH","True"
"FORM.FRMFWNAVIGATIONADMIN.CMDDEACTIVATE","EN-US","en-US","Deactivate","Deactivate","IDENTICAL_SELF_MATCH","True"
"FORM.FRMFWNAVIGATIONADMIN.CMDHIDE","DE-CH","de-CH","Ausblenden","Ausblenden","IDENTICAL_SELF_MATCH","True"
"FORM.FRMFWNAVIGATIONADMIN.CMDHIDE","EN-US","en-US","Hide","Hide","IDENTICAL_SELF_MATCH","True"
"FORM.FRMFWNAVIGATIONADMIN.CMDNEWGROUP","DE-CH","de-CH","Neue Gruppe","Neue Gruppe","IDENTICAL_SELF_MATCH","True"
"FORM.FRMFWNAVIGATIONADMIN.CMDNEWGROUP","EN-US","en-US","New Group","New Group","IDENTICAL_SELF_MATCH","True"
"FORM.FRMFWNAVIGATIONADMIN.CMDNEWITEM","DE-CH","de-CH","Neuer Menüpunkt","Neuer Menüpunkt","IDENTICAL_SELF_MATCH","True"
"FORM.FRMFWNAVIGATIONADMIN.CMDNEWITEM","EN-US","en-US","New menu item","New menu item","IDENTICAL_SELF_MATCH","True"
"FORM.FRMFWNAVIGATIONADMIN.CMDREFRESH","DE-CH","de-CH","Aktualisieren","Aktualisieren","IDENTICAL_SELF_MATCH","True"
"FORM.FRMFWNAVIGATIONADMIN.CMDREFRESH","EN-US","en-US","Refresh","Refresh","IDENTICAL_SELF_MATCH","True"
"FORM.FRMFWNAVIGATIONADMIN.CMDSAVE","DE-CH","de-CH","Speichern","Speichern","IDENTICAL_SELF_MATCH","True"
"FORM.FRMFWNAVIGATIONADMIN.CMDSAVE","EN-US","en-US","Save","Save","IDENTICAL_SELF_MATCH","True"
"FORM.FRMFWNAVIGATIONADMIN.CMDSHOW","DE-CH","de-CH","Anzeigen","Anzeigen","IDENTICAL_SELF_MATCH","True"
"FORM.FRMFWNAVIGATIONADMIN.CMDSHOW","EN-US","en-US","Display","Display","IDENTICAL_SELF_MATCH","True"
"FORM.FRMFWNAVIGATIONADMIN.CMDTESTOPEN","DE-CH","de-CH","Testen","Testen","IDENTICAL_SELF_MATCH","True"
"FORM.FRMFWNAVIGATIONADMIN.CMDTESTOPEN","EN-US","en-US","Test","Test","IDENTICAL_SELF_MATCH","True"
"FORM.FRMFWNAVIGATIONADMIN.DEACTIVATE","DE-CH","de-CH","Deaktivieren","Deaktivieren","IDENTICAL_SELF_MATCH","True"
"FORM.FRMFWNAVIGATIONADMIN.DEACTIVATE","EN-US","en-US","Deactivate","Deactivate","IDENTICAL_SELF_MATCH","True"
"FORM.FRMFWNAVIGATIONADMIN.FORM_TITLE","DE-CH","de-CH","Navigation verwalten","Navigation verwalten","IDENTICAL_SELF_MATCH","True"
"FORM.FRMFWNAVIGATIONADMIN.FORM_TITLE","EN-US","en-US","Manage navigation","Manage navigation","IDENTICAL_SELF_MATCH","True"
"FORM.FRMFWNAVIGATIONADMIN.HIDE","DE-CH","de-CH","Ausblenden","Ausblenden","IDENTICAL_SELF_MATCH","True"
"FORM.FRMFWNAVIGATIONADMIN.HIDE","EN-US","en-US","Hide","Hide","IDENTICAL_SELF_MATCH","True"
"FORM.FRMFWNAVIGATIONADMIN.LBLCAPTIONKEY","DE-CH","de-CH","Schlüssel","Schlüssel","IDENTICAL_SELF_MATCH","True"
"FORM.FRMFWNAVIGATIONADMIN.LBLCAPTIONKEY","EN-US","en-US","Key","Key","IDENTICAL_SELF_MATCH","True"
"FORM.FRMFWNAVIGATIONADMIN.LBLFALLBACK","DE-CH","de-CH","Ersatztext","Ersatztext","IDENTICAL_SELF_MATCH","True"
"FORM.FRMFWNAVIGATIONADMIN.LBLFALLBACK","EN-US","en-US","Fallback text","Fallback text","IDENTICAL_SELF_MATCH","True"
"FORM.FRMFWNAVIGATIONADMIN.LBLISACTIVE","DE-CH","de-CH","Aktiv","Aktiv","IDENTICAL_SELF_MATCH","True"
"FORM.FRMFWNAVIGATIONADMIN.LBLISACTIVE","EN-US","en-US","Active","Active","IDENTICAL_SELF_MATCH","True"
"FORM.FRMFWNAVIGATIONADMIN.LBLISEXPANDED","DE-CH","de-CH","Offen, Erweitert","Offen, Erweitert","IDENTICAL_SELF_MATCH","True"
"FORM.FRMFWNAVIGATIONADMIN.LBLISEXPANDED","EN-US","en-US","Expanded","Expanded","IDENTICAL_SELF_MATCH","True"
"FORM.FRMFWNAVIGATIONADMIN.LBLISVISIBLE","DE-CH","de-CH","Sichtbar","Sichtbar","IDENTICAL_SELF_MATCH","True"
"FORM.FRMFWNAVIGATIONADMIN.LBLISVISIBLE","EN-US","en-US","Visible","Visible","IDENTICAL_SELF_MATCH","True"
"FORM.FRMFWNAVIGATIONADMIN.LBLNAVIGATIONENTRIES","DE-CH","de-CH","Navigationspunkte","Navigationspunkte","IDENTICAL_SELF_MATCH","True"
"FORM.FRMFWNAVIGATIONADMIN.LBLNAVIGATIONENTRIES","EN-US","en-US","Navigation Entries","Navigation Entries","IDENTICAL_SELF_MATCH","True"
"FORM.FRMFWNAVIGATIONADMIN.LBLNAVIGATIONGROUP","DE-CH","de-CH","Navigationsgruppe","Navigationsgruppe","IDENTICAL_SELF_MATCH","True"
"FORM.FRMFWNAVIGATIONADMIN.LBLNAVIGATIONGROUP","EN-US","en-US","Navigation Group","Navigation Group","IDENTICAL_SELF_MATCH","True"
"FORM.FRMFWNAVIGATIONADMIN.LBLOBJECTNAME","DE-CH","de-CH","Objektname","Objektname","IDENTICAL_SELF_MATCH","True"
"FORM.FRMFWNAVIGATIONADMIN.LBLOBJECTNAME","EN-US","en-US","Object Name","Object Name","IDENTICAL_SELF_MATCH","True"
"FORM.FRMFWNAVIGATIONADMIN.LBLOBJECTTYPE","DE-CH","de-CH","Objekttyp","Objekttyp","IDENTICAL_SELF_MATCH","True"
"FORM.FRMFWNAVIGATIONADMIN.LBLOBJECTTYPE","EN-US","en-US","Object Type","Object Type","IDENTICAL_SELF_MATCH","True"
"FORM.FRMFWNAVIGATIONADMIN.LBLOPENMODE","DE-CH","de-CH","Öffnungsmodus","Öffnungsmodus","IDENTICAL_SELF_MATCH","True"
"FORM.FRMFWNAVIGATIONADMIN.LBLOPENMODE","EN-US","en-US","Open Mode","Open Mode","IDENTICAL_SELF_MATCH","True"
"FORM.FRMFWNAVIGATIONADMIN.LBLPARENTNAVIGATIONID","DE-CH","de-CH","Übergeordnete NavID","Übergeordnete NavID","IDENTICAL_SELF_MATCH","True"
"FORM.FRMFWNAVIGATIONADMIN.LBLPARENTNAVIGATIONID","EN-US","en-US","Parent NavID","Parent NavID","IDENTICAL_SELF_MATCH","True"
"FORM.FRMFWNAVIGATIONADMIN.LBLSORTORDER","DE-CH","de-CH","Sortierreihenfolge","Sortierreihenfolge","IDENTICAL_SELF_MATCH","True"
"FORM.FRMFWNAVIGATIONADMIN.LBLSORTORDER","EN-US","en-US","Sort Order","Sort Order","IDENTICAL_SELF_MATCH","True"
"FORM.FRMFWNAVIGATIONADMIN.NEW_GROUP","DE-CH","de-CH","Neue Gruppe","Neue Gruppe","IDENTICAL_SELF_MATCH","True"
"FORM.FRMFWNAVIGATIONADMIN.NEW_GROUP","EN-US","en-US","New group","New group","IDENTICAL_SELF_MATCH","True"
"FORM.FRMFWNAVIGATIONADMIN.NEW_ITEM","DE-CH","de-CH","Neuer Eintrag","Neuer Eintrag","IDENTICAL_SELF_MATCH","True"
"FORM.FRMFWNAVIGATIONADMIN.NEW_ITEM","EN-US","en-US","New item","New item","IDENTICAL_SELF_MATCH","True"
"FORM.FRMFWNAVIGATIONADMIN.REFRESH","DE-CH","de-CH","Aktualisieren","Aktualisieren","IDENTICAL_SELF_MATCH","True"
"FORM.FRMFWNAVIGATIONADMIN.REFRESH","EN-US","en-US","Refresh","Refresh","IDENTICAL_SELF_MATCH","True"
"FORM.FRMFWNAVIGATIONADMIN.SAVE","DE-CH","de-CH","Speichern","Speichern","IDENTICAL_SELF_MATCH","True"
"FORM.FRMFWNAVIGATIONADMIN.SAVE","EN-US","en-US","Save","Save","IDENTICAL_SELF_MATCH","True"
"FORM.FRMFWNAVIGATIONADMIN.SHOW","DE-CH","de-CH","Einblenden","Einblenden","IDENTICAL_SELF_MATCH","True"
"FORM.FRMFWNAVIGATIONADMIN.SHOW","EN-US","en-US","Show","Show","IDENTICAL_SELF_MATCH","True"
"FORM.FRMFWTAGCOMPOSER.CMDAPPLY","DE-CH","de-CH","Übernehmen","Übernehmen","IDENTICAL_SELF_MATCH","True"
"FORM.FRMFWTAGCOMPOSER.CMDAPPLY","EN-US","en-US","Apply","Apply","IDENTICAL_SELF_MATCH","True"
"FORM.FRMFWTAGCOMPOSER.CMDHELP","DE-CH","de-CH","Hilfe","Hilfe","IDENTICAL_SELF_MATCH","True"
"FORM.FRMFWTAGCOMPOSER.CMDHELP","EN-US","en-US","Help","Help","IDENTICAL_SELF_MATCH","True"
"FORM.FRMFWTAGCOMPOSER.CMDSAVE","DE-CH","de-CH","Speichern","Speichern","IDENTICAL_SELF_MATCH","True"
"FORM.FRMFWTAGCOMPOSER.CMDSAVE","EN-US","en-US","Save","Save","IDENTICAL_SELF_MATCH","True"
"FORM.FRMFWTAGCOMPOSER.LBLBEHAVIOUR","DE-CH","de-CH","Verhalten","Verhalten","IDENTICAL_SELF_MATCH","True"
"FORM.FRMFWTAGCOMPOSER.LBLBEHAVIOUR","EN-US","en-US","Behavior","Behavior","IDENTICAL_SELF_MATCH","True"
"FORM.FRMFWTAGCOMPOSER.LBLBEHVIOUR","DE-CH","de-CH","<neu>","<neu>","IDENTICAL_SELF_MATCH","True"
"FORM.FRMFWTAGCOMPOSER.LBLBEHVIOUR","EN-US","en-US","<neu>","<neu>","IDENTICAL_SELF_MATCH","True"
"FORM.FRMFWTAGCOMPOSER.LBLDATE","DE-CH","de-CH","Datum","Datum","IDENTICAL_SELF_MATCH","True"
"FORM.FRMFWTAGCOMPOSER.LBLDATE","EN-US","en-US","Date","Date","IDENTICAL_SELF_MATCH","True"
"FORM.FRMFWTAGCOMPOSER.LBLDISABLED","DE-CH","de-CH","Deaktiviert","Deaktiviert","IDENTICAL_SELF_MATCH","True"
"FORM.FRMFWTAGCOMPOSER.LBLDISABLED","EN-US","en-US","Disabled","Disabled","IDENTICAL_SELF_MATCH","True"
"FORM.FRMFWTAGCOMPOSER.LBLHIDDEN","DE-CH","de-CH","Unsichtbar","Unsichtbar","IDENTICAL_SELF_MATCH","True"
"FORM.FRMFWTAGCOMPOSER.LBLHIDDEN","EN-US","en-US","Hidden","Hidden","IDENTICAL_SELF_MATCH","True"
"FORM.FRMFWTAGCOMPOSER.LBLINTEGER","DE-CH","de-CH","Integer","Integer","IDENTICAL_SELF_MATCH","True"
"FORM.FRMFWTAGCOMPOSER.LBLINTEGER","EN-US","en-US","Integer","Integer","IDENTICAL_SELF_MATCH","True"
"FORM.FRMFWTAGCOMPOSER.LBLLOCKED","DE-CH","de-CH","Gesperrt","Gesperrt","IDENTICAL_SELF_MATCH","True"
"FORM.FRMFWTAGCOMPOSER.LBLLOCKED","EN-US","en-US","Locked","Locked","IDENTICAL_SELF_MATCH","True"
"FORM.FRMFWTAGCOMPOSER.LBLNUMERIC","DE-CH","de-CH","Numerisch","Numerisch","IDENTICAL_SELF_MATCH","True"
"FORM.FRMFWTAGCOMPOSER.LBLNUMERIC","EN-US","en-US","Numeric","Numeric","IDENTICAL_SELF_MATCH","True"
"FORM.FRMFWTAGCOMPOSER.LBLREADONLY","DE-CH","de-CH","Nur lesen","Nur lesen","IDENTICAL_SELF_MATCH","True"
"FORM.FRMFWTAGCOMPOSER.LBLREADONLY","EN-US","en-US","Read-only","Read-only","IDENTICAL_SELF_MATCH","True"
"FORM.FRMFWTAGCOMPOSER.LBLREQUIRED","DE-CH","de-CH","Benötigt","Benötigt","IDENTICAL_SELF_MATCH","True"
"FORM.FRMFWTAGCOMPOSER.LBLREQUIRED","EN-US","en-US","Required","Required","IDENTICAL_SELF_MATCH","True"
"FORM.FRMFWTAGCOMPOSER.LBLSETFOCUS","DE-CH","de-CH","Fokus setzen","Fokus setzen","IDENTICAL_SELF_MATCH","True"
"FORM.FRMFWTAGCOMPOSER.LBLSETFOCUS","EN-US","en-US","Set Focus","Set Focus","IDENTICAL_SELF_MATCH","True"
"FORM.FRMFWTAGCOMPOSER.LBLTEXTRULES","DE-CH","de-CH","Textregeln","Textregeln","IDENTICAL_SELF_MATCH","True"
"FORM.FRMFWTAGCOMPOSER.LBLTEXTRULES","EN-US","en-US","Text Rules","Text Rules","IDENTICAL_SELF_MATCH","True"
"FORM.FRMFWTRANSLATIONAUDIT.AUDIT_STATUS","DE-CH","de-CH","Audit-Status","Audit-Status","IDENTICAL_SELF_MATCH","True"
"FORM.FRMFWTRANSLATIONAUDIT.AUDIT_STATUS","EN-US","en-US","Audit status","Audit status","IDENTICAL_SELF_MATCH","True"
"FORM.FRMFWTRANSLATIONAUDIT.CLEAR_FILTERS","DE-CH","de-CH","Filter loeschen","Filter loeschen","IDENTICAL_SELF_MATCH","True"
"FORM.FRMFWTRANSLATIONAUDIT.CLEAR_FILTERS","EN-US","en-US","Clear filters","Clear filters","IDENTICAL_SELF_MATCH","True"
"FORM.FRMFWTRANSLATIONAUDIT.CMDCLEARFILTERS","DE-CH","de-CH","Filter Reset","Filter Reset","IDENTICAL_SELF_MATCH","True"
"FORM.FRMFWTRANSLATIONAUDIT.CMDCLEARFILTERS","EN-US","en-US","Clear Filters","Clear Filters","IDENTICAL_SELF_MATCH","True"
"FORM.FRMFWTRANSLATIONAUDIT.CMDCREATEMISSINGROWS","DE-CH","de-CH","Fehlende erstellen","Fehlende erstellen","IDENTICAL_SELF_MATCH","True"
"FORM.FRMFWTRANSLATIONAUDIT.CMDCREATEMISSINGROWS","EN-US","en-US","Create Missing","Create Missing","IDENTICAL_SELF_MATCH","True"
"FORM.FRMFWTRANSLATIONAUDIT.COVERAGE_SUMMARY","DE-CH","de-CH","Abdeckungsuebersicht","Abdeckungsuebersicht","IDENTICAL_SELF_MATCH","True"
"FORM.FRMFWTRANSLATIONAUDIT.COVERAGE_SUMMARY","EN-US","en-US","Coverage summary","Coverage summary","IDENTICAL_SELF_MATCH","True"
"FORM.FRMFWTRANSLATIONAUDIT.CREATE_MISSING_ROWS","DE-CH","de-CH","Fehlende Eintraege erzeugen","Fehlende Eintraege erzeugen","IDENTICAL_SELF_MATCH","True"
"FORM.FRMFWTRANSLATIONAUDIT.CREATE_MISSING_ROWS","EN-US","en-US","Create missing rows","Create missing rows","IDENTICAL_SELF_MATCH","True"
"FORM.FRMFWTRANSLATIONAUDIT.FORM_TITLE","DE-CH","de-CH","Uebersetzungs-Audit","Uebersetzungs-Audit","IDENTICAL_SELF_MATCH","True"
"FORM.FRMFWTRANSLATIONAUDIT.FORM_TITLE","EN-US","en-US","Translation audit","Translation audit","IDENTICAL_SELF_MATCH","True"
"FORM.FRMFWTRANSLATIONAUDIT.LANGUAGE_CODE","DE-CH","de-CH","Sprache","Sprache","IDENTICAL_SELF_MATCH","True"
"FORM.FRMFWTRANSLATIONAUDIT.LANGUAGE_CODE","EN-US","en-US","Language","Language","IDENTICAL_SELF_MATCH","True"
"FORM.FRMFWTRANSLATIONAUDIT.LBLFALLBACKTEXT","DE-CH","de-CH","Ersatztext","Ersatztext","IDENTICAL_SELF_MATCH","True"
"FORM.FRMFWTRANSLATIONAUDIT.LBLFALLBACKTEXT","EN-US","en-US","Fallback text","Fallback text","IDENTICAL_SELF_MATCH","True"
"FORM.FRMFWTRANSLATIONAUDIT.LBLFORMTITLE","DE-CH","de-CH","Übersetzungen prüfen","Übersetzungen prüfen","IDENTICAL_SELF_MATCH","True"
"FORM.FRMFWTRANSLATIONAUDIT.LBLFORMTITLE","EN-US","en-US","Translations Audit","Translations Audit","IDENTICAL_SELF_MATCH","True"
"FORM.FRMFWTRANSLATIONAUDIT.LBLISACTIVE","DE-CH","de-CH","Aktiv","Aktiv","IDENTICAL_SELF_MATCH","True"
"FORM.FRMFWTRANSLATIONAUDIT.LBLISACTIVE","EN-US","en-US","Active","Active","IDENTICAL_SELF_MATCH","True"
"FORM.FRMFWTRANSLATIONAUDIT.LBLPRODUCTGROUPID","DE-CH","de-CH","Fehlbenennung","Fehlbenennung","IDENTICAL_SELF_MATCH","True"
"FORM.FRMFWTRANSLATIONAUDIT.LBLPRODUCTGROUPID","EN-US","en-US","Incorrect naming","Incorrect naming","IDENTICAL_SELF_MATCH","True"
"FORM.FRMFWTRANSLATIONAUDIT.LBLTRANSLATIONKEY","DE-CH","de-CH","Schlüssel","Schlüssel","IDENTICAL_SELF_MATCH","True"
"FORM.FRMFWTRANSLATIONAUDIT.LBLTRANSLATIONKEY","EN-US","en-US","Key","Key","IDENTICAL_SELF_MATCH","True"
"FORM.FRMFWTRANSLATIONAUDIT.LBLTRANSLATIONVALUE","DE-CH","de-CH","Übersetzung","Übersetzung","IDENTICAL_SELF_MATCH","True"
"FORM.FRMFWTRANSLATIONAUDIT.LBLTRANSLATIONVALUE","EN-US","en-US","Translation","Translation","IDENTICAL_SELF_MATCH","True"
"FORM.FRMFWTRANSLATIONAUDIT.OPEN_TRANSLATION","DE-CH","de-CH","Uebersetzung oeffnen","Uebersetzung oeffnen","IDENTICAL_SELF_MATCH","True"
"FORM.FRMFWTRANSLATIONAUDIT.OPEN_TRANSLATION","EN-US","en-US","Open translation","Open translation","IDENTICAL_SELF_MATCH","True"
"FORM.FRMFWTRANSLATIONAUDIT.REFRESH_AUDIT","DE-CH","de-CH","Audit pruefen","Audit pruefen","IDENTICAL_SELF_MATCH","True"
"FORM.FRMFWTRANSLATIONAUDIT.REFRESH_AUDIT","EN-US","en-US","Run audit","Run audit","IDENTICAL_SELF_MATCH","True"
"FORM.FRMFWTRANSLATIONAUDIT.SCOPE_CODE","DE-CH","de-CH","Bereich","Bereich","IDENTICAL_SELF_MATCH","True"
"FORM.FRMFWTRANSLATIONAUDIT.SCOPE_CODE","EN-US","en-US","Scope","Scope","IDENTICAL_SELF_MATCH","True"
"FORM.FRMFWTRANSLATIONAUDIT.SEARCH","DE-CH","de-CH","Suche","Suche","IDENTICAL_SELF_MATCH","True"
"FORM.FRMFWTRANSLATIONAUDIT.SEARCH","EN-US","en-US","Search","Search","IDENTICAL_SELF_MATCH","True"
"FORM.FRMFWTRANSLATIONEDIT.AUDIT_STATUS","DE-CH","de-CH","Audit-Status","Audit-Status","IDENTICAL_SELF_MATCH","True"
"FORM.FRMFWTRANSLATIONEDIT.AUDIT_STATUS","EN-US","en-US","Audit status","Audit status","IDENTICAL_SELF_MATCH","True"
"FORM.FRMFWTRANSLATIONEDIT.CANCEL","DE-CH","de-CH","Abbrechen","Abbrechen","IDENTICAL_SELF_MATCH","True"
"FORM.FRMFWTRANSLATIONEDIT.CANCEL","EN-US","en-US","Cancel","Cancel","IDENTICAL_SELF_MATCH","True"
"FORM.FRMFWTRANSLATIONEDIT.CMDCANCEL","DE-CH","de-CH","Abbrechen","Abbrechen","IDENTICAL_SELF_MATCH","True"
"FORM.FRMFWTRANSLATIONEDIT.CMDCANCEL","EN-US","en-US","Cancel","Cancel","IDENTICAL_SELF_MATCH","True"
"FORM.FRMFWTRANSLATIONEDIT.CMDDEEPL","DE-CH","de-CH","DeepL","DeepL","IDENTICAL_SELF_MATCH","True"
"FORM.FRMFWTRANSLATIONEDIT.CMDDEEPL","EN-US","en-US","DeepL","DeepL","IDENTICAL_SELF_MATCH","True"
"FORM.FRMFWTRANSLATIONEDIT.CMDSAVE","DE-CH","de-CH","Speichern","Speichern","IDENTICAL_SELF_MATCH","True"
"FORM.FRMFWTRANSLATIONEDIT.CMDSAVE","EN-US","en-US","Save","Save","IDENTICAL_SELF_MATCH","True"
"FORM.FRMFWTRANSLATIONEDIT.DE_CH","DE-CH","de-CH","Deutsch (Schweiz)","Deutsch (Schweiz)","IDENTICAL_SELF_MATCH","True"
"FORM.FRMFWTRANSLATIONEDIT.DE_CH","EN-US","en-US","German (Switzerland)","German (Switzerland)","IDENTICAL_SELF_MATCH","True"
"FORM.FRMFWTRANSLATIONEDIT.DEEPL_SUGGESTION","DE-CH","de-CH","DeepL Vorschlag","DeepL Vorschlag","IDENTICAL_SELF_MATCH","True"
"FORM.FRMFWTRANSLATIONEDIT.DEEPL_SUGGESTION","EN-US","en-US","DeepL suggestion","DeepL suggestion","IDENTICAL_SELF_MATCH","True"
"FORM.FRMFWTRANSLATIONEDIT.EN_US","DE-CH","de-CH","Englisch (USA)","Englisch (USA)","IDENTICAL_SELF_MATCH","True"
"FORM.FRMFWTRANSLATIONEDIT.EN_US","EN-US","en-US","English (US)","English (US)","IDENTICAL_SELF_MATCH","True"
"FORM.FRMFWTRANSLATIONEDIT.FALLBACK_TEXT","DE-CH","de-CH","Fallback-Text","Fallback-Text","IDENTICAL_SELF_MATCH","True"
"FORM.FRMFWTRANSLATIONEDIT.FALLBACK_TEXT","EN-US","en-US","Fallback text","Fallback text","IDENTICAL_SELF_MATCH","True"
"FORM.FRMFWTRANSLATIONEDIT.FORM_TITLE","DE-CH","de-CH","Uebersetzung bearbeiten","Uebersetzung bearbeiten","IDENTICAL_SELF_MATCH","True"
"FORM.FRMFWTRANSLATIONEDIT.FORM_TITLE","EN-US","en-US","Edit translation","Edit translation","IDENTICAL_SELF_MATCH","True"
"FORM.FRMFWTRANSLATIONEDIT.FR_FR","DE-CH","de-CH","Franzoesisch (Frankreich)","Franzoesisch (Frankreich)","IDENTICAL_SELF_MATCH","True"
"FORM.FRMFWTRANSLATIONEDIT.FR_FR","EN-US","en-US","French (France)","French (France)","IDENTICAL_SELF_MATCH","True"
"FORM.FRMFWTRANSLATIONEDIT.LBKSCOPECODE","DE-CH","de-CH","Umfang","Umfang","IDENTICAL_SELF_MATCH","True"
"FORM.FRMFWTRANSLATIONEDIT.LBKSCOPECODE","EN-US","en-US","Scope","Scope","IDENTICAL_SELF_MATCH","True"
"FORM.FRMFWTRANSLATIONEDIT.LBLAUDITSTATUS","DE-CH","de-CH","Audit-Status","Audit-Status","IDENTICAL_SELF_MATCH","True"
"FORM.FRMFWTRANSLATIONEDIT.LBLAUDITSTATUS","EN-US","en-US","Audit status","Audit status","IDENTICAL_SELF_MATCH","True"
"FORM.FRMFWTRANSLATIONEDIT.LBLFALLBACKTEXT","DE-CH","de-CH","Fallback-Text","Fallback-Text","IDENTICAL_SELF_MATCH","True"
"FORM.FRMFWTRANSLATIONEDIT.LBLFALLBACKTEXT","EN-US","en-US","Fallback text","Fallback text","IDENTICAL_SELF_MATCH","True"
"FORM.FRMFWTRANSLATIONEDIT.LBLSOURCECONTROL","DE-CH","de-CH","Quellsteuerelement","Quellsteuerelement","IDENTICAL_SELF_MATCH","True"
"FORM.FRMFWTRANSLATIONEDIT.LBLSOURCECONTROL","EN-US","en-US","Source control","Source control","IDENTICAL_SELF_MATCH","True"
"FORM.FRMFWTRANSLATIONEDIT.LBLSOURCELANGUAGE","DE-CH","de-CH","Ausgangssprache","Ausgangssprache","IDENTICAL_SELF_MATCH","True"
"FORM.FRMFWTRANSLATIONEDIT.LBLSOURCELANGUAGE","EN-US","en-US","Source language","Source language","IDENTICAL_SELF_MATCH","True"
"FORM.FRMFWTRANSLATIONEDIT.LBLSOURCEOBJECT","DE-CH","de-CH","Quellobjekt","Quellobjekt","IDENTICAL_SELF_MATCH","True"
"FORM.FRMFWTRANSLATIONEDIT.LBLSOURCEOBJECT","EN-US","en-US","Source object","Source object","IDENTICAL_SELF_MATCH","True"
"FORM.FRMFWTRANSLATIONEDIT.LBLSOURCETYPE","DE-CH","de-CH","Quelltyp","Quelltyp","IDENTICAL_SELF_MATCH","True"
"FORM.FRMFWTRANSLATIONEDIT.LBLSOURCETYPE","EN-US","en-US","Source type","Source type","IDENTICAL_SELF_MATCH","True"
"FORM.FRMFWTRANSLATIONEDIT.LBLTITELUEBERSETZUNGIN","DE-CH","de-CH","Übersetzung in:","Übersetzung in:","IDENTICAL_SELF_MATCH","True"
"FORM.FRMFWTRANSLATIONEDIT.LBLTITELUEBERSETZUNGIN","EN-US","en-US","Translation into:","Translation into:","IDENTICAL_SELF_MATCH","True"
"FORM.FRMFWTRANSLATIONEDIT.LBLTRANSLATIONDECH","DE-CH","de-CH","Deutsch","Deutsch","IDENTICAL_SELF_MATCH","True"
"FORM.FRMFWTRANSLATIONEDIT.LBLTRANSLATIONDECH","EN-US","en-US","German","German","IDENTICAL_SELF_MATCH","True"
"FORM.FRMFWTRANSLATIONEDIT.LBLTRANSLATIONENUS","DE-CH","de-CH","Englisch","Englisch","IDENTICAL_SELF_MATCH","True"
"FORM.FRMFWTRANSLATIONEDIT.LBLTRANSLATIONENUS","EN-US","en-US","English","English","IDENTICAL_SELF_MATCH","True"
"FORM.FRMFWTRANSLATIONEDIT.LBLTRANSLATIONFRFR","DE-CH","de-CH","Französisch","Französisch","IDENTICAL_SELF_MATCH","True"
"FORM.FRMFWTRANSLATIONEDIT.LBLTRANSLATIONFRFR","EN-US","en-US","French","French","IDENTICAL_SELF_MATCH","True"
"FORM.FRMFWTRANSLATIONEDIT.LBLTRANSLATIONKEY","DE-CH","de-CH","Schlüssel","Schlüssel","IDENTICAL_SELF_MATCH","True"
"FORM.FRMFWTRANSLATIONEDIT.LBLTRANSLATIONKEY","EN-US","en-US","key","key","IDENTICAL_SELF_MATCH","True"
"FORM.FRMFWTRANSLATIONEDIT.SAVE","DE-CH","de-CH","Speichern","Speichern","IDENTICAL_SELF_MATCH","True"
"FORM.FRMFWTRANSLATIONEDIT.SAVE","EN-US","en-US","Save","Save","IDENTICAL_SELF_MATCH","True"
"FORM.FRMFWTRANSLATIONEDIT.SCOPE_CODE","DE-CH","de-CH","Bereich","Bereich","IDENTICAL_SELF_MATCH","True"
"FORM.FRMFWTRANSLATIONEDIT.SCOPE_CODE","EN-US","en-US","Scope","Scope","IDENTICAL_SELF_MATCH","True"
"FORM.FRMFWTRANSLATIONEDIT.SOURCE_CONTROL","DE-CH","de-CH","Quellsteuerelement","Quellsteuerelement","IDENTICAL_SELF_MATCH","True"
"FORM.FRMFWTRANSLATIONEDIT.SOURCE_CONTROL","EN-US","en-US","Source control","Source control","IDENTICAL_SELF_MATCH","True"
"FORM.FRMFWTRANSLATIONEDIT.SOURCE_LANGUAGE","DE-CH","de-CH","Ausgangssprache","Ausgangssprache","IDENTICAL_SELF_MATCH","True"
"FORM.FRMFWTRANSLATIONEDIT.SOURCE_LANGUAGE","EN-US","en-US","Source language","Source language","IDENTICAL_SELF_MATCH","True"
"FORM.FRMFWTRANSLATIONEDIT.SOURCE_OBJECT","DE-CH","de-CH","Quellobjekt","Quellobjekt","IDENTICAL_SELF_MATCH","True"
"FORM.FRMFWTRANSLATIONEDIT.SOURCE_OBJECT","EN-US","en-US","Source object","Source object","IDENTICAL_SELF_MATCH","True"
"FORM.FRMFWTRANSLATIONEDIT.SOURCE_TYPE","DE-CH","de-CH","Quelltyp","Quelltyp","IDENTICAL_SELF_MATCH","True"
"FORM.FRMFWTRANSLATIONEDIT.SOURCE_TYPE","EN-US","en-US","Source type","Source type","IDENTICAL_SELF_MATCH","True"
"FORM.FRMFWTRANSLATIONEDIT.TRANSLATION_KEY","DE-CH","de-CH","Uebersetzungsschluessel","Uebersetzungsschluessel","IDENTICAL_SELF_MATCH","True"
"FORM.FRMFWTRANSLATIONEDIT.TRANSLATION_KEY","EN-US","en-US","Translation key","Translation key","IDENTICAL_SELF_MATCH","True"
"FORM.FRMFWTRANSLATIONTAGGENERATOR.BEZEICHNUNGSFELD1","DE-CH","de-CH","Formularauswahl","Formularauswahl","IDENTICAL_SELF_MATCH","True"
"FORM.FRMFWTRANSLATIONTAGGENERATOR.BEZEICHNUNGSFELD1","EN-US","en-US","Form selection","Form selection","IDENTICAL_SELF_MATCH","True"
"FORM.FRMFWTRANSLATIONTAGGENERATOR.BEZEICHNUNGSFELD23","DE-CH","de-CH","Ausgeblendete Elemente","Ausgeblendete Elemente","IDENTICAL_SELF_MATCH","True"
"FORM.FRMFWTRANSLATIONTAGGENERATOR.BEZEICHNUNGSFELD23","EN-US","en-US","Hidden elements","Hidden elements","IDENTICAL_SELF_MATCH","True"
"FORM.FRMFWTRANSLATIONTAGGENERATOR.BEZEICHNUNGSFELD24","DE-CH","de-CH","Nr","Nr","IDENTICAL_SELF_MATCH","True"
"FORM.FRMFWTRANSLATIONTAGGENERATOR.BEZEICHNUNGSFELD24","EN-US","en-US","no","no","IDENTICAL_SELF_MATCH","True"
"FORM.FRMFWTRANSLATIONTAGGENERATOR.BEZEICHNUNGSFELD25","DE-CH","de-CH","Formularname","Formularname","IDENTICAL_SELF_MATCH","True"
"FORM.FRMFWTRANSLATIONTAGGENERATOR.BEZEICHNUNGSFELD25","EN-US","en-US","form name","form name","IDENTICAL_SELF_MATCH","True"
"FORM.FRMFWTRANSLATIONTAGGENERATOR.BEZEICHNUNGSFELD27","DE-CH","de-CH","Steuerelement","Steuerelement","IDENTICAL_SELF_MATCH","True"
"FORM.FRMFWTRANSLATIONTAGGENERATOR.BEZEICHNUNGSFELD27","EN-US","en-US","Control name","Control name","IDENTICAL_SELF_MATCH","True"
"FORM.FRMFWTRANSLATIONTAGGENERATOR.BEZEICHNUNGSFELD28","DE-CH","de-CH","Steuerelemnet Typ","Steuerelemnet Typ","IDENTICAL_SELF_MATCH","True"
"FORM.FRMFWTRANSLATIONTAGGENERATOR.BEZEICHNUNGSFELD28","EN-US","en-US","Control element type","Control element type","IDENTICAL_SELF_MATCH","True"
"FORM.FRMFWTRANSLATIONTAGGENERATOR.BEZEICHNUNGSFELD29","DE-CH","de-CH","Quelltext","Quelltext","IDENTICAL_SELF_MATCH","True"
"FORM.FRMFWTRANSLATIONTAGGENERATOR.BEZEICHNUNGSFELD29","EN-US","en-US","source text","source text","IDENTICAL_SELF_MATCH","True"
"FORM.FRMFWTRANSLATIONTAGGENERATOR.BEZEICHNUNGSFELD30","DE-CH","de-CH","Aktuelles Tag","Aktuelles Tag","IDENTICAL_SELF_MATCH","True"
"FORM.FRMFWTRANSLATIONTAGGENERATOR.BEZEICHNUNGSFELD30","EN-US","en-US","Current tag","Current tag","IDENTICAL_SELF_MATCH","True"
"FORM.FRMFWTRANSLATIONTAGGENERATOR.BEZEICHNUNGSFELD32","DE-CH","de-CH","Aktueller Übersetzungsschlüssel","Aktueller Übersetzungsschlüssel","IDENTICAL_SELF_MATCH","True"
"FORM.FRMFWTRANSLATIONTAGGENERATOR.BEZEICHNUNGSFELD32","EN-US","en-US","Current translation key","Current translation key","IDENTICAL_SELF_MATCH","True"
"FORM.FRMFWTRANSLATIONTAGGENERATOR.BEZEICHNUNGSFELD33","DE-CH","de-CH","Vorgeschlagener Übersetzungsschlüssel","Vorgeschlagener Übersetzungsschlüssel","IDENTICAL_SELF_MATCH","True"
"FORM.FRMFWTRANSLATIONTAGGENERATOR.BEZEICHNUNGSFELD33","EN-US","en-US","Suggested translation key","Suggested translation key","IDENTICAL_SELF_MATCH","True"
"FORM.FRMFWTRANSLATIONTAGGENERATOR.BEZEICHNUNGSFELD35","DE-CH","de-CH","Tag-Status","Tag-Status","IDENTICAL_SELF_MATCH","True"
"FORM.FRMFWTRANSLATIONTAGGENERATOR.BEZEICHNUNGSFELD35","EN-US","en-US","Tag status","Tag status","IDENTICAL_SELF_MATCH","True"
"FORM.FRMFWTRANSLATIONTAGGENERATOR.BEZEICHNUNGSFELD36","DE-CH","de-CH","Relevant","Relevant","IDENTICAL_SELF_MATCH","True"
"FORM.FRMFWTRANSLATIONTAGGENERATOR.BEZEICHNUNGSFELD36","EN-US","en-US","Relevant","Relevant","IDENTICAL_SELF_MATCH","True"
"FORM.FRMFWTRANSLATIONTAGGENERATOR.BEZEICHNUNGSFELD37","DE-CH","de-CH","Sichtbar","Sichtbar","IDENTICAL_SELF_MATCH","True"
"FORM.FRMFWTRANSLATIONTAGGENERATOR.BEZEICHNUNGSFELD37","EN-US","en-US","Visible","Visible","IDENTICAL_SELF_MATCH","True"
"FORM.FRMFWTRANSLATIONTAGGENERATOR.BEZEICHNUNGSFELD38","DE-CH","de-CH","dirty","dirty","IDENTICAL_SELF_MATCH","True"
"FORM.FRMFWTRANSLATIONTAGGENERATOR.BEZEICHNUNGSFELD38","EN-US","en-US","dirty","dirty","IDENTICAL_SELF_MATCH","True"
"FORM.FRMFWTRANSLATIONTAGGENERATOR.CANCEL","DE-CH","de-CH","Schliessen / verwerfen","Schliessen / verwerfen","IDENTICAL_SELF_MATCH","True"
"FORM.FRMFWTRANSLATIONTAGGENERATOR.CANCEL","EN-US","en-US","Close / discard","Close / discard","IDENTICAL_SELF_MATCH","True"
"FORM.FRMFWTRANSLATIONTAGGENERATOR.CBOFORMNAME","DE-CH","de-CH","Formularauswahl","Formularauswahl","IDENTICAL_SELF_MATCH","True"
"FORM.FRMFWTRANSLATIONTAGGENERATOR.CBOFORMNAME","EN-US","en-US","Form selection","Form selection","IDENTICAL_SELF_MATCH","True"
"FORM.FRMFWTRANSLATIONTAGGENERATOR.CHKINCLUDEHIDDEN","DE-CH","de-CH","Ausgeblendete Objekte","Ausgeblendete Objekte","IDENTICAL_SELF_MATCH","True"
"FORM.FRMFWTRANSLATIONTAGGENERATOR.CHKINCLUDEHIDDEN","EN-US","en-US","Hidden objects","Hidden objects","IDENTICAL_SELF_MATCH","True"
"FORM.FRMFWTRANSLATIONTAGGENERATOR.CHKISDIRTY","DE-CH","de-CH","","","IDENTICAL_SELF_MATCH","True"
"FORM.FRMFWTRANSLATIONTAGGENERATOR.CHKISDIRTY","EN-US","en-US","","","IDENTICAL_SELF_MATCH","True"
"FORM.FRMFWTRANSLATIONTAGGENERATOR.CHKISRELEVANT","DE-CH","de-CH","","","IDENTICAL_SELF_MATCH","True"
"FORM.FRMFWTRANSLATIONTAGGENERATOR.CHKISRELEVANT","EN-US","en-US","","","IDENTICAL_SELF_MATCH","True"
"FORM.FRMFWTRANSLATIONTAGGENERATOR.CHKSHOWALLCONTROLS","DE-CH","de-CH","Alle Steuerelemente","Alle Steuerelemente","IDENTICAL_SELF_MATCH","True"
"FORM.FRMFWTRANSLATIONTAGGENERATOR.CHKSHOWALLCONTROLS","EN-US","en-US","All controls","All controls","IDENTICAL_SELF_MATCH","True"
"FORM.FRMFWTRANSLATIONTAGGENERATOR.CHLISVISIBLE","DE-CH","de-CH","","","IDENTICAL_SELF_MATCH","True"
"FORM.FRMFWTRANSLATIONTAGGENERATOR.CHLISVISIBLE","EN-US","en-US","","","IDENTICAL_SELF_MATCH","True"
"FORM.FRMFWTRANSLATIONTAGGENERATOR.CMDCANCEL","DE-CH","de-CH","Abbrechen","Abbrechen","IDENTICAL_SELF_MATCH","True"
"FORM.FRMFWTRANSLATIONTAGGENERATOR.CMDCANCEL","EN-US","en-US","Cancel","Cancel","IDENTICAL_SELF_MATCH","True"
"FORM.FRMFWTRANSLATIONTAGGENERATOR.CMDGENERATESUGGESTIONS","DE-CH","de-CH","Vorschläge generieren","Vorschläge generieren","IDENTICAL_SELF_MATCH","True"
"FORM.FRMFWTRANSLATIONTAGGENERATOR.CMDGENERATESUGGESTIONS","EN-US","en-US","Generate suggestions","Generate suggestions","IDENTICAL_SELF_MATCH","True"
"FORM.FRMFWTRANSLATIONTAGGENERATOR.CMDLOADFORM","DE-CH","de-CH","Formular laden","Formular laden","IDENTICAL_SELF_MATCH","True"
"FORM.FRMFWTRANSLATIONTAGGENERATOR.CMDLOADFORM","EN-US","en-US","Load form","Load form","IDENTICAL_SELF_MATCH","True"
"FORM.FRMFWTRANSLATIONTAGGENERATOR.CMDREMOVESELECTEDKEY","DE-CH","de-CH","Ausgewählten Schlüssel entfernen","Ausgewählten Schlüssel entfernen","IDENTICAL_SELF_MATCH","True"
"FORM.FRMFWTRANSLATIONTAGGENERATOR.CMDREMOVESELECTEDKEY","EN-US","en-US","Remove selected key","Remove selected key","IDENTICAL_SELF_MATCH","True"
"FORM.FRMFWTRANSLATIONTAGGENERATOR.CMDSAVE","DE-CH","de-CH","Speichern","Speichern","IDENTICAL_SELF_MATCH","True"
"FORM.FRMFWTRANSLATIONTAGGENERATOR.CMDSAVE","EN-US","en-US","Save","Save","IDENTICAL_SELF_MATCH","True"
"FORM.FRMFWTRANSLATIONTAGGENERATOR.CMDSETMISSINGKEYS","DE-CH","de-CH","Setze fehlende Schlüssel","Setze fehlende Schlüssel","IDENTICAL_SELF_MATCH","True"
"FORM.FRMFWTRANSLATIONTAGGENERATOR.CMDSETMISSINGKEYS","EN-US","en-US","Set missing keys","Set missing keys","IDENTICAL_SELF_MATCH","True"
"FORM.FRMFWTRANSLATIONTAGGENERATOR.CMDSETSELECTEDKEY","DE-CH","de-CH","Setze ausgewählten Schlüssel","Setze ausgewählten Schlüssel","IDENTICAL_SELF_MATCH","True"
"FORM.FRMFWTRANSLATIONTAGGENERATOR.CMDSETSELECTEDKEY","EN-US","en-US","Set selected key","Set selected key","IDENTICAL_SELF_MATCH","True"
"FORM.FRMFWTRANSLATIONTAGGENERATOR.CONTROL_NAME","DE-CH","de-CH","Control-Name","Control-Name","IDENTICAL_SELF_MATCH","True"
"FORM.FRMFWTRANSLATIONTAGGENERATOR.CONTROL_NAME","EN-US","en-US","Control name","Control name","IDENTICAL_SELF_MATCH","True"
"FORM.FRMFWTRANSLATIONTAGGENERATOR.CONTROL_TYPE","DE-CH","de-CH","Control-Typ","Control-Typ","IDENTICAL_SELF_MATCH","True"
"FORM.FRMFWTRANSLATIONTAGGENERATOR.CONTROL_TYPE","EN-US","en-US","Control type","Control type","IDENTICAL_SELF_MATCH","True"
"FORM.FRMFWTRANSLATIONTAGGENERATOR.CURRENT_TAG","DE-CH","de-CH","Aktueller Tag","Aktueller Tag","IDENTICAL_SELF_MATCH","True"
"FORM.FRMFWTRANSLATIONTAGGENERATOR.CURRENT_TAG","EN-US","en-US","Current tag","Current tag","IDENTICAL_SELF_MATCH","True"
"FORM.FRMFWTRANSLATIONTAGGENERATOR.CURRENT_TRANSLATION_KEY","DE-CH","de-CH","Vorhandener Translation-Key","Vorhandener Translation-Key","IDENTICAL_SELF_MATCH","True"
"FORM.FRMFWTRANSLATIONTAGGENERATOR.CURRENT_TRANSLATION_KEY","EN-US","en-US","Existing translation key","Existing translation key","IDENTICAL_SELF_MATCH","True"
"FORM.FRMFWTRANSLATIONTAGGENERATOR.FORM_NAME","DE-CH","de-CH","Formular","Formular","IDENTICAL_SELF_MATCH","True"
"FORM.FRMFWTRANSLATIONTAGGENERATOR.FORM_NAME","EN-US","en-US","Form","Form","IDENTICAL_SELF_MATCH","True"
"FORM.FRMFWTRANSLATIONTAGGENERATOR.FORM_TITLE","DE-CH","de-CH","Translation-Tag-Generator","Translation-Tag-Generator","IDENTICAL_SELF_MATCH","True"
"FORM.FRMFWTRANSLATIONTAGGENERATOR.FORM_TITLE","EN-US","en-US","Translation tag generator","Translation tag generator","IDENTICAL_SELF_MATCH","True"
"FORM.FRMFWTRANSLATIONTAGGENERATOR.GENERATE_SUGGESTIONS","DE-CH","de-CH","Vorschlaege generieren","Vorschlaege generieren","IDENTICAL_SELF_MATCH","True"
"FORM.FRMFWTRANSLATIONTAGGENERATOR.GENERATE_SUGGESTIONS","EN-US","en-US","Generate suggestions","Generate suggestions","IDENTICAL_SELF_MATCH","True"
"FORM.FRMFWTRANSLATIONTAGGENERATOR.INCLUDE_HIDDEN","DE-CH","de-CH","Versteckte Controls einschliessen","Versteckte Controls einschliessen","IDENTICAL_SELF_MATCH","True"
"FORM.FRMFWTRANSLATIONTAGGENERATOR.INCLUDE_HIDDEN","EN-US","en-US","Include hidden controls","Include hidden controls","IDENTICAL_SELF_MATCH","True"
"FORM.FRMFWTRANSLATIONTAGGENERATOR.KONTROLLKÄSTCHEN39","DE-CH","de-CH","<neu>","<neu>","IDENTICAL_SELF_MATCH","True"
"FORM.FRMFWTRANSLATIONTAGGENERATOR.KONTROLLKÄSTCHEN39","EN-US","en-US","<neu>","<neu>","IDENTICAL_SELF_MATCH","True"
"FORM.FRMFWTRANSLATIONTAGGENERATOR.KONTROLLKÄSTCHEN41","DE-CH","de-CH","Visible","Visible","IDENTICAL_SELF_MATCH","True"
"FORM.FRMFWTRANSLATIONTAGGENERATOR.KONTROLLKÄSTCHEN41","EN-US","en-US","Visible","Visible","IDENTICAL_SELF_MATCH","True"
"FORM.FRMFWTRANSLATIONTAGGENERATOR.KONTROLLKÄSTCHEN42","DE-CH","de-CH","dirty","dirty","IDENTICAL_SELF_MATCH","True"
"FORM.FRMFWTRANSLATIONTAGGENERATOR.KONTROLLKÄSTCHEN42","EN-US","en-US","dirty","dirty","IDENTICAL_SELF_MATCH","True"
"FORM.FRMFWTRANSLATIONTAGGENERATOR.LBLHEADER","DE-CH","de-CH","Übersetzungs-Tag Generator","Übersetzungs-Tag Generator","IDENTICAL_SELF_MATCH","True"
"FORM.FRMFWTRANSLATIONTAGGENERATOR.LBLHEADER","EN-US","en-US","Translation Tag Generator","Translation Tag Generator","IDENTICAL_SELF_MATCH","True"
"FORM.FRMFWTRANSLATIONTAGGENERATOR.LBLRELEVANT","DE-CH","de-CH","","","IDENTICAL_SELF_MATCH","True"
"FORM.FRMFWTRANSLATIONTAGGENERATOR.LBLRELEVANT","EN-US","en-US","","","IDENTICAL_SELF_MATCH","True"
"FORM.FRMFWTRANSLATIONTAGGENERATOR.LBLTAGSTATUS","DE-CH","de-CH","","","IDENTICAL_SELF_MATCH","True"
"FORM.FRMFWTRANSLATIONTAGGENERATOR.LBLTAGSTATUS","EN-US","en-US","","","IDENTICAL_SELF_MATCH","True"
"FORM.FRMFWTRANSLATIONTAGGENERATOR.LBLVISIBLE","DE-CH","de-CH","","","IDENTICAL_SELF_MATCH","True"
"FORM.FRMFWTRANSLATIONTAGGENERATOR.LBLVISIBLE","EN-US","en-US","","","IDENTICAL_SELF_MATCH","True"
"FORM.FRMFWTRANSLATIONTAGGENERATOR.LOAD_FORM","DE-CH","de-CH","Formular laden","Formular laden","IDENTICAL_SELF_MATCH","True"
"FORM.FRMFWTRANSLATIONTAGGENERATOR.LOAD_FORM","EN-US","en-US","Load form","Load form","IDENTICAL_SELF_MATCH","True"
"FORM.FRMFWTRANSLATIONTAGGENERATOR.REMOVE_SELECTED_KEY","DE-CH","de-CH","Key fuer Control entfernen","Key fuer Control entfernen","IDENTICAL_SELF_MATCH","True"
"FORM.FRMFWTRANSLATIONTAGGENERATOR.REMOVE_SELECTED_KEY","EN-US","en-US","Remove key from control","Remove key from control","IDENTICAL_SELF_MATCH","True"
"FORM.FRMFWTRANSLATIONTAGGENERATOR.ROW_NO","DE-CH","de-CH","Nr","Nr","IDENTICAL_SELF_MATCH","True"
"FORM.FRMFWTRANSLATIONTAGGENERATOR.ROW_NO","EN-US","en-US","No","No","IDENTICAL_SELF_MATCH","True"
"FORM.FRMFWTRANSLATIONTAGGENERATOR.SAVE","DE-CH","de-CH","Aenderungen speichern","Aenderungen speichern","IDENTICAL_SELF_MATCH","True"
"FORM.FRMFWTRANSLATIONTAGGENERATOR.SAVE","EN-US","en-US","Save changes","Save changes","IDENTICAL_SELF_MATCH","True"
"FORM.FRMFWTRANSLATIONTAGGENERATOR.SET_MISSING_KEYS","DE-CH","de-CH","Fehlende Keys setzen","Fehlende Keys setzen","IDENTICAL_SELF_MATCH","True"
"FORM.FRMFWTRANSLATIONTAGGENERATOR.SET_MISSING_KEYS","EN-US","en-US","Set missing keys","Set missing keys","IDENTICAL_SELF_MATCH","True"
"FORM.FRMFWTRANSLATIONTAGGENERATOR.SET_SELECTED_KEY","DE-CH","de-CH","Key fuer Control setzen","Key fuer Control setzen","IDENTICAL_SELF_MATCH","True"
"FORM.FRMFWTRANSLATIONTAGGENERATOR.SET_SELECTED_KEY","EN-US","en-US","Set key for control","Set key for control","IDENTICAL_SELF_MATCH","True"
"FORM.FRMFWTRANSLATIONTAGGENERATOR.SHOW_ALL_CONTROLS","DE-CH","de-CH","Alle Controls anzeigen","Alle Controls anzeigen","IDENTICAL_SELF_MATCH","True"
"FORM.FRMFWTRANSLATIONTAGGENERATOR.SHOW_ALL_CONTROLS","EN-US","en-US","Show all controls","Show all controls","IDENTICAL_SELF_MATCH","True"
"FORM.FRMFWTRANSLATIONTAGGENERATOR.SOURCE_TEXT","DE-CH","de-CH","Quelltext","Quelltext","IDENTICAL_SELF_MATCH","True"
"FORM.FRMFWTRANSLATIONTAGGENERATOR.SOURCE_TEXT","EN-US","en-US","Source text","Source text","IDENTICAL_SELF_MATCH","True"
"FORM.FRMFWTRANSLATIONTAGGENERATOR.SUGGESTED_TRANSLATION_KEY","DE-CH","de-CH","Vorgeschlagener Translation-Key","Vorgeschlagener Translation-Key","IDENTICAL_SELF_MATCH","True"
"FORM.FRMFWTRANSLATIONTAGGENERATOR.SUGGESTED_TRANSLATION_KEY","EN-US","en-US","Suggested translation key","Suggested translation key","IDENTICAL_SELF_MATCH","True"
"FORM.FRMFWTRANSLATIONTAGGENERATOR.TAG_STATUS","DE-CH","de-CH","Tag-Status","Tag-Status","IDENTICAL_SELF_MATCH","True"
"FORM.FRMFWTRANSLATIONTAGGENERATOR.TAG_STATUS","EN-US","en-US","Tag status","Tag status","IDENTICAL_SELF_MATCH","True"
"FORM.FRMFWTRANSLATIONTAGGENERATOR.TEXT26","DE-CH","de-CH","<neu>","<neu>","IDENTICAL_SELF_MATCH","True"
"FORM.FRMFWTRANSLATIONTAGGENERATOR.TEXT26","EN-US","en-US","<neu>","<neu>","IDENTICAL_SELF_MATCH","True"
"FORM.FRMFWTRANSLATIONTAGGENERATOR.TEXT31","DE-CH","de-CH","Text31","Text31","IDENTICAL_SELF_MATCH","True"
"FORM.FRMFWTRANSLATIONTAGGENERATOR.TEXT31","EN-US","en-US","Text31","Text31","IDENTICAL_SELF_MATCH","True"
"FORM.FRMFWTRANSLATIONTAGGENERATOR.TEXT34","DE-CH","de-CH","<neu>","<neu>","IDENTICAL_SELF_MATCH","True"
"FORM.FRMFWTRANSLATIONTAGGENERATOR.TEXT34","EN-US","en-US","<neu>","<neu>","IDENTICAL_SELF_MATCH","True"
"FORM.FRMORDERDETAIL.LBLCURRENCYCODE","DE-CH","de-CH","Währung","Währung","IDENTICAL_SELF_MATCH","True"
"FORM.FRMORDERDETAIL.LBLCURRENCYCODE","EN-US","en-US","Currency","Currency","IDENTICAL_SELF_MATCH","True"
"FORM.FRMORDERDETAIL.LBLCUSTOMERADDRESSID","DE-CH","de-CH","Adress-ID","Adress-ID","IDENTICAL_SELF_MATCH","True"
"FORM.FRMORDERDETAIL.LBLCUSTOMERADDRESSID","EN-US","en-US","Address ID","Address ID","IDENTICAL_SELF_MATCH","True"
"FORM.FRMORDERDETAIL.LBLCUSTOMERNAME","DE-CH","de-CH","Kunde","Kunde","IDENTICAL_SELF_MATCH","True"
"FORM.FRMORDERDETAIL.LBLCUSTOMERNAME","EN-US","en-US","Customer","Customer","IDENTICAL_SELF_MATCH","True"
"FORM.FRMORDERDETAIL.LBLDELIVERYDATE","DE-CH","de-CH","Lieferdatum","Lieferdatum","IDENTICAL_SELF_MATCH","True"
"FORM.FRMORDERDETAIL.LBLDELIVERYDATE","EN-US","en-US","Delivery Date","Delivery Date","IDENTICAL_SELF_MATCH","True"
"FORM.FRMORDERDETAIL.LBLEXTERNALREFERENCE","DE-CH","de-CH","Externe Referenz","Externe Referenz","IDENTICAL_SELF_MATCH","True"
"FORM.FRMORDERDETAIL.LBLEXTERNALREFERENCE","EN-US","en-US","External Reference","External Reference","IDENTICAL_SELF_MATCH","True"
"FORM.FRMORDERDETAIL.LBLFORMTITLE","DE-CH","de-CH","Bestellung","Bestellung","IDENTICAL_SELF_MATCH","True"
"FORM.FRMORDERDETAIL.LBLFORMTITLE","EN-US","en-US","Order","Order","IDENTICAL_SELF_MATCH","True"
"FORM.FRMORDERDETAIL.LBLGROSSAMOUNT","DE-CH","de-CH","Brutto","Brutto","IDENTICAL_SELF_MATCH","True"
"FORM.FRMORDERDETAIL.LBLGROSSAMOUNT","EN-US","en-US","Gross","Gross","IDENTICAL_SELF_MATCH","True"
"FORM.FRMORDERDETAIL.LBLINTERNALNOTESTEXT","DE-CH","de-CH","Interne Notizen","Interne Notizen","IDENTICAL_SELF_MATCH","True"
"FORM.FRMORDERDETAIL.LBLINTERNALNOTESTEXT","EN-US","en-US","Internal Notes","Internal Notes","IDENTICAL_SELF_MATCH","True"
"FORM.FRMORDERDETAIL.LBLLANGUAGECODE","DE-CH","de-CH","Sprache","Sprache","IDENTICAL_SELF_MATCH","True"
"FORM.FRMORDERDETAIL.LBLLANGUAGECODE","EN-US","en-US","Language","Language","IDENTICAL_SELF_MATCH","True"
"FORM.FRMORDERDETAIL.LBLNETAMOUNT","DE-CH","de-CH","Netto","Netto","IDENTICAL_SELF_MATCH","True"
"FORM.FRMORDERDETAIL.LBLNETAMOUNT","EN-US","en-US","Net","Net","IDENTICAL_SELF_MATCH","True"
"FORM.FRMORDERDETAIL.LBLNOTESTEXT","DE-CH","de-CH","Notizen","Notizen","IDENTICAL_SELF_MATCH","True"
"FORM.FRMORDERDETAIL.LBLNOTESTEXT","EN-US","en-US","Notes","Notes","IDENTICAL_SELF_MATCH","True"
"FORM.FRMORDERDETAIL.LBLORDERDATE","DE-CH","de-CH","Bestelldatum","Bestelldatum","IDENTICAL_SELF_MATCH","True"
"FORM.FRMORDERDETAIL.LBLORDERDATE","EN-US","en-US","Order Date","Order Date","IDENTICAL_SELF_MATCH","True"
"FORM.FRMORDERDETAIL.LBLORDERNO","DE-CH","de-CH","Bestell-Nr.","Bestell-Nr.","IDENTICAL_SELF_MATCH","True"
"FORM.FRMORDERDETAIL.LBLORDERNO","EN-US","en-US","Order No.","Order No.","IDENTICAL_SELF_MATCH","True"
"FORM.FRMORDERDETAIL.LBLORDERSTATUSCODE","DE-CH","de-CH","Status","Status","IDENTICAL_SELF_MATCH","True"
"FORM.FRMORDERDETAIL.LBLORDERSTATUSCODE","EN-US","en-US","Status","Status","IDENTICAL_SELF_MATCH","True"
"FORM.FRMORDERDETAIL.LBLORDERTYPECODE","DE-CH","de-CH","Typ","Typ","IDENTICAL_SELF_MATCH","True"
"FORM.FRMORDERDETAIL.LBLORDERTYPECODE","EN-US","en-US","Type","Type","IDENTICAL_SELF_MATCH","True"
"FORM.FRMORDERDETAIL.LBLPAYMENTTERMCODE","DE-CH","de-CH","Zahlungsbedingung","Zahlungsbedingung","IDENTICAL_SELF_MATCH","True"
"FORM.FRMORDERDETAIL.LBLPAYMENTTERMCODE","EN-US","en-US","Payment Terms","Payment Terms","IDENTICAL_SELF_MATCH","True"
"FORM.FRMORDERDETAIL.LBLREFERENCETEXT","DE-CH","de-CH","Referenz","Referenz","IDENTICAL_SELF_MATCH","True"
"FORM.FRMORDERDETAIL.LBLREFERENCETEXT","EN-US","en-US","Reference","Reference","IDENTICAL_SELF_MATCH","True"
"FORM.FRMORDERDETAIL.LBLSUBTOTALNETAMOUNT","DE-CH","de-CH","Zwischentotal netto","Zwischentotal netto","IDENTICAL_SELF_MATCH","True"
"FORM.FRMORDERDETAIL.LBLSUBTOTALNETAMOUNT","EN-US","en-US","Subtotal (net)","Subtotal (net)","IDENTICAL_SELF_MATCH","True"
"FORM.FRMORDERDETAIL.LBLVALIDUNTIL","DE-CH","de-CH","Gültig bis","Gültig bis","IDENTICAL_SELF_MATCH","True"
"FORM.FRMORDERDETAIL.LBLVALIDUNTIL","EN-US","en-US","Valid until","Valid until","IDENTICAL_SELF_MATCH","True"
"FORM.FRMORDERDETAIL.LBLVATAMOUNT","DE-CH","de-CH","MWST","MWST","IDENTICAL_SELF_MATCH","True"
"FORM.FRMORDERDETAIL.LBLVATAMOUNT","EN-US","en-US","VAT","VAT","IDENTICAL_SELF_MATCH","True"
"FORM.FRMORDERDETAIL.LBLVATMODE","DE-CH","de-CH","MWST-Modus","MWST-Modus","IDENTICAL_SELF_MATCH","True"
"FORM.FRMORDERDETAIL.LBLVATMODE","EN-US","en-US","VAT Mode","VAT Mode","IDENTICAL_SELF_MATCH","True"
"FORM.FRMPOSTALCODESELECT.POSTAL_CODES","DE-CH","de-CH","Postleitzahlen","Postleitzahlen","IDENTICAL_SELF_MATCH","True"
"FORM.FRMPOSTALCODESELECT.POSTAL_CODES","EN-US","en-US","Postal codes","Postal codes","IDENTICAL_SELF_MATCH","True"
"FORM.FRMTAGCOMPOSER.BASIC","DE-CH","de-CH","Basis","Basis","IDENTICAL_SELF_MATCH","True"
"FORM.FRMTAGCOMPOSER.BASIC","EN-US","en-US","Base","Base","IDENTICAL_SELF_MATCH","True"
"FORM.FRMTAGCOMPOSER.CONTEXT","DE-CH","de-CH","Kontext","Kontext","IDENTICAL_SELF_MATCH","True"
"FORM.FRMTAGCOMPOSER.CONTEXT","EN-US","en-US","context","context","IDENTICAL_SELF_MATCH","True"
"FORM.FRMTAGCOMPOSER.FORM_TITLE","DE-CH","de-CH","Tag Composer","Tag Composer","IDENTICAL_SELF_MATCH","True"
"FORM.FRMTAGCOMPOSER.FORM_TITLE","EN-US","en-US","Tag Composer","Tag Composer","IDENTICAL_SELF_MATCH","True"
"FORM.FRMTAGCOMPOSER.MAX","DE-CH","de-CH","Max","Max","IDENTICAL_SELF_MATCH","True"
"FORM.FRMTAGCOMPOSER.MAX","EN-US","en-US","Max","Max","IDENTICAL_SELF_MATCH","True"
"FORM.FRMTAGCOMPOSER.MAX_LEN","DE-CH","de-CH","MaxLen","MaxLen","IDENTICAL_SELF_MATCH","True"
"FORM.FRMTAGCOMPOSER.MAX_LEN","EN-US","en-US","MaxLen","MaxLen","IDENTICAL_SELF_MATCH","True"
"FORM.FRMTAGCOMPOSER.MIN","DE-CH","de-CH","Min","Min","IDENTICAL_SELF_MATCH","True"
"FORM.FRMTAGCOMPOSER.MIN","EN-US","en-US","Min","Min","IDENTICAL_SELF_MATCH","True"
"FORM.FRMTAGCOMPOSER.MIN_LEN","DE-CH","de-CH","MinLen","MinLen","IDENTICAL_SELF_MATCH","True"
"FORM.FRMTAGCOMPOSER.MIN_LEN","EN-US","en-US","MinLen","MinLen","IDENTICAL_SELF_MATCH","True"
"FORM.FRMTAGCOMPOSER.MOD","DE-CH","de-CH","Modul","Modul","IDENTICAL_SELF_MATCH","True"
"FORM.FRMTAGCOMPOSER.MOD","EN-US","en-US","Module","Module","IDENTICAL_SELF_MATCH","True"
"FORM.FRMTAGCOMPOSER.OBJECT_TYPE","DE-CH","de-CH","Objekttyp","Objekttyp","IDENTICAL_SELF_MATCH","True"
"FORM.FRMTAGCOMPOSER.OBJECT_TYPE","EN-US","en-US","Object type","Object type","IDENTICAL_SELF_MATCH","True"
"FORM.FRMTAGCOMPOSER.OBJECTS","DE-CH","de-CH","Obkjekte","Obkjekte","IDENTICAL_SELF_MATCH","True"
"FORM.FRMTAGCOMPOSER.OBJECTS","EN-US","en-US","Objects","Objects","IDENTICAL_SELF_MATCH","True"
"FORM.FRMTAGCOMPOSER.ROLE","DE-CH","de-CH","Rolle","Rolle","IDENTICAL_SELF_MATCH","True"
"FORM.FRMTAGCOMPOSER.ROLE","EN-US","en-US","Role","Role","IDENTICAL_SELF_MATCH","True"
"FORM.FRMTAGCOMPOSER.TAG_STRING_RESULT","DE-CH","de-CH","Tag Zeichenkette Resultat","Tag Zeichenkette Resultat","IDENTICAL_SELF_MATCH","True"
"FORM.FRMTAGCOMPOSER.TAG_STRING_RESULT","EN-US","en-US","Tag String Result","Tag String Result","IDENTICAL_SELF_MATCH","True"
"FORM.FRMTAGCOMPOSER.VALUES","DE-CH","de-CH","Werte","Werte","IDENTICAL_SELF_MATCH","True"
"FORM.FRMTAGCOMPOSER.VALUES","EN-US","en-US","Values","Values","IDENTICAL_SELF_MATCH","True"
"FORM.SFRMADDRESSCONTACTS.CONTACT_TYPE_CODE","DE-CH","de-CH","Typ","Typ","IDENTICAL_SELF_MATCH","True"
"FORM.SFRMADDRESSCONTACTS.CONTACT_TYPE_CODE","EN-US","en-US","Type","Type","IDENTICAL_SELF_MATCH","True"
"FORM.SFRMADDRESSCONTACTS.CONTACT_VALUE","DE-CH","de-CH","Kontakt/Nummer","Kontakt/Nummer","IDENTICAL_SELF_MATCH","True"
"FORM.SFRMADDRESSCONTACTS.CONTACT_VALUE","EN-US","en-US","Contact/Number","Contact/Number","IDENTICAL_SELF_MATCH","True"
"FORM.SFRMADDRESSCONTACTS.IS_PRIMARY","DE-CH","de-CH","Haupt","Haupt","IDENTICAL_SELF_MATCH","True"
"FORM.SFRMADDRESSCONTACTS.IS_PRIMARY","EN-US","en-US","Main","Main","IDENTICAL_SELF_MATCH","True"
"FORM.SFRMADDRESSCONTACTS.REMARKS","DE-CH","de-CH","Notizen","Notizen","IDENTICAL_SELF_MATCH","True"
"FORM.SFRMADDRESSCONTACTS.REMARKS","EN-US","en-US","Notes","Notes","IDENTICAL_SELF_MATCH","True"
"FORM.SFRMORDERLINES.LBLARTICLEID","DE-CH","de-CH","Art-ID","Art-ID","IDENTICAL_SELF_MATCH","True"
"FORM.SFRMORDERLINES.LBLARTICLEID","EN-US","en-US","Itm-ID","Itm-ID","IDENTICAL_SELF_MATCH","True"
"FORM.SFRMORDERLINES.LBLDESCRIPTIONTEXT","DE-CH","de-CH","Bezeichnung","Bezeichnung","IDENTICAL_SELF_MATCH","True"
"FORM.SFRMORDERLINES.LBLDESCRIPTIONTEXT","EN-US","en-US","Description","Description","IDENTICAL_SELF_MATCH","True"
"FORM.SFRMORDERLINES.LBLDISCOUNTTYPE","DE-CH","de-CH","Typ","Typ","IDENTICAL_SELF_MATCH","True"
"FORM.SFRMORDERLINES.LBLDISCOUNTTYPE","EN-US","en-US","Type","Type","IDENTICAL_SELF_MATCH","True"
"FORM.SFRMORDERLINES.LBLDISCOUNTVALUE","DE-CH","de-CH","Rabatt","Rabatt","IDENTICAL_SELF_MATCH","True"
"FORM.SFRMORDERLINES.LBLDISCOUNTVALUE","EN-US","en-US","Discount","Discount","IDENTICAL_SELF_MATCH","True"
"FORM.SFRMORDERLINES.LBLLINEGROSSAMOUNT","DE-CH","de-CH","Total","Total","IDENTICAL_SELF_MATCH","True"
"FORM.SFRMORDERLINES.LBLLINEGROSSAMOUNT","EN-US","en-US","Total","Total","IDENTICAL_SELF_MATCH","True"
"FORM.SFRMORDERLINES.LBLLINENETAMOUNT","DE-CH","de-CH","Netto","Netto","IDENTICAL_SELF_MATCH","True"
"FORM.SFRMORDERLINES.LBLLINENETAMOUNT","EN-US","en-US","Net","Net","IDENTICAL_SELF_MATCH","True"
"FORM.SFRMORDERLINES.LBLLINENO","DE-CH","de-CH","Sort","Sort","IDENTICAL_SELF_MATCH","True"
"FORM.SFRMORDERLINES.LBLLINENO","EN-US","en-US","Sort","Sort","IDENTICAL_SELF_MATCH","True"
"FORM.SFRMORDERLINES.LBLLINEVATAMOUNT","DE-CH","de-CH","MwSt.","MwSt.","IDENTICAL_SELF_MATCH","True"
"FORM.SFRMORDERLINES.LBLLINEVATAMOUNT","EN-US","en-US","VAT","VAT","IDENTICAL_SELF_MATCH","True"
"FORM.SFRMORDERLINES.LBLQUANTITY","DE-CH","de-CH","Anz.","Anz.","IDENTICAL_SELF_MATCH","True"
"FORM.SFRMORDERLINES.LBLQUANTITY","EN-US","en-US","Qty.","Qty.","IDENTICAL_SELF_MATCH","True"
"FORM.SFRMORDERLINES.LBLSURCHARGETYPE","DE-CH","de-CH","Typ","Typ","IDENTICAL_SELF_MATCH","True"
"FORM.SFRMORDERLINES.LBLSURCHARGETYPE","EN-US","en-US","Type","Type","IDENTICAL_SELF_MATCH","True"
"FORM.SFRMORDERLINES.LBLSURCHARGEVALUE","DE-CH","de-CH","Aufschlag","Aufschlag","IDENTICAL_SELF_MATCH","True"
"FORM.SFRMORDERLINES.LBLSURCHARGEVALUE","EN-US","en-US","Surcharge","Surcharge","IDENTICAL_SELF_MATCH","True"
"FORM.SFRMORDERLINES.LBLUNITCODE","DE-CH","de-CH","Einheit","Einheit","IDENTICAL_SELF_MATCH","True"
"FORM.SFRMORDERLINES.LBLUNITCODE","EN-US","en-US","Unit","Unit","IDENTICAL_SELF_MATCH","True"
"FORM.SFRMORDERLINES.LBLUNITPRICE","DE-CH","de-CH","Preis","Preis","IDENTICAL_SELF_MATCH","True"
"FORM.SFRMORDERLINES.LBLUNITPRICE","EN-US","en-US","Price","Price","IDENTICAL_SELF_MATCH","True"
"FORM.SFRMORDERLINES.LBLVATCODE","DE-CH","de-CH","MwSt.","MwSt.","IDENTICAL_SELF_MATCH","True"
"FORM.SFRMORDERLINES.LBLVATCODE","EN-US","en-US","VAT","VAT","IDENTICAL_SELF_MATCH","True"
"FORM.SFRMORDERLINES.LBLVATRATE","DE-CH","de-CH","Satz","Satz","IDENTICAL_SELF_MATCH","True"
"FORM.SFRMORDERLINES.LBLVATRATE","EN-US","en-US","Rate","Rate","IDENTICAL_SELF_MATCH","True"
"MSG.ADDRESS_COCKPIT_ORDER_CREATE_FAILED","DE-CH","de-CH","Die Bestellung konnte nicht erstellt werden.","Die Bestellung konnte nicht erstellt werden.","IDENTICAL_SELF_MATCH","True"
"MSG.ADDRESS_COCKPIT_ORDER_CREATE_FAILED","EN-US","en-US","The order could not be created.","The order could not be created.","IDENTICAL_SELF_MATCH","True"
"MSG.ADDRESS_COCKPIT_ORDER_DETAIL_MISSING","DE-CH","de-CH","Die Bestellung wurde erstellt, aber frmOrderDetail ist nicht verfuegbar.","Die Bestellung wurde erstellt, aber frmOrderDetail ist nicht verfuegbar.","IDENTICAL_SELF_MATCH","True"
"MSG.ADDRESS_COCKPIT_ORDER_DETAIL_MISSING","EN-US","en-US","The order was created, but frmOrderDetail is not available.","The order was created, but frmOrderDetail is not available.","IDENTICAL_SELF_MATCH","True"
"MSG.ADDRESS_COCKPIT_SELECT_ADDRESS_FIRST","DE-CH","de-CH","Bitte zuerst eine Adresse auswaehlen.","Bitte zuerst eine Adresse auswaehlen.","IDENTICAL_SELF_MATCH","True"
"MSG.ADDRESS_COCKPIT_SELECT_ADDRESS_FIRST","EN-US","en-US","Please select an address first.","Please select an address first.","IDENTICAL_SELF_MATCH","True"
"MSG.ARTICLE_CANCEL_CONFIRM","DE-CH","de-CH","Aenderungen verwerfen?","Aenderungen verwerfen?","IDENTICAL_SELF_MATCH","True"
"MSG.ARTICLE_CANCEL_CONFIRM","EN-US","en-US","Discard changes?","Discard changes?","IDENTICAL_SELF_MATCH","True"
"MSG.ARTICLE_DUPLICATE_NO","DE-CH","de-CH","Artikel-Nr. existiert bereits.","Artikel-Nr. existiert bereits.","IDENTICAL_SELF_MATCH","True"
"MSG.ARTICLE_DUPLICATE_NO","EN-US","en-US","Article no. already exists.","Article no. already exists.","IDENTICAL_SELF_MATCH","True"
"MSG.ARTICLE_GROUP_CANCEL_CONFIRM","DE-CH","de-CH","Aenderungen verwerfen?","Aenderungen verwerfen?","IDENTICAL_SELF_MATCH","True"
"MSG.ARTICLE_GROUP_CANCEL_CONFIRM","EN-US","en-US","Discard changes?","Discard changes?","IDENTICAL_SELF_MATCH","True"
"MSG.ARTICLE_GROUP_CODE_REQUIRED","DE-CH","de-CH","Artikelgruppen-Code ist erforderlich.","Artikelgruppen-Code ist erforderlich.","IDENTICAL_SELF_MATCH","True"
"MSG.ARTICLE_GROUP_CODE_REQUIRED","EN-US","en-US","Article group code is required.","Article group code is required.","IDENTICAL_SELF_MATCH","True"
"MSG.ARTICLE_GROUP_DETAIL_LOAD_ERROR","DE-CH","de-CH","Fehler beim Laden der Artikelgruppendetails.","Fehler beim Laden der Artikelgruppendetails.","IDENTICAL_SELF_MATCH","True"
"MSG.ARTICLE_GROUP_DETAIL_LOAD_ERROR","EN-US","en-US","Error loading the article group details.","Error loading the article group details.","IDENTICAL_SELF_MATCH","True"
"MSG.ARTICLE_GROUP_DISCARD_CHANGES","DE-CH","de-CH","Ungespeicherte Aenderungen verwerfen?","Ungespeicherte Aenderungen verwerfen?","IDENTICAL_SELF_MATCH","True"
"MSG.ARTICLE_GROUP_DISCARD_CHANGES","EN-US","en-US","Discard unsaved changes?","Discard unsaved changes?","IDENTICAL_SELF_MATCH","True"
"MSG.ARTICLE_GROUP_DUPLICATE_CODE","DE-CH","de-CH","Artikelgruppen-Code existiert bereits.","Artikelgruppen-Code existiert bereits.","IDENTICAL_SELF_MATCH","True"
"MSG.ARTICLE_GROUP_DUPLICATE_CODE","EN-US","en-US","Article group code already exists.","Article group code already exists.","IDENTICAL_SELF_MATCH","True"
"MSG.ARTICLE_GROUP_LIST_LOAD_ERROR","DE-CH","de-CH","Fehler beim Laden der Artikelgruppenliste.","Fehler beim Laden der Artikelgruppenliste.","IDENTICAL_SELF_MATCH","True"
"MSG.ARTICLE_GROUP_LIST_LOAD_ERROR","EN-US","en-US","Error loading the article group list.","Error loading the article group list.","IDENTICAL_SELF_MATCH","True"
"MSG.ARTICLE_GROUP_NAME_REQUIRED","DE-CH","de-CH","Artikelgruppen-Name ist erforderlich.","Artikelgruppen-Name ist erforderlich.","IDENTICAL_SELF_MATCH","True"
"MSG.ARTICLE_GROUP_NAME_REQUIRED","EN-US","en-US","Article group name is required.","Article group name is required.","IDENTICAL_SELF_MATCH","True"
"MSG.ARTICLE_GROUP_REQUIRED","DE-CH","de-CH","Artikelgruppe ist erforderlich.","Artikelgruppe ist erforderlich.","IDENTICAL_SELF_MATCH","True"
"MSG.ARTICLE_GROUP_REQUIRED","EN-US","en-US","Product group is required.","Product group is required.","IDENTICAL_SELF_MATCH","True"
"MSG.ARTICLE_GROUP_SAVE_ERROR","DE-CH","de-CH","Fehler beim Speichern der Artikelgruppe.","Fehler beim Speichern der Artikelgruppe.","IDENTICAL_SELF_MATCH","True"
"MSG.ARTICLE_GROUP_SAVE_ERROR","EN-US","en-US","Error saving the article group.","Error saving the article group.","IDENTICAL_SELF_MATCH","True"
"MSG.ARTICLE_GROUP_SAVE_OR_CANCEL_FIRST","DE-CH","de-CH","Bitte zuerst speichern oder abbrechen.","Bitte zuerst speichern oder abbrechen.","IDENTICAL_SELF_MATCH","True"
"MSG.ARTICLE_GROUP_SAVE_OR_CANCEL_FIRST","EN-US","en-US","Please save or cancel first.","Please save or cancel first.","IDENTICAL_SELF_MATCH","True"
"MSG.ARTICLE_GROUP_SELECT_FIRST","DE-CH","de-CH","Bitte zuerst eine Artikelgruppe auswaehlen.","Bitte zuerst eine Artikelgruppe auswaehlen.","IDENTICAL_SELF_MATCH","True"
"MSG.ARTICLE_GROUP_SELECT_FIRST","EN-US","en-US","Please select an article group first.","Please select an article group first.","IDENTICAL_SELF_MATCH","True"
"MSG.ARTICLE_LIST_LOAD_ERROR","DE-CH","de-CH","Fehler beim Laden der Artikelliste.","Fehler beim Laden der Artikelliste.","IDENTICAL_SELF_MATCH","True"
"MSG.ARTICLE_LIST_LOAD_ERROR","EN-US","en-US","Error loading the article list.","Error loading the article list.","IDENTICAL_SELF_MATCH","True"
"MSG.ARTICLE_NAME_REQUIRED","DE-CH","de-CH","Artikelname ist erforderlich.","Artikelname ist erforderlich.","IDENTICAL_SELF_MATCH","True"
"MSG.ARTICLE_NAME_REQUIRED","EN-US","en-US","Article name is required.","Article name is required.","IDENTICAL_SELF_MATCH","True"
"MSG.ARTICLE_NO_REQUIRED","DE-CH","de-CH","Artikel-Nr. ist erforderlich.","Artikel-Nr. ist erforderlich.","IDENTICAL_SELF_MATCH","True"
"MSG.ARTICLE_NO_REQUIRED","EN-US","en-US","Article no. is required.","Article no. is required.","IDENTICAL_SELF_MATCH","True"
"MSG.ARTICLE_SALES_PRICE_REQUIRED","DE-CH","de-CH","Verkaufspreis ist erforderlich.","Verkaufspreis ist erforderlich.","IDENTICAL_SELF_MATCH","True"
"MSG.ARTICLE_SALES_PRICE_REQUIRED","EN-US","en-US","Sales price is required.","Sales price is required.","IDENTICAL_SELF_MATCH","True"
"MSG.ARTICLE_SAVE_ERROR","DE-CH","de-CH","Fehler beim Speichern des Artikels.","Fehler beim Speichern des Artikels.","IDENTICAL_SELF_MATCH","True"
"MSG.ARTICLE_SAVE_ERROR","EN-US","en-US","Error saving the article.","Error saving the article.","IDENTICAL_SELF_MATCH","True"
"MSG.ARTICLE_UNIT_REQUIRED","DE-CH","de-CH","Einheit ist erforderlich.","Einheit ist erforderlich.","IDENTICAL_SELF_MATCH","True"
"MSG.ARTICLE_UNIT_REQUIRED","EN-US","en-US","Unit is required.","Unit is required.","IDENTICAL_SELF_MATCH","True"
"MSG.ARTICLE_VAT_REQUIRED","DE-CH","de-CH","MWST-Code ist erforderlich.","MWST-Code ist erforderlich.","IDENTICAL_SELF_MATCH","True"
"MSG.ARTICLE_VAT_REQUIRED","EN-US","en-US","VAT code is required.","VAT code is required.","IDENTICAL_SELF_MATCH","True"
"MSG.DEEPL_API_KEY_MISSING","DE-CH","de-CH","DeepL API-Schluessel ist nicht konfiguriert.","DeepL API-Schluessel ist nicht konfiguriert.","IDENTICAL_SELF_MATCH","True"
"MSG.DEEPL_API_KEY_MISSING","EN-US","en-US","DeepL API key is not configured.","DeepL API key is not configured.","IDENTICAL_SELF_MATCH","True"
"MSG.FW_TRANSLATION_AUDIT_CREATE_MISSING_ERROR","DE-CH","de-CH","Fehler beim Erzeugen fehlender Uebersetzungseintraege.","Fehler beim Erzeugen fehlender Uebersetzungseintraege.","IDENTICAL_SELF_MATCH","True"
"MSG.FW_TRANSLATION_AUDIT_CREATE_MISSING_ERROR","EN-US","en-US","Error creating missing translation rows.","Error creating missing translation rows.","IDENTICAL_SELF_MATCH","True"
"MSG.FW_TRANSLATION_AUDIT_LOAD_ERROR","DE-CH","de-CH","Fehler beim Laden des Uebersetzungs-Audits.","Fehler beim Laden des Uebersetzungs-Audits.","IDENTICAL_SELF_MATCH","True"
"MSG.FW_TRANSLATION_AUDIT_LOAD_ERROR","EN-US","en-US","Error loading the translation audit.","Error loading the translation audit.","IDENTICAL_SELF_MATCH","True"
"MSG.FW_TRANSLATION_AUDIT_OPEN_ERROR","DE-CH","de-CH","Fehler beim Oeffnen der Uebersetzung.","Fehler beim Oeffnen der Uebersetzung.","IDENTICAL_SELF_MATCH","True"
"MSG.FW_TRANSLATION_AUDIT_OPEN_ERROR","EN-US","en-US","Error opening the translation.","Error opening the translation.","IDENTICAL_SELF_MATCH","True"
"MSG.FW_TRANSLATION_AUDIT_REFRESH_ERROR","DE-CH","de-CH","Fehler beim Aktualisieren des Uebersetzungs-Audits.","Fehler beim Aktualisieren des Uebersetzungs-Audits.","IDENTICAL_SELF_MATCH","True"
"MSG.FW_TRANSLATION_AUDIT_REFRESH_ERROR","EN-US","en-US","Error refreshing the translation audit.","Error refreshing the translation audit.","IDENTICAL_SELF_MATCH","True"
"MSG.FW_TRANSLATION_AUDIT_SELECT_FIRST","DE-CH","de-CH","Bitte zuerst einen Uebersetzungseintrag auswaehlen.","Bitte zuerst einen Uebersetzungseintrag auswaehlen.","IDENTICAL_SELF_MATCH","True"
"MSG.FW_TRANSLATION_AUDIT_SELECT_FIRST","EN-US","en-US","Please select a translation entry first.","Please select a translation entry first.","IDENTICAL_SELF_MATCH","True"
"MSG.FW_TRANSLATION_TAG_GENERATOR_DISCARD_CONFIRM","DE-CH","de-CH","Ungespeicherte Tag-Aenderungen verwerfen?","Ungespeicherte Tag-Aenderungen verwerfen?","IDENTICAL_SELF_MATCH","True"
"MSG.FW_TRANSLATION_TAG_GENERATOR_DISCARD_CONFIRM","EN-US","en-US","Discard unsaved tag changes?","Discard unsaved tag changes?","IDENTICAL_SELF_MATCH","True"
"MSG.FW_TRANSLATION_TAG_GENERATOR_FORM_REQUIRED","DE-CH","de-CH","Bitte zuerst ein Formular auswaehlen.","Bitte zuerst ein Formular auswaehlen.","IDENTICAL_SELF_MATCH","True"
"MSG.FW_TRANSLATION_TAG_GENERATOR_FORM_REQUIRED","EN-US","en-US","Please select a form first.","Please select a form first.","IDENTICAL_SELF_MATCH","True"
"MSG.FW_TRANSLATION_TAG_GENERATOR_LOAD_ERROR","DE-CH","de-CH","Fehler beim Laden des Translation-Tag-Generators.","Fehler beim Laden des Translation-Tag-Generators.","IDENTICAL_SELF_MATCH","True"
"MSG.FW_TRANSLATION_TAG_GENERATOR_LOAD_ERROR","EN-US","en-US","Error loading the translation tag generator.","Error loading the translation tag generator.","IDENTICAL_SELF_MATCH","True"
"MSG.FW_TRANSLATION_TAG_GENERATOR_LOAD_FORM_ERROR","DE-CH","de-CH","Fehler beim Laden des ausgewaehlten Formulars.","Fehler beim Laden des ausgewaehlten Formulars.","IDENTICAL_SELF_MATCH","True"
"MSG.FW_TRANSLATION_TAG_GENERATOR_LOAD_FORM_ERROR","EN-US","en-US","Error loading the selected form.","Error loading the selected form.","IDENTICAL_SELF_MATCH","True"
"MSG.FW_TRANSLATION_TAG_GENERATOR_NO_MISSING_KEYS","DE-CH","de-CH","Keine fehlenden Translation-Keys zum Setzen gefunden.","Keine fehlenden Translation-Keys zum Setzen gefunden.","IDENTICAL_SELF_MATCH","True"
"MSG.FW_TRANSLATION_TAG_GENERATOR_NO_MISSING_KEYS","EN-US","en-US","No missing translation keys were found to set.","No missing translation keys were found to set.","IDENTICAL_SELF_MATCH","True"
"MSG.FW_TRANSLATION_TAG_GENERATOR_NOT_TRANSLATABLE","DE-CH","de-CH","Das markierte Control ist nicht fuer einen Translation-Key geeignet.","Das markierte Control ist nicht fuer einen Translation-Key geeignet.","IDENTICAL_SELF_MATCH","True"
"MSG.FW_TRANSLATION_TAG_GENERATOR_NOT_TRANSLATABLE","EN-US","en-US","The selected control is not suitable for a translation key.","The selected control is not suitable for a translation key.","IDENTICAL_SELF_MATCH","True"
"MSG.FW_TRANSLATION_TAG_GENERATOR_SAVE_ERROR","DE-CH","de-CH","Fehler beim Speichern der Translation-Tags.","Fehler beim Speichern der Translation-Tags.","IDENTICAL_SELF_MATCH","True"
"MSG.FW_TRANSLATION_TAG_GENERATOR_SAVE_ERROR","EN-US","en-US","Error saving the translation tags.","Error saving the translation tags.","IDENTICAL_SELF_MATCH","True"
"MSG.FW_TRANSLATION_TAG_GENERATOR_SAVE_SUCCESS","DE-CH","de-CH","Translation-Tags wurden gespeichert.","Translation-Tags wurden gespeichert.","IDENTICAL_SELF_MATCH","True"
"MSG.FW_TRANSLATION_TAG_GENERATOR_SAVE_SUCCESS","EN-US","en-US","Translation tags were saved.","Translation tags were saved.","IDENTICAL_SELF_MATCH","True"
"MSG.FW_TRANSLATION_TAG_GENERATOR_SELECT_CONTROL","DE-CH","de-CH","Bitte zuerst ein Control auswaehlen.","Bitte zuerst ein Control auswaehlen.","IDENTICAL_SELF_MATCH","True"
"MSG.FW_TRANSLATION_TAG_GENERATOR_SELECT_CONTROL","EN-US","en-US","Please select a control first.","Please select a control first.","IDENTICAL_SELF_MATCH","True"
"MSG.TRANSLATION_EDIT_CANCEL_CONFIRM","DE-CH","de-CH","Ungespeicherte Aenderungen verwerfen?","Ungespeicherte Aenderungen verwerfen?","IDENTICAL_SELF_MATCH","True"
"MSG.TRANSLATION_EDIT_CANCEL_CONFIRM","EN-US","en-US","Discard unsaved changes?","Discard unsaved changes?","IDENTICAL_SELF_MATCH","True"
"MSG.TRANSLATION_EDIT_DEEPL_ERROR","DE-CH","de-CH","Fehler beim Abrufen der DeepL-Vorschlaege.","Fehler beim Abrufen der DeepL-Vorschlaege.","IDENTICAL_SELF_MATCH","True"
"MSG.TRANSLATION_EDIT_DEEPL_ERROR","EN-US","en-US","Error retrieving DeepL suggestions.","Error retrieving DeepL suggestions.","IDENTICAL_SELF_MATCH","True"
"MSG.TRANSLATION_EDIT_DEEPL_OVERWRITE_CONFIRM","DE-CH","de-CH","Bestehende Zieltexte mit DeepL-Vorschlaegen ersetzen?","Bestehende Zieltexte mit DeepL-Vorschlaegen ersetzen?","IDENTICAL_SELF_MATCH","True"
"MSG.TRANSLATION_EDIT_DEEPL_OVERWRITE_CONFIRM","EN-US","en-US","Replace existing target texts with DeepL suggestions?","Replace existing target texts with DeepL suggestions?","IDENTICAL_SELF_MATCH","True"
"MSG.TRANSLATION_EDIT_DEEPL_SOURCE_REQUIRED","DE-CH","de-CH","Bitte zuerst einen Text in der Ausgangssprache erfassen.","Bitte zuerst einen Text in der Ausgangssprache erfassen.","IDENTICAL_SELF_MATCH","True"
"MSG.TRANSLATION_EDIT_DEEPL_SOURCE_REQUIRED","EN-US","en-US","Please enter a text in the source language first.","Please enter a text in the source language first.","IDENTICAL_SELF_MATCH","True"
"MSG.TRANSLATION_EDIT_LOAD_ERROR","DE-CH","de-CH","Fehler beim Laden der Uebersetzung.","Fehler beim Laden der Uebersetzung.","IDENTICAL_SELF_MATCH","True"
"MSG.TRANSLATION_EDIT_LOAD_ERROR","EN-US","en-US","Error loading the translation.","Error loading the translation.","IDENTICAL_SELF_MATCH","True"
"MSG.TRANSLATION_EDIT_SAVE_ERROR","DE-CH","de-CH","Fehler beim Speichern der Uebersetzung.","Fehler beim Speichern der Uebersetzung.","IDENTICAL_SELF_MATCH","True"
"MSG.TRANSLATION_EDIT_SAVE_ERROR","EN-US","en-US","Error saving the translation.","Error saving the translation.","IDENTICAL_SELF_MATCH","True"
"MSG.TRANSLATION_KEY_REQUIRED","DE-CH","de-CH","Uebersetzungsschluessel ist erforderlich.","Uebersetzungsschluessel ist erforderlich.","IDENTICAL_SELF_MATCH","True"
"MSG.TRANSLATION_KEY_REQUIRED","EN-US","en-US","Translation key is required.","Translation key is required.","IDENTICAL_SELF_MATCH","True"
"MSG_INVALID_FIELD_VALUES","DE","de-CH","Bitte korrigieren Sie die ungueltigen Feldwerte.","Bitte korrigieren Sie die ungueltigen Feldwerte.","IDENTICAL_SELF_MATCH","True"
"MSG_INVALID_FIELD_VALUES","DE-CH","de-CH","Ungültige Feldwerte","Ungültige Feldwerte","IDENTICAL_SELF_MATCH","True"
"MSG_INVALID_FIELD_VALUES","EN","en-US","Please correct invalid field values.","Please correct invalid field values.","IDENTICAL_SELF_MATCH","True"
"MSG_INVALID_FIELD_VALUES","EN-US","en-US","Invalid field values","Invalid field values","IDENTICAL_SELF_MATCH","True"
"MSG_MODULE_NOT_ACTIVE","DE","de-CH","Das erforderliche Modul ist nicht aktiv","Das erforderliche Modul ist nicht aktiv","IDENTICAL_SELF_MATCH","True"
"MSG_MODULE_NOT_ACTIVE","DE-CH","de-CH","Modul ist nicht aktiv","Modul ist nicht aktiv","IDENTICAL_SELF_MATCH","True"
"MSG_MODULE_NOT_ACTIVE","EN","en-US","The required module is not active","The required module is not active","IDENTICAL_SELF_MATCH","True"
"MSG_MODULE_NOT_ACTIVE","EN-US","en-US","Module is not active","Module is not active","IDENTICAL_SELF_MATCH","True"
"MSG_REQUIRED_FIELDS_MISSING","DE","de-CH","Bitte fuellen Sie alle Pflichtfelder aus.","Bitte fuellen Sie alle Pflichtfelder aus.","IDENTICAL_SELF_MATCH","True"
"MSG_REQUIRED_FIELDS_MISSING","DE-CH","de-CH","Benötigte Felder fehlen","Benötigte Felder fehlen","IDENTICAL_SELF_MATCH","True"
"MSG_REQUIRED_FIELDS_MISSING","EN","en-US","Please fill in all required fields.","Please fill in all required fields.","IDENTICAL_SELF_MATCH","True"
"MSG_REQUIRED_FIELDS_MISSING","EN-US","en-US","Required fields missing","Required fields missing","IDENTICAL_SELF_MATCH","True"
"MSG_ROLE_NOT_ALLOWED","DE","de-CH","Sie sind nicht berechtigt, dieses Formular zu oeffnen","Sie sind nicht berechtigt, dieses Formular zu oeffnen","IDENTICAL_SELF_MATCH","True"
"MSG_ROLE_NOT_ALLOWED","DE-CH","de-CH","Rolle nicht zulässig","Rolle nicht zulässig","IDENTICAL_SELF_MATCH","True"
"MSG_ROLE_NOT_ALLOWED","EN","en-US","You do not have permission to open this form","You do not have permission to open this form","IDENTICAL_SELF_MATCH","True"
"MSG_ROLE_NOT_ALLOWED","EN-US","en-US","Role not allowed","Role not allowed","IDENTICAL_SELF_MATCH","True"
"NAV.ADDRESS_COCKPIT","DE-CH","de-CH","Cockpit","Cockpit","IDENTICAL_SELF_MATCH","True"
"NAV.ADDRESS_COCKPIT","EN-US","en-US","Cockpit","Cockpit","IDENTICAL_SELF_MATCH","True"
"NAV.ADDRESS_LIST","DE-CH","de-CH","Adressliste","Adressliste","IDENTICAL_SELF_MATCH","True"
"NAV.ADDRESS_LIST","EN-US","en-US","Address list","Address list","IDENTICAL_SELF_MATCH","True"
"NAV.ARTICLE_GROUPS","DE-CH","de-CH","Artikelgruppen","Artikelgruppen","IDENTICAL_SELF_MATCH","True"
"NAV.ARTICLE_GROUPS","EN-US","en-US","Article groups","Article groups","IDENTICAL_SELF_MATCH","True"
"NAV.ARTICLES","DE-CH","de-CH","Artikel","Artikel","IDENTICAL_SELF_MATCH","True"
"NAV.ARTICLES","EN-US","en-US","Articles","Articles","IDENTICAL_SELF_MATCH","True"
"NAV.DOCUMENT_PREVIEW","DE-CH","de-CH","Dokumentvorschau","Dokumentvorschau","IDENTICAL_SELF_MATCH","True"
"NAV.DOCUMENT_PREVIEW","EN-US","en-US","Document preview","Document preview","IDENTICAL_SELF_MATCH","True"
"NAV.FW_NAVIGATION_ADMIN","DE-CH","de-CH","Navigation verwalten","Navigation verwalten","IDENTICAL_SELF_MATCH","True"
"NAV.FW_NAVIGATION_ADMIN","EN-US","en-US","Manage navigation","Manage navigation","IDENTICAL_SELF_MATCH","True"
"NAV.FW_TRANSLATION_AUDIT","DE-CH","de-CH","Übersetzungsprüfung","Übersetzungsprüfung","IDENTICAL_SELF_MATCH","True"
"NAV.FW_TRANSLATION_AUDIT","EN-US","en-US","Translation audit","Translation audit","IDENTICAL_SELF_MATCH","True"
"NAV.FW_TRANSLATION_TAG_GENERATOR","DE-CH","de-CH","Übersetzungs-Tags","Übersetzungs-Tags","IDENTICAL_SELF_MATCH","True"
"NAV.FW_TRANSLATION_TAG_GENERATOR","EN-US","en-US","Translation tags","Translation tags","IDENTICAL_SELF_MATCH","True"
"NAV.FW_TRANSLATIONS","DE-CH","de-CH","Uebersetzungen pflegen","Uebersetzungen pflegen","IDENTICAL_SELF_MATCH","True"
"NAV.FW_TRANSLATIONS","EN-US","en-US","Maintain translations","Maintain translations","IDENTICAL_SELF_MATCH","True"
"NAV.GROUP.ADDRESSES","DE-CH","de-CH","Adressen","Adressen","IDENTICAL_SELF_MATCH","True"
"NAV.GROUP.ADDRESSES","EN-US","en-US","Addresses","Addresses","IDENTICAL_SELF_MATCH","True"
"NAV.GROUP.DOCUMENTS","DE-CH","de-CH","Dokumente","Dokumente","IDENTICAL_SELF_MATCH","True"
"NAV.GROUP.DOCUMENTS","EN-US","en-US","Documents","Documents","IDENTICAL_SELF_MATCH","True"
"NAV.GROUP.FINANCE","DE-CH","de-CH","Finanzen","Finanzen","IDENTICAL_SELF_MATCH","True"
"NAV.GROUP.FINANCE","EN-US","en-US","Finance","Finance","IDENTICAL_SELF_MATCH","True"
"NAV.GROUP.FRAMEWORK","DE-CH","de-CH","Framework","Framework","IDENTICAL_SELF_MATCH","True"
"NAV.GROUP.FRAMEWORK","EN-US","en-US","Framework","Framework","IDENTICAL_SELF_MATCH","True"
"NAV.GROUP.ORDERS","DE-CH","de-CH","Bestellungen","Bestellungen","IDENTICAL_SELF_MATCH","True"
"NAV.GROUP.ORDERS","EN-US","en-US","Orders","Orders","IDENTICAL_SELF_MATCH","True"
"NAV.GROUP.REPORTING","DE-CH","de-CH","Auswertungen","Auswertungen","IDENTICAL_SELF_MATCH","True"
"NAV.GROUP.REPORTING","EN-US","en-US","Reports","Reports","IDENTICAL_SELF_MATCH","True"
"NAV.GROUP.SYSTEM","DE-CH","de-CH","System","System","IDENTICAL_SELF_MATCH","True"
"NAV.GROUP.SYSTEM","EN-US","en-US","System","System","IDENTICAL_SELF_MATCH","True"
"NAV.GROUP.TENANT","DE-CH","de-CH","Mandant","Mandant","IDENTICAL_SELF_MATCH","True"
"NAV.GROUP.TENANT","EN-US","en-US","Tenant","Tenant","IDENTICAL_SELF_MATCH","True"
"NAV.LOCALISATION","DE-CH","de-CH","Lokalisierung","Lokalisierung","IDENTICAL_SELF_MATCH","True"
"NAV.LOCALISATION","EN-US","en-US","Localisation","Localisation","IDENTICAL_SELF_MATCH","True"
"NAV.NEW_ADDRESS","DE-CH","de-CH","Neue Adresse","Neue Adresse","IDENTICAL_SELF_MATCH","True"
"NAV.NEW_ADDRESS","EN-US","en-US","New address","New address","IDENTICAL_SELF_MATCH","True"
"NAV.NEW_ARTICLE_GROUP","DE-CH","de-CH","Neue Artikelgruppe","Neue Artikelgruppe","IDENTICAL_SELF_MATCH","True"
"NAV.NEW_ARTICLE_GROUP","EN-US","en-US","New article group","New article group","IDENTICAL_SELF_MATCH","True"
"NAV.TAG_HELP","DE-CH","de-CH","Tag-Hilfe","Tag-Hilfe","IDENTICAL_SELF_MATCH","True"
"NAV.TAG_HELP","EN-US","en-US","Tag help","Tag help","IDENTICAL_SELF_MATCH","True"
"NAV.TAGS","DE-CH","de-CH","Framework-Tags","Framework-Tags","IDENTICAL_SELF_MATCH","True"
"NAV.TAGS","EN-US","en-US","Framework-Tags","Framework-Tags","IDENTICAL_SELF_MATCH","True"
"NAV.TRANSLATIONS","DE-CH","de-CH","Uebersetzungen","Uebersetzungen","IDENTICAL_SELF_MATCH","True"
"NAV.TRANSLATIONS","EN-US","en-US","Translations","Translations","IDENTICAL_SELF_MATCH","True"
"REF.ARTICLE_TYPE.APPAREL_SIZE","DE-CH","de-CH","Kleidergroesse","Kleidergroesse","IDENTICAL_SELF_MATCH","True"
"REF.ARTICLE_TYPE.APPAREL_SIZE","EN-US","en-US","Apparel Size","Apparel Size","IDENTICAL_SELF_MATCH","True"
"REF.ARTICLE_TYPE.CUSTOM_SIZE","DE-CH","de-CH","Massanfertigung","Massanfertigung","IDENTICAL_SELF_MATCH","True"
"REF.ARTICLE_TYPE.CUSTOM_SIZE","EN-US","en-US","Custom Size","Custom Size","IDENTICAL_SELF_MATCH","True"
"REF.ARTICLE_TYPE.DISCOUNT","DE-CH","de-CH","Rabatt","Rabatt","IDENTICAL_SELF_MATCH","True"
"REF.ARTICLE_TYPE.DISCOUNT","EN-US","en-US","Discount","Discount","IDENTICAL_SELF_MATCH","True"
"REF.ARTICLE_TYPE.FEE","DE-CH","de-CH","Gebuehr","Gebuehr","IDENTICAL_SELF_MATCH","True"
"REF.ARTICLE_TYPE.FEE","EN-US","en-US","Fee","Fee","IDENTICAL_SELF_MATCH","True"
"REF.ARTICLE_TYPE.PRODUCT","DE-CH","de-CH","Produkt","Produkt","IDENTICAL_SELF_MATCH","True"
"REF.ARTICLE_TYPE.PRODUCT","EN-US","en-US","Product","Product","IDENTICAL_SELF_MATCH","True"
"REF.ARTICLE_TYPE.SERVICE","DE-CH","de-CH","Dienstleistung","Dienstleistung","IDENTICAL_SELF_MATCH","True"
"REF.ARTICLE_TYPE.SERVICE","EN-US","en-US","Service","Service","IDENTICAL_SELF_MATCH","True"
"REF.ARTICLE_TYPE.SUBSCRIPTION","DE-CH","de-CH","Abonnement","Abonnement","IDENTICAL_SELF_MATCH","True"
"REF.ARTICLE_TYPE.SUBSCRIPTION","EN-US","en-US","Subscription","Subscription","IDENTICAL_SELF_MATCH","True"
"REF.ARTICLE_TYPE.WINE","DE-CH","de-CH","Wein","Wein","IDENTICAL_SELF_MATCH","True"
"REF.ARTICLE_TYPE.WINE","EN-US","en-US","Wine","Wine","IDENTICAL_SELF_MATCH","True"
"SALUTATION.COMPANY","DE-CH","de-CH","Firma","Firma","IDENTICAL_SELF_MATCH","True"
"SALUTATION.COMPANY","DE-DE","de-DE","Unternehmen","Unternehmen","IDENTICAL_SELF_MATCH","True"
"SALUTATION.COMPANY","EN-US","en-US","Company","Company","IDENTICAL_SELF_MATCH","True"
"SALUTATION.COMPANY","IT-CH","it-CH","Azienda","Azienda","IDENTICAL_SELF_MATCH","True"
"SALUTATION.MR","DE-CH","de-CH","Herr","Herr","IDENTICAL_SELF_MATCH","True"
"SALUTATION.MR","DE-DE","de-DE","Herr","Herr","IDENTICAL_SELF_MATCH","True"
"SALUTATION.MR","EN-US","en-US","Mr.","Mr.","IDENTICAL_SELF_MATCH","True"
"SALUTATION.MR","IT-CH","it-CH","Signor","Signor","IDENTICAL_SELF_MATCH","True"
"SALUTATION.MS","DE-CH","de-CH","Frau","Frau","IDENTICAL_SELF_MATCH","True"
"SALUTATION.MS","DE-DE","de-DE","Frau","Frau","IDENTICAL_SELF_MATCH","True"
"SALUTATION.MS","EN-US","en-US","Ms.","Ms.","IDENTICAL_SELF_MATCH","True"
"SALUTATION.MS","IT-CH","it-CH","Signora","Signora","IDENTICAL_SELF_MATCH","True"
"SALUTATION.NEUTRAL","DE-CH","de-CH","Neutral","Neutral","IDENTICAL_SELF_MATCH","True"
"SALUTATION.NEUTRAL","DE-DE","de-DE","Neutral","Neutral","IDENTICAL_SELF_MATCH","True"
"SALUTATION.NEUTRAL","EN-US","en-US","Neutral","Neutral","IDENTICAL_SELF_MATCH","True"
"SALUTATION.NEUTRAL","IT-CH","it-CH","Neutrale","Neutrale","IDENTICAL_SELF_MATCH","True"
"STATUS.READY","DE-CH","de-CH","Bereit","Bereit","IDENTICAL_SELF_MATCH","True"
"STATUS.READY","EN-US","en-US","Ready","Ready","IDENTICAL_SELF_MATCH","True"
"UNIT.HOUR","DE-CH","de-CH","Stunde","Stunde","IDENTICAL_SELF_MATCH","True"
"UNIT.HOUR","DE-DE","de-DE","Stunde","Stunde","IDENTICAL_SELF_MATCH","True"
"UNIT.HOUR","EN-US","en-US","Hour","Hour","IDENTICAL_SELF_MATCH","True"
"UNIT.HOUR","IT-CH","it-CH","Ora","Ora","IDENTICAL_SELF_MATCH","True"
"UNIT.KG","DE-CH","de-CH","Kilogramm","Kilogramm","IDENTICAL_SELF_MATCH","True"
"UNIT.KG","DE-DE","de-DE","Kilogramm","Kilogramm","IDENTICAL_SELF_MATCH","True"
"UNIT.KG","EN-US","en-US","Kilogram","Kilogram","IDENTICAL_SELF_MATCH","True"
"UNIT.KG","IT-CH","it-CH","Chilogrammo","Chilogrammo","IDENTICAL_SELF_MATCH","True"
"UNIT.LITER","DE-CH","de-CH","Liter","Liter","IDENTICAL_SELF_MATCH","True"
"UNIT.LITER","DE-DE","de-DE","Liter","Liter","IDENTICAL_SELF_MATCH","True"
"UNIT.LITER","EN-US","en-US","Liter","Liter","IDENTICAL_SELF_MATCH","True"
"UNIT.LITER","IT-CH","it-CH","Litro","Litro","IDENTICAL_SELF_MATCH","True"
"UNIT.METER","DE-CH","de-CH","Meter","Meter","IDENTICAL_SELF_MATCH","True"
"UNIT.METER","DE-DE","de-DE","Meter","Meter","IDENTICAL_SELF_MATCH","True"
"UNIT.METER","EN-US","en-US","Meter","Meter","IDENTICAL_SELF_MATCH","True"
"UNIT.METER","IT-CH","it-CH","Metro","Metro","IDENTICAL_SELF_MATCH","True"
"UNIT.PACKAGE","DE-CH","de-CH","Paket","Paket","IDENTICAL_SELF_MATCH","True"
"UNIT.PACKAGE","DE-DE","de-DE","Paket","Paket","IDENTICAL_SELF_MATCH","True"
"UNIT.PACKAGE","EN-US","en-US","Package","Package","IDENTICAL_SELF_MATCH","True"
"UNIT.PACKAGE","IT-CH","it-CH","Pacco","Pacco","IDENTICAL_SELF_MATCH","True"
"UNIT.PCS","DE-CH","de-CH","Stk","Stk","IDENTICAL_SELF_MATCH","True"
"UNIT.PCS","DE-DE","de-DE","Stk","Stk","IDENTICAL_SELF_MATCH","True"
"UNIT.PCS","EN-US","en-US","pcs","pcs","IDENTICAL_SELF_MATCH","True"
"UNIT.PCS","IT-CH","it-CH","pz","pz","IDENTICAL_SELF_MATCH","True"
"VAT.CH.REDUCED","DE-CH","de-CH","Reduzierter Satz","Reduzierter Satz","IDENTICAL_SELF_MATCH","True"
"VAT.CH.REDUCED","DE-DE","de-DE","Ermaessigter Satz","Ermaessigter Satz","IDENTICAL_SELF_MATCH","True"
"VAT.CH.REDUCED","EN-US","en-US","Reduced rate","Reduced rate","IDENTICAL_SELF_MATCH","True"
"VAT.CH.REDUCED","IT-CH","it-CH","Aliquota ridotta","Aliquota ridotta","IDENTICAL_SELF_MATCH","True"
"VAT.CH.SPECIAL","DE-CH","de-CH","Sondersatz","Sondersatz","IDENTICAL_SELF_MATCH","True"
"VAT.CH.SPECIAL","DE-DE","de-DE","Sondersatz","Sondersatz","IDENTICAL_SELF_MATCH","True"
"VAT.CH.SPECIAL","EN-US","en-US","Special rate","Special rate","IDENTICAL_SELF_MATCH","True"
"VAT.CH.SPECIAL","IT-CH","it-CH","Aliquota speciale","Aliquota speciale","IDENTICAL_SELF_MATCH","True"
"VAT.CH.STANDARD","DE-CH","de-CH","Normalsatz","Normalsatz","IDENTICAL_SELF_MATCH","True"
"VAT.CH.STANDARD","DE-DE","de-DE","Standardsatz","Standardsatz","IDENTICAL_SELF_MATCH","True"
"VAT.CH.STANDARD","EN-US","en-US","Standard rate","Standard rate","IDENTICAL_SELF_MATCH","True"
"VAT.CH.STANDARD","IT-CH","it-CH","Aliquota normale","Aliquota normale","IDENTICAL_SELF_MATCH","True"
"VAT.CH.ZERO","DE-CH","de-CH","Nullsatz","Nullsatz","IDENTICAL_SELF_MATCH","True"
"VAT.CH.ZERO","DE-DE","de-DE","Nullsatz","Nullsatz","IDENTICAL_SELF_MATCH","True"
"VAT.CH.ZERO","EN-US","en-US","Zero rate","Zero rate","IDENTICAL_SELF_MATCH","True"
"VAT.CH.ZERO","IT-CH","it-CH","Aliquota zero","Aliquota zero","IDENTICAL_SELF_MATCH","True"
