"translation_id","translation_key","language_code","translation_value","is_active","module_code","sort_order","created_at","created_by","updated_at","updated_by"
924,"APP_TITLE","en-US","Easis Version 4",1,,"0",30.05.2026 09:47:35,"SYSTEM",30.05.2026 09:47:35,"SYSTEM"
925,"DOCUMENT","en-US","Document",1,,"0",30.05.2026 09:47:35,"SYSTEM",30.05.2026 09:47:35,"SYSTEM"
926,"CUSTOMER","en-US","Customer",1,,"0",30.05.2026 09:47:35,"SYSTEM",30.05.2026 09:47:35,"SYSTEM"
927,"TOTAL","en-US","Total",1,,"0",30.05.2026 09:47:35,"SYSTEM",30.05.2026 09:47:35,"SYSTEM"
940,"APP_TITLE","de-CH","Easis Version 4",1,,"0",30.05.2026 09:47:35,"SYSTEM",30.05.2026 09:47:35,"SYSTEM"
941,"DOCUMENT","de-CH","Beleg",1,,"0",30.05.2026 09:47:35,"SYSTEM",30.05.2026 09:47:35,"SYSTEM"
942,"CUSTOMER","de-CH","Kunde",1,,"0",30.05.2026 09:47:35,"SYSTEM",30.05.2026 09:47:35,"SYSTEM"
943,"TOTAL","de-CH","Total",1,,"0",30.05.2026 09:47:35,"SYSTEM",30.05.2026 09:47:35,"SYSTEM"
944,"ADDRESS_TYPE.PRIVATE","de-CH","Privat",1,,"0",30.05.2026 09:47:35,"SYSTEM",30.05.2026 09:47:35,"SYSTEM"
946,"ADDRESS_TYPE.PRIVATE","fr-CH","Prive",1,,"0",30.05.2026 09:47:35,"SYSTEM",30.05.2026 09:47:35,"SYSTEM"
948,"ADDRESS_TYPE.PRIVATE","en-US","Private",1,,"0",30.05.2026 09:47:35,"SYSTEM",30.05.2026 09:47:35,"SYSTEM"
949,"ADDRESS_TYPE.COMPANY","de-CH","Firma",1,,"0",30.05.2026 09:47:35,"SYSTEM",30.05.2026 09:47:35,"SYSTEM"
951,"ADDRESS_TYPE.COMPANY","fr-CH","Entreprise",1,,"0",30.05.2026 09:47:35,"SYSTEM",30.05.2026 09:47:35,"SYSTEM"
953,"ADDRESS_TYPE.COMPANY","en-US","Company",1,,"0",30.05.2026 09:47:35,"SYSTEM",30.05.2026 09:47:35,"SYSTEM"
954,"ADDRESS_TYPE.CUSTOMER","de-CH","Kunde",1,,"0",30.05.2026 09:47:35,"SYSTEM",30.05.2026 09:47:35,"SYSTEM"
956,"ADDRESS_TYPE.CUSTOMER","fr-CH","Client",1,,"0",30.05.2026 09:47:35,"SYSTEM",30.05.2026 09:47:35,"SYSTEM"
958,"ADDRESS_TYPE.CUSTOMER","en-US","Customer",1,,"0",30.05.2026 09:47:35,"SYSTEM",30.05.2026 09:47:35,"SYSTEM"
959,"ADDRESS_TYPE.SUPPLIER","de-CH","Lieferant",1,,"0",30.05.2026 09:47:35,"SYSTEM",30.05.2026 09:47:35,"SYSTEM"
961,"ADDRESS_TYPE.SUPPLIER","fr-CH","Fournisseur",1,,"0",30.05.2026 09:47:35,"SYSTEM",30.05.2026 09:47:35,"SYSTEM"
963,"ADDRESS_TYPE.SUPPLIER","en-US","Supplier",1,,"0",30.05.2026 09:47:35,"SYSTEM",30.05.2026 09:47:35,"SYSTEM"
964,"ADDRESS_TYPE.PARTNER","de-CH","Partner",1,,"0",30.05.2026 09:47:36,"SYSTEM",30.05.2026 09:47:36,"SYSTEM"
966,"ADDRESS_TYPE.PARTNER","fr-CH","Partenaire",1,,"0",30.05.2026 09:47:36,"SYSTEM",30.05.2026 09:47:36,"SYSTEM"
968,"ADDRESS_TYPE.PARTNER","en-US","Partner",1,,"0",30.05.2026 09:47:36,"SYSTEM",30.05.2026 09:47:36,"SYSTEM"
969,"ADDRESS_TYPE.EMPLOYEE","de-CH","Mitarbeiter",1,,"0",30.05.2026 09:47:36,"SYSTEM",30.05.2026 09:47:36,"SYSTEM"
971,"ADDRESS_TYPE.EMPLOYEE","fr-CH","Employe",1,,"0",30.05.2026 09:47:36,"SYSTEM",30.05.2026 09:47:36,"SYSTEM"
973,"ADDRESS_TYPE.EMPLOYEE","en-US","Employee",1,,"0",30.05.2026 09:47:36,"SYSTEM",30.05.2026 09:47:36,"SYSTEM"
974,"ADDRESS_TYPE.OTHER","de-CH","Andere",1,,"0",30.05.2026 09:47:36,"SYSTEM",30.05.2026 09:47:36,"SYSTEM"
976,"ADDRESS_TYPE.OTHER","fr-CH","Autre",1,,"0",30.05.2026 09:47:36,"SYSTEM",30.05.2026 09:47:36,"SYSTEM"
978,"ADDRESS_TYPE.OTHER","en-US","Other",1,,"0",30.05.2026 09:47:36,"SYSTEM",30.05.2026 09:47:36,"SYSTEM"
979,"SALUTATION.MR","de-CH","Herr",1,,"0",30.05.2026 09:47:36,"SYSTEM",30.05.2026 09:47:36,"SYSTEM"
981,"SALUTATION.MR","fr-CH","Monsieur",1,,"0",30.05.2026 09:47:36,"SYSTEM",30.05.2026 09:47:36,"SYSTEM"
983,"SALUTATION.MR","en-US","Mr.",1,,"0",30.05.2026 09:47:36,"SYSTEM",30.05.2026 09:47:36,"SYSTEM"
984,"SALUTATION.MS","de-CH","Frau",1,,"0",30.05.2026 09:47:36,"SYSTEM",30.05.2026 09:47:36,"SYSTEM"
986,"SALUTATION.MS","fr-CH","Madame",1,,"0",30.05.2026 09:47:36,"SYSTEM",30.05.2026 09:47:36,"SYSTEM"
988,"SALUTATION.MS","en-US","Ms.",1,,"0",30.05.2026 09:47:36,"SYSTEM",30.05.2026 09:47:36,"SYSTEM"
989,"SALUTATION.COMPANY","de-CH","Firma",1,,"0",30.05.2026 09:47:36,"SYSTEM",30.05.2026 09:47:36,"SYSTEM"
991,"SALUTATION.COMPANY","fr-CH","Entreprise",1,,"0",30.05.2026 09:47:36,"SYSTEM",30.05.2026 09:47:36,"SYSTEM"
993,"SALUTATION.COMPANY","en-US","Company",1,,"0",30.05.2026 09:47:36,"SYSTEM",30.05.2026 09:47:36,"SYSTEM"
994,"SALUTATION.NEUTRAL","de-CH","Neutral",1,,"0",30.05.2026 09:47:36,"SYSTEM",30.05.2026 09:47:36,"SYSTEM"
996,"SALUTATION.NEUTRAL","fr-CH","Neutre",1,,"0",30.05.2026 09:47:36,"SYSTEM",30.05.2026 09:47:36,"SYSTEM"
998,"SALUTATION.NEUTRAL","en-US","Neutral",1,,"0",30.05.2026 09:47:36,"SYSTEM",30.05.2026 09:47:36,"SYSTEM"
999,"ADDRESSING_MODE.FORMAL","de-CH","Formal",1,,"0",30.05.2026 09:47:36,"SYSTEM",30.05.2026 09:47:36,"SYSTEM"
1001,"ADDRESSING_MODE.FORMAL","fr-CH","Formel",1,,"0",30.05.2026 09:47:36,"SYSTEM",30.05.2026 09:47:36,"SYSTEM"
1003,"ADDRESSING_MODE.FORMAL","en-US","Formal",1,,"0",30.05.2026 09:47:36,"SYSTEM",30.05.2026 09:47:36,"SYSTEM"
1004,"ADDRESSING_MODE.INFORMAL","de-CH","Informell",1,,"0",30.05.2026 09:47:36,"SYSTEM",30.05.2026 09:47:36,"SYSTEM"
1006,"ADDRESSING_MODE.INFORMAL","fr-CH","Informel",1,,"0",30.05.2026 09:47:36,"SYSTEM",30.05.2026 09:47:36,"SYSTEM"
1008,"ADDRESSING_MODE.INFORMAL","en-US","Informal",1,,"0",30.05.2026 09:47:36,"SYSTEM",30.05.2026 09:47:36,"SYSTEM"
1009,"CONTACT_TYPE.EMAIL","de-CH","E-Mail",1,,"0",30.05.2026 09:47:36,"SYSTEM",30.05.2026 09:47:36,"SYSTEM"
1011,"CONTACT_TYPE.EMAIL","fr-CH","E-mail",1,,"0",30.05.2026 09:47:36,"SYSTEM",30.05.2026 09:47:36,"SYSTEM"
1013,"CONTACT_TYPE.EMAIL","en-US","E-Mail",1,,"0",30.05.2026 09:47:36,"SYSTEM",30.05.2026 09:47:36,"SYSTEM"
1014,"CONTACT_TYPE.PHONE","de-CH","Telefon",1,,"0",30.05.2026 09:47:36,"SYSTEM",30.05.2026 09:47:36,"SYSTEM"
1016,"CONTACT_TYPE.PHONE","fr-CH","Telephone",1,,"0",30.05.2026 09:47:36,"SYSTEM",30.05.2026 09:47:36,"SYSTEM"
1018,"CONTACT_TYPE.PHONE","en-US","Phone",1,,"0",30.05.2026 09:47:36,"SYSTEM",30.05.2026 09:47:36,"SYSTEM"
1019,"CONTACT_TYPE.MOBILE","de-CH","Mobil",1,,"0",30.05.2026 09:47:36,"SYSTEM",30.05.2026 09:47:36,"SYSTEM"
1021,"CONTACT_TYPE.MOBILE","fr-CH","Mobile",1,,"0",30.05.2026 09:47:36,"SYSTEM",30.05.2026 09:47:36,"SYSTEM"
1023,"CONTACT_TYPE.MOBILE","en-US","Mobile",1,,"0",30.05.2026 09:47:36,"SYSTEM",30.05.2026 09:47:36,"SYSTEM"
1024,"CONTACT_TYPE.WEBSITE","de-CH","Webseite",1,,"0",30.05.2026 09:47:36,"SYSTEM",30.05.2026 09:47:36,"SYSTEM"
1026,"CONTACT_TYPE.WEBSITE","fr-CH","Site web",1,,"0",30.05.2026 09:47:36,"SYSTEM",30.05.2026 09:47:36,"SYSTEM"
1028,"CONTACT_TYPE.WEBSITE","en-US","Website",1,,"0",30.05.2026 09:47:36,"SYSTEM",30.05.2026 09:47:36,"SYSTEM"
1029,"CONTACT_TYPE.FAX","de-CH","Fax",1,,"0",30.05.2026 09:47:36,"SYSTEM",30.05.2026 09:47:36,"SYSTEM"
1031,"CONTACT_TYPE.FAX","fr-CH","Fax",1,,"0",30.05.2026 09:47:36,"SYSTEM",30.05.2026 09:47:36,"SYSTEM"
1033,"CONTACT_TYPE.FAX","en-US","Fax",1,,"0",30.05.2026 09:47:36,"SYSTEM",30.05.2026 09:47:36,"SYSTEM"
1034,"CONTACT_TYPE.OTHER","de-CH","Sonstige",1,,"0",30.05.2026 09:47:36,"SYSTEM",30.05.2026 09:47:36,"SYSTEM"
1036,"CONTACT_TYPE.OTHER","fr-CH","Autre",1,,"0",30.05.2026 09:47:36,"SYSTEM",30.05.2026 09:47:36,"SYSTEM"
1038,"CONTACT_TYPE.OTHER","en-US","Other",1,,"0",30.05.2026 09:47:36,"SYSTEM",30.05.2026 09:47:36,"SYSTEM"
1039,"UNIT.PCS","de-CH","Stk",1,,"0",30.05.2026 09:47:36,"SYSTEM",30.05.2026 09:47:36,"SYSTEM"
1041,"UNIT.PCS","fr-CH","pcs",1,,"0",30.05.2026 09:47:36,"SYSTEM",30.05.2026 09:47:36,"SYSTEM"
1043,"UNIT.PCS","en-US","pcs",1,,"0",30.05.2026 09:47:36,"SYSTEM",30.05.2026 09:47:36,"SYSTEM"
1044,"UNIT.HOUR","de-CH","Stunde",1,,"0",30.05.2026 09:47:36,"SYSTEM",30.05.2026 09:47:36,"SYSTEM"
1046,"UNIT.HOUR","fr-CH","Heure",1,,"0",30.05.2026 09:47:36,"SYSTEM",30.05.2026 09:47:36,"SYSTEM"
1048,"UNIT.HOUR","en-US","Hour",1,,"0",30.05.2026 09:47:36,"SYSTEM",30.05.2026 09:47:36,"SYSTEM"
1049,"UNIT.KG","de-CH","Kilogramm",1,,"0",30.05.2026 09:47:36,"SYSTEM",30.05.2026 09:47:36,"SYSTEM"
1051,"UNIT.KG","fr-CH","Kilogramme",1,,"0",30.05.2026 09:47:36,"SYSTEM",30.05.2026 09:47:36,"SYSTEM"
1053,"UNIT.KG","en-US","Kilogram",1,,"0",30.05.2026 09:47:37,"SYSTEM",30.05.2026 09:47:37,"SYSTEM"
1054,"UNIT.METER","de-CH","Meter",1,,"0",30.05.2026 09:47:37,"SYSTEM",30.05.2026 09:47:37,"SYSTEM"
1056,"UNIT.METER","fr-CH","Metre",1,,"0",30.05.2026 09:47:37,"SYSTEM",30.05.2026 09:47:37,"SYSTEM"
1058,"UNIT.METER","en-US","Meter",1,,"0",30.05.2026 09:47:37,"SYSTEM",30.05.2026 09:47:37,"SYSTEM"
1059,"UNIT.LITER","de-CH","Liter",1,,"0",30.05.2026 09:47:37,"SYSTEM",30.05.2026 09:47:37,"SYSTEM"
1061,"UNIT.LITER","fr-CH","Litre",1,,"0",30.05.2026 09:47:37,"SYSTEM",30.05.2026 09:47:37,"SYSTEM"
1063,"UNIT.LITER","en-US","Liter",1,,"0",30.05.2026 09:47:37,"SYSTEM",30.05.2026 09:47:37,"SYSTEM"
1064,"UNIT.PACKAGE","de-CH","Paket",1,,"0",30.05.2026 09:47:37,"SYSTEM",30.05.2026 09:47:37,"SYSTEM"
1066,"UNIT.PACKAGE","fr-CH","Colis",1,,"0",30.05.2026 09:47:37,"SYSTEM",30.05.2026 09:47:37,"SYSTEM"
1068,"UNIT.PACKAGE","en-US","Package",1,,"0",30.05.2026 09:47:37,"SYSTEM",30.05.2026 09:47:37,"SYSTEM"
1069,"VAT.CH.STANDARD","de-CH","Standard",1,"VAT","0",30.05.2026 09:47:37,"SYSTEM",31.07.2026 10:54:35,"System User"
1071,"VAT.CH.STANDARD","fr-CH","Standard",1,"VAT","0",30.05.2026 09:47:37,"SYSTEM",31.07.2026 10:54:35,"System User"
1073,"VAT.CH.STANDARD","en-US","Standard",1,"VAT","0",30.05.2026 09:47:37,"SYSTEM",31.07.2026 10:54:35,"System User"
1074,"VAT.CH.REDUCED","de-CH","Reduziert",1,"VAT","0",30.05.2026 09:47:37,"SYSTEM",31.07.2026 10:51:40,"System User"
1076,"VAT.CH.REDUCED","fr-CH","Réduit",1,"VAT","0",30.05.2026 09:47:37,"SYSTEM",31.07.2026 10:51:40,"System User"
1078,"VAT.CH.REDUCED","en-US","Reduced",1,"VAT","0",30.05.2026 09:47:37,"SYSTEM",31.07.2026 10:51:40,"System User"
1079,"VAT.CH.SPECIAL","de-CH","Sondersatz",1,"VAT","0",30.05.2026 09:47:37,"SYSTEM",30.05.2026 09:47:37,"SYSTEM"
1081,"VAT.CH.SPECIAL","fr-CH","Taux special",1,"VAT","0",30.05.2026 09:47:37,"SYSTEM",30.05.2026 09:47:37,"SYSTEM"
1083,"VAT.CH.SPECIAL","en-US","Special rate",1,"VAT","0",30.05.2026 09:47:37,"SYSTEM",30.05.2026 09:47:37,"SYSTEM"
1084,"VAT.CH.ZERO","de-CH","Ohne",1,"VAT","0",30.05.2026 09:47:37,"SYSTEM",31.07.2026 10:56:39,"System User"
1086,"VAT.CH.ZERO","fr-CH","Sans",1,"VAT","0",30.05.2026 09:47:37,"SYSTEM",31.07.2026 10:56:39,"System User"
1088,"VAT.CH.ZERO","en-US","Without",1,"VAT","0",30.05.2026 09:47:37,"SYSTEM",31.07.2026 10:56:39,"System User"
1089,"NAV.GROUP.ADDRESSES","de-CH","Adressen",1,"NAV","10",30.05.2026 09:47:37,"SYSTEM",01.06.2026 18:12:18,"System User"
1090,"NAV.GROUP.ADDRESSES","en-US","Addresses",1,"NAV","10",30.05.2026 09:47:37,"SYSTEM",01.06.2026 18:12:18,"System User"
1091,"NAV.ADDRESS_LIST","de-CH","Adressliste",1,"NAV","20",30.05.2026 09:47:37,"SYSTEM",01.06.2026 18:08:52,"System User"
1092,"NAV.ADDRESS_LIST","en-US","Address list",1,"NAV","20",30.05.2026 09:47:37,"SYSTEM",01.06.2026 18:08:52,"System User"
1093,"NAV.NEW_ADDRESS","de-CH","Neue Adresse",1,"NAV","30",30.05.2026 09:47:37,"SYSTEM",02.06.2026 12:48:21,"System User"
1094,"NAV.NEW_ADDRESS","en-US","New address",1,"NAV","30",30.05.2026 09:47:37,"SYSTEM",02.06.2026 12:48:21,"System User"
1095,"NAV.GROUP.DOCUMENTS","de-CH","Dokumente",1,"NAV","40",30.05.2026 09:47:37,"SYSTEM",01.06.2026 18:12:30,"System User"
1096,"NAV.GROUP.DOCUMENTS","en-US","Documents",1,"NAV","40",30.05.2026 09:47:37,"SYSTEM",01.06.2026 18:12:30,"System User"
1097,"NAV.DOCUMENT_PREVIEW","de-CH","Dokumentvorschau",1,"NAV","50",30.05.2026 09:47:37,"SYSTEM",01.06.2026 18:09:09,"System User"
1098,"NAV.DOCUMENT_PREVIEW","en-US","Document preview",1,"NAV","50",30.05.2026 09:47:37,"SYSTEM",01.06.2026 18:09:09,"System User"
1099,"NAV.GROUP.FRAMEWORK","de-CH","Framework",1,"NAV","60",30.05.2026 09:47:37,"SYSTEM",01.06.2026 18:13:06,"System User"
1100,"NAV.GROUP.FRAMEWORK","en-US","Framework",1,"NAV","60",30.05.2026 09:47:37,"SYSTEM",01.06.2026 18:13:06,"System User"
1101,"NAV.TRANSLATIONS","de-CH","Uebersetzungen",1,"NAV","70",30.05.2026 09:47:37,"SYSTEM",02.06.2026 12:48:56,"System User"
1102,"NAV.TRANSLATIONS","en-US","Translations",1,"NAV","70",30.05.2026 09:47:37,"SYSTEM",02.06.2026 12:48:56,"System User"
1103,"NAV.FW_TRANSLATIONS","de-CH","Uebersetzungen pflegen",1,"NAV","80",30.05.2026 09:47:37,"SYSTEM",02.06.2026 12:47:53,"System User"
1104,"NAV.FW_TRANSLATIONS","en-US","Maintain translations",1,"NAV","80",30.05.2026 09:47:37,"SYSTEM",02.06.2026 12:47:53,"System User"
1105,"NAV.LOCALISATION","de-CH","Lokalisierung",1,"NAV","90",30.05.2026 09:47:37,"SYSTEM",02.06.2026 12:48:03,"System User"
1106,"NAV.LOCALISATION","en-US","Localisation",1,"NAV","90",30.05.2026 09:47:37,"SYSTEM",02.06.2026 12:48:04,"System User"
1107,"NAV.TAGS","de-CH","Framework-Tags",1,"NAV","100",30.05.2026 09:47:37,"SYSTEM",31.05.2026 21:46:11,"System User"
1108,"NAV.TAGS","en-US","Framework-Tags",1,"NAV","100",30.05.2026 09:47:37,"SYSTEM",31.05.2026 21:46:12,"System User"
1109,"NAV.TAG_HELP","de-CH","Tag-Hilfe",1,"NAV","110",30.05.2026 09:47:37,"SYSTEM",02.06.2026 12:48:45,"System User"
1110,"NAV.TAG_HELP","en-US","Tag help",1,"NAV","110",30.05.2026 09:47:37,"SYSTEM",02.06.2026 12:48:45,"System User"
1111,"NAV.GROUP.ORDERS","de-CH","Bestellungen",1,"NAVIGATION","120",30.05.2026 09:47:37,"SYSTEM",30.05.2026 09:47:37,"SYSTEM"
1112,"NAV.GROUP.ORDERS","en-US","Orders",1,"NAVIGATION","120",30.05.2026 09:47:37,"SYSTEM",30.05.2026 09:47:37,"SYSTEM"
1113,"NAV.GROUP.FINANCE","de-CH","Finanzen",1,"NAVIGATION","130",30.05.2026 09:47:37,"SYSTEM",30.05.2026 09:47:37,"SYSTEM"
1114,"NAV.GROUP.FINANCE","en-US","Finance",1,"NAVIGATION","130",30.05.2026 09:47:37,"SYSTEM",30.05.2026 09:47:37,"SYSTEM"
1115,"NAV.GROUP.REPORTING","de-CH","Auswertungen",1,"NAVIGATION","140",30.05.2026 09:47:37,"SYSTEM",30.05.2026 09:47:37,"SYSTEM"
1116,"NAV.GROUP.REPORTING","en-US","Reports",1,"NAVIGATION","140",30.05.2026 09:47:37,"SYSTEM",30.05.2026 09:47:37,"SYSTEM"
1117,"NAV.GROUP.TENANT","de-CH","Mandant",1,"NAV","150",30.05.2026 09:47:37,"SYSTEM",01.06.2026 18:14:01,"System User"
1118,"NAV.GROUP.TENANT","en-US","Tenant",1,"NAV","150",30.05.2026 09:47:37,"SYSTEM",01.06.2026 18:14:01,"System User"
1119,"NAV.ARTICLE_GROUPS","de-CH","Artikelgruppen",1,"NAV","155",30.05.2026 09:47:37,"SYSTEM",01.06.2026 18:09:33,"System User"
1120,"NAV.ARTICLE_GROUPS","en-US","Article groups",1,"NAV","155",30.05.2026 09:47:37,"SYSTEM",01.06.2026 18:09:33,"System User"
1121,"NAV.NEW_ARTICLE_GROUP","de-CH","Neue Artikelgruppe",1,"NAV","156",30.05.2026 09:47:37,"SYSTEM",02.06.2026 12:48:34,"System User"
1122,"NAV.NEW_ARTICLE_GROUP","en-US","New article group",1,"NAV","156",30.05.2026 09:47:37,"SYSTEM",02.06.2026 12:48:34,"System User"
1123,"NAV.ARTICLES","de-CH","Artikel",1,"NAV","157",30.05.2026 09:47:37,"SYSTEM",01.06.2026 18:09:45,"System User"
1124,"NAV.ARTICLES","en-US","Articles",1,"NAV","157",30.05.2026 09:47:37,"SYSTEM",01.06.2026 18:09:45,"System User"
1125,"NAV.GROUP.SYSTEM","de-CH","System",1,"NAV","160",30.05.2026 09:47:37,"SYSTEM",01.06.2026 18:13:28,"System User"
1126,"NAV.GROUP.SYSTEM","en-US","System",1,"NAV","160",30.05.2026 09:47:37,"SYSTEM",01.06.2026 18:13:28,"System User"
1127,"NAV.FW_NAVIGATION_ADMIN","de-CH","Navigation verwalten",1,"NAV","170",30.05.2026 09:47:37,"SYSTEM",01.06.2026 18:10:07,"System User"
1128,"NAV.FW_NAVIGATION_ADMIN","en-US","Manage navigation",1,"NAV","170",30.05.2026 09:47:37,"SYSTEM",01.06.2026 18:10:07,"System User"
1129,"COMMON.NEW","de-CH","Neu",1,"COMMON","171",30.05.2026 09:47:37,"SYSTEM",31.05.2026 14:49:30,"System User"
1130,"COMMON.NEW","en-US","New",1,"COMMON","171",30.05.2026 09:47:37,"SYSTEM",31.05.2026 14:49:31,"System User"
1131,"COMMON.EDIT","de-CH","Bearbeiten",1,"COMMON","172",30.05.2026 09:47:37,"SYSTEM",31.05.2026 14:49:06,"System User"
1132,"COMMON.EDIT","en-US","Edit",1,"COMMON","172",30.05.2026 09:47:37,"SYSTEM",31.05.2026 14:49:06,"System User"
1133,"COMMON.REFRESH","de-CH","Aktualisieren",1,"COMMON","173",30.05.2026 09:47:37,"SYSTEM",31.05.2026 14:49:44,"System User"
1134,"COMMON.REFRESH","en-US","Refresh",1,"COMMON","173",30.05.2026 09:47:37,"SYSTEM",31.05.2026 14:49:44,"System User"
1135,"COMMON.SEARCH","de-CH","Suche",1,"COMMON","174",30.05.2026 09:47:38,"SYSTEM",31.05.2026 14:49:56,"System User"
1136,"COMMON.SEARCH","en-US","Search",1,"COMMON","174",30.05.2026 09:47:38,"SYSTEM",31.05.2026 14:49:56,"System User"
1137,"COMMON.CLEAR_SEARCH","de-CH","Filter Reset",1,"COMMON","175",30.05.2026 09:47:38,"SYSTEM",04.06.2026 12:30:16,"System User"
1138,"COMMON.CLEAR_SEARCH","en-US","Clear Filter",1,"COMMON","175",30.05.2026 09:47:38,"SYSTEM",04.06.2026 12:30:16,"System User"
1139,"COMMON.HOME","de-CH","Home",1,"COMMON","176",30.05.2026 09:47:38,"SYSTEM",31.05.2026 14:49:21,"System User"
1140,"COMMON.HOME","en-US","Home",1,"COMMON","176",30.05.2026 09:47:38,"SYSTEM",31.05.2026 14:49:21,"System User"
1141,"COMMON.BACK","de-CH","Zurück",1,"COMMON","177",30.05.2026 09:47:38,"SYSTEM",31.05.2026 14:44:07,"System User"
1142,"COMMON.BACK","en-US","Back",1,"COMMON","177",30.05.2026 09:47:38,"SYSTEM",31.05.2026 14:44:07,"System User"
1143,"FORM.FRMAPPSHELL.APP_TITLE","de-CH","EASIS v4",1,"FORM","10",30.05.2026 09:47:38,"SYSTEM",31.05.2026 23:57:45,"System User"
1144,"FORM.FRMAPPSHELL.APP_TITLE","en-US","EASIS v4",1,"FORM","10",30.05.2026 09:47:38,"SYSTEM",31.05.2026 23:57:45,"System User"
1145,"FORM.FRMAPPSHELL.APP_SUBTITLE","de-CH","Die clevere Auftragsbearbeitung",1,"FORM","20",30.05.2026 09:47:38,"SYSTEM",31.05.2026 23:56:20,"System User"
1146,"FORM.FRMAPPSHELL.APP_SUBTITLE","en-US","Clever order processing",1,"FORM","20",30.05.2026 09:47:38,"SYSTEM",31.05.2026 23:56:20,"System User"
1147,"FORM.FRMAPPSHELL.USER","de-CH","Benutzer",1,"FORM","30",30.05.2026 09:47:38,"SYSTEM",30.05.2026 09:47:38,"SYSTEM"
1148,"FORM.FRMAPPSHELL.USER","en-US","User",1,"FORM","30",30.05.2026 09:47:38,"SYSTEM",30.05.2026 09:47:38,"SYSTEM"
1149,"FORM.FRMAPPSHELL.TENANT","de-CH","Mandant",1,"FORM","40",30.05.2026 09:47:38,"SYSTEM",30.05.2026 09:47:38,"SYSTEM"
1150,"FORM.FRMAPPSHELL.TENANT","en-US","Tenant",1,"FORM","40",30.05.2026 09:47:38,"SYSTEM",30.05.2026 09:47:38,"SYSTEM"
1151,"FORM.FRMAPPSHELL.ROLE","de-CH","Rolle",1,"FORM","50",30.05.2026 09:47:38,"SYSTEM",30.05.2026 09:47:38,"SYSTEM"
1152,"FORM.FRMAPPSHELL.ROLE","en-US","Role",1,"FORM","50",30.05.2026 09:47:38,"SYSTEM",30.05.2026 09:47:38,"SYSTEM"
1153,"FORM.FRMAPPSHELL.ENVIRONMENT","de-CH","Umgebung:",1,"FORM","60",30.05.2026 09:47:38,"SYSTEM",30.05.2026 09:47:38,"SYSTEM"
1154,"FORM.FRMAPPSHELL.ENVIRONMENT","en-US","Environment",1,"FORM","60",30.05.2026 09:47:38,"SYSTEM",30.05.2026 09:47:38,"SYSTEM"
1155,"FORM.FRMAPPSHELL.BACKEND","de-CH","Backend",1,"FORM","70",30.05.2026 09:47:38,"SYSTEM",30.05.2026 09:47:38,"SYSTEM"
1156,"FORM.FRMAPPSHELL.BACKEND","en-US","Backend",1,"FORM","70",30.05.2026 09:47:38,"SYSTEM",30.05.2026 09:47:38,"SYSTEM"
1157,"FORM.FRMAPPDASHBOARD.TENANT","de-CH","Mandant",1,"FORM","80",30.05.2026 09:47:38,"SYSTEM",30.05.2026 09:47:38,"SYSTEM"
1158,"FORM.FRMAPPDASHBOARD.TENANT","en-US","Tenant",1,"FORM","80",30.05.2026 09:47:38,"SYSTEM",30.05.2026 09:47:38,"SYSTEM"
1159,"FORM.FRMAPPDASHBOARD.USER","de-CH","Benutzer",1,"FORM","90",30.05.2026 09:47:38,"SYSTEM",30.05.2026 09:47:38,"SYSTEM"
1160,"FORM.FRMAPPDASHBOARD.USER","en-US","User",1,"FORM","90",30.05.2026 09:47:38,"SYSTEM",30.05.2026 09:47:38,"SYSTEM"
1161,"FORM.FRMAPPDASHBOARD.BACKEND","de-CH","Backend",1,"FORM","100",30.05.2026 09:47:38,"SYSTEM",30.05.2026 09:47:38,"SYSTEM"
1162,"FORM.FRMAPPDASHBOARD.BACKEND","en-US","Backend",1,"FORM","100",30.05.2026 09:47:38,"SYSTEM",30.05.2026 09:47:38,"SYSTEM"
1163,"FORM.FRMAPPDASHBOARD.FRAMEWORK","de-CH","Framework",1,"FORM","110",30.05.2026 09:47:38,"SYSTEM",30.05.2026 09:47:38,"SYSTEM"
1164,"FORM.FRMAPPDASHBOARD.FRAMEWORK","en-US","Framework",1,"FORM","110",30.05.2026 09:47:38,"SYSTEM",30.05.2026 09:47:38,"SYSTEM"
1165,"FORM.FRMAPPDASHBOARD.STATUS","de-CH","Status",1,"FORM","120",30.05.2026 09:47:38,"SYSTEM",30.05.2026 09:47:38,"SYSTEM"
1166,"FORM.FRMAPPDASHBOARD.STATUS","en-US","Status",1,"FORM","120",30.05.2026 09:47:38,"SYSTEM",30.05.2026 09:47:38,"SYSTEM"
1167,"FORM.FRMFWNAVIGATIONADMIN.FORM_TITLE","de-CH","Navigation verwalten",1,"FORM","130",30.05.2026 09:47:38,"SYSTEM",30.05.2026 09:47:38,"SYSTEM"
1168,"FORM.FRMFWNAVIGATIONADMIN.FORM_TITLE","en-US","Manage navigation",1,"FORM","130",30.05.2026 09:47:38,"SYSTEM",30.05.2026 09:47:38,"SYSTEM"
1169,"FORM.FRMFWNAVIGATIONADMIN.SAVE","de-CH","Speichern",1,"FORM","140",30.05.2026 09:47:38,"SYSTEM",30.05.2026 09:47:38,"SYSTEM"
1170,"FORM.FRMFWNAVIGATIONADMIN.SAVE","en-US","Save",1,"FORM","140",30.05.2026 09:47:38,"SYSTEM",30.05.2026 09:47:38,"SYSTEM"
1171,"FORM.FRMFWNAVIGATIONADMIN.REFRESH","de-CH","Aktualisieren",1,"FORM","150",30.05.2026 09:47:38,"SYSTEM",30.05.2026 09:47:38,"SYSTEM"
1172,"FORM.FRMFWNAVIGATIONADMIN.REFRESH","en-US","Refresh",1,"FORM","150",30.05.2026 09:47:38,"SYSTEM",30.05.2026 09:47:38,"SYSTEM"
1173,"FORM.FRMFWNAVIGATIONADMIN.NEW_GROUP","de-CH","Neue Gruppe",1,"FORM","160",30.05.2026 09:47:38,"SYSTEM",30.05.2026 09:47:38,"SYSTEM"
1174,"FORM.FRMFWNAVIGATIONADMIN.NEW_GROUP","en-US","New group",1,"FORM","160",30.05.2026 09:47:38,"SYSTEM",30.05.2026 09:47:38,"SYSTEM"
1175,"FORM.FRMFWNAVIGATIONADMIN.NEW_ITEM","de-CH","Neuer Eintrag",1,"FORM","170",30.05.2026 09:47:38,"SYSTEM",30.05.2026 09:47:38,"SYSTEM"
1176,"FORM.FRMFWNAVIGATIONADMIN.NEW_ITEM","en-US","New item",1,"FORM","170",30.05.2026 09:47:38,"SYSTEM",30.05.2026 09:47:38,"SYSTEM"
1177,"FORM.FRMFWNAVIGATIONADMIN.DEACTIVATE","de-CH","Deaktivieren",1,"FORM","180",30.05.2026 09:47:38,"SYSTEM",30.05.2026 09:47:38,"SYSTEM"
1178,"FORM.FRMFWNAVIGATIONADMIN.DEACTIVATE","en-US","Deactivate",1,"FORM","180",30.05.2026 09:47:38,"SYSTEM",30.05.2026 09:47:38,"SYSTEM"
1179,"FORM.FRMFWNAVIGATIONADMIN.HIDE","de-CH","Ausblenden",1,"FORM","190",30.05.2026 09:47:38,"SYSTEM",30.05.2026 09:47:38,"SYSTEM"
1180,"FORM.FRMFWNAVIGATIONADMIN.HIDE","en-US","Hide",1,"FORM","190",30.05.2026 09:47:38,"SYSTEM",30.05.2026 09:47:38,"SYSTEM"
1181,"FORM.FRMFWNAVIGATIONADMIN.SHOW","de-CH","Einblenden",1,"FORM","200",30.05.2026 09:47:38,"SYSTEM",30.05.2026 09:47:38,"SYSTEM"
1182,"FORM.FRMFWNAVIGATIONADMIN.SHOW","en-US","Show",1,"FORM","200",30.05.2026 09:47:38,"SYSTEM",30.05.2026 09:47:38,"SYSTEM"
1183,"FORM.FRMARTICLEGROUPLIST.FORM_TITLE","de-CH","Artikelgruppen",1,"FORM","205",30.05.2026 09:47:38,"SYSTEM",30.05.2026 09:47:38,"SYSTEM"
1184,"FORM.FRMARTICLEGROUPLIST.FORM_TITLE","en-US","Article groups",1,"FORM","205",30.05.2026 09:47:38,"SYSTEM",30.05.2026 09:47:38,"SYSTEM"
1185,"FORM.FRMARTICLEGROUPLIST.SEARCH","de-CH","Suche",1,"FORM","206",30.05.2026 09:47:38,"SYSTEM",30.05.2026 09:47:38,"SYSTEM"
1186,"FORM.FRMARTICLEGROUPLIST.SEARCH","en-US","Search",1,"FORM","206",30.05.2026 09:47:38,"SYSTEM",30.05.2026 09:47:38,"SYSTEM"
1187,"FORM.FRMARTICLEGROUPLIST.EDIT","de-CH","Bearbeiten",1,"FORM","207",30.05.2026 09:47:38,"SYSTEM",30.05.2026 09:47:38,"SYSTEM"
1188,"FORM.FRMARTICLEGROUPLIST.EDIT","en-US","Edit",1,"FORM","207",30.05.2026 09:47:38,"SYSTEM",30.05.2026 09:47:38,"SYSTEM"
1189,"FORM.FRMARTICLEGROUPLIST.REFRESH","de-CH","Aktualisieren",1,"FORM","208",30.05.2026 09:47:38,"SYSTEM",30.05.2026 09:47:38,"SYSTEM"
1190,"FORM.FRMARTICLEGROUPLIST.REFRESH","en-US","Refresh",1,"FORM","208",30.05.2026 09:47:38,"SYSTEM",30.05.2026 09:47:38,"SYSTEM"
1191,"FORM.FRMARTICLELIST.FORM_TITLE","de-CH","Artikel",1,"FORM","2081",30.05.2026 09:47:38,"SYSTEM",01.06.2026 00:10:52,"System User"
1192,"FORM.FRMARTICLELIST.FORM_TITLE","en-US","Articles",1,"FORM","2081",30.05.2026 09:47:38,"SYSTEM",01.06.2026 00:10:52,"System User"
1193,"FORM.FRMARTICLELIST.SEARCH","de-CH","Suche",1,"FORM","2082",30.05.2026 09:47:38,"SYSTEM",30.05.2026 09:47:38,"SYSTEM"
1194,"FORM.FRMARTICLELIST.SEARCH","en-US","Search",1,"FORM","2082",30.05.2026 09:47:38,"SYSTEM",30.05.2026 09:47:38,"SYSTEM"
1195,"FORM.FRMARTICLELIST.REFRESH","de-CH","Aktualisieren",1,"FORM","2083",30.05.2026 09:47:38,"SYSTEM",30.05.2026 09:47:38,"SYSTEM"
1196,"FORM.FRMARTICLELIST.REFRESH","en-US","Refresh",1,"FORM","2083",30.05.2026 09:47:38,"SYSTEM",30.05.2026 09:47:38,"SYSTEM"
1197,"FORM.FRMARTICLELIST.ARTICLE_NO","de-CH","Artikel-Nr.",1,"FORM","2084",30.05.2026 09:47:38,"SYSTEM",01.06.2026 00:10:06,"System User"
1198,"FORM.FRMARTICLELIST.ARTICLE_NO","en-US","Article no.",1,"FORM","2084",30.05.2026 09:47:38,"SYSTEM",01.06.2026 00:10:06,"System User"
1199,"FORM.FRMARTICLELIST.ARTICLE_NAME","de-CH","Artikelname",1,"FORM","2085",30.05.2026 09:47:38,"SYSTEM",31.05.2026 14:11:03,"System User"
1200,"FORM.FRMARTICLELIST.ARTICLE_NAME","en-US","Article name",1,"FORM","2085",30.05.2026 09:47:38,"SYSTEM",31.05.2026 14:11:03,"System User"
1201,"FORM.FRMARTICLELIST.PRODUCT_GROUP","de-CH","Artikelgruppe",1,"FORM","2086",30.05.2026 09:47:38,"SYSTEM",30.05.2026 09:47:38,"SYSTEM"
1202,"FORM.FRMARTICLELIST.PRODUCT_GROUP","en-US","Product group",1,"FORM","2086",30.05.2026 09:47:38,"SYSTEM",30.05.2026 09:47:38,"SYSTEM"
1203,"FORM.FRMARTICLELIST.UNIT_CODE","de-CH","Einheit",1,"FORM","2087",30.05.2026 09:47:38,"SYSTEM",01.06.2026 00:12:05,"System User"
1204,"FORM.FRMARTICLELIST.UNIT_CODE","en-US","Unit",1,"FORM","2087",30.05.2026 09:47:38,"SYSTEM",01.06.2026 00:12:05,"System User"
1205,"FORM.FRMARTICLELIST.VAT_CODE","de-CH","MWST",1,"FORM","2088",30.05.2026 09:47:38,"SYSTEM",08.06.2026 09:26:29,"System User"
1206,"FORM.FRMARTICLELIST.VAT_CODE","en-US","VAT",1,"FORM","2088",30.05.2026 09:47:38,"SYSTEM",08.06.2026 09:26:29,"System User"
1207,"FORM.FRMARTICLELIST.SALES_PRICE","de-CH","Verkaufspreis",1,"FORM","2089",30.05.2026 09:47:38,"SYSTEM",01.06.2026 00:11:53,"System User"
1208,"FORM.FRMARTICLELIST.SALES_PRICE","en-US","Sales price",1,"FORM","2089",30.05.2026 09:47:38,"SYSTEM",01.06.2026 00:11:53,"System User"
1209,"FORM.FRMARTICLELIST.IS_ACTIVE","de-CH","Aktiv",1,"FORM","2090",30.05.2026 09:47:38,"SYSTEM",01.06.2026 00:11:40,"System User"
1210,"FORM.FRMARTICLELIST.IS_ACTIVE","en-US","Active",1,"FORM","2090",30.05.2026 09:47:38,"SYSTEM",01.06.2026 00:11:40,"System User"
1211,"FORM.FRMARTICLEDETAIL.FORM_TITLE","de-CH","Artikel",1,"FORM","2091",30.05.2026 09:47:38,"SYSTEM",30.05.2026 09:47:38,"SYSTEM"
1212,"FORM.FRMARTICLEDETAIL.FORM_TITLE","en-US","Article",1,"FORM","2091",30.05.2026 09:47:38,"SYSTEM",30.05.2026 09:47:38,"SYSTEM"
1213,"FORM.FRMARTICLEDETAIL.ARTICLE_NO","de-CH","Artikel-Nr.",1,"FORM","2092",30.05.2026 09:47:38,"SYSTEM",01.06.2026 00:25:33,"System User"
1214,"FORM.FRMARTICLEDETAIL.ARTICLE_NO","en-US","Article no.",1,"FORM","2092",30.05.2026 09:47:39,"SYSTEM",01.06.2026 00:25:33,"System User"
1215,"FORM.FRMARTICLEDETAIL.ARTICLE_NAME","de-CH","Artikelname",1,"FORM","2093",30.05.2026 09:47:39,"SYSTEM",30.05.2026 09:47:39,"SYSTEM"
1216,"FORM.FRMARTICLEDETAIL.ARTICLE_NAME","en-US","Article name",1,"FORM","2093",30.05.2026 09:47:39,"SYSTEM",30.05.2026 09:47:39,"SYSTEM"
1217,"FORM.FRMARTICLEDETAIL.PRODUCT_GROUP","de-CH","Artikelgruppe",1,"FORM","2094",30.05.2026 09:47:39,"SYSTEM",30.05.2026 09:47:39,"SYSTEM"
1218,"FORM.FRMARTICLEDETAIL.PRODUCT_GROUP","en-US","Product group",1,"FORM","2094",30.05.2026 09:47:39,"SYSTEM",30.05.2026 09:47:39,"SYSTEM"
1219,"FORM.FRMARTICLEDETAIL.ARTICLE_TYPE_CODE","de-CH","Artikeltyp",1,"FORM","2095",30.05.2026 09:47:39,"SYSTEM",01.06.2026 00:26:00,"System User"
1220,"FORM.FRMARTICLEDETAIL.ARTICLE_TYPE_CODE","en-US","Article type",1,"FORM","2095",30.05.2026 09:47:39,"SYSTEM",01.06.2026 00:26:00,"System User"
1221,"FORM.FRMARTICLEDETAIL.UNIT_CODE","de-CH","Einheit",1,"FORM","2096",30.05.2026 09:47:39,"SYSTEM",30.05.2026 09:47:39,"SYSTEM"
1222,"FORM.FRMARTICLEDETAIL.UNIT_CODE","en-US","Unit",1,"FORM","2096",30.05.2026 09:47:39,"SYSTEM",30.05.2026 09:47:39,"SYSTEM"
1223,"FORM.FRMARTICLEDETAIL.VAT_CODE","de-CH","MWST-Code",1,"FORM","2097",30.05.2026 09:47:39,"SYSTEM",30.05.2026 09:47:39,"SYSTEM"
1224,"FORM.FRMARTICLEDETAIL.VAT_CODE","en-US","VAT code",1,"FORM","2097",30.05.2026 09:47:39,"SYSTEM",30.05.2026 09:47:39,"SYSTEM"
1225,"FORM.FRMARTICLEDETAIL.PURCHASE_PRICE","de-CH","Einkaufspreis",1,"FORM","2098",30.05.2026 09:47:39,"SYSTEM",30.05.2026 09:47:39,"SYSTEM"
1226,"FORM.FRMARTICLEDETAIL.PURCHASE_PRICE","en-US","Purchase price",1,"FORM","2098",30.05.2026 09:47:39,"SYSTEM",30.05.2026 09:47:39,"SYSTEM"
1227,"FORM.FRMARTICLEDETAIL.SALES_PRICE","de-CH","Verkaufspreis",1,"FORM","2099",30.05.2026 09:47:39,"SYSTEM",30.05.2026 09:47:39,"SYSTEM"
1228,"FORM.FRMARTICLEDETAIL.SALES_PRICE","en-US","Sales price",1,"FORM","2099",30.05.2026 09:47:39,"SYSTEM",30.05.2026 09:47:39,"SYSTEM"
1229,"FORM.FRMARTICLEDETAIL.BARCODE","de-CH","Barcode",1,"FORM","2100",30.05.2026 09:47:39,"SYSTEM",01.06.2026 00:26:23,"System User"
1230,"FORM.FRMARTICLEDETAIL.BARCODE","en-US","Barcode",1,"FORM","2100",30.05.2026 09:47:39,"SYSTEM",01.06.2026 00:26:23,"System User"
1231,"FORM.FRMARTICLEDETAIL.DESCRIPTION_TEXT","de-CH","Beschreibung",1,"FORM","2101",30.05.2026 09:47:39,"SYSTEM",30.05.2026 09:47:39,"SYSTEM"
1232,"FORM.FRMARTICLEDETAIL.DESCRIPTION_TEXT","en-US","Description",1,"FORM","2101",30.05.2026 09:47:39,"SYSTEM",30.05.2026 09:47:39,"SYSTEM"
1233,"FORM.FRMARTICLEDETAIL.IS_ACTIVE","de-CH","Aktiv",1,"FORM","2102",30.05.2026 09:47:39,"SYSTEM",30.05.2026 09:47:39,"SYSTEM"
1234,"FORM.FRMARTICLEDETAIL.IS_ACTIVE","en-US","Active",1,"FORM","2102",30.05.2026 09:47:39,"SYSTEM",30.05.2026 09:47:39,"SYSTEM"
1235,"FORM.FRMARTICLEDETAIL.SAVE","de-CH","Speichern",1,"FORM","2103",30.05.2026 09:47:39,"SYSTEM",30.05.2026 09:47:39,"SYSTEM"
1236,"FORM.FRMARTICLEDETAIL.SAVE","en-US","Save",1,"FORM","2103",30.05.2026 09:47:39,"SYSTEM",30.05.2026 09:47:39,"SYSTEM"
1237,"FORM.FRMARTICLEDETAIL.CANCEL","de-CH","Abbrechen",1,"FORM","2104",30.05.2026 09:47:39,"SYSTEM",30.05.2026 09:47:39,"SYSTEM"
1238,"FORM.FRMARTICLEDETAIL.CANCEL","en-US","Cancel",1,"FORM","2104",30.05.2026 09:47:39,"SYSTEM",30.05.2026 09:47:39,"SYSTEM"
1239,"FORM.FRMARTICLEGROUPDETAIL.FORM_TITLE","de-CH","Artikelgruppe",1,"FORM","209",30.05.2026 09:47:39,"SYSTEM",01.06.2026 00:02:12,"System User"
1240,"FORM.FRMARTICLEGROUPDETAIL.FORM_TITLE","en-US","Article group",1,"FORM","209",30.05.2026 09:47:39,"SYSTEM",01.06.2026 00:02:12,"System User"
1241,"FORM.FRMARTICLEGROUPDETAIL.PRODUCT_GROUP_CODE","de-CH","Artikelgruppen-Code",1,"FORM","210",30.05.2026 09:47:39,"SYSTEM",01.06.2026 00:09:33,"System User"
1242,"FORM.FRMARTICLEGROUPDETAIL.PRODUCT_GROUP_CODE","en-US","Article group code",1,"FORM","210",30.05.2026 09:47:39,"SYSTEM",01.06.2026 00:09:33,"System User"
1243,"FORM.FRMARTICLEGROUPDETAIL.PRODUCT_GROUP_NAME","de-CH","Artikelgruppen-Name",1,"FORM","211",30.05.2026 09:47:39,"SYSTEM",01.06.2026 00:09:45,"System User"
1244,"FORM.FRMARTICLEGROUPDETAIL.PRODUCT_GROUP_NAME","en-US","Article group name",1,"FORM","211",30.05.2026 09:47:39,"SYSTEM",01.06.2026 00:09:45,"System User"
1245,"FORM.FRMARTICLEGROUPDETAIL.DESCRIPTION_TEXT","de-CH","Beschreibung",1,"FORM","212",30.05.2026 09:47:39,"SYSTEM",01.06.2026 00:01:50,"System User"
1246,"FORM.FRMARTICLEGROUPDETAIL.DESCRIPTION_TEXT","en-US","Description",1,"FORM","212",30.05.2026 09:47:39,"SYSTEM",01.06.2026 00:01:50,"System User"
1247,"FORM.FRMARTICLEGROUPDETAIL.ARTICLE_GROUP_CODE","de-CH","Artikelgruppen-Code",1,"FORM","210",30.05.2026 09:47:39,"SYSTEM",30.05.2026 09:47:39,"SYSTEM"
1248,"FORM.FRMARTICLEGROUPDETAIL.ARTICLE_GROUP_CODE","en-US","Article group code",1,"FORM","210",30.05.2026 09:47:39,"SYSTEM",30.05.2026 09:47:39,"SYSTEM"
1249,"FORM.FRMARTICLEGROUPDETAIL.ARTICLE_GROUP_NAME","de-CH","Artikelgruppen-Name",1,"FORM","211",30.05.2026 09:47:39,"SYSTEM",30.05.2026 09:47:39,"SYSTEM"
1250,"FORM.FRMARTICLEGROUPDETAIL.ARTICLE_GROUP_NAME","en-US","Article group name",1,"FORM","211",30.05.2026 09:47:39,"SYSTEM",30.05.2026 09:47:39,"SYSTEM"
1251,"FORM.FRMARTICLEGROUPDETAIL.DESCRIPTION","de-CH","Beschreibung",1,"FORM","212",30.05.2026 09:47:39,"SYSTEM",30.05.2026 09:47:39,"SYSTEM"
1252,"FORM.FRMARTICLEGROUPDETAIL.DESCRIPTION","en-US","Description",1,"FORM","212",30.05.2026 09:47:39,"SYSTEM",30.05.2026 09:47:39,"SYSTEM"
1253,"FORM.FRMARTICLEGROUPDETAIL.IS_ACTIVE","de-CH","Aktiv",1,"FORM","213",30.05.2026 09:47:39,"SYSTEM",01.06.2026 00:02:27,"System User"
1254,"FORM.FRMARTICLEGROUPDETAIL.IS_ACTIVE","en-US","Active",1,"FORM","213",30.05.2026 09:47:39,"SYSTEM",01.06.2026 00:02:27,"System User"
1255,"FORM.FRMARTICLEGROUPDETAIL.SORT_ORDER","de-CH","Sortierung",1,"FORM","214",30.05.2026 09:47:39,"SYSTEM",01.06.2026 00:09:55,"System User"
1256,"FORM.FRMARTICLEGROUPDETAIL.SORT_ORDER","en-US","Sort order",1,"FORM","214",30.05.2026 09:47:39,"SYSTEM",01.06.2026 00:09:55,"System User"
1257,"FORM.FRMARTICLEGROUPDETAIL.SAVE","de-CH","Speichern",1,"FORM","215",30.05.2026 09:47:39,"SYSTEM",30.05.2026 09:47:39,"SYSTEM"
1258,"FORM.FRMARTICLEGROUPDETAIL.SAVE","en-US","Save",1,"FORM","215",30.05.2026 09:47:39,"SYSTEM",30.05.2026 09:47:39,"SYSTEM"
1259,"FORM.FRMARTICLEGROUPDETAIL.CANCEL","de-CH","Abbrechen",1,"FORM","216",30.05.2026 09:47:39,"SYSTEM",30.05.2026 09:47:39,"SYSTEM"
1260,"FORM.FRMARTICLEGROUPDETAIL.CANCEL","en-US","Cancel",1,"FORM","216",30.05.2026 09:47:39,"SYSTEM",30.05.2026 09:47:39,"SYSTEM"
1261,"MSG.ARTICLE_GROUP_CODE_REQUIRED","de-CH","Artikelgruppen-Code ist erforderlich.",1,"MSG","217",30.05.2026 09:47:39,"SYSTEM",02.06.2026 17:09:34,"System User"
1262,"MSG.ARTICLE_GROUP_CODE_REQUIRED","en-US","Article group code is required.",1,"MSG","217",30.05.2026 09:47:39,"SYSTEM",02.06.2026 17:09:34,"System User"
1263,"MSG.ARTICLE_GROUP_NAME_REQUIRED","de-CH","Artikelgruppen-Name ist erforderlich.",1,"MSG","218",30.05.2026 09:47:39,"SYSTEM",02.06.2026 17:11:15,"System User"
1264,"MSG.ARTICLE_GROUP_NAME_REQUIRED","en-US","Article group name is required.",1,"MSG","218",30.05.2026 09:47:39,"SYSTEM",02.06.2026 17:11:15,"System User"
1265,"MSG.ARTICLE_GROUP_DUPLICATE_CODE","de-CH","Artikelgruppen-Code existiert bereits.",1,"MSG","219",30.05.2026 09:47:39,"SYSTEM",02.06.2026 17:09:48,"System User"
1266,"MSG.ARTICLE_GROUP_DUPLICATE_CODE","en-US","Article group code already exists.",1,"MSG","219",30.05.2026 09:47:39,"SYSTEM",02.06.2026 17:09:48,"System User"
1267,"MSG.ARTICLE_GROUP_SELECT_FIRST","de-CH","Bitte zuerst eine Artikelgruppe auswaehlen.",1,"MSG","221",30.05.2026 09:47:39,"SYSTEM",02.06.2026 17:12:07,"System User"
1268,"MSG.ARTICLE_GROUP_SELECT_FIRST","en-US","Please select an article group first.",1,"MSG","221",30.05.2026 09:47:39,"SYSTEM",02.06.2026 17:12:08,"System User"
1269,"MSG.ARTICLE_GROUP_DISCARD_CHANGES","de-CH","Ungespeicherte Aenderungen verwerfen?",1,"MSG","222",30.05.2026 09:47:39,"SYSTEM",02.06.2026 17:18:28,"System User"
1270,"MSG.ARTICLE_GROUP_DISCARD_CHANGES","en-US","Discard unsaved changes?",1,"MSG","222",30.05.2026 09:47:39,"SYSTEM",02.06.2026 17:18:28,"System User"
1271,"MSG.ARTICLE_GROUP_CANCEL_CONFIRM","de-CH","Aenderungen verwerfen?",1,"MSG","223",30.05.2026 09:47:39,"SYSTEM",02.06.2026 17:10:17,"System User"
1272,"MSG.ARTICLE_GROUP_CANCEL_CONFIRM","en-US","Discard changes?",1,"MSG","223",30.05.2026 09:47:39,"SYSTEM",02.06.2026 17:10:17,"System User"
1273,"MSG.ARTICLE_GROUP_SAVE_OR_CANCEL_FIRST","de-CH","Bitte zuerst speichern oder abbrechen.",1,"MSG","224",30.05.2026 09:47:39,"SYSTEM",02.06.2026 17:11:51,"System User"
1274,"MSG.ARTICLE_GROUP_SAVE_OR_CANCEL_FIRST","en-US","Please save or cancel first.",1,"MSG","224",30.05.2026 09:47:39,"SYSTEM",02.06.2026 17:11:51,"System User"
1275,"MSG.ARTICLE_GROUP_LIST_LOAD_ERROR","de-CH","Fehler beim Laden der Artikelgruppenliste.",1,"MSG","225",30.05.2026 09:47:39,"SYSTEM",02.06.2026 17:11:03,"System User"
1276,"MSG.ARTICLE_GROUP_LIST_LOAD_ERROR","en-US","Error loading the article group list.",1,"MSG","225",30.05.2026 09:47:39,"SYSTEM",02.06.2026 17:11:03,"System User"
1277,"MSG.ARTICLE_GROUP_DETAIL_LOAD_ERROR","de-CH","Fehler beim Laden der Artikelgruppendetails.",1,"MSG","226",30.05.2026 09:47:39,"SYSTEM",02.06.2026 17:10:37,"System User"
1278,"MSG.ARTICLE_GROUP_DETAIL_LOAD_ERROR","en-US","Error loading the article group details.",1,"MSG","226",30.05.2026 09:47:39,"SYSTEM",02.06.2026 17:10:37,"System User"
1279,"MSG.ARTICLE_GROUP_SAVE_ERROR","de-CH","Fehler beim Speichern der Artikelgruppe.",1,"MSG","227",30.05.2026 09:47:39,"SYSTEM",02.06.2026 17:11:29,"System User"
1280,"MSG.ARTICLE_GROUP_SAVE_ERROR","en-US","Error saving the article group.",1,"MSG","227",30.05.2026 09:47:39,"SYSTEM",02.06.2026 17:11:29,"System User"
1281,"MSG.ARTICLE_LIST_LOAD_ERROR","de-CH","Fehler beim Laden der Artikelliste.",1,"MSG","228",30.05.2026 09:47:39,"SYSTEM",02.06.2026 17:12:28,"System User"
1282,"MSG.ARTICLE_LIST_LOAD_ERROR","en-US","Error loading the article list.",1,"MSG","228",30.05.2026 09:47:39,"SYSTEM",02.06.2026 17:12:28,"System User"
1283,"MSG.ARTICLE_NO_REQUIRED","de-CH","Artikel-Nr. ist erforderlich.",1,"MSG","229",30.05.2026 09:47:39,"SYSTEM",02.06.2026 17:18:48,"System User"
1284,"MSG.ARTICLE_NO_REQUIRED","en-US","Article no. is required.",1,"MSG","229",30.05.2026 09:47:39,"SYSTEM",02.06.2026 17:18:48,"System User"
1285,"MSG.ARTICLE_NAME_REQUIRED","de-CH","Artikelname ist erforderlich.",1,"MSG","230",30.05.2026 09:47:40,"SYSTEM",02.06.2026 17:12:42,"System User"
1286,"MSG.ARTICLE_NAME_REQUIRED","en-US","Article name is required.",1,"MSG","230",30.05.2026 09:47:40,"SYSTEM",02.06.2026 17:12:42,"System User"
1287,"MSG.ARTICLE_GROUP_REQUIRED","de-CH","Artikelgruppe ist erforderlich.",1,"MSG","231",30.05.2026 09:47:40,"SYSTEM",02.06.2026 17:18:38,"System User"
1288,"MSG.ARTICLE_GROUP_REQUIRED","en-US","Product group is required.",1,"MSG","231",30.05.2026 09:47:40,"SYSTEM",02.06.2026 17:18:38,"System User"
1289,"MSG.ARTICLE_UNIT_REQUIRED","de-CH","Einheit ist erforderlich.",1,"MSG","232",30.05.2026 09:47:40,"SYSTEM",02.06.2026 17:13:22,"System User"
1290,"MSG.ARTICLE_UNIT_REQUIRED","en-US","Unit is required.",1,"MSG","232",30.05.2026 09:47:40,"SYSTEM",02.06.2026 17:13:22,"System User"
1291,"MSG.ARTICLE_VAT_REQUIRED","de-CH","MWST-Code ist erforderlich.",1,"MSG","233",30.05.2026 09:47:40,"SYSTEM",02.06.2026 17:13:43,"System User"
1292,"MSG.ARTICLE_VAT_REQUIRED","en-US","VAT code is required.",1,"MSG","233",30.05.2026 09:47:40,"SYSTEM",02.06.2026 17:13:43,"System User"
1293,"MSG.ARTICLE_SALES_PRICE_REQUIRED","de-CH","Verkaufspreis ist erforderlich.",1,"MSG","234",30.05.2026 09:47:40,"SYSTEM",02.06.2026 17:12:55,"System User"
1294,"MSG.ARTICLE_SALES_PRICE_REQUIRED","en-US","Sales price is required.",1,"MSG","234",30.05.2026 09:47:40,"SYSTEM",02.06.2026 17:12:55,"System User"
1295,"MSG.ARTICLE_DUPLICATE_NO","de-CH","Artikel-Nr. existiert bereits.",1,"MSG","235",30.05.2026 09:47:40,"SYSTEM",02.06.2026 17:09:18,"System User"
1296,"MSG.ARTICLE_DUPLICATE_NO","en-US","Article no. already exists.",1,"MSG","235",30.05.2026 09:47:40,"SYSTEM",02.06.2026 17:09:18,"System User"
1297,"MSG.ARTICLE_SAVE_ERROR","de-CH","Fehler beim Speichern des Artikels.",1,"MSG","236",30.05.2026 09:47:40,"SYSTEM",02.06.2026 17:13:05,"System User"
1298,"MSG.ARTICLE_SAVE_ERROR","en-US","Error saving the article.",1,"MSG","236",30.05.2026 09:47:40,"SYSTEM",02.06.2026 17:13:05,"System User"
1299,"MSG.ARTICLE_CANCEL_CONFIRM","de-CH","Aenderungen verwerfen?",1,"MSG","237",30.05.2026 09:47:40,"SYSTEM",02.06.2026 17:08:51,"System User"
1300,"MSG.ARTICLE_CANCEL_CONFIRM","en-US","Discard changes?",1,"MSG","237",30.05.2026 09:47:40,"SYSTEM",02.06.2026 17:08:51,"System User"
1301,"STATUS.READY","de-CH","Bereit",1,"STATUS","238",30.05.2026 09:47:40,"SYSTEM",02.06.2026 12:49:07,"System User"
1302,"STATUS.READY","en-US","Ready",1,"STATUS","238",30.05.2026 09:47:40,"SYSTEM",02.06.2026 12:49:07,"System User"
1303,"REF.ARTICLE_TYPE.PRODUCT","de-CH","Produkt",1,"REF","400",30.05.2026 09:52:18,"SYSTEM",30.05.2026 09:52:18,"SYSTEM"
1304,"REF.ARTICLE_TYPE.PRODUCT","en-US","Product",1,"REF","400",30.05.2026 09:52:18,"SYSTEM",30.05.2026 09:52:18,"SYSTEM"
1305,"REF.ARTICLE_TYPE.PRODUCT","fr-CH","Produit",1,"REF","400",30.05.2026 09:52:18,"SYSTEM",30.05.2026 09:52:18,"SYSTEM"
1306,"REF.ARTICLE_TYPE.SERVICE","de-CH","Dienstleistung",1,"REF","401",30.05.2026 09:52:18,"SYSTEM",30.05.2026 09:52:18,"SYSTEM"
1307,"REF.ARTICLE_TYPE.SERVICE","en-US","Service",1,"REF","401",30.05.2026 09:52:18,"SYSTEM",30.05.2026 09:52:18,"SYSTEM"
1308,"REF.ARTICLE_TYPE.SERVICE","fr-CH","Service",1,"REF","401",30.05.2026 09:52:18,"SYSTEM",30.05.2026 09:52:18,"SYSTEM"
1309,"REF.ARTICLE_TYPE.SUBSCRIPTION","de-CH","Abonnement",1,"REF","402",30.05.2026 09:52:18,"SYSTEM",30.05.2026 09:52:18,"SYSTEM"
1310,"REF.ARTICLE_TYPE.SUBSCRIPTION","en-US","Subscription",1,"REF","402",30.05.2026 09:52:18,"SYSTEM",30.05.2026 09:52:18,"SYSTEM"
1311,"REF.ARTICLE_TYPE.SUBSCRIPTION","fr-CH","Abonnement",1,"REF","402",30.05.2026 09:52:18,"SYSTEM",30.05.2026 09:52:18,"SYSTEM"
1312,"REF.ARTICLE_TYPE.FEE","de-CH","Gebuehr",1,"REF","403",30.05.2026 09:52:18,"SYSTEM",30.05.2026 09:52:18,"SYSTEM"
1313,"REF.ARTICLE_TYPE.FEE","en-US","Fee",1,"REF","403",30.05.2026 09:52:18,"SYSTEM",30.05.2026 09:52:18,"SYSTEM"
1314,"REF.ARTICLE_TYPE.FEE","fr-CH","Frais",1,"REF","403",30.05.2026 09:52:19,"SYSTEM",30.05.2026 09:52:19,"SYSTEM"
1315,"REF.ARTICLE_TYPE.DISCOUNT","de-CH","Rabatt",1,"REF","404",30.05.2026 09:52:19,"SYSTEM",30.05.2026 09:52:19,"SYSTEM"
1316,"REF.ARTICLE_TYPE.DISCOUNT","en-US","Discount",1,"REF","404",30.05.2026 09:52:19,"SYSTEM",30.05.2026 09:52:19,"SYSTEM"
1317,"REF.ARTICLE_TYPE.DISCOUNT","fr-CH","Remise",1,"REF","404",30.05.2026 09:52:19,"SYSTEM",30.05.2026 09:52:19,"SYSTEM"
1318,"REF.ARTICLE_TYPE.WINE","de-CH","Wein",1,"REF","405",30.05.2026 09:52:19,"SYSTEM",30.05.2026 09:52:19,"SYSTEM"
1319,"REF.ARTICLE_TYPE.WINE","en-US","Wine",1,"REF","405",30.05.2026 09:52:19,"SYSTEM",30.05.2026 09:52:19,"SYSTEM"
1320,"REF.ARTICLE_TYPE.WINE","fr-CH","Vin",1,"REF","405",30.05.2026 09:52:19,"SYSTEM",30.05.2026 09:52:19,"SYSTEM"
1321,"REF.ARTICLE_TYPE.CUSTOM_SIZE","de-CH","Massanfertigung",1,"REF","406",30.05.2026 09:52:19,"SYSTEM",30.05.2026 09:52:19,"SYSTEM"
1322,"REF.ARTICLE_TYPE.CUSTOM_SIZE","en-US","Custom Size",1,"REF","406",30.05.2026 09:52:19,"SYSTEM",30.05.2026 09:52:19,"SYSTEM"
1323,"REF.ARTICLE_TYPE.CUSTOM_SIZE","fr-CH","Sur mesure",1,"REF","406",30.05.2026 09:52:19,"SYSTEM",30.05.2026 09:52:19,"SYSTEM"
1324,"REF.ARTICLE_TYPE.APPAREL_SIZE","de-CH","Kleidergroesse",1,"REF","407",30.05.2026 09:52:19,"SYSTEM",30.05.2026 09:52:19,"SYSTEM"
1325,"REF.ARTICLE_TYPE.APPAREL_SIZE","en-US","Apparel Size",1,"REF","407",30.05.2026 09:52:19,"SYSTEM",30.05.2026 09:52:19,"SYSTEM"
1326,"REF.ARTICLE_TYPE.APPAREL_SIZE","fr-CH","Taille de vetement",1,"REF","407",30.05.2026 09:52:19,"SYSTEM",30.05.2026 09:52:19,"SYSTEM"
1327,"NAV.ADDRESS_LIST","fr-CH","Liste d'adresses",1,"NAV","0",30.05.2026 10:42:24,"SYSTEM",01.06.2026 18:08:52,"System User"
1328,"NAV.ARTICLE_GROUPS","fr-CH","Groupes d'articles",1,"NAV","0",30.05.2026 10:42:24,"SYSTEM",01.06.2026 18:09:33,"System User"
1329,"NAV.ARTICLES","fr-CH","Article",1,"NAV","0",30.05.2026 10:42:24,"SYSTEM",01.06.2026 18:09:45,"System User"
1330,"NAV.DOCUMENT_PREVIEW","fr-CH","Aperçu du document",1,"NAV","0",30.05.2026 10:42:24,"SYSTEM",01.06.2026 18:09:09,"System User"
1331,"NAV.FW_NAVIGATION_ADMIN","fr-CH","Gérer la navigation",1,"NAV","0",30.05.2026 10:42:24,"SYSTEM",01.06.2026 18:10:07,"System User"
1332,"NAV.FW_TRANSLATIONS","fr-CH","Gérer les traductions",1,"NAV","0",30.05.2026 10:42:24,"SYSTEM",02.06.2026 12:47:53,"System User"
1333,"NAV.GROUP.ADDRESSES","fr-CH","Adresses",1,"NAV","0",30.05.2026 10:42:24,"SYSTEM",01.06.2026 18:12:18,"System User"
1334,"NAV.GROUP.DOCUMENTS","fr-CH","Documents",1,"NAV","0",30.05.2026 10:42:24,"SYSTEM",01.06.2026 18:12:31,"System User"
1335,"NAV.GROUP.FRAMEWORK","fr-CH","Framework",1,"NAV","0",30.05.2026 10:42:24,"SYSTEM",01.06.2026 18:13:06,"System User"
1336,"NAV.GROUP.SYSTEM","fr-CH","Système",1,"NAV","0",30.05.2026 10:42:24,"SYSTEM",01.06.2026 18:13:28,"System User"
1337,"NAV.GROUP.TENANT","fr-CH","Mandant",1,"NAV","0",30.05.2026 10:42:24,"SYSTEM",01.06.2026 18:14:01,"System User"
1338,"NAV.LOCALISATION","fr-CH","Localisation",1,"NAV","0",30.05.2026 10:42:24,"SYSTEM",02.06.2026 12:48:04,"System User"
1339,"NAV.NEW_ADDRESS","fr-CH","Nouvelle adresse",1,"NAV","0",30.05.2026 10:42:24,"SYSTEM",02.06.2026 12:48:21,"System User"
1340,"NAV.NEW_ARTICLE_GROUP","fr-CH","Nouveau groupe d'articles",1,"NAV","0",30.05.2026 10:42:25,"SYSTEM",02.06.2026 12:48:34,"System User"
1341,"NAV.TAG_HELP","fr-CH","Aide à la balise",1,"NAV","0",30.05.2026 10:42:25,"SYSTEM",02.06.2026 12:48:45,"System User"
1342,"NAV.TAGS","fr-CH","Balises du framework",1,"NAV","0",30.05.2026 10:42:25,"SYSTEM",31.05.2026 21:46:12,"System User"
1343,"NAV.TRANSLATIONS","fr-CH","Traductions",1,"NAV","0",30.05.2026 10:42:25,"SYSTEM",02.06.2026 12:48:56,"System User"
1344,"COMMON.BACK","fr-CH","Retourner à",1,"COMMON","0",30.05.2026 10:54:22,"gomic",31.05.2026 14:44:07,"System User"
1345,"COMMON.CLEAR_SEARCH","fr-CH","Effacer le filtre",1,"COMMON","0",30.05.2026 10:54:22,"gomic",04.06.2026 12:30:16,"System User"
1346,"COMMON.EDIT","fr-CH","Éditer",1,"COMMON","0",30.05.2026 10:54:22,"gomic",31.05.2026 14:49:06,"System User"
1347,"COMMON.HOME","fr-CH","Accueil",1,"COMMON","0",30.05.2026 10:54:22,"gomic",31.05.2026 14:49:21,"System User"
1348,"COMMON.NEW","fr-CH","Nouveau",1,"COMMON","0",30.05.2026 10:54:22,"gomic",31.05.2026 14:49:31,"System User"
1349,"COMMON.REFRESH","fr-CH","Mise à jour",1,"COMMON","0",30.05.2026 10:54:22,"gomic",31.05.2026 14:49:44,"System User"
1350,"COMMON.SEARCH","fr-CH","Recherche",1,"COMMON","0",30.05.2026 10:54:22,"gomic",31.05.2026 14:49:56,"System User"
1351,"FORM.FRMADDRESSDETAIL.ADDRESS_CONTACTS","de-CH","Kontakt",1,"FORM","0",30.05.2026 10:54:22,"gomic",31.05.2026 14:11:32,"System User"
1352,"FORM.FRMADDRESSDETAIL.ADDRESS_CONTACTS","en-US","contact",1,"FORM","0",30.05.2026 10:54:22,"gomic",31.05.2026 14:11:32,"System User"
1353,"FORM.FRMADDRESSDETAIL.ADDRESS_CONTACTS","fr-CH","Contact",1,"FORM","0",30.05.2026 10:54:22,"gomic",31.05.2026 14:11:32,"System User"
1354,"FORM.FRMADDRESSDETAIL.ADDRESS_ID","de-CH","ID",1,"FORM","0",30.05.2026 10:54:22,"gomic",31.05.2026 14:11:58,"System User"
1355,"FORM.FRMADDRESSDETAIL.ADDRESS_ID","en-US","ID",1,"FORM","0",30.05.2026 10:54:22,"gomic",31.05.2026 14:11:58,"System User"
1356,"FORM.FRMADDRESSDETAIL.ADDRESS_ID","fr-CH","ID",1,"FORM","0",30.05.2026 10:54:22,"gomic",31.05.2026 14:11:58,"System User"
1357,"FORM.FRMADDRESSDETAIL.ADDRESS_TYPE_CODE","de-CH","Typ",1,"FORM","0",30.05.2026 10:54:22,"gomic",31.05.2026 12:43:03,"System User"
1358,"FORM.FRMADDRESSDETAIL.ADDRESS_TYPE_CODE","en-US","Type",1,"FORM","0",30.05.2026 10:54:22,"gomic",31.05.2026 12:43:03,"System User"
1359,"FORM.FRMADDRESSDETAIL.ADDRESS_TYPE_CODE","fr-CH","Type",1,"FORM","0",30.05.2026 10:54:22,"gomic",31.05.2026 12:43:03,"System User"
1360,"FORM.FRMADDRESSDETAIL.ADDRESSING_MODE","de-CH","Anredeform",1,"FORM","0",30.05.2026 10:54:22,"gomic",31.05.2026 14:12:22,"System User"
1361,"FORM.FRMADDRESSDETAIL.ADDRESSING_MODE","en-US","Form of address",1,"FORM","0",30.05.2026 10:54:22,"gomic",31.05.2026 14:12:22,"System User"
1362,"FORM.FRMADDRESSDETAIL.ADDRESSING_MODE","fr-CH","Forme de salutation",1,"FORM","0",30.05.2026 10:54:22,"gomic",31.05.2026 14:12:22,"System User"
1363,"FORM.FRMADDRESSDETAIL.COMPANY_NAME","de-CH","Firma",1,"FORM","0",30.05.2026 10:54:22,"gomic",31.05.2026 14:16:50,"System User"
1364,"FORM.FRMADDRESSDETAIL.COMPANY_NAME","en-US","Company",1,"FORM","0",30.05.2026 10:54:22,"gomic",31.05.2026 14:16:50,"System User"
1365,"FORM.FRMADDRESSDETAIL.COMPANY_NAME","fr-CH","Société",1,"FORM","0",30.05.2026 10:54:22,"gomic",31.05.2026 14:16:50,"System User"
1366,"FORM.FRMADDRESSDETAIL.CREATED_AT","de-CH","Erstellt am",1,"FORM","0",30.05.2026 10:54:22,"gomic",31.05.2026 14:17:12,"System User"
1367,"FORM.FRMADDRESSDETAIL.CREATED_AT","en-US","Created on",1,"FORM","0",30.05.2026 10:54:22,"gomic",31.05.2026 14:17:12,"System User"
1368,"FORM.FRMADDRESSDETAIL.CREATED_AT","fr-CH","Créé le",1,"FORM","0",30.05.2026 10:54:22,"gomic",31.05.2026 14:17:12,"System User"
1369,"FORM.FRMADDRESSDETAIL.CREATED_BY","de-CH","Erstellt von",1,"FORM","0",30.05.2026 10:54:22,"gomic",31.05.2026 14:22:05,"System User"
1370,"FORM.FRMADDRESSDETAIL.CREATED_BY","en-US","Created by",1,"FORM","0",30.05.2026 10:54:22,"gomic",31.05.2026 14:22:05,"System User"
1371,"FORM.FRMADDRESSDETAIL.CREATED_BY","fr-CH","Créé par",1,"FORM","0",30.05.2026 10:54:22,"gomic",31.05.2026 14:22:05,"System User"
1372,"FORM.FRMADDRESSDETAIL.FIRST_NAME","de-CH","Vorname",1,"FORM","0",30.05.2026 10:54:22,"gomic",31.05.2026 14:50:33,"System User"
1373,"FORM.FRMADDRESSDETAIL.FIRST_NAME","en-US","First name",1,"FORM","0",30.05.2026 10:54:22,"gomic",31.05.2026 14:50:33,"System User"
1374,"FORM.FRMADDRESSDETAIL.FIRST_NAME","fr-CH","Prénom",1,"FORM","0",30.05.2026 10:54:22,"gomic",31.05.2026 14:50:33,"System User"
1375,"FORM.FRMADDRESSDETAIL.FORM_TITLE","de-CH","Bearbeiten",1,"FORM","0",30.05.2026 10:54:22,"gomic",31.05.2026 14:50:54,"System User"
1376,"FORM.FRMADDRESSDETAIL.FORM_TITLE","en-US","Edit",1,"FORM","0",30.05.2026 10:54:22,"gomic",31.05.2026 14:50:54,"System User"
1377,"FORM.FRMADDRESSDETAIL.FORM_TITLE","fr-CH","Modifier",1,"FORM","0",30.05.2026 10:54:22,"gomic",31.05.2026 14:50:54,"System User"
1378,"FORM.FRMADDRESSDETAIL.IS_ACTIVE","de-CH","Aktiv",1,"FORM","0",30.05.2026 10:54:22,"gomic",31.05.2026 14:51:09,"System User"
1379,"FORM.FRMADDRESSDETAIL.IS_ACTIVE","en-US","Active",1,"FORM","0",30.05.2026 10:54:22,"gomic",31.05.2026 14:51:09,"System User"
1380,"FORM.FRMADDRESSDETAIL.IS_ACTIVE","fr-CH","Actif",1,"FORM","0",30.05.2026 10:54:22,"gomic",31.05.2026 14:51:09,"System User"
1381,"FORM.FRMADDRESSDETAIL.LAND_PLZ_ORT","de-CH","Land | Plz | Ort",1,"FORM","0",30.05.2026 10:54:22,"gomic",31.05.2026 14:18:20,"System User"
1382,"FORM.FRMADDRESSDETAIL.LAND_PLZ_ORT","en-US","Country | Zip | City",1,"FORM","0",30.05.2026 10:54:22,"gomic",31.05.2026 14:18:20,"System User"
1383,"FORM.FRMADDRESSDETAIL.LAND_PLZ_ORT","fr-CH","Pays | Code postal | Lieu",1,"FORM","0",30.05.2026 10:54:22,"gomic",31.05.2026 14:18:20,"System User"
1384,"FORM.FRMADDRESSDETAIL.LANGUAGE_CODE","de-CH","Sprache",1,"FORM","0",30.05.2026 10:54:22,"gomic",31.05.2026 14:51:25,"System User"
1385,"FORM.FRMADDRESSDETAIL.LANGUAGE_CODE","en-US","language",1,"FORM","0",30.05.2026 10:54:22,"gomic",31.05.2026 14:51:25,"System User"
1386,"FORM.FRMADDRESSDETAIL.LANGUAGE_CODE","fr-CH","Langue",1,"FORM","0",30.05.2026 10:54:22,"gomic",31.05.2026 14:51:25,"System User"
1387,"FORM.FRMADDRESSDETAIL.LAST_NAME","de-CH","Nachname",1,"FORM","0",30.05.2026 10:54:22,"gomic",31.05.2026 14:51:38,"System User"
1388,"FORM.FRMADDRESSDETAIL.LAST_NAME","en-US","Last name",1,"FORM","0",30.05.2026 10:54:22,"gomic",31.05.2026 14:51:38,"System User"
1389,"FORM.FRMADDRESSDETAIL.LAST_NAME","fr-CH","Nom de famille",1,"FORM","0",30.05.2026 10:54:22,"gomic",31.05.2026 14:51:38,"System User"
1390,"FORM.FRMADDRESSDETAIL.PREFERRED_NAME","de-CH","Bevorzugter Name",1,"FORM","0",30.05.2026 10:54:22,"gomic",31.05.2026 14:52:04,"System User"
1391,"FORM.FRMADDRESSDETAIL.PREFERRED_NAME","en-US","Preferred name",1,"FORM","0",30.05.2026 10:54:22,"gomic",31.05.2026 14:52:04,"System User"
1392,"FORM.FRMADDRESSDETAIL.PREFERRED_NAME","fr-CH","Nom préféré",1,"FORM","0",30.05.2026 10:54:22,"gomic",31.05.2026 14:52:04,"System User"
1393,"FORM.FRMADDRESSDETAIL.SALUTATION","de-CH","Anrede",1,"FORM","0",30.05.2026 10:54:22,"gomic",31.05.2026 14:52:42,"System User"
1394,"FORM.FRMADDRESSDETAIL.SALUTATION","en-US","Salutation",1,"FORM","0",30.05.2026 10:54:22,"gomic",31.05.2026 14:52:42,"System User"
1395,"FORM.FRMADDRESSDETAIL.SALUTATION","fr-CH","Titre de civilité",1,"FORM","0",30.05.2026 10:54:23,"gomic",31.05.2026 14:52:42,"System User"
1396,"FORM.FRMADDRESSDETAIL.STREET_NO","de-CH","Strasse | Nr",1,"FORM","0",30.05.2026 10:54:23,"gomic",31.05.2026 14:53:05,"System User"
1397,"FORM.FRMADDRESSDETAIL.STREET_NO","en-US","Street | No",1,"FORM","0",30.05.2026 10:54:23,"gomic",31.05.2026 14:53:05,"System User"
1398,"FORM.FRMADDRESSDETAIL.STREET_NO","fr-CH","Rue | No",1,"FORM","0",30.05.2026 10:54:23,"gomic",31.05.2026 14:53:05,"System User"
1399,"FORM.FRMADDRESSLIST.ADDRESS_ID","de-CH","ID",1,"FORM","0",30.05.2026 10:54:23,"gomic",31.05.2026 14:53:17,"System User"
1400,"FORM.FRMADDRESSLIST.ADDRESS_ID","en-US","ID",1,"FORM","0",30.05.2026 10:54:23,"gomic",31.05.2026 14:53:17,"System User"
1401,"FORM.FRMADDRESSLIST.ADDRESS_ID","fr-CH","ID",1,"FORM","0",30.05.2026 10:54:23,"gomic",31.05.2026 14:53:17,"System User"
1402,"FORM.FRMADDRESSLIST.CITY","de-CH","Ort",1,"FORM","0",30.05.2026 10:54:23,"gomic",31.05.2026 14:53:37,"System User"
1403,"FORM.FRMADDRESSLIST.CITY","en-US","City",1,"FORM","0",30.05.2026 10:54:23,"gomic",31.05.2026 14:53:37,"System User"
1404,"FORM.FRMADDRESSLIST.CITY","fr-CH","Lieu",1,"FORM","0",30.05.2026 10:54:23,"gomic",31.05.2026 14:53:37,"System User"
1405,"FORM.FRMADDRESSLIST.DISPLAY_NAME","de-CH","Anzeigename",1,"FORM","0",30.05.2026 10:54:23,"gomic",31.05.2026 14:54:03,"System User"
1406,"FORM.FRMADDRESSLIST.DISPLAY_NAME","en-US","Display name",1,"FORM","0",30.05.2026 10:54:23,"gomic",31.05.2026 14:54:03,"System User"
1407,"FORM.FRMADDRESSLIST.DISPLAY_NAME","fr-CH","Nom d'affichage",1,"FORM","0",30.05.2026 10:54:23,"gomic",31.05.2026 14:54:03,"System User"
1408,"FORM.FRMADDRESSLIST.EMAIL","de-CH","E-Mail",1,"FORM","0",30.05.2026 10:54:23,"gomic",31.05.2026 14:54:30,"System User"
1409,"FORM.FRMADDRESSLIST.EMAIL","en-US","e-mail",1,"FORM","0",30.05.2026 10:54:23,"gomic",31.05.2026 14:54:30,"System User"
1410,"FORM.FRMADDRESSLIST.EMAIL","fr-CH","E-mail",1,"FORM","0",30.05.2026 10:54:23,"gomic",31.05.2026 14:54:30,"System User"
1411,"FORM.FRMADDRESSLIST.PHONE","de-CH","Telefon",1,"FORM","0",30.05.2026 10:54:23,"gomic",31.05.2026 14:54:53,"System User"
1412,"FORM.FRMADDRESSLIST.PHONE","en-US","Phone",1,"FORM","0",30.05.2026 10:54:23,"gomic",31.05.2026 14:54:53,"System User"
1413,"FORM.FRMADDRESSLIST.PHONE","fr-CH","Téléphone",1,"FORM","0",30.05.2026 10:54:23,"gomic",31.05.2026 14:54:53,"System User"
1414,"FORM.FRMADDRESSLIST.ZIP_CODE","de-CH","Plz",1,"FORM","0",30.05.2026 10:54:23,"gomic",31.05.2026 14:55:18,"System User"
1415,"FORM.FRMADDRESSLIST.ZIP_CODE","en-US","Zip-code",1,"FORM","0",30.05.2026 10:54:23,"gomic",31.05.2026 14:55:18,"System User"
1416,"FORM.FRMADDRESSLIST.ZIP_CODE","fr-CH","Code postal",1,"FORM","0",30.05.2026 10:54:23,"gomic",31.05.2026 14:55:18,"System User"
1417,"FORM.FRMAPPSHELL.APP_SUBTITLE","fr-CH","La gestion intelligente des commandes",1,"FORM","0",30.05.2026 10:54:23,"gomic",31.05.2026 23:56:20,"System User"
1418,"FORM.FRMAPPSHELL.APP_TITLE","fr-CH","EASIS v4",1,"FORM","0",30.05.2026 10:54:23,"gomic",31.05.2026 23:57:46,"System User"
1419,"FORM.FRMAPPSHELL.STATUS_APP_VERSION","de-CH","Version:",1,"FORM","0",30.05.2026 10:54:23,"gomic",01.06.2026 11:52:41,"System User"
1420,"FORM.FRMAPPSHELL.STATUS_APP_VERSION","en-US","Version:",1,"FORM","0",30.05.2026 10:54:23,"gomic",01.06.2026 11:52:41,"System User"
1421,"FORM.FRMAPPSHELL.STATUS_APP_VERSION","fr-CH","Version:",1,"FORM","0",30.05.2026 10:54:23,"gomic",01.06.2026 11:52:41,"System User"
1422,"FORM.FRMAPPSHELL.STATUS_BACKEND","de-CH","Backend:",1,"FORM","0",30.05.2026 10:54:23,"gomic",01.06.2026 11:53:48,"System User"
1423,"FORM.FRMAPPSHELL.STATUS_BACKEND","en-US","backend:",1,"FORM","0",30.05.2026 10:54:23,"gomic",01.06.2026 11:53:48,"System User"
1424,"FORM.FRMAPPSHELL.STATUS_BACKEND","fr-CH","Backend:",1,"FORM","0",30.05.2026 10:54:23,"gomic",01.06.2026 11:53:48,"System User"
1425,"FORM.FRMAPPSHELL.STATUS_CURRENT_ROLE","de-CH","Rolle",1,"FORM","0",30.05.2026 10:54:23,"gomic",31.05.2026 23:58:41,"System User"
1426,"FORM.FRMAPPSHELL.STATUS_CURRENT_ROLE","en-US","Role",1,"FORM","0",30.05.2026 10:54:23,"gomic",31.05.2026 23:58:41,"System User"
1427,"FORM.FRMAPPSHELL.STATUS_CURRENT_ROLE","fr-CH","Rôle",1,"FORM","0",30.05.2026 10:54:23,"gomic",31.05.2026 23:58:41,"System User"
1428,"FORM.FRMAPPSHELL.STATUS_CURRENT_TENANT","de-CH","Mandant",1,"FORM","0",30.05.2026 10:54:23,"gomic",31.05.2026 23:59:04,"System User"
1429,"FORM.FRMAPPSHELL.STATUS_CURRENT_TENANT","en-US","Tenant",1,"FORM","0",30.05.2026 10:54:23,"gomic",31.05.2026 23:59:04,"System User"
1430,"FORM.FRMAPPSHELL.STATUS_CURRENT_TENANT","fr-CH","Mandant",1,"FORM","0",30.05.2026 10:54:23,"gomic",31.05.2026 23:59:04,"System User"
1431,"FORM.FRMAPPSHELL.STATUS_CURRENT_USER","de-CH","Benutzer",1,"FORM","0",30.05.2026 10:54:23,"gomic",31.05.2026 23:59:22,"System User"
1432,"FORM.FRMAPPSHELL.STATUS_CURRENT_USER","en-US","user",1,"FORM","0",30.05.2026 10:54:23,"gomic",31.05.2026 23:59:22,"System User"
1433,"FORM.FRMAPPSHELL.STATUS_CURRENT_USER","fr-CH","Utilisateur",1,"FORM","0",30.05.2026 10:54:23,"gomic",31.05.2026 23:59:22,"System User"
1434,"FORM.FRMAPPSHELL.STATUS_ENVIRONMENT","de-CH","Umgebung:",1,"FORM","0",30.05.2026 10:54:23,"gomic",01.06.2026 11:53:17,"System User"
1435,"FORM.FRMAPPSHELL.STATUS_ENVIRONMENT","en-US","Environment:",1,"FORM","0",30.05.2026 10:54:23,"gomic",01.06.2026 11:53:17,"System User"
1436,"FORM.FRMAPPSHELL.STATUS_ENVIRONMENT","fr-CH","Environnement:",1,"FORM","0",30.05.2026 10:54:23,"gomic",01.06.2026 11:53:17,"System User"
1437,"FORM.FRMAPPSHELL.STATUS_ROLE","de-CH","Rolle",1,"FORM","0",30.05.2026 10:54:23,"gomic",01.06.2026 00:00:01,"System User"
1438,"FORM.FRMAPPSHELL.STATUS_ROLE","en-US","Role",1,"FORM","0",30.05.2026 10:54:23,"gomic",01.06.2026 00:00:01,"System User"
1439,"FORM.FRMAPPSHELL.STATUS_ROLE","fr-CH","Rôle",1,"FORM","0",30.05.2026 10:54:23,"gomic",01.06.2026 00:00:01,"System User"
1440,"FORM.FRMAPPSHELL.STATUS_TENANT","de-CH","Mandant",1,"FORM","0",30.05.2026 10:54:23,"gomic",01.06.2026 00:00:35,"System User"
1441,"FORM.FRMAPPSHELL.STATUS_TENANT","en-US","Tenant",1,"FORM","0",30.05.2026 10:54:23,"gomic",01.06.2026 00:00:35,"System User"
1442,"FORM.FRMAPPSHELL.STATUS_TENANT","fr-CH","Mandant",1,"FORM","0",30.05.2026 10:54:23,"gomic",01.06.2026 00:00:35,"System User"
1443,"FORM.FRMAPPSHELL.STATUS_USER","de-CH","Benutzer",1,"FORM","0",30.05.2026 10:54:23,"gomic",01.06.2026 00:00:48,"System User"
1444,"FORM.FRMAPPSHELL.STATUS_USER","en-US","user",1,"FORM","0",30.05.2026 10:54:23,"gomic",01.06.2026 00:00:48,"System User"
1445,"FORM.FRMAPPSHELL.STATUS_USER","fr-CH","Utilisateur",1,"FORM","0",30.05.2026 10:54:23,"gomic",01.06.2026 00:00:48,"System User"
1446,"FORM.FRMARTICLEGROUPDETAIL.DESCRIPTION_TEXT","fr-CH","Description",1,"FORM","0",30.05.2026 10:54:23,"gomic",01.06.2026 00:01:50,"System User"
1447,"FORM.FRMARTICLEGROUPDETAIL.FORM_TITLE","fr-CH","Groupe d'articles",1,"FORM","0",30.05.2026 10:54:23,"gomic",01.06.2026 00:02:12,"System User"
1448,"FORM.FRMARTICLEGROUPDETAIL.IS_ACTIVE","fr-CH","Actif",1,"FORM","0",30.05.2026 10:54:23,"gomic",01.06.2026 00:02:27,"System User"
1449,"FORM.FRMARTICLEGROUPDETAIL.PRODUCT_GROUP_CODE","fr-CH","Code de groupe d'articles",1,"FORM","0",30.05.2026 10:54:23,"gomic",01.06.2026 00:09:33,"System User"
1450,"FORM.FRMARTICLEGROUPDETAIL.PRODUCT_GROUP_NAME","fr-CH","Nom du groupe d'articles",1,"FORM","0",30.05.2026 10:54:23,"gomic",01.06.2026 00:09:45,"System User"
1451,"FORM.FRMARTICLEGROUPDETAIL.SORT_ORDER","fr-CH","Tri",1,"FORM","0",30.05.2026 10:54:23,"gomic",01.06.2026 00:09:55,"System User"
1452,"FORM.FRMARTICLEGROUPLIST.DESCRIPTION_TEXT","de-CH","Beschreibung",1,"FORM","0",30.05.2026 10:54:23,"gomic",31.05.2026 12:53:53,"System User"
1453,"FORM.FRMARTICLEGROUPLIST.DESCRIPTION_TEXT","en-US","Description",1,"FORM","0",30.05.2026 10:54:23,"gomic",31.05.2026 12:53:53,"System User"
1454,"FORM.FRMARTICLEGROUPLIST.DESCRIPTION_TEXT","fr-CH","Déscription",1,"FORM","0",30.05.2026 10:54:23,"gomic",31.05.2026 12:53:53,"System User"
1455,"FORM.FRMARTICLEGROUPLIST.IS_ACTIVE","de-CH","Aktiv",1,"FORM","0",30.05.2026 10:54:23,"gomic",31.05.2026 14:10:09,"System User"
1456,"FORM.FRMARTICLEGROUPLIST.IS_ACTIVE","en-US","Active",1,"FORM","0",30.05.2026 10:54:23,"gomic",31.05.2026 14:10:09,"System User"
1457,"FORM.FRMARTICLEGROUPLIST.IS_ACTIVE","fr-CH","Actif",1,"FORM","0",30.05.2026 10:54:23,"gomic",31.05.2026 14:10:09,"System User"
1458,"FORM.FRMARTICLEGROUPLIST.PRODUCT_GROUP_CODE","de-CH","Code der Warengruppe",1,"FORM","0",30.05.2026 10:54:23,"gomic",01.06.2026 00:07:18,"System User"
1459,"FORM.FRMARTICLEGROUPLIST.PRODUCT_GROUP_CODE","en-US","Product group code",1,"FORM","0",30.05.2026 10:54:23,"gomic",01.06.2026 00:07:18,"System User"
1460,"FORM.FRMARTICLEGROUPLIST.PRODUCT_GROUP_CODE","fr-CH","Code de Groupe de produits",1,"FORM","0",30.05.2026 10:54:23,"gomic",01.06.2026 00:07:18,"System User"
1461,"FORM.FRMARTICLEGROUPLIST.PRODUCT_GROUP_ID","de-CH","WG-ID",1,"FORM","0",30.05.2026 10:54:23,"gomic",31.05.2026 13:34:26,"System User"
1462,"FORM.FRMARTICLEGROUPLIST.PRODUCT_GROUP_ID","en-US","PG-ID",1,"FORM","0",30.05.2026 10:54:24,"gomic",31.05.2026 13:34:26,"System User"
1463,"FORM.FRMARTICLEGROUPLIST.PRODUCT_GROUP_ID","fr-CH","ID-CP",1,"FORM","0",30.05.2026 10:54:24,"gomic",31.05.2026 13:34:26,"System User"
1464,"FORM.FRMARTICLEGROUPLIST.PRODUCT_GROUP_NAME","de-CH","Warengruppe",1,"FORM","0",30.05.2026 10:54:24,"gomic",01.06.2026 00:07:41,"System User"
1465,"FORM.FRMARTICLEGROUPLIST.PRODUCT_GROUP_NAME","en-US","Product group",1,"FORM","0",30.05.2026 10:54:24,"gomic",01.06.2026 00:07:41,"System User"
1466,"FORM.FRMARTICLEGROUPLIST.PRODUCT_GROUP_NAME","fr-CH","Groupe de produits",1,"FORM","0",30.05.2026 10:54:24,"gomic",01.06.2026 00:07:41,"System User"
1467,"FORM.FRMARTICLEGROUPLIST.SORT_ORDER","de-CH","Sort",1,"FORM","0",30.05.2026 10:54:24,"gomic",31.05.2026 12:58:49,"System User"
1468,"FORM.FRMARTICLEGROUPLIST.SORT_ORDER","en-US","Sort",1,"FORM","0",30.05.2026 10:54:24,"gomic",31.05.2026 12:58:49,"System User"
1469,"FORM.FRMARTICLEGROUPLIST.SORT_ORDER","fr-CH","Tri",1,"FORM","0",30.05.2026 10:54:24,"gomic",31.05.2026 12:58:49,"System User"
1470,"FORM.FRMARTICLELIST.ARTICLE_NAME","fr-CH","Nom de l'article",1,"FORM","0",30.05.2026 10:54:24,"gomic",31.05.2026 14:11:03,"System User"
1471,"FORM.FRMARTICLELIST.ARTICLE_NO","fr-CH","N° d'article",1,"FORM","0",30.05.2026 10:54:24,"gomic",01.06.2026 00:10:06,"System User"
1472,"FORM.FRMARTICLELIST.FORM_TITLE","fr-CH","Articles",1,"FORM","0",30.05.2026 10:54:24,"gomic",01.06.2026 00:10:52,"System User"
1473,"FORM.FRMARTICLELIST.IS_ACTIVE","fr-CH","Actif",1,"FORM","0",30.05.2026 10:54:24,"gomic",01.06.2026 00:11:40,"System User"
1474,"FORM.FRMARTICLELIST.PRODUCT_GROUP_NAME","de-CH","Warengruppe",1,"FORM","0",30.05.2026 10:54:24,"gomic",01.06.2026 00:08:07,"System User"
1475,"FORM.FRMARTICLELIST.PRODUCT_GROUP_NAME","en-US","Product group",1,"FORM","0",30.05.2026 10:54:24,"gomic",01.06.2026 00:08:07,"System User"
1476,"FORM.FRMARTICLELIST.PRODUCT_GROUP_NAME","fr-CH","Groupe de produits",1,"FORM","0",30.05.2026 10:54:24,"gomic",01.06.2026 00:08:07,"System User"
1477,"FORM.FRMARTICLELIST.SALES_PRICE","fr-CH","Prix de vente",1,"FORM","0",30.05.2026 10:54:24,"gomic",01.06.2026 00:11:53,"System User"
1478,"FORM.FRMARTICLELIST.UNIT_CODE","fr-CH","Unité",1,"FORM","0",30.05.2026 10:54:24,"gomic",01.06.2026 00:12:05,"System User"
1479,"FORM.FRMARTICLELIST.VAT_CODE","fr-CH","TVA",1,"FORM","0",30.05.2026 10:54:24,"gomic",08.06.2026 09:26:29,"System User"
1480,"FORM.FRMPOSTALCODESELECT.POSTAL_CODES","de-CH","Postleitzahlen",1,"FORM","0",30.05.2026 10:54:24,"gomic",01.06.2026 00:08:38,"System User"
1481,"FORM.FRMPOSTALCODESELECT.POSTAL_CODES","en-US","Postal codes",1,"FORM","0",30.05.2026 10:54:24,"gomic",01.06.2026 00:08:38,"System User"
1482,"FORM.FRMPOSTALCODESELECT.POSTAL_CODES","fr-CH","Codes postaux",1,"FORM","0",30.05.2026 10:54:24,"gomic",01.06.2026 00:08:38,"System User"
1483,"FORM.FRMTAGCOMPOSER.BASIC","de-CH","Basis",1,"FORM","0",30.05.2026 10:54:24,"gomic",02.06.2026 12:35:07,"System User"
1484,"FORM.FRMTAGCOMPOSER.BASIC","en-US","Base",1,"FORM","0",30.05.2026 10:54:24,"gomic",02.06.2026 12:35:07,"System User"
1485,"FORM.FRMTAGCOMPOSER.BASIC","fr-CH","Base",1,"FORM","0",30.05.2026 10:54:24,"gomic",02.06.2026 12:35:07,"System User"
1486,"FORM.FRMTAGCOMPOSER.CONTEXT","de-CH","Kontext",1,"FORM","0",30.05.2026 10:54:24,"gomic",02.06.2026 12:35:24,"System User"
1487,"FORM.FRMTAGCOMPOSER.CONTEXT","en-US","context",1,"FORM","0",30.05.2026 10:54:24,"gomic",02.06.2026 12:35:24,"System User"
1488,"FORM.FRMTAGCOMPOSER.CONTEXT","fr-CH","Contexte",1,"FORM","0",30.05.2026 10:54:24,"gomic",02.06.2026 12:35:24,"System User"
1489,"FORM.FRMTAGCOMPOSER.FORM_TITLE","de-CH","Tag Composer",1,"FORM","0",30.05.2026 10:54:24,"gomic",02.06.2026 12:35:41,"System User"
1490,"FORM.FRMTAGCOMPOSER.FORM_TITLE","en-US","Tag Composer",1,"FORM","0",30.05.2026 10:54:24,"gomic",02.06.2026 12:35:41,"System User"
1491,"FORM.FRMTAGCOMPOSER.FORM_TITLE","fr-CH","Composteur de balises",1,"FORM","0",30.05.2026 10:54:24,"gomic",02.06.2026 12:35:41,"System User"
1492,"FORM.FRMTAGCOMPOSER.MAX","de-CH","Max",1,"FORM","0",30.05.2026 10:54:24,"gomic",02.06.2026 12:35:56,"System User"
1493,"FORM.FRMTAGCOMPOSER.MAX","en-US","Max",1,"FORM","0",30.05.2026 10:54:24,"gomic",02.06.2026 12:35:56,"System User"
1494,"FORM.FRMTAGCOMPOSER.MAX","fr-CH","Max",1,"FORM","0",30.05.2026 10:54:24,"gomic",02.06.2026 12:35:56,"System User"
1495,"FORM.FRMTAGCOMPOSER.MAX_LEN","de-CH","MaxLen",1,"FORM","0",30.05.2026 10:54:24,"gomic",02.06.2026 12:42:58,"System User"
1496,"FORM.FRMTAGCOMPOSER.MAX_LEN","en-US","MaxLen",1,"FORM","0",30.05.2026 10:54:24,"gomic",02.06.2026 12:42:58,"System User"
1497,"FORM.FRMTAGCOMPOSER.MAX_LEN","fr-CH","MaxLgr",1,"FORM","0",30.05.2026 10:54:24,"gomic",02.06.2026 12:42:58,"System User"
1498,"FORM.FRMTAGCOMPOSER.MIN","de-CH","Min",1,"FORM","0",30.05.2026 10:54:24,"gomic",02.06.2026 12:39:06,"System User"
1499,"FORM.FRMTAGCOMPOSER.MIN","en-US","Min",1,"FORM","0",30.05.2026 10:54:24,"gomic",02.06.2026 12:39:06,"System User"
1500,"FORM.FRMTAGCOMPOSER.MIN","fr-CH","Min",1,"FORM","0",30.05.2026 10:54:24,"gomic",02.06.2026 12:39:06,"System User"
1501,"FORM.FRMTAGCOMPOSER.MIN_LEN","de-CH","MinLen",1,"FORM","0",30.05.2026 10:54:24,"gomic",02.06.2026 12:42:43,"System User"
1502,"FORM.FRMTAGCOMPOSER.MIN_LEN","en-US","MinLen",1,"FORM","0",30.05.2026 10:54:24,"gomic",02.06.2026 12:42:43,"System User"
1503,"FORM.FRMTAGCOMPOSER.MIN_LEN","fr-CH","MinLgr",1,"FORM","0",30.05.2026 10:54:24,"gomic",02.06.2026 12:42:43,"System User"
1504,"FORM.FRMTAGCOMPOSER.MOD","de-CH","Modul",1,"FORM","0",30.05.2026 10:54:24,"gomic",06.06.2026 14:49:11,"System User"
1505,"FORM.FRMTAGCOMPOSER.MOD","en-US","Module",1,"FORM","0",30.05.2026 10:54:24,"gomic",06.06.2026 14:49:11,"System User"
1506,"FORM.FRMTAGCOMPOSER.MOD","fr-CH","Module",1,"FORM","0",30.05.2026 10:54:24,"gomic",06.06.2026 14:49:11,"System User"
1507,"FORM.FRMTAGCOMPOSER.OBJECT_TYPE","de-CH","Objekttyp",1,"FORM","0",30.05.2026 10:54:24,"gomic",02.06.2026 12:43:35,"System User"
1508,"FORM.FRMTAGCOMPOSER.OBJECT_TYPE","en-US","Object type",1,"FORM","0",30.05.2026 10:54:24,"gomic",02.06.2026 12:43:35,"System User"
1509,"FORM.FRMTAGCOMPOSER.OBJECT_TYPE","fr-CH","Type d'objet",1,"FORM","0",30.05.2026 10:54:24,"gomic",02.06.2026 12:43:35,"System User"
1510,"FORM.FRMTAGCOMPOSER.OBJECTS","de-CH","Obkjekte",1,"FORM","0",30.05.2026 10:54:24,"gomic",02.06.2026 12:44:04,"System User"
1511,"FORM.FRMTAGCOMPOSER.OBJECTS","en-US","Objects",1,"FORM","0",30.05.2026 10:54:24,"gomic",02.06.2026 12:44:04,"System User"
1512,"FORM.FRMTAGCOMPOSER.OBJECTS","fr-CH","Objets",1,"FORM","0",30.05.2026 10:54:24,"gomic",02.06.2026 12:44:04,"System User"
1513,"FORM.FRMTAGCOMPOSER.ROLE","de-CH","Rolle",1,"FORM","0",30.05.2026 10:54:24,"gomic",02.06.2026 12:44:22,"System User"
1514,"FORM.FRMTAGCOMPOSER.ROLE","en-US","Role",1,"FORM","0",30.05.2026 10:54:24,"gomic",02.06.2026 12:44:22,"System User"
1515,"FORM.FRMTAGCOMPOSER.ROLE","fr-CH","Rôle",1,"FORM","0",30.05.2026 10:54:24,"gomic",02.06.2026 12:44:22,"System User"
1516,"FORM.FRMTAGCOMPOSER.TAG_STRING_RESULT","de-CH","Tag Zeichenkette Resultat",1,"FORM","0",30.05.2026 10:54:24,"gomic",02.06.2026 12:46:18,"System User"
1517,"FORM.FRMTAGCOMPOSER.TAG_STRING_RESULT","en-US","Tag String Result",1,"FORM","0",30.05.2026 10:54:24,"gomic",02.06.2026 12:46:18,"System User"
1518,"FORM.FRMTAGCOMPOSER.TAG_STRING_RESULT","fr-CH","Chaîne de balises Résultat",1,"FORM","0",30.05.2026 10:54:24,"gomic",02.06.2026 12:46:18,"System User"
1519,"FORM.FRMTAGCOMPOSER.VALUES","de-CH","Werte",1,"FORM","0",30.05.2026 10:54:24,"gomic",02.06.2026 12:46:43,"System User"
1520,"FORM.FRMTAGCOMPOSER.VALUES","en-US","Values",1,"FORM","0",30.05.2026 10:54:24,"gomic",02.06.2026 12:46:43,"System User"
1521,"FORM.FRMTAGCOMPOSER.VALUES","fr-CH","Valeurs",1,"FORM","0",30.05.2026 10:54:24,"gomic",02.06.2026 12:46:43,"System User"
1522,"FORM.SFRMADDRESSCONTACTS.CONTACT_TYPE_CODE","de-CH","Typ",1,"FORM","0",30.05.2026 10:54:24,"gomic",01.06.2026 17:36:24,"System User"
1523,"FORM.SFRMADDRESSCONTACTS.CONTACT_TYPE_CODE","en-US","Type",1,"FORM","0",30.05.2026 10:54:24,"gomic",01.06.2026 17:36:24,"System User"
1524,"FORM.SFRMADDRESSCONTACTS.CONTACT_TYPE_CODE","fr-CH","Type",1,"FORM","0",30.05.2026 10:54:24,"gomic",01.06.2026 17:36:24,"System User"
1525,"FORM.SFRMADDRESSCONTACTS.CONTACT_VALUE","de-CH","Kontakt/Nummer",1,"FORM","0",30.05.2026 10:54:24,"gomic",01.06.2026 17:37:17,"System User"
1526,"FORM.SFRMADDRESSCONTACTS.CONTACT_VALUE","en-US","Contact/Number",1,"FORM","0",30.05.2026 10:54:24,"gomic",01.06.2026 17:37:17,"System User"
1527,"FORM.SFRMADDRESSCONTACTS.CONTACT_VALUE","fr-CH","Contact/Numéro",1,"FORM","0",30.05.2026 10:54:24,"gomic",01.06.2026 17:37:17,"System User"
1528,"FORM.SFRMADDRESSCONTACTS.IS_PRIMARY","de-CH","Haupt",1,"FORM","0",30.05.2026 10:54:24,"gomic",01.06.2026 17:37:45,"System User"
1529,"FORM.SFRMADDRESSCONTACTS.IS_PRIMARY","en-US","Main",1,"FORM","0",30.05.2026 10:54:24,"gomic",01.06.2026 17:37:45,"System User"
1530,"FORM.SFRMADDRESSCONTACTS.IS_PRIMARY","fr-CH","Principal",1,"FORM","0",30.05.2026 10:54:24,"gomic",01.06.2026 17:37:45,"System User"
1531,"FORM.SFRMADDRESSCONTACTS.REMARKS","de-CH","Notizen",1,"FORM","0",30.05.2026 10:54:25,"gomic",01.06.2026 17:38:01,"System User"
1532,"FORM.SFRMADDRESSCONTACTS.REMARKS","en-US","Notes",1,"FORM","0",30.05.2026 10:54:25,"gomic",01.06.2026 17:38:01,"System User"
1533,"FORM.SFRMADDRESSCONTACTS.REMARKS","fr-CH","Notes",1,"FORM","0",30.05.2026 10:54:25,"gomic",01.06.2026 17:38:01,"System User"
1534,"MSG.ARTICLE_CANCEL_CONFIRM","fr-CH","Rejeter les modifications ?",1,"MSG","0",30.05.2026 10:54:25,"gomic",02.06.2026 17:08:51,"System User"
1535,"MSG.ARTICLE_DUPLICATE_NO","fr-CH","Le numéro d'article existe déjà.",1,"MSG","0",30.05.2026 10:54:25,"gomic",02.06.2026 17:09:18,"System User"
1536,"MSG.ARTICLE_GROUP_CANCEL_CONFIRM","fr-CH","Rejeter les modifications ?",1,"MSG","0",30.05.2026 10:54:25,"gomic",02.06.2026 17:10:17,"System User"
1537,"MSG.ARTICLE_GROUP_CODE_REQUIRED","fr-CH","Le code de groupe d'articles est requis.",1,"MSG","0",30.05.2026 10:54:25,"gomic",02.06.2026 17:09:34,"System User"
1538,"MSG.ARTICLE_GROUP_DETAIL_LOAD_ERROR","fr-CH","Erreur lors du chargement des détails du groupe d'articles.",1,"MSG","0",30.05.2026 10:54:25,"gomic",02.06.2026 17:10:37,"System User"
1539,"MSG.ARTICLE_GROUP_DISCARD_CHANGES","fr-CH","Rejeter les modifications non enregistrées ?",1,"MSG","0",30.05.2026 10:54:25,"gomic",02.06.2026 17:18:28,"System User"
1540,"MSG.ARTICLE_GROUP_DUPLICATE_CODE","fr-CH","Le code de groupe d'articles existe déjà.",1,"MSG","0",30.05.2026 10:54:25,"gomic",02.06.2026 17:09:48,"System User"
1541,"MSG.ARTICLE_GROUP_LIST_LOAD_ERROR","fr-CH","Erreur lors du chargement de la liste des groupes d'articles.",1,"MSG","0",30.05.2026 10:54:25,"gomic",02.06.2026 17:11:03,"System User"
1542,"MSG.ARTICLE_GROUP_NAME_REQUIRED","fr-CH","Le nom du groupe d'articles est requis.",1,"MSG","0",30.05.2026 10:54:25,"gomic",02.06.2026 17:11:15,"System User"
1543,"MSG.ARTICLE_GROUP_REQUIRED","fr-CH","Le groupe d'articles est requis.",1,"MSG","0",30.05.2026 10:54:25,"gomic",02.06.2026 17:18:38,"System User"
1544,"MSG.ARTICLE_GROUP_SAVE_ERROR","fr-CH","Erreur lors de l'enregistrement du groupe d'articles.",1,"MSG","0",30.05.2026 10:54:25,"gomic",02.06.2026 17:11:29,"System User"
1545,"MSG.ARTICLE_GROUP_SAVE_OR_CANCEL_FIRST","fr-CH","Veuillez d'abord enregistrer ou annuler.",1,"MSG","0",30.05.2026 10:54:25,"gomic",02.06.2026 17:11:51,"System User"
1546,"MSG.ARTICLE_GROUP_SELECT_FIRST","fr-CH","Veuillez d'abord sélectionner un groupe d'articles.",1,"MSG","0",30.05.2026 10:54:25,"gomic",02.06.2026 17:12:08,"System User"
1547,"MSG.ARTICLE_LIST_LOAD_ERROR","fr-CH","Erreur lors du chargement de la liste d'articles.",1,"MSG","0",30.05.2026 10:54:25,"gomic",02.06.2026 17:12:28,"System User"
1548,"MSG.ARTICLE_NAME_REQUIRED","fr-CH","Le nom de l'article est requis.",1,"MSG","0",30.05.2026 10:54:25,"gomic",02.06.2026 17:12:42,"System User"
1549,"MSG.ARTICLE_NO_REQUIRED","fr-CH","Le numéro d'article est requis.",1,"MSG","0",30.05.2026 10:54:25,"gomic",02.06.2026 17:18:48,"System User"
1550,"MSG.ARTICLE_SALES_PRICE_REQUIRED","fr-CH","Le prix de vente est requis.",1,"MSG","0",30.05.2026 10:54:25,"gomic",02.06.2026 17:12:55,"System User"
1551,"MSG.ARTICLE_SAVE_ERROR","fr-CH","Erreur lors de l'enregistrement de l'article.",1,"MSG","0",30.05.2026 10:54:25,"gomic",02.06.2026 17:13:05,"System User"
1552,"MSG.ARTICLE_UNIT_REQUIRED","fr-CH","L'unité est requise.",1,"MSG","0",30.05.2026 10:54:25,"gomic",02.06.2026 17:13:22,"System User"
1553,"MSG.ARTICLE_VAT_REQUIRED","fr-CH","Le code TVA est requis.",1,"MSG","0",30.05.2026 10:54:25,"gomic",02.06.2026 17:13:43,"System User"
1554,"STATUS.READY","fr-CH","Prêt",1,"STATUS","0",30.05.2026 10:54:25,"gomic",02.06.2026 12:49:07,"System User"
1555,"ERR_DATE","de-CH","Gültiges Datum erwartet",1,"ERR","0",30.05.2026 11:19:36,"gomic",02.06.2026 17:25:23,"System User"
1556,"ERR_DATE","en-US","Valid date expected",1,"ERR","0",30.05.2026 11:19:36,"gomic",02.06.2026 17:25:24,"System User"
1557,"ERR_DATE","fr-CH","Date valide attendue",1,"ERR","0",30.05.2026 11:19:36,"gomic",02.06.2026 17:25:24,"System User"
1558,"ERR_INTEGER","de-CH","Ganze Zahl erwartet",1,"ERR","0",30.05.2026 11:19:36,"gomic",02.06.2026 17:25:47,"System User"
1559,"ERR_INTEGER","en-US","Integer expected",1,"ERR","0",30.05.2026 11:19:36,"gomic",02.06.2026 17:25:48,"System User"
1560,"ERR_INTEGER","fr-CH","Nombre entier attendu",1,"ERR","0",30.05.2026 11:19:36,"gomic",02.06.2026 17:25:48,"System User"
1561,"ERR_MAX","de-CH","Wert zu gross",1,"ERR","0",30.05.2026 11:19:36,"gomic",02.06.2026 17:26:23,"System User"
1562,"ERR_MAX","en-US","Value too large",1,"ERR","0",30.05.2026 11:19:36,"gomic",02.06.2026 17:26:23,"System User"
1563,"ERR_MAX","fr-CH","Valeur trop grande",1,"ERR","0",30.05.2026 11:19:36,"gomic",02.06.2026 17:26:23,"System User"
1564,"ERR_MAXLEN","de-CH","Eingabe zu lang",1,"ERR","0",30.05.2026 11:19:36,"gomic",02.06.2026 17:27:23,"System User"
1565,"ERR_MAXLEN","en-US","Input is too long",1,"ERR","0",30.05.2026 11:19:36,"gomic",02.06.2026 17:27:23,"System User"
1566,"ERR_MAXLEN","fr-CH","Saisie trop longue",1,"ERR","0",30.05.2026 11:19:36,"gomic",02.06.2026 17:27:23,"System User"
1567,"ERR_MIN","de-CH","Wert zu klein",1,"ERR","0",30.05.2026 11:19:36,"gomic",02.06.2026 17:28:11,"System User"
1568,"ERR_MIN","en-US","Value too small",1,"ERR","0",30.05.2026 11:19:37,"gomic",02.06.2026 17:28:11,"System User"
1569,"ERR_MIN","fr-CH","Valeur trop petite",1,"ERR","0",30.05.2026 11:19:37,"gomic",02.06.2026 17:28:11,"System User"
1570,"ERR_MINLEN","de-CH","Eingabe zu kurz",1,"ERR","0",30.05.2026 11:19:37,"gomic",02.06.2026 17:29:03,"System User"
1571,"ERR_MINLEN","en-US","Input too short",1,"ERR","0",30.05.2026 11:19:37,"gomic",02.06.2026 17:29:03,"System User"
1572,"ERR_MINLEN","fr-CH","Entrée trop courte",1,"ERR","0",30.05.2026 11:19:37,"gomic",02.06.2026 17:29:03,"System User"
1573,"ERR_NUMERIC","de-CH","Numerischer Wert erwartet",1,"ERR","0",30.05.2026 11:19:37,"gomic",02.06.2026 17:29:26,"System User"
1574,"ERR_NUMERIC","en-US","Numeric value expected",1,"ERR","0",30.05.2026 11:19:37,"gomic",02.06.2026 17:29:26,"System User"
1575,"ERR_NUMERIC","fr-CH","Valeur numérique attendue",1,"ERR","0",30.05.2026 11:19:37,"gomic",02.06.2026 17:29:26,"System User"
1576,"ERR_REQUIRED","de-CH","Pflichtfeld",1,"ERR","0",30.05.2026 11:19:37,"gomic",02.06.2026 17:29:51,"System User"
1577,"ERR_REQUIRED","en-US","Mandatory field",1,"ERR","0",30.05.2026 11:19:37,"gomic",02.06.2026 17:29:51,"System User"
1578,"ERR_REQUIRED","fr-CH","Champ obligatoire",1,"ERR","0",30.05.2026 11:19:37,"gomic",02.06.2026 17:29:51,"System User"
1579,"MSG_INVALID_FIELD_VALUES","de-CH","Ungültige Feldwerte",1,"MSG","0",30.05.2026 11:19:37,"gomic",02.06.2026 17:19:46,"System User"
1580,"MSG_INVALID_FIELD_VALUES","en-US","Invalid field values",1,"MSG","0",30.05.2026 11:19:37,"gomic",02.06.2026 17:19:46,"System User"
1581,"MSG_INVALID_FIELD_VALUES","fr-CH","Valeurs de champ non valides",1,"MSG","0",30.05.2026 11:19:37,"gomic",02.06.2026 17:19:46,"System User"
1582,"MSG_MODULE_NOT_ACTIVE","de-CH","Modul ist nicht aktiv",1,"MSG","0",30.05.2026 11:19:37,"gomic",02.06.2026 17:14:39,"System User"
1583,"MSG_MODULE_NOT_ACTIVE","en-US","Module is not active",1,"MSG","0",30.05.2026 11:19:37,"gomic",02.06.2026 17:14:39,"System User"
1584,"MSG_MODULE_NOT_ACTIVE","fr-CH","Le module n'est pas actif",1,"MSG","0",30.05.2026 11:19:37,"gomic",02.06.2026 17:14:39,"System User"
1585,"MSG_REQUIRED_FIELDS_MISSING","de-CH","Benötigte Felder fehlen",1,"MSG","0",30.05.2026 11:19:37,"gomic",02.06.2026 17:17:21,"System User"
1586,"MSG_REQUIRED_FIELDS_MISSING","en-US","Required fields missing",1,"MSG","0",30.05.2026 11:19:37,"gomic",02.06.2026 17:17:21,"System User"
1587,"MSG_REQUIRED_FIELDS_MISSING","fr-CH","Champs requis manquants",1,"MSG","0",30.05.2026 11:19:37,"gomic",02.06.2026 17:17:21,"System User"
1588,"MSG_ROLE_NOT_ALLOWED","de-CH","Rolle nicht zulässig",1,"MSG","0",30.05.2026 11:19:37,"gomic",02.06.2026 17:18:04,"System User"
1589,"MSG_ROLE_NOT_ALLOWED","en-US","Role not allowed",1,"MSG","0",30.05.2026 11:19:37,"gomic",02.06.2026 17:18:04,"System User"
1590,"MSG_ROLE_NOT_ALLOWED","fr-CH","Rôle non autorisé",1,"MSG","0",30.05.2026 11:19:37,"gomic",02.06.2026 17:18:04,"System User"
1592,"NAV.FW_TRANSLATION_AUDIT","de-CH","Übersetzungsprüfung",1,"NAV","0",31.05.2026 12:59:43,"SYSTEM",01.06.2026 18:11:04,"System User"
1593,"NAV.FW_TRANSLATION_AUDIT","en-US","Translation audit",1,"NAV","0",31.05.2026 12:59:43,"SYSTEM",01.06.2026 18:11:04,"System User"
1594,"NAV.FW_TRANSLATION_AUDIT","fr-CH","Audit de traduction",1,"NAV","0",31.05.2026 12:59:43,"SYSTEM",01.06.2026 18:11:04,"System User"
1595,"FORM.FRMARTICLEDETAIL.ARTICLE_NAME","fr-CH","<neu>",1,"FORM",,01.06.2026 00:17:02,"System User",01.06.2026 00:17:02,"System User"
1596,"FORM.FRMADDRESSLIST.LBLFORMTITLE","de-CH","Adressenliste",1,"FORM","0",01.06.2026 00:18:02,"SYSTEM",01.06.2026 12:37:50,"System User"
1597,"FORM.FRMADDRESSLIST.LBLFORMTITLE","en-US","Address list",1,"FORM","0",01.06.2026 00:18:02,"SYSTEM",01.06.2026 12:37:50,"System User"
1598,"FORM.FRMADDRESSLIST.LBLFORMTITLE","fr-CH","Liste d'adresses",1,"FORM","0",01.06.2026 00:18:02,"SYSTEM",01.06.2026 12:37:50,"System User"
1599,"NAV.FW_TRANSLATION_TAG_GENERATOR","de-CH","Übersetzungs-Tags",1,"NAV","0",01.06.2026 00:18:02,"SYSTEM",01.06.2026 18:11:43,"System User"
1600,"NAV.FW_TRANSLATION_TAG_GENERATOR","en-US","Translation tags",1,"NAV","0",01.06.2026 00:18:02,"SYSTEM",01.06.2026 18:11:43,"System User"
1601,"NAV.FW_TRANSLATION_TAG_GENERATOR","fr-CH","Balises de traduction",1,"NAV","0",01.06.2026 00:18:02,"SYSTEM",01.06.2026 18:11:43,"System User"
1602,"FORM.FRMARTICLEDETAIL.ARTICLE_NO","fr-CH","N° d'article",1,"FORM",,01.06.2026 00:18:56,"System User",01.06.2026 00:25:33,"System User"
1603,"FORM.FRMARTICLEDETAIL.ARTICLE_TYPE_CODE","fr-CH","Type d'article",1,"FORM",,01.06.2026 00:25:46,"System User",01.06.2026 00:26:00,"System User"
1604,"FORM.FRMARTICLEDETAIL.BARCODE","fr-CH","Code à barres",1,"FORM",,01.06.2026 00:26:14,"System User",01.06.2026 00:26:23,"System User"
1605,"FORM.FRMARTICLEDETAIL.CMDCANCEL","de-CH","Abbrechen",1,"FORM",,01.06.2026 00:26:49,"System User",01.06.2026 00:27:13,"System User"
1606,"FORM.FRMARTICLEDETAIL.CMDCANCEL","en-US","Cancel",1,"FORM",,01.06.2026 00:26:49,"System User",01.06.2026 00:27:13,"System User"
1607,"FORM.FRMARTICLEDETAIL.CMDCANCEL","fr-CH","Annuler",1,"FORM",,01.06.2026 00:26:49,"System User",01.06.2026 00:27:13,"System User"
1608,"FORM.FRMARTICLEDETAIL.CMDSAVE","de-CH","Speichern",1,"FORM",,01.06.2026 00:27:25,"System User",01.06.2026 00:27:39,"System User"
1609,"FORM.FRMARTICLEDETAIL.CMDSAVE","en-US","Save",1,"FORM",,01.06.2026 00:27:25,"System User",01.06.2026 00:27:39,"System User"
1610,"FORM.FRMARTICLEDETAIL.CMDSAVE","fr-CH","Enregistrer",1,"FORM",,01.06.2026 00:27:25,"System User",01.06.2026 00:27:39,"System User"
1611,"FORM.FRMARTICLEDETAIL.LBLARTICLEID","de-CH","ID",1,"FORM",,01.06.2026 00:27:45,"System User",01.06.2026 00:27:58,"System User"
1612,"FORM.FRMARTICLEDETAIL.LBLARTICLEID","en-US","ID",1,"FORM",,01.06.2026 00:27:45,"System User",01.06.2026 00:27:58,"System User"
1613,"FORM.FRMARTICLEDETAIL.LBLARTICLEID","fr-CH","ID",1,"FORM",,01.06.2026 00:27:45,"System User",01.06.2026 00:27:58,"System User"
1614,"FORM.FRMARTICLEDETAIL.LBLARTICLENAME","de-CH","Artikelname",1,"FORM",,01.06.2026 00:28:03,"System User",01.06.2026 00:28:20,"System User"
1615,"FORM.FRMARTICLEDETAIL.LBLARTICLENAME","en-US","article name",1,"FORM",,01.06.2026 00:28:03,"System User",01.06.2026 00:28:20,"System User"
1616,"FORM.FRMARTICLEDETAIL.LBLARTICLENAME","fr-CH","Nom de l'article",1,"FORM",,01.06.2026 00:28:03,"System User",01.06.2026 00:28:20,"System User"
1617,"FORM.FRMARTICLEDETAIL.LBLARTICLENO","de-CH","Artikel-Nr",1,"FORM",,01.06.2026 00:28:27,"System User",01.06.2026 00:28:45,"System User"
1618,"FORM.FRMARTICLEDETAIL.LBLARTICLENO","en-US","Article no.",1,"FORM",,01.06.2026 00:28:27,"System User",01.06.2026 00:28:45,"System User"
1619,"FORM.FRMARTICLEDETAIL.LBLARTICLENO","fr-CH","N° d'article",1,"FORM",,01.06.2026 00:28:27,"System User",01.06.2026 00:28:45,"System User"
1620,"FORM.FRMARTICLEDETAIL.LBLARTICLETYPECODE","de-CH","Artikeltyp",1,"FORM",,01.06.2026 00:28:58,"System User",01.06.2026 00:29:20,"System User"
1621,"FORM.FRMARTICLEDETAIL.LBLARTICLETYPECODE","en-US","Article type",1,"FORM",,01.06.2026 00:28:58,"System User",01.06.2026 00:29:20,"System User"
1622,"FORM.FRMARTICLEDETAIL.LBLARTICLETYPECODE","fr-CH","Type d'article",1,"FORM",,01.06.2026 00:28:58,"System User",01.06.2026 00:29:20,"System User"
1623,"FORM.FRMARTICLEDETAIL.LBLBARCODE","de-CH","Barcode",1,"FORM",,01.06.2026 00:29:29,"System User",01.06.2026 00:29:38,"System User"
1624,"FORM.FRMARTICLEDETAIL.LBLBARCODE","en-US","barcode",1,"FORM",,01.06.2026 00:29:29,"System User",01.06.2026 00:29:38,"System User"
1625,"FORM.FRMARTICLEDETAIL.LBLBARCODE","fr-CH","Code à barres",1,"FORM",,01.06.2026 00:29:29,"System User",01.06.2026 00:29:38,"System User"
1626,"FORM.FRMARTICLEDETAIL.LBLCREATEDAT","de-CH","Erstellt am",1,"FORM",,01.06.2026 00:29:50,"System User",01.06.2026 00:30:05,"System User"
1627,"FORM.FRMARTICLEDETAIL.LBLCREATEDAT","en-US","Created on",1,"FORM",,01.06.2026 00:29:50,"System User",01.06.2026 00:30:05,"System User"
1628,"FORM.FRMARTICLEDETAIL.LBLCREATEDAT","fr-CH","Créé le",1,"FORM",,01.06.2026 00:29:50,"System User",01.06.2026 00:30:05,"System User"
1629,"FORM.FRMARTICLEDETAIL.LBLCREATEDBY","de-CH","Erstellt von",1,"FORM",,01.06.2026 00:30:13,"System User",01.06.2026 00:30:26,"System User"
1630,"FORM.FRMARTICLEDETAIL.LBLCREATEDBY","en-US","Created by",1,"FORM",,01.06.2026 00:30:13,"System User",01.06.2026 00:30:26,"System User"
1631,"FORM.FRMARTICLEDETAIL.LBLCREATEDBY","fr-CH","Créé par",1,"FORM",,01.06.2026 00:30:13,"System User",01.06.2026 00:30:26,"System User"
1632,"FORM.FRMARTICLEDETAIL.LBLDESCRIPTION","de-CH","Beschreibung",1,"FORM",,01.06.2026 00:30:58,"System User",01.06.2026 00:31:25,"System User"
1633,"FORM.FRMARTICLEDETAIL.LBLDESCRIPTION","en-US","Description",1,"FORM",,01.06.2026 00:30:58,"System User",01.06.2026 00:31:25,"System User"
1634,"FORM.FRMARTICLEDETAIL.LBLDESCRIPTION","fr-CH","Description",1,"FORM",,01.06.2026 00:30:58,"System User",01.06.2026 00:31:25,"System User"
1635,"FORM.FRMARTICLEDETAIL.LBLFORMTITLE","de-CH","Artikeldetail",1,"FORM",,01.06.2026 00:31:31,"System User",01.06.2026 00:32:02,"System User"
1636,"FORM.FRMARTICLEDETAIL.LBLFORMTITLE","en-US","Article detail",1,"FORM",,01.06.2026 00:31:31,"System User",01.06.2026 00:32:02,"System User"
1637,"FORM.FRMARTICLEDETAIL.LBLFORMTITLE","fr-CH","Détail de l'article",1,"FORM",,01.06.2026 00:31:31,"System User",01.06.2026 00:32:02,"System User"
1638,"FORM.FRMARTICLEDETAIL.LBLISACTIVE","de-CH","Aktiv",1,"FORM",,01.06.2026 00:32:25,"System User",01.06.2026 00:32:39,"System User"
1639,"FORM.FRMARTICLEDETAIL.LBLISACTIVE","en-US","Active",1,"FORM",,01.06.2026 00:32:25,"System User",01.06.2026 00:32:39,"System User"
1640,"FORM.FRMARTICLEDETAIL.LBLISACTIVE","fr-CH","Actif",1,"FORM",,01.06.2026 00:32:25,"System User",01.06.2026 00:32:39,"System User"
1641,"FORM.FRMARTICLEDETAIL.LBLPRODUCTGROUPID","de-CH","Warengruppe",1,"FORM",,01.06.2026 00:32:45,"System User",01.06.2026 00:33:14,"System User"
1642,"FORM.FRMARTICLEDETAIL.LBLPRODUCTGROUPID","en-US","Product group",1,"FORM",,01.06.2026 00:32:45,"System User",01.06.2026 00:33:14,"System User"
1643,"FORM.FRMARTICLEDETAIL.LBLPRODUCTGROUPID","fr-CH","Groupe de produits",1,"FORM",,01.06.2026 00:32:45,"System User",01.06.2026 00:33:14,"System User"
1644,"FORM.FRMARTICLEDETAIL.LBLPURCHASEPRICE","de-CH","Einkaufspreis",1,"FORM",,01.06.2026 00:33:22,"System User",01.06.2026 00:33:50,"System User"
1645,"FORM.FRMARTICLEDETAIL.LBLPURCHASEPRICE","en-US","Purchase price",1,"FORM",,01.06.2026 00:33:22,"System User",01.06.2026 00:33:50,"System User"
1646,"FORM.FRMARTICLEDETAIL.LBLPURCHASEPRICE","fr-CH","Prix d'achat",1,"FORM",,01.06.2026 00:33:22,"System User",01.06.2026 00:33:50,"System User"
1647,"FORM.FRMARTICLEDETAIL.LBLSALESPRICE","de-CH","Verkaufspreis",1,"FORM",,01.06.2026 00:33:58,"System User",01.06.2026 00:34:12,"System User"
1648,"FORM.FRMARTICLEDETAIL.LBLSALESPRICE","en-US","sales price",1,"FORM",,01.06.2026 00:33:58,"System User",01.06.2026 00:34:12,"System User"
1649,"FORM.FRMARTICLEDETAIL.LBLSALESPRICE","fr-CH","Prix de vente",1,"FORM",,01.06.2026 00:33:58,"System User",01.06.2026 00:34:12,"System User"
1650,"FORM.FRMARTICLEDETAIL.LBLUNITCODE","de-CH","Einheit",1,"FORM",,01.06.2026 00:34:24,"System User",01.06.2026 00:34:32,"System User"
1651,"FORM.FRMARTICLEDETAIL.LBLUNITCODE","en-US","Unit",1,"FORM",,01.06.2026 00:34:24,"System User",01.06.2026 00:34:32,"System User"
1652,"FORM.FRMARTICLEDETAIL.LBLUNITCODE","fr-CH","Unité",1,"FORM",,01.06.2026 00:34:24,"System User",01.06.2026 00:34:32,"System User"
1653,"FORM.FRMARTICLEDETAIL.LBLUPDATEDAT","de-CH","Aktualisiert am",1,"FORM",,01.06.2026 00:34:39,"System User",01.06.2026 00:35:18,"System User"
1654,"FORM.FRMARTICLEDETAIL.LBLUPDATEDAT","en-US","Updated on",1,"FORM",,01.06.2026 00:34:39,"System User",01.06.2026 00:35:18,"System User"
1655,"FORM.FRMARTICLEDETAIL.LBLUPDATEDAT","fr-CH","Mis à jour le",1,"FORM",,01.06.2026 00:34:39,"System User",01.06.2026 00:35:18,"System User"
1656,"FORM.FRMARTICLEDETAIL.LBLUPDATEDBY","de-CH","Aktualisiert von",1,"FORM",,01.06.2026 00:35:25,"System User",01.06.2026 00:35:37,"System User"
1657,"FORM.FRMARTICLEDETAIL.LBLUPDATEDBY","en-US","Updated by",1,"FORM",,01.06.2026 00:35:25,"System User",01.06.2026 00:35:37,"System User"
1658,"FORM.FRMARTICLEDETAIL.LBLUPDATEDBY","fr-CH","Mis à jour par",1,"FORM",,01.06.2026 00:35:25,"System User",01.06.2026 00:35:37,"System User"
1659,"FORM.FRMARTICLEDETAIL.LBLVATCODE","de-CH","MwSt-Code",1,"FORM",,01.06.2026 00:35:48,"System User",01.06.2026 00:36:17,"System User"
1660,"FORM.FRMARTICLEDETAIL.LBLVATCODE","en-US","VAT code",1,"FORM",,01.06.2026 00:35:48,"System User",01.06.2026 00:36:17,"System User"
1661,"FORM.FRMARTICLEDETAIL.LBLVATCODE","fr-CH","Code TVA",1,"FORM",,01.06.2026 00:35:48,"System User",01.06.2026 00:36:17,"System User"
1662,"FORM.FRMADDRESSDETAIL.CMDCANCEL","de-CH","Abbrechen",1,"FORM",,01.06.2026 13:03:51,"System User",01.06.2026 13:04:05,"System User"
1663,"FORM.FRMADDRESSDETAIL.CMDCANCEL","en-US","Cancel",1,"FORM",,01.06.2026 13:03:51,"System User",01.06.2026 13:04:05,"System User"
1664,"FORM.FRMADDRESSDETAIL.CMDCANCEL","fr-CH","Annuler",1,"FORM",,01.06.2026 13:03:51,"System User",01.06.2026 13:04:05,"System User"
1665,"FORM.FRMADDRESSDETAIL.CMDSAVE","de-CH","Speichern",1,"FORM",,01.06.2026 13:04:10,"System User",01.06.2026 13:04:24,"System User"
1666,"FORM.FRMADDRESSDETAIL.CMDSAVE","en-US","Save",1,"FORM",,01.06.2026 13:04:10,"System User",01.06.2026 13:04:24,"System User"
1667,"FORM.FRMADDRESSDETAIL.CMDSAVE","fr-CH","Enregistrer",1,"FORM",,01.06.2026 13:04:10,"System User",01.06.2026 13:04:24,"System User"
1668,"FORM.FRMADDRESSDETAIL.LBLISACTIVE","de-CH","Aktiv",1,"FORM",,01.06.2026 13:04:32,"System User",01.06.2026 13:04:47,"System User"
1669,"FORM.FRMADDRESSDETAIL.LBLISACTIVE","en-US","Active",1,"FORM",,01.06.2026 13:04:32,"System User",01.06.2026 13:04:47,"System User"
1670,"FORM.FRMADDRESSDETAIL.LBLISACTIVE","fr-CH","Actif",1,"FORM",,01.06.2026 13:04:32,"System User",01.06.2026 13:04:47,"System User"
1671,"FORM.FRMFWTRANSLATIONTAGGENERATOR.FORM_TITLE","de-CH","Translation-Tag-Generator",1,"FORM","278",02.06.2026 17:56:20,"SYSTEM",02.06.2026 17:56:20,"SYSTEM"
1672,"FORM.FRMFWTRANSLATIONTAGGENERATOR.FORM_TITLE","en-US","Translation tag generator",1,"FORM","278",02.06.2026 17:56:20,"SYSTEM",02.06.2026 17:56:20,"SYSTEM"
1673,"FORM.FRMFWTRANSLATIONTAGGENERATOR.FORM_TITLE","fr-CH","Generateur de balises de traduction",1,"FORM","278",02.06.2026 17:56:20,"SYSTEM",02.06.2026 17:56:20,"SYSTEM"
1674,"FORM.FRMFWTRANSLATIONTAGGENERATOR.FORM_NAME","de-CH","Formular",1,"FORM","279",02.06.2026 17:56:20,"SYSTEM",02.06.2026 17:56:20,"SYSTEM"
1675,"FORM.FRMFWTRANSLATIONTAGGENERATOR.FORM_NAME","en-US","Form",1,"FORM","279",02.06.2026 17:56:20,"SYSTEM",02.06.2026 17:56:20,"SYSTEM"
1676,"FORM.FRMFWTRANSLATIONTAGGENERATOR.FORM_NAME","fr-CH","Formulaire",1,"FORM","279",02.06.2026 17:56:20,"SYSTEM",02.06.2026 17:56:20,"SYSTEM"
1677,"FORM.FRMFWTRANSLATIONTAGGENERATOR.INCLUDE_HIDDEN","de-CH","Versteckte Controls einschliessen",1,"FORM","280",02.06.2026 17:56:20,"SYSTEM",02.06.2026 17:56:20,"SYSTEM"
1678,"FORM.FRMFWTRANSLATIONTAGGENERATOR.INCLUDE_HIDDEN","en-US","Include hidden controls",1,"FORM","280",02.06.2026 17:56:20,"SYSTEM",02.06.2026 17:56:20,"SYSTEM"
1679,"FORM.FRMFWTRANSLATIONTAGGENERATOR.INCLUDE_HIDDEN","fr-CH","Inclure les controles masques",1,"FORM","280",02.06.2026 17:56:20,"SYSTEM",02.06.2026 17:56:20,"SYSTEM"
1680,"FORM.FRMFWTRANSLATIONTAGGENERATOR.SHOW_ALL_CONTROLS","de-CH","Alle Controls anzeigen",1,"FORM","281",02.06.2026 17:56:21,"SYSTEM",02.06.2026 17:56:21,"SYSTEM"
1681,"FORM.FRMFWTRANSLATIONTAGGENERATOR.SHOW_ALL_CONTROLS","en-US","Show all controls",1,"FORM","281",02.06.2026 17:56:21,"SYSTEM",02.06.2026 17:56:21,"SYSTEM"
1682,"FORM.FRMFWTRANSLATIONTAGGENERATOR.SHOW_ALL_CONTROLS","fr-CH","Afficher tous les controles",1,"FORM","281",02.06.2026 17:56:21,"SYSTEM",02.06.2026 17:56:21,"SYSTEM"
1683,"FORM.FRMFWTRANSLATIONTAGGENERATOR.LOAD_FORM","de-CH","Formular laden",1,"FORM","282",02.06.2026 17:56:21,"SYSTEM",02.06.2026 17:56:21,"SYSTEM"
1684,"FORM.FRMFWTRANSLATIONTAGGENERATOR.LOAD_FORM","en-US","Load form",1,"FORM","282",02.06.2026 17:56:21,"SYSTEM",02.06.2026 17:56:21,"SYSTEM"
1685,"FORM.FRMFWTRANSLATIONTAGGENERATOR.LOAD_FORM","fr-CH","Charger le formulaire",1,"FORM","282",02.06.2026 17:56:21,"SYSTEM",02.06.2026 17:56:21,"SYSTEM"
1686,"FORM.FRMFWTRANSLATIONTAGGENERATOR.GENERATE_SUGGESTIONS","de-CH","Vorschlaege generieren",1,"FORM","283",02.06.2026 17:56:21,"SYSTEM",02.06.2026 17:56:21,"SYSTEM"
1687,"FORM.FRMFWTRANSLATIONTAGGENERATOR.GENERATE_SUGGESTIONS","en-US","Generate suggestions",1,"FORM","283",02.06.2026 17:56:21,"SYSTEM",02.06.2026 17:56:21,"SYSTEM"
1688,"FORM.FRMFWTRANSLATIONTAGGENERATOR.GENERATE_SUGGESTIONS","fr-CH","Generer les propositions",1,"FORM","283",02.06.2026 17:56:21,"SYSTEM",02.06.2026 17:56:21,"SYSTEM"
1689,"FORM.FRMFWTRANSLATIONTAGGENERATOR.SET_MISSING_KEYS","de-CH","Fehlende Keys setzen",1,"FORM","284",02.06.2026 17:56:21,"SYSTEM",02.06.2026 17:56:21,"SYSTEM"
1690,"FORM.FRMFWTRANSLATIONTAGGENERATOR.SET_MISSING_KEYS","en-US","Set missing keys",1,"FORM","284",02.06.2026 17:56:21,"SYSTEM",02.06.2026 17:56:21,"SYSTEM"
1691,"FORM.FRMFWTRANSLATIONTAGGENERATOR.SET_MISSING_KEYS","fr-CH","Definir les cles manquantes",1,"FORM","284",02.06.2026 17:56:21,"SYSTEM",02.06.2026 17:56:21,"SYSTEM"
1692,"FORM.FRMFWTRANSLATIONTAGGENERATOR.SET_SELECTED_KEY","de-CH","Key fuer Control setzen",1,"FORM","285",02.06.2026 17:56:21,"SYSTEM",02.06.2026 17:56:21,"SYSTEM"
1693,"FORM.FRMFWTRANSLATIONTAGGENERATOR.SET_SELECTED_KEY","en-US","Set key for control",1,"FORM","285",02.06.2026 17:56:21,"SYSTEM",02.06.2026 17:56:21,"SYSTEM"
1694,"FORM.FRMFWTRANSLATIONTAGGENERATOR.SET_SELECTED_KEY","fr-CH","Definir la cle pour le controle",1,"FORM","285",02.06.2026 17:56:21,"SYSTEM",02.06.2026 17:56:21,"SYSTEM"
1695,"FORM.FRMFWTRANSLATIONTAGGENERATOR.REMOVE_SELECTED_KEY","de-CH","Key fuer Control entfernen",1,"FORM","286",02.06.2026 17:56:21,"SYSTEM",02.06.2026 17:56:21,"SYSTEM"
1696,"FORM.FRMFWTRANSLATIONTAGGENERATOR.REMOVE_SELECTED_KEY","en-US","Remove key from control",1,"FORM","286",02.06.2026 17:56:21,"SYSTEM",02.06.2026 17:56:21,"SYSTEM"
1697,"FORM.FRMFWTRANSLATIONTAGGENERATOR.REMOVE_SELECTED_KEY","fr-CH","Supprimer la cle du controle",1,"FORM","286",02.06.2026 17:56:21,"SYSTEM",02.06.2026 17:56:21,"SYSTEM"
1698,"FORM.FRMFWTRANSLATIONTAGGENERATOR.SAVE","de-CH","Aenderungen speichern",1,"FORM","287",02.06.2026 17:56:21,"SYSTEM",02.06.2026 17:56:21,"SYSTEM"
1699,"FORM.FRMFWTRANSLATIONTAGGENERATOR.SAVE","en-US","Save changes",1,"FORM","287",02.06.2026 17:56:21,"SYSTEM",02.06.2026 17:56:21,"SYSTEM"
1700,"FORM.FRMFWTRANSLATIONTAGGENERATOR.SAVE","fr-CH","Enregistrer les modifications",1,"FORM","287",02.06.2026 17:56:21,"SYSTEM",02.06.2026 17:56:21,"SYSTEM"
1701,"FORM.FRMFWTRANSLATIONTAGGENERATOR.CANCEL","de-CH","Schliessen / verwerfen",1,"FORM","288",02.06.2026 17:56:21,"SYSTEM",02.06.2026 17:56:21,"SYSTEM"
1702,"FORM.FRMFWTRANSLATIONTAGGENERATOR.CANCEL","en-US","Close / discard",1,"FORM","288",02.06.2026 17:56:21,"SYSTEM",02.06.2026 17:56:21,"SYSTEM"
1703,"FORM.FRMFWTRANSLATIONTAGGENERATOR.CANCEL","fr-CH","Fermer / abandonner",1,"FORM","288",02.06.2026 17:56:21,"SYSTEM",02.06.2026 17:56:21,"SYSTEM"
1704,"FORM.FRMFWTRANSLATIONTAGGENERATOR.CONTROL_NAME","de-CH","Control-Name",1,"FORM","289",02.06.2026 17:56:21,"SYSTEM",02.06.2026 17:56:21,"SYSTEM"
1705,"FORM.FRMFWTRANSLATIONTAGGENERATOR.CONTROL_NAME","en-US","Control name",1,"FORM","289",02.06.2026 17:56:21,"SYSTEM",02.06.2026 17:56:21,"SYSTEM"
1706,"FORM.FRMFWTRANSLATIONTAGGENERATOR.CONTROL_NAME","fr-CH","Nom du controle",1,"FORM","289",02.06.2026 17:56:21,"SYSTEM",02.06.2026 17:56:21,"SYSTEM"
1707,"FORM.FRMFWTRANSLATIONTAGGENERATOR.CONTROL_TYPE","de-CH","Control-Typ",1,"FORM","290",02.06.2026 17:56:21,"SYSTEM",02.06.2026 17:56:21,"SYSTEM"
1708,"FORM.FRMFWTRANSLATIONTAGGENERATOR.CONTROL_TYPE","en-US","Control type",1,"FORM","290",02.06.2026 17:56:21,"SYSTEM",02.06.2026 17:56:21,"SYSTEM"
1709,"FORM.FRMFWTRANSLATIONTAGGENERATOR.CONTROL_TYPE","fr-CH","Type de controle",1,"FORM","290",02.06.2026 17:56:21,"SYSTEM",02.06.2026 17:56:21,"SYSTEM"
1710,"FORM.FRMFWTRANSLATIONTAGGENERATOR.SOURCE_TEXT","de-CH","Quelltext",1,"FORM","291",02.06.2026 17:56:21,"SYSTEM",02.06.2026 17:56:21,"SYSTEM"
1711,"FORM.FRMFWTRANSLATIONTAGGENERATOR.SOURCE_TEXT","en-US","Source text",1,"FORM","291",02.06.2026 17:56:21,"SYSTEM",02.06.2026 17:56:21,"SYSTEM"
1712,"FORM.FRMFWTRANSLATIONTAGGENERATOR.SOURCE_TEXT","fr-CH","Texte source",1,"FORM","291",02.06.2026 17:56:21,"SYSTEM",02.06.2026 17:56:21,"SYSTEM"
1713,"FORM.FRMFWTRANSLATIONTAGGENERATOR.CURRENT_TAG","de-CH","Aktueller Tag",1,"FORM","292",02.06.2026 17:56:21,"SYSTEM",02.06.2026 17:56:21,"SYSTEM"
1714,"FORM.FRMFWTRANSLATIONTAGGENERATOR.CURRENT_TAG","en-US","Current tag",1,"FORM","292",02.06.2026 17:56:21,"SYSTEM",02.06.2026 17:56:21,"SYSTEM"
1715,"FORM.FRMFWTRANSLATIONTAGGENERATOR.CURRENT_TAG","fr-CH","Balise actuelle",1,"FORM","292",02.06.2026 17:56:21,"SYSTEM",02.06.2026 17:56:21,"SYSTEM"
1716,"FORM.FRMFWTRANSLATIONTAGGENERATOR.CURRENT_TRANSLATION_KEY","de-CH","Vorhandener Translation-Key",1,"FORM","293",02.06.2026 17:56:21,"SYSTEM",02.06.2026 17:56:21,"SYSTEM"
1717,"FORM.FRMFWTRANSLATIONTAGGENERATOR.CURRENT_TRANSLATION_KEY","en-US","Existing translation key",1,"FORM","293",02.06.2026 17:56:21,"SYSTEM",02.06.2026 17:56:21,"SYSTEM"
1718,"FORM.FRMFWTRANSLATIONTAGGENERATOR.CURRENT_TRANSLATION_KEY","fr-CH","Cle de traduction existante",1,"FORM","293",02.06.2026 17:56:21,"SYSTEM",02.06.2026 17:56:21,"SYSTEM"
1719,"FORM.FRMFWTRANSLATIONTAGGENERATOR.SUGGESTED_TRANSLATION_KEY","de-CH","Vorgeschlagener Translation-Key",1,"FORM","294",02.06.2026 17:56:21,"SYSTEM",02.06.2026 17:56:21,"SYSTEM"
1720,"FORM.FRMFWTRANSLATIONTAGGENERATOR.SUGGESTED_TRANSLATION_KEY","en-US","Suggested translation key",1,"FORM","294",02.06.2026 17:56:21,"SYSTEM",02.06.2026 17:56:21,"SYSTEM"
1721,"FORM.FRMFWTRANSLATIONTAGGENERATOR.SUGGESTED_TRANSLATION_KEY","fr-CH","Cle de traduction proposee",1,"FORM","294",02.06.2026 17:56:21,"SYSTEM",02.06.2026 17:56:21,"SYSTEM"
1722,"FORM.FRMFWTRANSLATIONTAGGENERATOR.TAG_STATUS","de-CH","Tag-Status",1,"FORM","295",02.06.2026 17:56:21,"SYSTEM",02.06.2026 17:56:21,"SYSTEM"
1723,"FORM.FRMFWTRANSLATIONTAGGENERATOR.TAG_STATUS","en-US","Tag status",1,"FORM","295",02.06.2026 17:56:21,"SYSTEM",02.06.2026 17:56:21,"SYSTEM"
1724,"FORM.FRMFWTRANSLATIONTAGGENERATOR.TAG_STATUS","fr-CH","Statut de balise",1,"FORM","295",02.06.2026 17:56:21,"SYSTEM",02.06.2026 17:56:21,"SYSTEM"
1725,"MSG.FW_TRANSLATION_TAG_GENERATOR_LOAD_ERROR","de-CH","Fehler beim Laden des Translation-Tag-Generators.",1,"MSG","295",02.06.2026 17:56:21,"SYSTEM",02.06.2026 17:56:21,"SYSTEM"
1726,"MSG.FW_TRANSLATION_TAG_GENERATOR_LOAD_ERROR","en-US","Error loading the translation tag generator.",1,"MSG","295",02.06.2026 17:56:21,"SYSTEM",02.06.2026 17:56:21,"SYSTEM"
1727,"MSG.FW_TRANSLATION_TAG_GENERATOR_LOAD_ERROR","fr-CH","Erreur lors du chargement du generateur de balises de traduction.",1,"MSG","295",02.06.2026 17:56:21,"SYSTEM",02.06.2026 17:56:21,"SYSTEM"
1728,"MSG.FW_TRANSLATION_TAG_GENERATOR_LOAD_FORM_ERROR","de-CH","Fehler beim Laden des ausgewaehlten Formulars.",1,"MSG","296",02.06.2026 17:56:21,"SYSTEM",02.06.2026 17:56:21,"SYSTEM"
1729,"MSG.FW_TRANSLATION_TAG_GENERATOR_LOAD_FORM_ERROR","en-US","Error loading the selected form.",1,"MSG","296",02.06.2026 17:56:21,"SYSTEM",02.06.2026 17:56:21,"SYSTEM"
1730,"MSG.FW_TRANSLATION_TAG_GENERATOR_LOAD_FORM_ERROR","fr-CH","Erreur lors du chargement du formulaire selectionne.",1,"MSG","296",02.06.2026 17:56:21,"SYSTEM",02.06.2026 17:56:21,"SYSTEM"
1731,"MSG.FW_TRANSLATION_TAG_GENERATOR_FORM_REQUIRED","de-CH","Bitte zuerst ein Formular auswaehlen.",1,"MSG","297",02.06.2026 17:56:21,"SYSTEM",02.06.2026 17:56:21,"SYSTEM"
1732,"MSG.FW_TRANSLATION_TAG_GENERATOR_FORM_REQUIRED","en-US","Please select a form first.",1,"MSG","297",02.06.2026 17:56:21,"SYSTEM",02.06.2026 17:56:21,"SYSTEM"
1733,"MSG.FW_TRANSLATION_TAG_GENERATOR_FORM_REQUIRED","fr-CH","Veuillez d'abord selectionner un formulaire.",1,"MSG","297",02.06.2026 17:56:21,"SYSTEM",02.06.2026 17:56:21,"SYSTEM"
1734,"MSG.FW_TRANSLATION_TAG_GENERATOR_SELECT_CONTROL","de-CH","Bitte zuerst ein Control auswaehlen.",1,"MSG","298",02.06.2026 17:56:21,"SYSTEM",02.06.2026 17:56:21,"SYSTEM"
1735,"MSG.FW_TRANSLATION_TAG_GENERATOR_SELECT_CONTROL","en-US","Please select a control first.",1,"MSG","298",02.06.2026 17:56:21,"SYSTEM",02.06.2026 17:56:21,"SYSTEM"
1736,"MSG.FW_TRANSLATION_TAG_GENERATOR_SELECT_CONTROL","fr-CH","Veuillez d'abord selectionner un controle.",1,"MSG","298",02.06.2026 17:56:21,"SYSTEM",02.06.2026 17:56:21,"SYSTEM"
1737,"MSG.FW_TRANSLATION_TAG_GENERATOR_NOT_TRANSLATABLE","de-CH","Das markierte Control ist nicht fuer einen Translation-Key geeignet.",1,"MSG","299",02.06.2026 17:56:21,"SYSTEM",02.06.2026 17:56:21,"SYSTEM"
1738,"MSG.FW_TRANSLATION_TAG_GENERATOR_NOT_TRANSLATABLE","en-US","The selected control is not suitable for a translation key.",1,"MSG","299",02.06.2026 17:56:21,"SYSTEM",02.06.2026 17:56:21,"SYSTEM"
1739,"MSG.FW_TRANSLATION_TAG_GENERATOR_NOT_TRANSLATABLE","fr-CH","Le controle selectionne ne convient pas pour une cle de traduction.",1,"MSG","299",02.06.2026 17:56:21,"SYSTEM",02.06.2026 17:56:21,"SYSTEM"
1740,"MSG.FW_TRANSLATION_TAG_GENERATOR_NO_MISSING_KEYS","de-CH","Keine fehlenden Translation-Keys zum Setzen gefunden.",1,"MSG","300",02.06.2026 17:56:22,"SYSTEM",02.06.2026 17:56:22,"SYSTEM"
1741,"MSG.FW_TRANSLATION_TAG_GENERATOR_NO_MISSING_KEYS","en-US","No missing translation keys were found to set.",1,"MSG","300",02.06.2026 17:56:22,"SYSTEM",02.06.2026 17:56:22,"SYSTEM"
1742,"MSG.FW_TRANSLATION_TAG_GENERATOR_NO_MISSING_KEYS","fr-CH","Aucune cle de traduction manquante a definir n'a ete trouvee.",1,"MSG","300",02.06.2026 17:56:22,"SYSTEM",02.06.2026 17:56:22,"SYSTEM"
1743,"MSG.FW_TRANSLATION_TAG_GENERATOR_SAVE_SUCCESS","de-CH","Translation-Tags wurden gespeichert.",1,"MSG","301",02.06.2026 17:56:22,"SYSTEM",02.06.2026 17:56:22,"SYSTEM"
1744,"MSG.FW_TRANSLATION_TAG_GENERATOR_SAVE_SUCCESS","en-US","Translation tags were saved.",1,"MSG","301",02.06.2026 17:56:22,"SYSTEM",02.06.2026 17:56:22,"SYSTEM"
1745,"MSG.FW_TRANSLATION_TAG_GENERATOR_SAVE_SUCCESS","fr-CH","Les balises de traduction ont ete enregistrees.",1,"MSG","301",02.06.2026 17:56:22,"SYSTEM",02.06.2026 17:56:22,"SYSTEM"
1746,"MSG.FW_TRANSLATION_TAG_GENERATOR_SAVE_ERROR","de-CH","Fehler beim Speichern der Translation-Tags.",1,"MSG","302",02.06.2026 17:56:22,"SYSTEM",02.06.2026 17:56:22,"SYSTEM"
1747,"MSG.FW_TRANSLATION_TAG_GENERATOR_SAVE_ERROR","en-US","Error saving the translation tags.",1,"MSG","302",02.06.2026 17:56:22,"SYSTEM",02.06.2026 17:56:22,"SYSTEM"
1748,"MSG.FW_TRANSLATION_TAG_GENERATOR_SAVE_ERROR","fr-CH","Erreur lors de l'enregistrement des balises de traduction.",1,"MSG","302",02.06.2026 17:56:22,"SYSTEM",02.06.2026 17:56:22,"SYSTEM"
1749,"MSG.FW_TRANSLATION_TAG_GENERATOR_DISCARD_CONFIRM","de-CH","Ungespeicherte Tag-Aenderungen verwerfen?",1,"MSG","303",02.06.2026 17:56:22,"SYSTEM",02.06.2026 17:56:22,"SYSTEM"
1750,"MSG.FW_TRANSLATION_TAG_GENERATOR_DISCARD_CONFIRM","en-US","Discard unsaved tag changes?",1,"MSG","303",02.06.2026 17:56:22,"SYSTEM",02.06.2026 17:56:22,"SYSTEM"
1751,"MSG.FW_TRANSLATION_TAG_GENERATOR_DISCARD_CONFIRM","fr-CH","Abandonner les modifications de balises non enregistrees ?",1,"MSG","303",02.06.2026 17:56:22,"SYSTEM",02.06.2026 17:56:22,"SYSTEM"
1752,"FORM.FRMFWTRANSLATIONTAGGENERATOR.BEZEICHNUNGSFELD1","de-CH","Formularauswahl",1,"FORM",,02.06.2026 18:05:12,"System User",02.06.2026 18:08:45,"System User"
1753,"FORM.FRMFWTRANSLATIONTAGGENERATOR.BEZEICHNUNGSFELD1","en-US","Form selection",1,"FORM",,02.06.2026 18:05:12,"System User",02.06.2026 18:08:45,"System User"
1754,"FORM.FRMFWTRANSLATIONTAGGENERATOR.BEZEICHNUNGSFELD1","fr-CH","Sélection du formulaire",1,"FORM",,02.06.2026 18:05:12,"System User",02.06.2026 18:08:45,"System User"
1755,"FORM.FRMFWTRANSLATIONTAGGENERATOR.BEZEICHNUNGSFELD23","de-CH","Ausgeblendete Elemente",1,"FORM",,02.06.2026 18:05:47,"System User",02.06.2026 18:07:27,"System User"
1756,"FORM.FRMFWTRANSLATIONTAGGENERATOR.BEZEICHNUNGSFELD23","en-US","Hidden elements",1,"FORM",,02.06.2026 18:05:47,"System User",02.06.2026 18:07:27,"System User"
1757,"FORM.FRMFWTRANSLATIONTAGGENERATOR.BEZEICHNUNGSFELD23","fr-CH","Éléments masqués",1,"FORM",,02.06.2026 18:05:47,"System User",02.06.2026 18:07:27,"System User"
1758,"FORM.FRMFWTRANSLATIONTAGGENERATOR.BEZEICHNUNGSFELD24","de-CH","Nr",1,"FORM",,02.06.2026 18:07:45,"System User",02.06.2026 18:08:17,"System User"
1759,"FORM.FRMFWTRANSLATIONTAGGENERATOR.BEZEICHNUNGSFELD24","en-US","no",1,"FORM",,02.06.2026 18:07:45,"System User",02.06.2026 18:08:17,"System User"
1760,"FORM.FRMFWTRANSLATIONTAGGENERATOR.BEZEICHNUNGSFELD24","fr-CH","No",1,"FORM",,02.06.2026 18:07:45,"System User",02.06.2026 18:08:17,"System User"
1761,"FORM.FRMFWTRANSLATIONTAGGENERATOR.BEZEICHNUNGSFELD25","de-CH","Formularname",1,"FORM",,02.06.2026 18:08:51,"System User",02.06.2026 18:09:02,"System User"
1762,"FORM.FRMFWTRANSLATIONTAGGENERATOR.BEZEICHNUNGSFELD25","en-US","form name",1,"FORM",,02.06.2026 18:08:51,"System User",02.06.2026 18:09:02,"System User"
1763,"FORM.FRMFWTRANSLATIONTAGGENERATOR.BEZEICHNUNGSFELD25","fr-CH","Nom du formulaire",1,"FORM",,02.06.2026 18:08:51,"System User",02.06.2026 18:09:02,"System User"
1764,"FORM.FRMFWTRANSLATIONTAGGENERATOR.BEZEICHNUNGSFELD27","de-CH","Steuerelement",1,"FORM",,02.06.2026 18:09:27,"System User",02.06.2026 18:10:03,"System User"
1765,"FORM.FRMFWTRANSLATIONTAGGENERATOR.BEZEICHNUNGSFELD27","en-US","Control name",1,"FORM",,02.06.2026 18:09:27,"System User",02.06.2026 18:10:03,"System User"
1766,"FORM.FRMFWTRANSLATIONTAGGENERATOR.BEZEICHNUNGSFELD27","fr-CH","Nom du contrôle",1,"FORM",,02.06.2026 18:09:27,"System User",02.06.2026 18:10:03,"System User"
1767,"FORM.FRMFWTRANSLATIONTAGGENERATOR.BEZEICHNUNGSFELD28","de-CH","Steuerelemnet Typ",1,"FORM",,02.06.2026 18:10:12,"System User",02.06.2026 18:10:25,"System User"
1768,"FORM.FRMFWTRANSLATIONTAGGENERATOR.BEZEICHNUNGSFELD28","en-US","Control element type",1,"FORM",,02.06.2026 18:10:12,"System User",02.06.2026 18:10:25,"System User"
1769,"FORM.FRMFWTRANSLATIONTAGGENERATOR.BEZEICHNUNGSFELD28","fr-CH","Type de réseau de contrôle",1,"FORM",,02.06.2026 18:10:12,"System User",02.06.2026 18:10:26,"System User"
1770,"FORM.FRMFWTRANSLATIONTAGGENERATOR.BEZEICHNUNGSFELD29","de-CH","Quelltext",1,"FORM",,02.06.2026 18:10:43,"System User",02.06.2026 18:10:55,"System User"
1771,"FORM.FRMFWTRANSLATIONTAGGENERATOR.BEZEICHNUNGSFELD29","en-US","source text",1,"FORM",,02.06.2026 18:10:43,"System User",02.06.2026 18:10:55,"System User"
1772,"FORM.FRMFWTRANSLATIONTAGGENERATOR.BEZEICHNUNGSFELD29","fr-CH","Texte source",1,"FORM",,02.06.2026 18:10:43,"System User",02.06.2026 18:10:55,"System User"
1773,"FORM.FRMFWTRANSLATIONTAGGENERATOR.BEZEICHNUNGSFELD30","de-CH","Aktuelles Tag",1,"FORM",,02.06.2026 18:11:19,"System User",02.06.2026 18:11:54,"System User"
1774,"FORM.FRMFWTRANSLATIONTAGGENERATOR.BEZEICHNUNGSFELD30","en-US","Current tag",1,"FORM",,02.06.2026 18:11:19,"System User",02.06.2026 18:11:54,"System User"
1775,"FORM.FRMFWTRANSLATIONTAGGENERATOR.BEZEICHNUNGSFELD30","fr-CH","Balise actuelle",1,"FORM",,02.06.2026 18:11:19,"System User",02.06.2026 18:11:54,"System User"
1776,"FORM.FRMFWTRANSLATIONTAGGENERATOR.BEZEICHNUNGSFELD32","de-CH","Aktueller Übersetzungsschlüssel",1,"FORM",,02.06.2026 18:12:18,"System User",02.06.2026 18:12:55,"System User"
1777,"FORM.FRMFWTRANSLATIONTAGGENERATOR.BEZEICHNUNGSFELD32","en-US","Current translation key",1,"FORM",,02.06.2026 18:12:18,"System User",02.06.2026 18:12:55,"System User"
1778,"FORM.FRMFWTRANSLATIONTAGGENERATOR.BEZEICHNUNGSFELD32","fr-CH","Clé de traduction actuelle",1,"FORM",,02.06.2026 18:12:18,"System User",02.06.2026 18:12:55,"System User"
1779,"FORM.FRMFWTRANSLATIONTAGGENERATOR.BEZEICHNUNGSFELD33","de-CH","Vorgeschlagener Übersetzungsschlüssel",1,"FORM",,02.06.2026 18:13:11,"System User",02.06.2026 18:13:40,"System User"
1780,"FORM.FRMFWTRANSLATIONTAGGENERATOR.BEZEICHNUNGSFELD33","en-US","Suggested translation key",1,"FORM",,02.06.2026 18:13:11,"System User",02.06.2026 18:13:40,"System User"
1781,"FORM.FRMFWTRANSLATIONTAGGENERATOR.BEZEICHNUNGSFELD33","fr-CH","Clé de traduction suggérée",1,"FORM",,02.06.2026 18:13:11,"System User",02.06.2026 18:13:40,"System User"
1782,"FORM.FRMFWTRANSLATIONTAGGENERATOR.BEZEICHNUNGSFELD35","de-CH","Tag-Status",1,"FORM",,02.06.2026 18:13:50,"System User",02.06.2026 18:14:14,"System User"
1783,"FORM.FRMFWTRANSLATIONTAGGENERATOR.BEZEICHNUNGSFELD35","en-US","Tag status",1,"FORM",,02.06.2026 18:13:50,"System User",02.06.2026 18:14:14,"System User"
1784,"FORM.FRMFWTRANSLATIONTAGGENERATOR.BEZEICHNUNGSFELD35","fr-CH","État de la balise",1,"FORM",,02.06.2026 18:13:50,"System User",02.06.2026 18:14:14,"System User"
1785,"FORM.FRMFWTRANSLATIONTAGGENERATOR.BEZEICHNUNGSFELD36","de-CH","Relevant",1,"FORM",,02.06.2026 18:14:26,"System User",02.06.2026 18:14:36,"System User"
1786,"FORM.FRMFWTRANSLATIONTAGGENERATOR.BEZEICHNUNGSFELD36","en-US","Relevant",1,"FORM",,02.06.2026 18:14:26,"System User",02.06.2026 18:14:36,"System User"
1787,"FORM.FRMFWTRANSLATIONTAGGENERATOR.BEZEICHNUNGSFELD36","fr-CH","Relevant",1,"FORM",,02.06.2026 18:14:26,"System User",02.06.2026 18:14:36,"System User"
1788,"FORM.FRMFWTRANSLATIONTAGGENERATOR.BEZEICHNUNGSFELD37","de-CH","Sichtbar",1,"FORM",,02.06.2026 18:14:43,"System User",02.06.2026 18:14:57,"System User"
1789,"FORM.FRMFWTRANSLATIONTAGGENERATOR.BEZEICHNUNGSFELD37","en-US","Visible",1,"FORM",,02.06.2026 18:14:43,"System User",02.06.2026 18:14:57,"System User"
1790,"FORM.FRMFWTRANSLATIONTAGGENERATOR.BEZEICHNUNGSFELD37","fr-CH","Visible",1,"FORM",,02.06.2026 18:14:43,"System User",02.06.2026 18:14:57,"System User"
1791,"FORM.FRMFWTRANSLATIONTAGGENERATOR.BEZEICHNUNGSFELD38","de-CH","dirty",1,"FORM",,02.06.2026 18:15:03,"System User",06.06.2026 11:19:18,"System User"
1792,"FORM.FRMFWTRANSLATIONTAGGENERATOR.BEZEICHNUNGSFELD38","en-US","dirty",1,"FORM",,02.06.2026 18:15:03,"System User",06.06.2026 11:19:18,"System User"
1793,"FORM.FRMFWTRANSLATIONTAGGENERATOR.BEZEICHNUNGSFELD38","fr-CH","sale",1,"FORM",,02.06.2026 18:15:03,"System User",06.06.2026 11:19:18,"System User"
1794,"FORM.FRMFWTRANSLATIONTAGGENERATOR.CBOFORMNAME","de-CH","Formularauswahl",1,"FORM",,02.06.2026 18:18:13,"System User",02.06.2026 18:18:37,"System User"
1795,"FORM.FRMFWTRANSLATIONTAGGENERATOR.CBOFORMNAME","en-US","Form selection",1,"FORM",,02.06.2026 18:18:13,"System User",02.06.2026 18:18:37,"System User"
1796,"FORM.FRMFWTRANSLATIONTAGGENERATOR.CBOFORMNAME","fr-CH","Sélection du formulaire",1,"FORM",,02.06.2026 18:18:13,"System User",02.06.2026 18:18:37,"System User"
1797,"FORM.FRMFWTRANSLATIONTAGGENERATOR.CHKINCLUDEHIDDEN","de-CH","Ausgeblendete Objekte",1,"FORM",,02.06.2026 18:18:47,"System User",02.06.2026 18:19:44,"System User"
1798,"FORM.FRMFWTRANSLATIONTAGGENERATOR.CHKINCLUDEHIDDEN","en-US","Hidden objects",1,"FORM",,02.06.2026 18:18:47,"System User",02.06.2026 18:19:44,"System User"
1799,"FORM.FRMFWTRANSLATIONTAGGENERATOR.CHKINCLUDEHIDDEN","fr-CH","Objets cachés",1,"FORM",,02.06.2026 18:18:47,"System User",02.06.2026 18:19:44,"System User"
1800,"FORM.FRMFWTRANSLATIONTAGGENERATOR.CHKSHOWALLCONTROLS","de-CH","Alle Steuerelemente",1,"FORM",,02.06.2026 18:20:11,"System User",02.06.2026 18:20:56,"System User"
1801,"FORM.FRMFWTRANSLATIONTAGGENERATOR.CHKSHOWALLCONTROLS","en-US","All controls",1,"FORM",,02.06.2026 18:20:11,"System User",02.06.2026 18:20:56,"System User"
1802,"FORM.FRMFWTRANSLATIONTAGGENERATOR.CHKSHOWALLCONTROLS","fr-CH","Tous les contrôles",1,"FORM",,02.06.2026 18:20:11,"System User",02.06.2026 18:20:56,"System User"
1803,"FORM.FRMFWTRANSLATIONTAGGENERATOR.CMDCANCEL","de-CH","Abbrechen",1,"FORM",,02.06.2026 18:21:03,"System User",02.06.2026 18:21:18,"System User"
1804,"FORM.FRMFWTRANSLATIONTAGGENERATOR.CMDCANCEL","en-US","Cancel",1,"FORM",,02.06.2026 18:21:03,"System User",02.06.2026 18:21:18,"System User"
1805,"FORM.FRMFWTRANSLATIONTAGGENERATOR.CMDCANCEL","fr-CH","Annuler",1,"FORM",,02.06.2026 18:21:03,"System User",02.06.2026 18:21:18,"System User"
1806,"FORM.FRMFWTRANSLATIONTAGGENERATOR.CMDGENERATESUGGESTIONS","de-CH","Vorschläge generieren",1,"FORM",,02.06.2026 18:21:28,"System User",02.06.2026 18:22:02,"System User"
1807,"FORM.FRMFWTRANSLATIONTAGGENERATOR.CMDGENERATESUGGESTIONS","en-US","Generate suggestions",1,"FORM",,02.06.2026 18:21:28,"System User",02.06.2026 18:22:02,"System User"
1808,"FORM.FRMFWTRANSLATIONTAGGENERATOR.CMDGENERATESUGGESTIONS","fr-CH","Générer des suggestions",1,"FORM",,02.06.2026 18:21:28,"System User",02.06.2026 18:22:02,"System User"
1809,"FORM.FRMFWTRANSLATIONTAGGENERATOR.CMDLOADFORM","de-CH","Formular laden",1,"FORM",,02.06.2026 18:22:14,"System User",02.06.2026 18:22:30,"System User"
1810,"FORM.FRMFWTRANSLATIONTAGGENERATOR.CMDLOADFORM","en-US","Load form",1,"FORM",,02.06.2026 18:22:14,"System User",02.06.2026 18:22:30,"System User"
1811,"FORM.FRMFWTRANSLATIONTAGGENERATOR.CMDLOADFORM","fr-CH","Charger le formulaire",1,"FORM",,02.06.2026 18:22:14,"System User",02.06.2026 18:22:30,"System User"
1812,"FORM.FRMFWTRANSLATIONTAGGENERATOR.CMDREMOVESELECTEDKEY","de-CH","Ausgewählten Schlüssel entfernen",1,"FORM",,02.06.2026 18:22:46,"System User",02.06.2026 18:23:17,"System User"
1813,"FORM.FRMFWTRANSLATIONTAGGENERATOR.CMDREMOVESELECTEDKEY","en-US","Remove selected key",1,"FORM",,02.06.2026 18:22:46,"System User",02.06.2026 18:23:17,"System User"
1814,"FORM.FRMFWTRANSLATIONTAGGENERATOR.CMDREMOVESELECTEDKEY","fr-CH","Supprimer la clé sélectionnée",1,"FORM",,02.06.2026 18:22:46,"System User",02.06.2026 18:23:17,"System User"
1815,"FORM.FRMFWTRANSLATIONTAGGENERATOR.CMDSAVE","de-CH","Speichern",1,"FORM",,02.06.2026 18:23:25,"System User",02.06.2026 18:23:35,"System User"
1816,"FORM.FRMFWTRANSLATIONTAGGENERATOR.CMDSAVE","en-US","Save",1,"FORM",,02.06.2026 18:23:25,"System User",02.06.2026 18:23:35,"System User"
1817,"FORM.FRMFWTRANSLATIONTAGGENERATOR.CMDSAVE","fr-CH","Enregistrer",1,"FORM",,02.06.2026 18:23:25,"System User",02.06.2026 18:23:35,"System User"
1818,"FORM.FRMFWTRANSLATIONTAGGENERATOR.CMDSETMISSINGKEYS","de-CH","Setze fehlende Schlüssel",1,"FORM",,02.06.2026 18:23:44,"System User",02.06.2026 18:24:11,"System User"
1819,"FORM.FRMFWTRANSLATIONTAGGENERATOR.CMDSETMISSINGKEYS","en-US","Set missing keys",1,"FORM",,02.06.2026 18:23:44,"System User",02.06.2026 18:24:11,"System User"
1820,"FORM.FRMFWTRANSLATIONTAGGENERATOR.CMDSETMISSINGKEYS","fr-CH","Définir les clés manquantes",1,"FORM",,02.06.2026 18:23:44,"System User",02.06.2026 18:24:11,"System User"
1821,"FORM.FRMFWTRANSLATIONTAGGENERATOR.CMDSETSELECTEDKEY","de-CH","Setze ausgewählten Schlüssel",1,"FORM",,02.06.2026 18:24:22,"System User",02.06.2026 18:24:42,"System User"
1822,"FORM.FRMFWTRANSLATIONTAGGENERATOR.CMDSETSELECTEDKEY","en-US","Set selected key",1,"FORM",,02.06.2026 18:24:22,"System User",02.06.2026 18:24:42,"System User"
1823,"FORM.FRMFWTRANSLATIONTAGGENERATOR.CMDSETSELECTEDKEY","fr-CH","Définir la clé sélectionnée",1,"FORM",,02.06.2026 18:24:22,"System User",02.06.2026 18:24:42,"System User"
1824,"FORM.FRMFWTRANSLATIONTAGGENERATOR.KONTROLLKÄSTCHEN39","de-CH","<neu>",1,"FORM",,02.06.2026 18:25:01,"System User",02.06.2026 18:25:01,"System User"
1825,"FORM.FRMFWTRANSLATIONTAGGENERATOR.KONTROLLKÄSTCHEN39","en-US","<neu>",1,"FORM",,02.06.2026 18:25:01,"System User",02.06.2026 18:25:01,"System User"
1826,"FORM.FRMFWTRANSLATIONTAGGENERATOR.KONTROLLKÄSTCHEN39","fr-CH","<neu>",1,"FORM",,02.06.2026 18:25:01,"System User",02.06.2026 18:25:01,"System User"
1827,"FORM.FRMFWTRANSLATIONTAGGENERATOR.LBLHEADER","de-CH","Übersetzungs-Tag Generator",1,"FORM",,02.06.2026 18:25:32,"System User",02.06.2026 18:26:42,"System User"
1828,"FORM.FRMFWTRANSLATIONTAGGENERATOR.LBLHEADER","en-US","Translation Tag Generator",1,"FORM",,02.06.2026 18:25:32,"System User",02.06.2026 18:26:42,"System User"
1829,"FORM.FRMFWTRANSLATIONTAGGENERATOR.LBLHEADER","fr-CH","Générateur de balises de traduction",1,"FORM",,02.06.2026 18:25:32,"System User",02.06.2026 18:26:42,"System User"
1830,"FORM.FRMFWTRANSLATIONTAGGENERATOR.ROW_NO","de-CH","Nr",1,"FORM",,02.06.2026 18:26:52,"System User",02.06.2026 18:27:10,"System User"
1831,"FORM.FRMFWTRANSLATIONTAGGENERATOR.ROW_NO","en-US","No",1,"FORM",,02.06.2026 18:26:52,"System User",02.06.2026 18:27:10,"System User"
1832,"FORM.FRMFWTRANSLATIONTAGGENERATOR.ROW_NO","fr-CH","Nr",1,"FORM",,02.06.2026 18:26:52,"System User",02.06.2026 18:27:10,"System User"
1833,"FORM.FRMFWTRANSLATIONTAGGENERATOR.TEXT26","de-CH","<neu>",1,"FORM",,02.06.2026 18:27:19,"System User",02.06.2026 18:27:19,"System User"
1834,"FORM.FRMFWTRANSLATIONTAGGENERATOR.TEXT26","en-US","<neu>",1,"FORM",,02.06.2026 18:27:19,"System User",02.06.2026 18:27:19,"System User"
1835,"FORM.FRMFWTRANSLATIONTAGGENERATOR.TEXT26","fr-CH","<neu>",1,"FORM",,02.06.2026 18:27:19,"System User",02.06.2026 18:27:19,"System User"
1836,"FORM.FRMFWTRANSLATIONTAGGENERATOR.TEXT34","de-CH","<neu>",1,"FORM",,02.06.2026 18:27:32,"System User",02.06.2026 18:27:32,"System User"
1837,"FORM.FRMFWTRANSLATIONTAGGENERATOR.TEXT34","en-US","<neu>",1,"FORM",,02.06.2026 18:27:32,"System User",02.06.2026 18:27:32,"System User"
1838,"FORM.FRMFWTRANSLATIONTAGGENERATOR.TEXT34","fr-CH","<neu>",1,"FORM",,02.06.2026 18:27:32,"System User",02.06.2026 18:27:32,"System User"
1839,"FORM.FRMFWTRANSLATIONEDIT.CMDCANCEL","de-CH","Abbrechen",1,"FORM",,03.06.2026 12:20:15,"System User",03.06.2026 12:20:34,"System User"
1840,"FORM.FRMFWTRANSLATIONEDIT.CMDCANCEL","en-US","Cancel",1,"FORM",,03.06.2026 12:20:16,"System User",03.06.2026 12:20:34,"System User"
1841,"FORM.FRMFWTRANSLATIONEDIT.CMDCANCEL","fr-CH","Annuler",1,"FORM",,03.06.2026 12:20:16,"System User",03.06.2026 12:20:34,"System User"
1842,"FORM.FRMFWTRANSLATIONEDIT.CMDDEEPL","de-CH","DeepL",1,"FORM",,03.06.2026 12:20:50,"System User",03.06.2026 12:21:06,"System User"
1843,"FORM.FRMFWTRANSLATIONEDIT.CMDDEEPL","en-US","DeepL",1,"FORM",,03.06.2026 12:20:50,"System User",03.06.2026 12:21:06,"System User"
1844,"FORM.FRMFWTRANSLATIONEDIT.CMDDEEPL","fr-CH","DeepL",1,"FORM",,03.06.2026 12:20:50,"System User",03.06.2026 12:21:06,"System User"
1845,"FORM.FRMFWTRANSLATIONEDIT.CMDSAVE","de-CH","Speichern",1,"FORM",,03.06.2026 12:21:12,"System User",03.06.2026 12:21:21,"System User"
1846,"FORM.FRMFWTRANSLATIONEDIT.CMDSAVE","en-US","Save",1,"FORM",,03.06.2026 12:21:12,"System User",03.06.2026 12:21:21,"System User"
1847,"FORM.FRMFWTRANSLATIONEDIT.CMDSAVE","fr-CH","Enregistrer",1,"FORM",,03.06.2026 12:21:12,"System User",03.06.2026 12:21:21,"System User"
1848,"FORM.FRMFWTRANSLATIONEDIT.LBKSCOPECODE","de-CH","Umfang",1,"FORM",,03.06.2026 12:21:30,"System User",03.06.2026 12:22:31,"System User"
1849,"FORM.FRMFWTRANSLATIONEDIT.LBKSCOPECODE","en-US","Scope",1,"FORM",,03.06.2026 12:21:30,"System User",03.06.2026 12:22:32,"System User"
1850,"FORM.FRMFWTRANSLATIONEDIT.LBKSCOPECODE","fr-CH","Portée",1,"FORM",,03.06.2026 12:21:30,"System User",03.06.2026 12:22:32,"System User"
1851,"FORM.FRMFWTRANSLATIONEDIT.LBLAUDITSTATUS","de-CH","Audit-Status",1,"FORM",,03.06.2026 12:22:40,"System User",03.06.2026 12:23:41,"System User"
1852,"FORM.FRMFWTRANSLATIONEDIT.LBLAUDITSTATUS","en-US","Audit status",1,"FORM",,03.06.2026 12:22:40,"System User",03.06.2026 12:23:41,"System User"
1853,"FORM.FRMFWTRANSLATIONEDIT.LBLAUDITSTATUS","fr-CH","Statut d'audit",1,"FORM",,03.06.2026 12:22:40,"System User",03.06.2026 12:23:41,"System User"
1854,"FORM.FRMFWTRANSLATIONEDIT.LBLFALLBACKTEXT","de-CH","Fallback-Text",1,"FORM",,03.06.2026 12:23:53,"System User",03.06.2026 12:24:31,"System User"
1855,"FORM.FRMFWTRANSLATIONEDIT.LBLFALLBACKTEXT","en-US","Fallback text",1,"FORM",,03.06.2026 12:23:53,"System User",03.06.2026 12:24:31,"System User"
1856,"FORM.FRMFWTRANSLATIONEDIT.LBLFALLBACKTEXT","fr-CH","Texte de repli",1,"FORM",,03.06.2026 12:23:53,"System User",03.06.2026 12:24:31,"System User"
1857,"FORM.FRMFWTRANSLATIONEDIT.LBLSOURCECONTROL","de-CH","Quellsteuerelement",1,"FORM",,03.06.2026 12:24:42,"System User",03.06.2026 12:25:22,"System User"
1858,"FORM.FRMFWTRANSLATIONEDIT.LBLSOURCECONTROL","en-US","Source control",1,"FORM",,03.06.2026 12:24:42,"System User",03.06.2026 12:25:22,"System User"
1859,"FORM.FRMFWTRANSLATIONEDIT.LBLSOURCECONTROL","fr-CH","Contrôle de la source",1,"FORM",,03.06.2026 12:24:42,"System User",03.06.2026 12:25:22,"System User"
1860,"FORM.FRMFWTRANSLATIONEDIT.LBLSOURCEOBJECT","de-CH","Quellobjekt",1,"FORM",,03.06.2026 12:31:51,"System User",03.06.2026 12:32:20,"System User"
1861,"FORM.FRMFWTRANSLATIONEDIT.LBLSOURCEOBJECT","en-US","Source object",1,"FORM",,03.06.2026 12:31:51,"System User",03.06.2026 12:32:20,"System User"
1862,"FORM.FRMFWTRANSLATIONEDIT.LBLSOURCEOBJECT","fr-CH","Objet source",1,"FORM",,03.06.2026 12:31:51,"System User",03.06.2026 12:32:20,"System User"
1863,"FORM.FRMFWTRANSLATIONEDIT.LBLSOURCETYPE","de-CH","Quelltyp",1,"FORM",,03.06.2026 12:32:30,"System User",03.06.2026 12:32:42,"System User"
1864,"FORM.FRMFWTRANSLATIONEDIT.LBLSOURCETYPE","en-US","Source type",1,"FORM",,03.06.2026 12:32:30,"System User",03.06.2026 12:32:42,"System User"
1865,"FORM.FRMFWTRANSLATIONEDIT.LBLSOURCETYPE","fr-CH","Type de source",1,"FORM",,03.06.2026 12:32:30,"System User",03.06.2026 12:32:42,"System User"
1866,"FORM.FRMFWTRANSLATIONEDIT.LBLTRANSLATIONDECH","de-CH","Deutsch",1,"FORM",,03.06.2026 12:32:57,"System User",06.06.2026 11:01:22,"System User"
1867,"FORM.FRMFWTRANSLATIONEDIT.LBLTRANSLATIONDECH","en-US","German",1,"FORM",,03.06.2026 12:32:57,"System User",06.06.2026 11:01:22,"System User"
1868,"FORM.FRMFWTRANSLATIONEDIT.LBLTRANSLATIONDECH","fr-CH","Allemand",1,"FORM",,03.06.2026 12:32:57,"System User",06.06.2026 11:01:22,"System User"
1869,"FORM.FRMFWTRANSLATIONEDIT.LBLTRANSLATIONENUS","de-CH","Englisch",1,"FORM",,03.06.2026 12:34:24,"System User",06.06.2026 11:01:53,"System User"
1870,"FORM.FRMFWTRANSLATIONEDIT.LBLTRANSLATIONENUS","en-US","English",1,"FORM",,03.06.2026 12:34:24,"System User",06.06.2026 11:01:53,"System User"
1871,"FORM.FRMFWTRANSLATIONEDIT.LBLTRANSLATIONENUS","fr-CH","Anglais",1,"FORM",,03.06.2026 12:34:24,"System User",06.06.2026 11:01:53,"System User"
1872,"FORM.FRMFWTRANSLATIONEDIT.LBLTRANSLATIONFRFR","de-CH","Französisch",1,"FORM",,03.06.2026 12:35:15,"System User",06.06.2026 11:02:13,"System User"
1873,"FORM.FRMFWTRANSLATIONEDIT.LBLTRANSLATIONFRFR","en-US","French",1,"FORM",,03.06.2026 12:35:15,"System User",06.06.2026 11:02:13,"System User"
1874,"FORM.FRMFWTRANSLATIONEDIT.LBLTRANSLATIONFRFR","fr-CH","Français",1,"FORM",,03.06.2026 12:35:15,"System User",06.06.2026 11:02:13,"System User"
1875,"FORM.FRMFWTRANSLATIONEDIT.LBLTRANSLATIONKEY","de-CH","Schlüssel",1,"FORM",,03.06.2026 12:36:04,"System User",03.06.2026 12:36:16,"System User"
1876,"FORM.FRMFWTRANSLATIONEDIT.LBLTRANSLATIONKEY","en-US","key",1,"FORM",,03.06.2026 12:36:04,"System User",03.06.2026 12:36:16,"System User"
1877,"FORM.FRMFWTRANSLATIONEDIT.LBLTRANSLATIONKEY","fr-CH","Clé",1,"FORM",,03.06.2026 12:36:04,"System User",03.06.2026 12:36:16,"System User"
1878,"FORM.FRMFWTRANSLATIONTAGGENERATOR.KONTROLLKÄSTCHEN41","de-CH","Visible",1,"FORM","0",03.06.2026 17:44:07,"SYSTEM",04.06.2026 11:17:35,"System User"
1879,"FORM.FRMFWTRANSLATIONTAGGENERATOR.KONTROLLKÄSTCHEN41","en-US","Visible",1,"FORM","0",03.06.2026 17:44:07,"SYSTEM",04.06.2026 11:17:35,"System User"
1880,"FORM.FRMFWTRANSLATIONTAGGENERATOR.KONTROLLKÄSTCHEN41","fr-CH","Visible",1,"FORM","0",03.06.2026 17:44:07,"SYSTEM",04.06.2026 11:17:35,"System User"
1881,"FORM.FRMFWTRANSLATIONTAGGENERATOR.KONTROLLKÄSTCHEN42","de-CH","dirty",1,"FORM","0",03.06.2026 17:44:07,"SYSTEM",06.06.2026 11:19:32,"System User"
1882,"FORM.FRMFWTRANSLATIONTAGGENERATOR.KONTROLLKÄSTCHEN42","en-US","dirty",1,"FORM","0",03.06.2026 17:44:07,"SYSTEM",06.06.2026 11:19:32,"System User"
1883,"FORM.FRMFWTRANSLATIONTAGGENERATOR.KONTROLLKÄSTCHEN42","fr-CH","sale",1,"FORM","0",03.06.2026 17:44:07,"SYSTEM",06.06.2026 11:19:33,"System User"
1884,"FORM.FRMFWTRANSLATIONTAGGENERATOR.TEXT31","de-CH","Text31",1,"FORM","0",03.06.2026 17:44:07,"SYSTEM",04.06.2026 11:18:45,"System User"
1885,"FORM.FRMFWTRANSLATIONTAGGENERATOR.TEXT31","en-US","Text31",1,"FORM","0",03.06.2026 17:44:07,"SYSTEM",04.06.2026 11:18:45,"System User"
1886,"FORM.FRMFWTRANSLATIONTAGGENERATOR.TEXT31","fr-CH","Text31",1,"FORM","0",03.06.2026 17:44:07,"SYSTEM",04.06.2026 11:18:45,"System User"
1887,"FORM.FRMFWTRANSLATIONAUDIT.CMDCLEARFILTERS","de-CH","Filter Reset",1,"FORM",,05.06.2026 18:33:56,"System User",05.06.2026 18:35:20,"System User"
1888,"FORM.FRMFWTRANSLATIONAUDIT.CMDCLEARFILTERS","en-US","Clear Filters",1,"FORM",,05.06.2026 18:33:56,"System User",05.06.2026 18:35:20,"System User"
1889,"FORM.FRMFWTRANSLATIONAUDIT.CMDCLEARFILTERS","fr-CH","Effacer les filtres",1,"FORM",,05.06.2026 18:33:56,"System User",05.06.2026 18:35:20,"System User"
1890,"FORM.FRMFWTRANSLATIONAUDIT.CMDCREATEMISSINGROWS","de-CH","Fehlende erstellen",1,"FORM",,05.06.2026 18:35:50,"System User",05.06.2026 18:37:06,"System User"
1891,"FORM.FRMFWTRANSLATIONAUDIT.CMDCREATEMISSINGROWS","en-US","Create Missing",1,"FORM",,05.06.2026 18:35:50,"System User",05.06.2026 18:37:06,"System User"
1892,"FORM.FRMFWTRANSLATIONAUDIT.CMDCREATEMISSINGROWS","fr-CH","Créer les lignes manquantes",1,"FORM",,05.06.2026 18:35:50,"System User",05.06.2026 18:37:06,"System User"
1893,"FORM.FRMFWTRANSLATIONAUDIT.LBLFALLBACKTEXT","de-CH","Ersatztext",1,"FORM",,05.06.2026 18:37:17,"System User",05.06.2026 18:37:39,"System User"
1894,"FORM.FRMFWTRANSLATIONAUDIT.LBLFALLBACKTEXT","en-US","Fallback text",1,"FORM",,05.06.2026 18:37:17,"System User",05.06.2026 18:37:39,"System User"
1895,"FORM.FRMFWTRANSLATIONAUDIT.LBLFALLBACKTEXT","fr-CH","Texte de secours",1,"FORM",,05.06.2026 18:37:17,"System User",05.06.2026 18:37:40,"System User"
1896,"FORM.FRMFWTRANSLATIONAUDIT.LBLFORMTITLE","de-CH","Übersetzungen prüfen",1,"FORM",,05.06.2026 18:38:01,"System User",05.06.2026 18:39:12,"System User"
1897,"FORM.FRMFWTRANSLATIONAUDIT.LBLFORMTITLE","en-US","Translations Audit",1,"FORM",,05.06.2026 18:38:01,"System User",05.06.2026 18:39:12,"System User"
1898,"FORM.FRMFWTRANSLATIONAUDIT.LBLFORMTITLE","fr-CH","Vérifier les traductions",1,"FORM",,05.06.2026 18:38:01,"System User",05.06.2026 18:39:12,"System User"
1899,"FORM.FRMFWTRANSLATIONAUDIT.LBLISACTIVE","de-CH","Aktiv",1,"FORM",,05.06.2026 18:39:22,"System User",05.06.2026 18:39:34,"System User"
1900,"FORM.FRMFWTRANSLATIONAUDIT.LBLISACTIVE","en-US","Active",1,"FORM",,05.06.2026 18:39:22,"System User",05.06.2026 18:39:34,"System User"
1901,"FORM.FRMFWTRANSLATIONAUDIT.LBLISACTIVE","fr-CH","Actif",1,"FORM",,05.06.2026 18:39:22,"System User",05.06.2026 18:39:34,"System User"
1902,"FORM.FRMFWTRANSLATIONAUDIT.LBLPRODUCTGROUPID","de-CH","Fehlbenennung",1,"FORM",,05.06.2026 18:39:44,"System User",05.06.2026 18:49:01,"System User"
1903,"FORM.FRMFWTRANSLATIONAUDIT.LBLPRODUCTGROUPID","en-US","Incorrect naming",1,"FORM",,05.06.2026 18:39:44,"System User",05.06.2026 18:49:01,"System User"
1904,"FORM.FRMFWTRANSLATIONAUDIT.LBLPRODUCTGROUPID","fr-CH","Nom incorrect",1,"FORM",,05.06.2026 18:39:44,"System User",05.06.2026 18:49:01,"System User"
1905,"FORM.FRMFWTRANSLATIONAUDIT.LBLTRANSLATIONKEY","de-CH","Schlüssel",1,"FORM",,05.06.2026 18:46:01,"System User",05.06.2026 18:47:57,"System User"
1906,"FORM.FRMFWTRANSLATIONAUDIT.LBLTRANSLATIONKEY","en-US","Key",1,"FORM",,05.06.2026 18:46:01,"System User",05.06.2026 18:47:57,"System User"
1907,"FORM.FRMFWTRANSLATIONAUDIT.LBLTRANSLATIONKEY","fr-CH","Clé",1,"FORM",,05.06.2026 18:46:01,"System User",05.06.2026 18:47:57,"System User"
1908,"FORM.FRMFWTRANSLATIONAUDIT.LBLTRANSLATIONVALUE","de-CH","Übersetzung",1,"FORM",,05.06.2026 18:46:31,"System User",05.06.2026 18:46:48,"System User"
1909,"FORM.FRMFWTRANSLATIONAUDIT.LBLTRANSLATIONVALUE","en-US","Translation",1,"FORM",,05.06.2026 18:46:31,"System User",05.06.2026 18:46:48,"System User"
1910,"FORM.FRMFWTRANSLATIONAUDIT.LBLTRANSLATIONVALUE","fr-CH","Traduction",1,"FORM",,05.06.2026 18:46:31,"System User",05.06.2026 18:46:48,"System User"
1911,"FORM.FRMFWNAVIGATIONADMIN.CMDDEACTIVATE","de-CH","Deaktivieren",1,"FORM",,06.06.2026 10:39:41,"System User",06.06.2026 10:39:54,"System User"
1912,"FORM.FRMFWNAVIGATIONADMIN.CMDDEACTIVATE","en-US","Deactivate",1,"FORM",,06.06.2026 10:39:41,"System User",06.06.2026 10:39:54,"System User"
1913,"FORM.FRMFWNAVIGATIONADMIN.CMDDEACTIVATE","fr-CH","Désactiver",1,"FORM",,06.06.2026 10:39:41,"System User",06.06.2026 10:39:54,"System User"
1914,"FORM.FRMFWNAVIGATIONADMIN.CMDHIDE","de-CH","Ausblenden",1,"FORM",,06.06.2026 10:40:01,"System User",06.06.2026 10:40:11,"System User"
1915,"FORM.FRMFWNAVIGATIONADMIN.CMDHIDE","en-US","Hide",1,"FORM",,06.06.2026 10:40:01,"System User",06.06.2026 10:40:11,"System User"
1916,"FORM.FRMFWNAVIGATIONADMIN.CMDHIDE","fr-CH","Masquer",1,"FORM",,06.06.2026 10:40:01,"System User",06.06.2026 10:40:11,"System User"
1917,"FORM.FRMFWNAVIGATIONADMIN.CMDNEWGROUP","de-CH","Neue Gruppe",1,"FORM",,06.06.2026 10:40:19,"System User",06.06.2026 10:40:39,"System User"
1918,"FORM.FRMFWNAVIGATIONADMIN.CMDNEWGROUP","en-US","New Group",1,"FORM",,06.06.2026 10:40:19,"System User",06.06.2026 10:40:39,"System User"
1919,"FORM.FRMFWNAVIGATIONADMIN.CMDNEWGROUP","fr-CH","Nouveau groupe",1,"FORM",,06.06.2026 10:40:19,"System User",06.06.2026 10:40:39,"System User"
1920,"FORM.FRMFWNAVIGATIONADMIN.CMDNEWITEM","de-CH","Neuer Menüpunkt",1,"FORM",,06.06.2026 10:40:52,"System User",06.06.2026 10:41:13,"System User"
1921,"FORM.FRMFWNAVIGATIONADMIN.CMDNEWITEM","en-US","New menu item",1,"FORM",,06.06.2026 10:40:52,"System User",06.06.2026 10:41:13,"System User"
1922,"FORM.FRMFWNAVIGATIONADMIN.CMDNEWITEM","fr-CH","Nouvel élément de menu",1,"FORM",,06.06.2026 10:40:52,"System User",06.06.2026 10:41:13,"System User"
1923,"FORM.FRMFWNAVIGATIONADMIN.CMDREFRESH","de-CH","Aktualisieren",1,"FORM",,06.06.2026 10:41:21,"System User",06.06.2026 10:41:34,"System User"
1924,"FORM.FRMFWNAVIGATIONADMIN.CMDREFRESH","en-US","Refresh",1,"FORM",,06.06.2026 10:41:21,"System User",06.06.2026 10:41:34,"System User"
1925,"FORM.FRMFWNAVIGATIONADMIN.CMDREFRESH","fr-CH","Actualiser",1,"FORM",,06.06.2026 10:41:21,"System User",06.06.2026 10:41:34,"System User"
1926,"FORM.FRMFWNAVIGATIONADMIN.CMDSAVE","de-CH","Speichern",1,"FORM",,06.06.2026 10:41:41,"System User",06.06.2026 10:41:50,"System User"
1927,"FORM.FRMFWNAVIGATIONADMIN.CMDSAVE","en-US","Save",1,"FORM",,06.06.2026 10:41:41,"System User",06.06.2026 10:41:50,"System User"
1928,"FORM.FRMFWNAVIGATIONADMIN.CMDSAVE","fr-CH","Enregistrer",1,"FORM",,06.06.2026 10:41:41,"System User",06.06.2026 10:41:50,"System User"
1929,"FORM.FRMFWNAVIGATIONADMIN.CMDSHOW","de-CH","Anzeigen",1,"FORM",,06.06.2026 10:41:57,"System User",06.06.2026 10:42:06,"System User"
1930,"FORM.FRMFWNAVIGATIONADMIN.CMDSHOW","en-US","Display",1,"FORM",,06.06.2026 10:41:57,"System User",06.06.2026 10:42:06,"System User"
1931,"FORM.FRMFWNAVIGATIONADMIN.CMDSHOW","fr-CH","Afficher",1,"FORM",,06.06.2026 10:41:57,"System User",06.06.2026 10:42:06,"System User"
1932,"FORM.FRMFWNAVIGATIONADMIN.CMDTESTOPEN","de-CH","Testen",1,"FORM",,06.06.2026 10:42:14,"System User",06.06.2026 10:42:24,"System User"
1933,"FORM.FRMFWNAVIGATIONADMIN.CMDTESTOPEN","en-US","Test",1,"FORM",,06.06.2026 10:42:14,"System User",06.06.2026 10:42:24,"System User"
1934,"FORM.FRMFWNAVIGATIONADMIN.CMDTESTOPEN","fr-CH","Tester",1,"FORM",,06.06.2026 10:42:14,"System User",06.06.2026 10:42:24,"System User"
1935,"FORM.FRMFWNAVIGATIONADMIN.LBLCAPTIONKEY","de-CH","Schlüssel",1,"FORM",,06.06.2026 10:42:32,"System User",06.06.2026 10:43:04,"System User"
1936,"FORM.FRMFWNAVIGATIONADMIN.LBLCAPTIONKEY","en-US","Key",1,"FORM",,06.06.2026 10:42:32,"System User",06.06.2026 10:43:04,"System User"
1937,"FORM.FRMFWNAVIGATIONADMIN.LBLCAPTIONKEY","fr-CH","Clé",1,"FORM",,06.06.2026 10:42:32,"System User",06.06.2026 10:43:04,"System User"
1938,"FORM.FRMFWNAVIGATIONADMIN.LBLFALLBACK","de-CH","Ersatztext",1,"FORM",,06.06.2026 10:43:16,"System User",06.06.2026 10:44:09,"System User"
1939,"FORM.FRMFWNAVIGATIONADMIN.LBLFALLBACK","en-US","Fallback text",1,"FORM",,06.06.2026 10:43:16,"System User",06.06.2026 10:44:09,"System User"
1940,"FORM.FRMFWNAVIGATIONADMIN.LBLFALLBACK","fr-CH","Texte de remplacement",1,"FORM",,06.06.2026 10:43:16,"System User",06.06.2026 10:44:09,"System User"
1941,"FORM.FRMFWNAVIGATIONADMIN.LBLISACTIVE","de-CH","Aktiv",1,"FORM",,06.06.2026 10:44:23,"System User",06.06.2026 10:44:31,"System User"
1942,"FORM.FRMFWNAVIGATIONADMIN.LBLISACTIVE","en-US","Active",1,"FORM",,06.06.2026 10:44:23,"System User",06.06.2026 10:44:32,"System User"
1943,"FORM.FRMFWNAVIGATIONADMIN.LBLISACTIVE","fr-CH","Actif",1,"FORM",,06.06.2026 10:44:23,"System User",06.06.2026 10:44:32,"System User"
1944,"FORM.FRMFWNAVIGATIONADMIN.LBLISEXPANDED","de-CH","Offen, Erweitert",1,"FORM",,06.06.2026 10:44:43,"System User",06.06.2026 10:46:56,"System User"
1945,"FORM.FRMFWNAVIGATIONADMIN.LBLISEXPANDED","en-US","Expanded",1,"FORM",,06.06.2026 10:44:43,"System User",06.06.2026 10:46:56,"System User"
1946,"FORM.FRMFWNAVIGATIONADMIN.LBLISEXPANDED","fr-CH","Développé",1,"FORM",,06.06.2026 10:44:43,"System User",06.06.2026 10:46:56,"System User"
1947,"FORM.FRMFWNAVIGATIONADMIN.LBLISVISIBLE","de-CH","Sichtbar",1,"FORM",,06.06.2026 10:47:08,"System User",06.06.2026 10:47:16,"System User"
1948,"FORM.FRMFWNAVIGATIONADMIN.LBLISVISIBLE","en-US","Visible",1,"FORM",,06.06.2026 10:47:09,"System User",06.06.2026 10:47:16,"System User"
1949,"FORM.FRMFWNAVIGATIONADMIN.LBLISVISIBLE","fr-CH","Visible",1,"FORM",,06.06.2026 10:47:09,"System User",06.06.2026 10:47:16,"System User"
1950,"FORM.FRMFWNAVIGATIONADMIN.LBLNAVIGATIONENTRIES","de-CH","Navigationspunkte",1,"FORM",,06.06.2026 10:47:26,"System User",06.06.2026 10:47:51,"System User"
1951,"FORM.FRMFWNAVIGATIONADMIN.LBLNAVIGATIONENTRIES","en-US","Navigation Entries",1,"FORM",,06.06.2026 10:47:26,"System User",06.06.2026 10:47:51,"System User"
1952,"FORM.FRMFWNAVIGATIONADMIN.LBLNAVIGATIONENTRIES","fr-CH","Éléments de navigation",1,"FORM",,06.06.2026 10:47:26,"System User",06.06.2026 10:47:51,"System User"
1953,"FORM.FRMFWNAVIGATIONADMIN.LBLNAVIGATIONGROUP","de-CH","Navigationsgruppe",1,"FORM",,06.06.2026 10:48:00,"System User",06.06.2026 10:48:14,"System User"
1954,"FORM.FRMFWNAVIGATIONADMIN.LBLNAVIGATIONGROUP","en-US","Navigation Group",1,"FORM",,06.06.2026 10:48:00,"System User",06.06.2026 10:48:14,"System User"
1955,"FORM.FRMFWNAVIGATIONADMIN.LBLNAVIGATIONGROUP","fr-CH","Groupe de navigation",1,"FORM",,06.06.2026 10:48:00,"System User",06.06.2026 10:48:14,"System User"
1956,"FORM.FRMFWNAVIGATIONADMIN.LBLOBJECTNAME","de-CH","Objektname",1,"FORM",,06.06.2026 10:48:22,"System User",06.06.2026 10:48:39,"System User"
1957,"FORM.FRMFWNAVIGATIONADMIN.LBLOBJECTNAME","en-US","Object Name",1,"FORM",,06.06.2026 10:48:22,"System User",06.06.2026 10:48:39,"System User"
1958,"FORM.FRMFWNAVIGATIONADMIN.LBLOBJECTNAME","fr-CH","Nom de l'objet",1,"FORM",,06.06.2026 10:48:22,"System User",06.06.2026 10:48:39,"System User"
1959,"FORM.FRMFWNAVIGATIONADMIN.LBLOBJECTTYPE","de-CH","Objekttyp",1,"FORM",,06.06.2026 10:48:47,"System User",06.06.2026 10:49:00,"System User"
1960,"FORM.FRMFWNAVIGATIONADMIN.LBLOBJECTTYPE","en-US","Object Type",1,"FORM",,06.06.2026 10:48:47,"System User",06.06.2026 10:49:00,"System User"
1961,"FORM.FRMFWNAVIGATIONADMIN.LBLOBJECTTYPE","fr-CH","Type d'objet",1,"FORM",,06.06.2026 10:48:47,"System User",06.06.2026 10:49:00,"System User"
1962,"FORM.FRMFWNAVIGATIONADMIN.LBLOPENMODE","de-CH","Öffnungsmodus",1,"FORM",,06.06.2026 10:49:09,"System User",06.06.2026 10:50:27,"System User"
1963,"FORM.FRMFWNAVIGATIONADMIN.LBLOPENMODE","en-US","Open Mode",1,"FORM",,06.06.2026 10:49:09,"System User",06.06.2026 10:50:27,"System User"
1964,"FORM.FRMFWNAVIGATIONADMIN.LBLOPENMODE","fr-CH","Mode d'ouverture",1,"FORM",,06.06.2026 10:49:09,"System User",06.06.2026 10:50:27,"System User"
1965,"FORM.FRMFWNAVIGATIONADMIN.LBLPARENTNAVIGATIONID","de-CH","Übergeordnete NavID",1,"FORM",,06.06.2026 10:50:37,"System User",06.06.2026 10:52:04,"System User"
1966,"FORM.FRMFWNAVIGATIONADMIN.LBLPARENTNAVIGATIONID","en-US","Parent NavID",1,"FORM",,06.06.2026 10:50:37,"System User",06.06.2026 10:52:04,"System User"
1967,"FORM.FRMFWNAVIGATIONADMIN.LBLPARENTNAVIGATIONID","fr-CH","NavID parent",1,"FORM",,06.06.2026 10:50:37,"System User",06.06.2026 10:52:04,"System User"
1968,"FORM.FRMFWNAVIGATIONADMIN.LBLSORTORDER","de-CH","Sortierreihenfolge",1,"FORM",,06.06.2026 10:52:11,"System User",06.06.2026 10:53:03,"System User"
1969,"FORM.FRMFWNAVIGATIONADMIN.LBLSORTORDER","en-US","Sort Order",1,"FORM",,06.06.2026 10:52:11,"System User",06.06.2026 10:53:03,"System User"
1970,"FORM.FRMFWNAVIGATIONADMIN.LBLSORTORDER","fr-CH","Ordre de tri",1,"FORM",,06.06.2026 10:52:11,"System User",06.06.2026 10:53:03,"System User"
1971,"FORM.FRMFWTRANSLATIONEDIT.LBLTITELUEBERSETZUNGIN","de-CH","Übersetzung in:",1,"FORM",,06.06.2026 11:03:22,"System User",06.06.2026 11:03:56,"System User"
1972,"FORM.FRMFWTRANSLATIONEDIT.LBLTITELUEBERSETZUNGIN","en-US","Translation into:",1,"FORM",,06.06.2026 11:03:22,"System User",06.06.2026 11:03:56,"System User"
1973,"FORM.FRMFWTRANSLATIONEDIT.LBLTITELUEBERSETZUNGIN","fr-CH","Traduction en :",1,"FORM",,06.06.2026 11:03:22,"System User",06.06.2026 11:03:56,"System User"
1974,"FORM.FRMFWTAGCOMPOSER.CMDHELP","de-CH","Hilfe",1,"FORM",,06.06.2026 14:18:23,"System User",06.06.2026 14:18:32,"System User"
1975,"FORM.FRMFWTAGCOMPOSER.CMDHELP","en-US","Help",1,"FORM",,06.06.2026 14:18:23,"System User",06.06.2026 14:18:32,"System User"
1976,"FORM.FRMFWTAGCOMPOSER.CMDHELP","fr-CH","Aide",1,"FORM",,06.06.2026 14:18:23,"System User",06.06.2026 14:18:32,"System User"
1977,"FORM.FRMFWTAGCOMPOSER.CMDAPPLY","de-CH","Übernehmen",1,"FORM",,06.06.2026 14:18:45,"System User",06.06.2026 14:19:02,"System User"
1978,"FORM.FRMFWTAGCOMPOSER.CMDAPPLY","en-US","Apply",1,"FORM",,06.06.2026 14:18:45,"System User",06.06.2026 14:19:02,"System User"
1979,"FORM.FRMFWTAGCOMPOSER.CMDAPPLY","fr-CH","Appliquer",1,"FORM",,06.06.2026 14:18:45,"System User",06.06.2026 14:19:02,"System User"
1980,"FORM.FRMFWTAGCOMPOSER.CMDSAVE","de-CH","Speichern",1,"FORM",,06.06.2026 14:19:08,"System User",06.06.2026 14:24:58,"System User"
1981,"FORM.FRMFWTAGCOMPOSER.CMDSAVE","en-US","Save",1,"FORM",,06.06.2026 14:19:08,"System User",06.06.2026 14:24:58,"System User"
1982,"FORM.FRMFWTAGCOMPOSER.CMDSAVE","fr-CH","Enregistrer",1,"FORM",,06.06.2026 14:19:08,"System User",06.06.2026 14:24:58,"System User"
1983,"FORM.FRMFWTAGCOMPOSER.LBLBEHVIOUR","de-CH","<neu>",1,"FORM",,06.06.2026 14:26:48,"System User",06.06.2026 14:26:48,"System User"
1984,"FORM.FRMFWTAGCOMPOSER.LBLBEHVIOUR","en-US","<neu>",1,"FORM",,06.06.2026 14:26:48,"System User",06.06.2026 14:26:48,"System User"
1985,"FORM.FRMFWTAGCOMPOSER.LBLBEHVIOUR","fr-CH","<neu>",1,"FORM",,06.06.2026 14:26:48,"System User",06.06.2026 14:26:48,"System User"
1986,"FORM.FRMFWTAGCOMPOSER.LBLBEHAVIOUR","de-CH","Verhalten",1,"FORM",,06.06.2026 14:36:26,"System User",06.06.2026 14:36:36,"System User"
1987,"FORM.FRMFWTAGCOMPOSER.LBLBEHAVIOUR","en-US","Behavior",1,"FORM",,06.06.2026 14:36:26,"System User",06.06.2026 14:36:36,"System User"
1988,"FORM.FRMFWTAGCOMPOSER.LBLBEHAVIOUR","fr-CH","Comportement",1,"FORM",,06.06.2026 14:36:26,"System User",06.06.2026 14:36:36,"System User"
1989,"FORM.FRMFWTAGCOMPOSER.LBLDATE","de-CH","Datum",1,"FORM",,06.06.2026 14:36:48,"System User",06.06.2026 14:36:55,"System User"
1990,"FORM.FRMFWTAGCOMPOSER.LBLDATE","en-US","Date",1,"FORM",,06.06.2026 14:36:48,"System User",06.06.2026 14:36:55,"System User"
1991,"FORM.FRMFWTAGCOMPOSER.LBLDATE","fr-CH","Date",1,"FORM",,06.06.2026 14:36:48,"System User",06.06.2026 14:36:55,"System User"
1992,"FORM.FRMFWTAGCOMPOSER.LBLDISABLED","de-CH","Deaktiviert",1,"FORM",,06.06.2026 14:37:01,"System User",06.06.2026 14:38:21,"System User"
1993,"FORM.FRMFWTAGCOMPOSER.LBLDISABLED","en-US","Disabled",1,"FORM",,06.06.2026 14:37:01,"System User",06.06.2026 14:38:21,"System User"
1994,"FORM.FRMFWTAGCOMPOSER.LBLDISABLED","fr-CH","Désactivé",1,"FORM",,06.06.2026 14:37:01,"System User",06.06.2026 14:38:21,"System User"
1995,"FORM.FRMFWTAGCOMPOSER.LBLHIDDEN","de-CH","Unsichtbar",1,"FORM",,06.06.2026 14:38:29,"System User",06.06.2026 14:38:53,"System User"
1996,"FORM.FRMFWTAGCOMPOSER.LBLHIDDEN","en-US","Hidden",1,"FORM",,06.06.2026 14:38:29,"System User",06.06.2026 14:38:53,"System User"
1997,"FORM.FRMFWTAGCOMPOSER.LBLHIDDEN","fr-CH","Invisible",1,"FORM",,06.06.2026 14:38:29,"System User",06.06.2026 14:38:53,"System User"
1998,"FORM.FRMFWTAGCOMPOSER.LBLINTEGER","de-CH","Integer",1,"FORM",,06.06.2026 14:38:59,"System User",06.06.2026 14:39:09,"System User"
1999,"FORM.FRMFWTAGCOMPOSER.LBLINTEGER","en-US","Integer",1,"FORM",,06.06.2026 14:38:59,"System User",06.06.2026 14:39:09,"System User"
2000,"FORM.FRMFWTAGCOMPOSER.LBLINTEGER","fr-CH","Entier",1,"FORM",,06.06.2026 14:38:59,"System User",06.06.2026 14:39:09,"System User"
2001,"FORM.FRMFWTAGCOMPOSER.LBLLOCKED","de-CH","Gesperrt",1,"FORM",,06.06.2026 14:39:15,"System User",06.06.2026 14:39:23,"System User"
2002,"FORM.FRMFWTAGCOMPOSER.LBLLOCKED","en-US","Locked",1,"FORM",,06.06.2026 14:39:15,"System User",06.06.2026 14:39:23,"System User"
2003,"FORM.FRMFWTAGCOMPOSER.LBLLOCKED","fr-CH","Verrouillé",1,"FORM",,06.06.2026 14:39:15,"System User",06.06.2026 14:39:23,"System User"
2004,"FORM.FRMFWTAGCOMPOSER.LBLNUMERIC","de-CH","Numerisch",1,"FORM",,06.06.2026 14:39:30,"System User",06.06.2026 14:39:40,"System User"
2005,"FORM.FRMFWTAGCOMPOSER.LBLNUMERIC","en-US","Numeric",1,"FORM",,06.06.2026 14:39:30,"System User",06.06.2026 14:39:40,"System User"
2006,"FORM.FRMFWTAGCOMPOSER.LBLNUMERIC","fr-CH","Numérique",1,"FORM",,06.06.2026 14:39:30,"System User",06.06.2026 14:39:40,"System User"
2007,"FORM.FRMFWTAGCOMPOSER.LBLREADONLY","de-CH","Nur lesen",1,"FORM",,06.06.2026 14:39:47,"System User",06.06.2026 14:39:58,"System User"
2008,"FORM.FRMFWTAGCOMPOSER.LBLREADONLY","en-US","Read-only",1,"FORM",,06.06.2026 14:39:47,"System User",06.06.2026 14:39:58,"System User"
2009,"FORM.FRMFWTAGCOMPOSER.LBLREADONLY","fr-CH","Lecture seule",1,"FORM",,06.06.2026 14:39:47,"System User",06.06.2026 14:39:58,"System User"
2010,"FORM.FRMFWTAGCOMPOSER.LBLREQUIRED","de-CH","Benötigt",1,"FORM",,06.06.2026 14:40:15,"System User",06.06.2026 14:40:27,"System User"
2011,"FORM.FRMFWTAGCOMPOSER.LBLREQUIRED","en-US","Required",1,"FORM",,06.06.2026 14:40:15,"System User",06.06.2026 14:40:27,"System User"
2012,"FORM.FRMFWTAGCOMPOSER.LBLREQUIRED","fr-CH","Obligatoire",1,"FORM",,06.06.2026 14:40:15,"System User",06.06.2026 14:40:27,"System User"
2013,"FORM.FRMFWTAGCOMPOSER.LBLSETFOCUS","de-CH","Fokus setzen",1,"FORM",,06.06.2026 14:40:38,"System User",06.06.2026 14:41:30,"System User"
2014,"FORM.FRMFWTAGCOMPOSER.LBLSETFOCUS","en-US","Set Focus",1,"FORM",,06.06.2026 14:40:38,"System User",06.06.2026 14:41:30,"System User"
2015,"FORM.FRMFWTAGCOMPOSER.LBLSETFOCUS","fr-CH","Définir le focus",1,"FORM",,06.06.2026 14:40:38,"System User",06.06.2026 14:41:30,"System User"
2016,"FORM.FRMFWTAGCOMPOSER.LBLTEXTRULES","de-CH","Textregeln",1,"FORM",,06.06.2026 14:41:36,"System User",06.06.2026 14:41:46,"System User"
2017,"FORM.FRMFWTAGCOMPOSER.LBLTEXTRULES","en-US","Text Rules",1,"FORM",,06.06.2026 14:41:36,"System User",06.06.2026 14:41:46,"System User"
2018,"FORM.FRMFWTAGCOMPOSER.LBLTEXTRULES","fr-CH","Règles de texte",1,"FORM",,06.06.2026 14:41:36,"System User",06.06.2026 14:41:46,"System User"
2019,"FORM.FRMFWTRANSLATIONEDIT.LBLSOURCELANGUAGE","de-CH","Ausgangssprache",1,"FORM",,08.06.2026 10:30:24,"System User",08.06.2026 10:30:46,"System User"
2020,"FORM.FRMFWTRANSLATIONEDIT.LBLSOURCELANGUAGE","en-US","Source language",1,"FORM",,08.06.2026 10:30:24,"System User",08.06.2026 10:30:46,"System User"
2021,"FORM.FRMFWTRANSLATIONEDIT.LBLSOURCELANGUAGE","fr-CH","Langue source",1,"FORM",,08.06.2026 10:30:24,"System User",08.06.2026 10:30:46,"System User"
2022,"FORM.FRMADDRESSCOCKPIT.CMDACCOUNTSTATEMENT","de-CH","Kontoauszug",1,"FORM",,11.06.2026 12:28:47,"System User",11.06.2026 12:29:22,"System User"
2023,"FORM.FRMADDRESSCOCKPIT.CMDACCOUNTSTATEMENT","en-US","Account statement",1,"FORM",,11.06.2026 12:28:47,"System User",11.06.2026 12:29:22,"System User"
2024,"FORM.FRMADDRESSCOCKPIT.CMDACCOUNTSTATEMENT","fr-CH","Relevé de compte",1,"FORM",,11.06.2026 12:28:47,"System User",11.06.2026 12:29:22,"System User"
2025,"FORM.FRMADDRESSCOCKPIT.CMDCAPTUREPAYMENT","de-CH","Zahlungseingang erfassen",1,"FORM",,11.06.2026 12:29:29,"System User",11.06.2026 12:29:56,"System User"
2026,"FORM.FRMADDRESSCOCKPIT.CMDCAPTUREPAYMENT","en-US","Enter Incoming Payment",1,"FORM",,11.06.2026 12:29:29,"System User",11.06.2026 12:29:56,"System User"
2027,"FORM.FRMADDRESSCOCKPIT.CMDCAPTUREPAYMENT","fr-CH","Saisir un encaissement",1,"FORM",,11.06.2026 12:29:29,"System User",11.06.2026 12:29:56,"System User"
2028,"FORM.FRMADDRESSCOCKPIT.CMDDUNNING","de-CH","Mahnungen",1,"FORM",,11.06.2026 12:31:03,"System User",11.06.2026 12:31:55,"System User"
2029,"FORM.FRMADDRESSCOCKPIT.CMDDUNNING","en-US","Reminders",1,"FORM",,11.06.2026 12:31:03,"System User",11.06.2026 12:31:55,"System User"
2030,"FORM.FRMADDRESSCOCKPIT.CMDDUNNING","fr-CH","Relances",1,"FORM",,11.06.2026 12:31:03,"System User",11.06.2026 12:31:55,"System User"
2031,"FORM.FRMADDRESSCOCKPIT.CMDEMAILS","de-CH","E-Mails",1,"FORM",,11.06.2026 12:32:12,"System User",11.06.2026 12:32:21,"System User"
2032,"FORM.FRMADDRESSCOCKPIT.CMDEMAILS","en-US","Emails",1,"FORM",,11.06.2026 12:32:12,"System User",11.06.2026 12:32:21,"System User"
2033,"FORM.FRMADDRESSCOCKPIT.CMDEMAILS","fr-CH","E-mails",1,"FORM",,11.06.2026 12:32:12,"System User",11.06.2026 12:32:21,"System User"
2034,"FORM.FRMADDRESSCOCKPIT.CMDMANAGEORDERS","de-CH","Bestellungen verwalten",1,"FORM",,11.06.2026 12:32:34,"System User",11.06.2026 12:32:50,"System User"
2035,"FORM.FRMADDRESSCOCKPIT.CMDMANAGEORDERS","en-US","Manage Orders",1,"FORM",,11.06.2026 12:32:34,"System User",11.06.2026 12:32:50,"System User"
2036,"FORM.FRMADDRESSCOCKPIT.CMDMANAGEORDERS","fr-CH","Gérer les commandes",1,"FORM",,11.06.2026 12:32:34,"System User",11.06.2026 12:32:50,"System User"
2037,"FORM.FRMADDRESSCOCKPIT.CMDMANAGESUBSCRIPTIONS","de-CH","Abos verwalten",1,"FORM",,11.06.2026 12:32:55,"System User",11.06.2026 12:33:10,"System User"
2038,"FORM.FRMADDRESSCOCKPIT.CMDMANAGESUBSCRIPTIONS","en-US","Manage Subscriptions",1,"FORM",,11.06.2026 12:32:55,"System User",11.06.2026 12:33:10,"System User"
2039,"FORM.FRMADDRESSCOCKPIT.CMDMANAGESUBSCRIPTIONS","fr-CH","Gérer les abonnements",1,"FORM",,11.06.2026 12:32:55,"System User",11.06.2026 12:33:10,"System User"
2040,"FORM.FRMADDRESSCOCKPIT.CMDNEWORDER","de-CH","Neue Bestellung",1,"FORM",,11.06.2026 12:33:29,"System User",11.06.2026 12:33:38,"System User"
2041,"FORM.FRMADDRESSCOCKPIT.CMDNEWORDER","en-US","New Order",1,"FORM",,11.06.2026 12:33:29,"System User",11.06.2026 12:33:38,"System User"
2042,"FORM.FRMADDRESSCOCKPIT.CMDNEWORDER","fr-CH","Nouvelle commande",1,"FORM",,11.06.2026 12:33:29,"System User",11.06.2026 12:33:38,"System User"
2043,"FORM.FRMADDRESSCOCKPIT.CMDNEWSUBSCRIPTION","de-CH","Neues Abo",1,"FORM",,11.06.2026 12:34:47,"System User",11.06.2026 12:34:55,"System User"
2044,"FORM.FRMADDRESSCOCKPIT.CMDNEWSUBSCRIPTION","en-US","New Subscription",1,"FORM",,11.06.2026 12:34:47,"System User",11.06.2026 12:34:55,"System User"
2045,"FORM.FRMADDRESSCOCKPIT.CMDNEWSUBSCRIPTION","fr-CH","Nouvel abonnement",1,"FORM",,11.06.2026 12:34:47,"System User",11.06.2026 12:34:55,"System User"
2046,"FORM.FRMADDRESSCOCKPIT.CMDNOTES","de-CH","Notizen",1,"FORM",,11.06.2026 12:35:02,"System User",11.06.2026 12:35:11,"System User"
2047,"FORM.FRMADDRESSCOCKPIT.CMDNOTES","en-US","Notes",1,"FORM",,11.06.2026 12:35:02,"System User",11.06.2026 12:35:11,"System User"
2048,"FORM.FRMADDRESSCOCKPIT.CMDNOTES","fr-CH","Notes",1,"FORM",,11.06.2026 12:35:02,"System User",11.06.2026 12:35:11,"System User"
2049,"FORM.FRMADDRESSCOCKPIT.CMDREPORTS","de-CH","Reports",1,"FORM",,11.06.2026 12:35:16,"System User",11.06.2026 12:35:25,"System User"
2050,"FORM.FRMADDRESSCOCKPIT.CMDREPORTS","en-US","Reports",1,"FORM",,11.06.2026 12:35:16,"System User",11.06.2026 12:35:25,"System User"
2051,"FORM.FRMADDRESSCOCKPIT.CMDREPORTS","fr-CH","Rapports",1,"FORM",,11.06.2026 12:35:16,"System User",11.06.2026 12:35:25,"System User"
2052,"FORM.FRMADDRESSCOCKPIT.FORM_TITLE","de-CH","Adress-Cockpit",1,"FORM",,11.06.2026 12:35:34,"System User",11.06.2026 12:35:44,"System User"
2053,"FORM.FRMADDRESSCOCKPIT.FORM_TITLE","en-US","Address Cockpit",1,"FORM",,11.06.2026 12:35:34,"System User",11.06.2026 12:35:44,"System User"
2054,"FORM.FRMADDRESSCOCKPIT.FORM_TITLE","fr-CH","Cockpit d'adresses",1,"FORM",,11.06.2026 12:35:34,"System User",11.06.2026 12:35:44,"System User"
2055,"FORM.FRMADDRESSCOCKPIT.LBLACTIVESUBSCRIPTIONS","de-CH","Aktive Abos",1,"FORM",,11.06.2026 12:35:49,"System User",11.06.2026 12:35:59,"System User"
2056,"FORM.FRMADDRESSCOCKPIT.LBLACTIVESUBSCRIPTIONS","en-US","Active Subscriptions",1,"FORM",,11.06.2026 12:35:49,"System User",11.06.2026 12:35:59,"System User"
2057,"FORM.FRMADDRESSCOCKPIT.LBLACTIVESUBSCRIPTIONS","fr-CH","Abonnements actifs",1,"FORM",,11.06.2026 12:35:49,"System User",11.06.2026 12:35:59,"System User"
2058,"FORM.FRMADDRESSCOCKPIT.LBLADDRESS","de-CH","Adresse",1,"FORM",,11.06.2026 12:36:15,"System User",11.06.2026 12:36:25,"System User"
2059,"FORM.FRMADDRESSCOCKPIT.LBLADDRESS","en-US","Address",1,"FORM",,11.06.2026 12:36:15,"System User",11.06.2026 12:36:25,"System User"
2060,"FORM.FRMADDRESSCOCKPIT.LBLADDRESS","fr-CH","Adresse",1,"FORM",,11.06.2026 12:36:15,"System User",11.06.2026 12:36:25,"System User"
2061,"FORM.FRMADDRESSCOCKPIT.LBLCONTACT","de-CH","Kontakt",1,"FORM",,11.06.2026 12:36:30,"System User",11.06.2026 12:36:39,"System User"
2062,"FORM.FRMADDRESSCOCKPIT.LBLCONTACT","en-US","Contact",1,"FORM",,11.06.2026 12:36:30,"System User",11.06.2026 12:36:39,"System User"
2063,"FORM.FRMADDRESSCOCKPIT.LBLCONTACT","fr-CH","Contact",1,"FORM",,11.06.2026 12:36:30,"System User",11.06.2026 12:36:39,"System User"
2064,"FORM.FRMADDRESSCOCKPIT.LBLCURRENCY","de-CH","Währung",1,"FORM",,11.06.2026 12:36:47,"System User",11.06.2026 12:36:54,"System User"
2065,"FORM.FRMADDRESSCOCKPIT.LBLCURRENCY","en-US","Currency",1,"FORM",,11.06.2026 12:36:48,"System User",11.06.2026 12:36:54,"System User"
2066,"FORM.FRMADDRESSCOCKPIT.LBLCURRENCY","fr-CH","Devise",1,"FORM",,11.06.2026 12:36:48,"System User",11.06.2026 12:36:54,"System User"
2067,"FORM.FRMADDRESSCOCKPIT.LBLDISPLAYNAME","de-CH","Name / Firma",1,"FORM",,11.06.2026 12:37:00,"System User",11.06.2026 12:37:09,"System User"
2068,"FORM.FRMADDRESSCOCKPIT.LBLDISPLAYNAME","en-US","Name / Company",1,"FORM",,11.06.2026 12:37:00,"System User",11.06.2026 12:37:09,"System User"
2069,"FORM.FRMADDRESSCOCKPIT.LBLDISPLAYNAME","fr-CH","Nom / Société",1,"FORM",,11.06.2026 12:37:00,"System User",11.06.2026 12:37:09,"System User"
2070,"FORM.FRMADDRESSCOCKPIT.LBLDUNNINGS","de-CH","Mahnungen",1,"FORM",,11.06.2026 12:37:14,"System User",11.06.2026 12:37:22,"System User"
2071,"FORM.FRMADDRESSCOCKPIT.LBLDUNNINGS","en-US","Reminders",1,"FORM",,11.06.2026 12:37:14,"System User",11.06.2026 12:37:22,"System User"
2072,"FORM.FRMADDRESSCOCKPIT.LBLDUNNINGS","fr-CH","Relances",1,"FORM",,11.06.2026 12:37:14,"System User",11.06.2026 12:37:22,"System User"
2073,"FORM.FRMADDRESSCOCKPIT.LBLLANGUAGE","de-CH","Sprache",1,"FORM",,11.06.2026 12:37:34,"System User",11.06.2026 12:37:42,"System User"
2074,"FORM.FRMADDRESSCOCKPIT.LBLLANGUAGE","en-US","Language",1,"FORM",,11.06.2026 12:37:34,"System User",11.06.2026 12:37:42,"System User"
2075,"FORM.FRMADDRESSCOCKPIT.LBLLANGUAGE","fr-CH","Langue",1,"FORM",,11.06.2026 12:37:34,"System User",11.06.2026 12:37:42,"System User"
2076,"FORM.FRMADDRESSCOCKPIT.LBLLASTACTIVITY","de-CH","Letzte Aktivität",1,"FORM",,11.06.2026 12:37:48,"System User",11.06.2026 12:37:56,"System User"
2077,"FORM.FRMADDRESSCOCKPIT.LBLLASTACTIVITY","en-US","Last Activity",1,"FORM",,11.06.2026 12:37:48,"System User",11.06.2026 12:37:56,"System User"
2078,"FORM.FRMADDRESSCOCKPIT.LBLLASTACTIVITY","fr-CH","Dernière activité",1,"FORM",,11.06.2026 12:37:48,"System User",11.06.2026 12:37:56,"System User"
2079,"FORM.FRMADDRESSCOCKPIT.LBLLOCKHINT","de-CH","Adresse ist gesperrt",1,"FORM",,11.06.2026 12:38:02,"System User",11.06.2026 12:38:10,"System User"
2080,"FORM.FRMADDRESSCOCKPIT.LBLLOCKHINT","en-US","Address is locked",1,"FORM",,11.06.2026 12:38:02,"System User",11.06.2026 12:38:10,"System User"
2081,"FORM.FRMADDRESSCOCKPIT.LBLLOCKHINT","fr-CH","L'adresse est verrouillée",1,"FORM",,11.06.2026 12:38:02,"System User",11.06.2026 12:38:10,"System User"
2082,"FORM.FRMADDRESSCOCKPIT.LBLOPENINVOICES","de-CH","Offene Rechnungen",1,"FORM",,11.06.2026 12:38:27,"System User",11.06.2026 12:38:37,"System User"
2083,"FORM.FRMADDRESSCOCKPIT.LBLOPENINVOICES","en-US","Open Invoices",1,"FORM",,11.06.2026 12:38:27,"System User",11.06.2026 12:38:37,"System User"
2084,"FORM.FRMADDRESSCOCKPIT.LBLOPENINVOICES","fr-CH","Factures en attente",1,"FORM",,11.06.2026 12:38:27,"System User",11.06.2026 12:38:37,"System User"
2085,"FORM.FRMADDRESSCOCKPIT.LBLOPENORDERS","de-CH","Offene Aufträge",1,"FORM",,11.06.2026 12:38:46,"System User",11.06.2026 12:38:54,"System User"
2086,"FORM.FRMADDRESSCOCKPIT.LBLOPENORDERS","en-US","Open Orders",1,"FORM",,11.06.2026 12:38:46,"System User",11.06.2026 12:38:54,"System User"
2087,"FORM.FRMADDRESSCOCKPIT.LBLOPENORDERS","fr-CH","Commandes en cours",1,"FORM",,11.06.2026 12:38:46,"System User",11.06.2026 12:38:54,"System User"
2088,"FORM.FRMADDRESSCOCKPIT.LBLOVERDUEITEMS","de-CH","Überfällige Posten",1,"FORM",,11.06.2026 12:39:14,"System User",11.06.2026 12:39:22,"System User"
2089,"FORM.FRMADDRESSCOCKPIT.LBLOVERDUEITEMS","en-US","Overdue items",1,"FORM",,11.06.2026 12:39:14,"System User",11.06.2026 12:39:22,"System User"
2090,"FORM.FRMADDRESSCOCKPIT.LBLOVERDUEITEMS","fr-CH","Éléments en retard",1,"FORM",,11.06.2026 12:39:14,"System User",11.06.2026 12:39:22,"System User"
2091,"FORM.FRMADDRESSCOCKPIT.LBLSALESCURRENTYEAR","de-CH","Umsatz laufendes Jahr",1,"FORM",,11.06.2026 12:39:29,"System User",11.06.2026 12:40:51,"System User"
2092,"FORM.FRMADDRESSCOCKPIT.LBLSALESCURRENTYEAR","en-US","Current Year Sales",1,"FORM",,11.06.2026 12:39:29,"System User",11.06.2026 12:40:51,"System User"
2093,"FORM.FRMADDRESSCOCKPIT.LBLSALESCURRENTYEAR","fr-CH","CA de l'année en cours",1,"FORM",,11.06.2026 12:39:29,"System User",11.06.2026 12:40:51,"System User"
2094,"FORM.FRMADDRESSCOCKPIT.LBLSTATUS","de-CH","Status",1,"FORM",,11.06.2026 12:40:57,"System User",11.06.2026 12:41:06,"System User"
2095,"FORM.FRMADDRESSCOCKPIT.LBLSTATUS","en-US","Status",1,"FORM",,11.06.2026 12:40:57,"System User",11.06.2026 12:41:06,"System User"
2096,"FORM.FRMADDRESSCOCKPIT.LBLSTATUS","fr-CH","Statut",1,"FORM",,11.06.2026 12:40:57,"System User",11.06.2026 12:41:06,"System User"
2097,"COMMON.ALL","de-CH","Alle",1,"COMMON","239",11.06.2026 12:42:47,"SYSTEM",11.06.2026 12:42:47,"SYSTEM"
2098,"COMMON.ALL","en-US","All",1,"COMMON","239",11.06.2026 12:42:47,"SYSTEM",11.06.2026 12:42:47,"SYSTEM"
2099,"COMMON.ALL","fr-CH","Tous",1,"COMMON","239",11.06.2026 12:42:47,"SYSTEM",11.06.2026 12:42:47,"SYSTEM"
2100,"FORM.FRMFWTRANSLATIONAUDIT.FORM_TITLE","de-CH","Uebersetzungs-Audit",1,"FORM","241",11.06.2026 12:42:47,"SYSTEM",11.06.2026 12:42:47,"SYSTEM"
2101,"FORM.FRMFWTRANSLATIONAUDIT.FORM_TITLE","en-US","Translation audit",1,"FORM","241",11.06.2026 12:42:47,"SYSTEM",11.06.2026 12:42:47,"SYSTEM"
2102,"FORM.FRMFWTRANSLATIONAUDIT.FORM_TITLE","fr-CH","Audit des traductions",1,"FORM","241",11.06.2026 12:42:47,"SYSTEM",11.06.2026 12:42:47,"SYSTEM"
2103,"FORM.FRMFWTRANSLATIONAUDIT.SCOPE_CODE","de-CH","Bereich",1,"FORM","242",11.06.2026 12:42:47,"SYSTEM",11.06.2026 12:42:47,"SYSTEM"
2104,"FORM.FRMFWTRANSLATIONAUDIT.SCOPE_CODE","en-US","Scope",1,"FORM","242",11.06.2026 12:42:47,"SYSTEM",11.06.2026 12:42:47,"SYSTEM"
2105,"FORM.FRMFWTRANSLATIONAUDIT.SCOPE_CODE","fr-CH","Portee",1,"FORM","242",11.06.2026 12:42:47,"SYSTEM",11.06.2026 12:42:47,"SYSTEM"
2106,"FORM.FRMFWTRANSLATIONAUDIT.LANGUAGE_CODE","de-CH","Sprache",1,"FORM","243",11.06.2026 12:42:47,"SYSTEM",11.06.2026 12:42:47,"SYSTEM"
2107,"FORM.FRMFWTRANSLATIONAUDIT.LANGUAGE_CODE","en-US","Language",1,"FORM","243",11.06.2026 12:42:47,"SYSTEM",11.06.2026 12:42:47,"SYSTEM"
2108,"FORM.FRMFWTRANSLATIONAUDIT.LANGUAGE_CODE","fr-CH","Langue",1,"FORM","243",11.06.2026 12:42:47,"SYSTEM",11.06.2026 12:42:47,"SYSTEM"
2109,"FORM.FRMFWTRANSLATIONAUDIT.AUDIT_STATUS","de-CH","Audit-Status",1,"FORM","244",11.06.2026 12:42:47,"SYSTEM",11.06.2026 12:42:47,"SYSTEM"
2110,"FORM.FRMFWTRANSLATIONAUDIT.AUDIT_STATUS","en-US","Audit status",1,"FORM","244",11.06.2026 12:42:47,"SYSTEM",11.06.2026 12:42:47,"SYSTEM"
2111,"FORM.FRMFWTRANSLATIONAUDIT.AUDIT_STATUS","fr-CH","Statut d'audit",1,"FORM","244",11.06.2026 12:42:47,"SYSTEM",11.06.2026 12:42:47,"SYSTEM"
2112,"FORM.FRMFWTRANSLATIONAUDIT.SEARCH","de-CH","Suche",1,"FORM","245",11.06.2026 12:42:47,"SYSTEM",11.06.2026 12:42:47,"SYSTEM"
2113,"FORM.FRMFWTRANSLATIONAUDIT.SEARCH","en-US","Search",1,"FORM","245",11.06.2026 12:42:47,"SYSTEM",11.06.2026 12:42:47,"SYSTEM"
2114,"FORM.FRMFWTRANSLATIONAUDIT.SEARCH","fr-CH","Recherche",1,"FORM","245",11.06.2026 12:42:47,"SYSTEM",11.06.2026 12:42:47,"SYSTEM"
2115,"FORM.FRMFWTRANSLATIONAUDIT.COVERAGE_SUMMARY","de-CH","Abdeckungsuebersicht",1,"FORM","246",11.06.2026 12:42:47,"SYSTEM",11.06.2026 12:42:47,"SYSTEM"
2116,"FORM.FRMFWTRANSLATIONAUDIT.COVERAGE_SUMMARY","en-US","Coverage summary",1,"FORM","246",11.06.2026 12:42:47,"SYSTEM",11.06.2026 12:42:47,"SYSTEM"
2117,"FORM.FRMFWTRANSLATIONAUDIT.COVERAGE_SUMMARY","fr-CH","Resume de couverture",1,"FORM","246",11.06.2026 12:42:47,"SYSTEM",11.06.2026 12:42:47,"SYSTEM"
2118,"FORM.FRMFWTRANSLATIONAUDIT.REFRESH_AUDIT","de-CH","Audit pruefen",1,"FORM","247",11.06.2026 12:42:47,"SYSTEM",11.06.2026 12:42:47,"SYSTEM"
2119,"FORM.FRMFWTRANSLATIONAUDIT.REFRESH_AUDIT","en-US","Run audit",1,"FORM","247",11.06.2026 12:42:47,"SYSTEM",11.06.2026 12:42:47,"SYSTEM"
2120,"FORM.FRMFWTRANSLATIONAUDIT.REFRESH_AUDIT","fr-CH","Verifier l'audit",1,"FORM","247",11.06.2026 12:42:47,"SYSTEM",11.06.2026 12:42:47,"SYSTEM"
2121,"FORM.FRMFWTRANSLATIONAUDIT.CREATE_MISSING_ROWS","de-CH","Fehlende Eintraege erzeugen",1,"FORM","248",11.06.2026 12:42:47,"SYSTEM",11.06.2026 12:42:47,"SYSTEM"
2122,"FORM.FRMFWTRANSLATIONAUDIT.CREATE_MISSING_ROWS","en-US","Create missing rows",1,"FORM","248",11.06.2026 12:42:47,"SYSTEM",11.06.2026 12:42:47,"SYSTEM"
2123,"FORM.FRMFWTRANSLATIONAUDIT.CREATE_MISSING_ROWS","fr-CH","Creer les lignes manquantes",1,"FORM","248",11.06.2026 12:42:47,"SYSTEM",11.06.2026 12:42:47,"SYSTEM"
2124,"FORM.FRMFWTRANSLATIONAUDIT.OPEN_TRANSLATION","de-CH","Uebersetzung oeffnen",1,"FORM","249",11.06.2026 12:42:47,"SYSTEM",11.06.2026 12:42:47,"SYSTEM"
2125,"FORM.FRMFWTRANSLATIONAUDIT.OPEN_TRANSLATION","en-US","Open translation",1,"FORM","249",11.06.2026 12:42:47,"SYSTEM",11.06.2026 12:42:47,"SYSTEM"
2126,"FORM.FRMFWTRANSLATIONAUDIT.OPEN_TRANSLATION","fr-CH","Ouvrir la traduction",1,"FORM","249",11.06.2026 12:42:47,"SYSTEM",11.06.2026 12:42:47,"SYSTEM"
2127,"FORM.FRMFWTRANSLATIONAUDIT.CLEAR_FILTERS","de-CH","Filter loeschen",1,"FORM","250",11.06.2026 12:42:47,"SYSTEM",11.06.2026 12:42:47,"SYSTEM"
2128,"FORM.FRMFWTRANSLATIONAUDIT.CLEAR_FILTERS","en-US","Clear filters",1,"FORM","250",11.06.2026 12:42:47,"SYSTEM",11.06.2026 12:42:47,"SYSTEM"
2129,"FORM.FRMFWTRANSLATIONAUDIT.CLEAR_FILTERS","fr-CH","Effacer les filtres",1,"FORM","250",11.06.2026 12:42:47,"SYSTEM",11.06.2026 12:42:47,"SYSTEM"
2130,"MSG.FW_TRANSLATION_AUDIT_LOAD_ERROR","de-CH","Fehler beim Laden des Uebersetzungs-Audits.",1,"MSG","251",11.06.2026 12:42:47,"SYSTEM",11.06.2026 12:42:47,"SYSTEM"
2131,"MSG.FW_TRANSLATION_AUDIT_LOAD_ERROR","en-US","Error loading the translation audit.",1,"MSG","251",11.06.2026 12:42:47,"SYSTEM",11.06.2026 12:42:47,"SYSTEM"
2132,"MSG.FW_TRANSLATION_AUDIT_LOAD_ERROR","fr-CH","Erreur lors du chargement de l'audit des traductions.",1,"MSG","251",11.06.2026 12:42:47,"SYSTEM",11.06.2026 12:42:47,"SYSTEM"
2133,"MSG.FW_TRANSLATION_AUDIT_REFRESH_ERROR","de-CH","Fehler beim Aktualisieren des Uebersetzungs-Audits.",1,"MSG","252",11.06.2026 12:42:47,"SYSTEM",11.06.2026 12:42:47,"SYSTEM"
2134,"MSG.FW_TRANSLATION_AUDIT_REFRESH_ERROR","en-US","Error refreshing the translation audit.",1,"MSG","252",11.06.2026 12:42:47,"SYSTEM",11.06.2026 12:42:47,"SYSTEM"
2135,"MSG.FW_TRANSLATION_AUDIT_REFRESH_ERROR","fr-CH","Erreur lors de l'actualisation de l'audit des traductions.",1,"MSG","252",11.06.2026 12:42:47,"SYSTEM",11.06.2026 12:42:47,"SYSTEM"
2136,"MSG.FW_TRANSLATION_AUDIT_CREATE_MISSING_ERROR","de-CH","Fehler beim Erzeugen fehlender Uebersetzungseintraege.",1,"MSG","253",11.06.2026 12:42:47,"SYSTEM",11.06.2026 12:42:47,"SYSTEM"
2137,"MSG.FW_TRANSLATION_AUDIT_CREATE_MISSING_ERROR","en-US","Error creating missing translation rows.",1,"MSG","253",11.06.2026 12:42:47,"SYSTEM",11.06.2026 12:42:47,"SYSTEM"
2138,"MSG.FW_TRANSLATION_AUDIT_CREATE_MISSING_ERROR","fr-CH","Erreur lors de la creation des lignes de traduction manquantes.",1,"MSG","253",11.06.2026 12:42:47,"SYSTEM",11.06.2026 12:42:47,"SYSTEM"
2139,"MSG.FW_TRANSLATION_AUDIT_OPEN_ERROR","de-CH","Fehler beim Oeffnen der Uebersetzung.",1,"MSG","254",11.06.2026 12:42:47,"SYSTEM",11.06.2026 12:42:47,"SYSTEM"
2140,"MSG.FW_TRANSLATION_AUDIT_OPEN_ERROR","en-US","Error opening the translation.",1,"MSG","254",11.06.2026 12:42:47,"SYSTEM",11.06.2026 12:42:47,"SYSTEM"
2141,"MSG.FW_TRANSLATION_AUDIT_OPEN_ERROR","fr-CH","Erreur lors de l'ouverture de la traduction.",1,"MSG","254",11.06.2026 12:42:47,"SYSTEM",11.06.2026 12:42:47,"SYSTEM"
2142,"MSG.FW_TRANSLATION_AUDIT_SELECT_FIRST","de-CH","Bitte zuerst einen Uebersetzungseintrag auswaehlen.",1,"MSG","255",11.06.2026 12:42:47,"SYSTEM",11.06.2026 12:42:47,"SYSTEM"
2143,"MSG.FW_TRANSLATION_AUDIT_SELECT_FIRST","en-US","Please select a translation entry first.",1,"MSG","255",11.06.2026 12:42:47,"SYSTEM",11.06.2026 12:42:47,"SYSTEM"
2144,"MSG.FW_TRANSLATION_AUDIT_SELECT_FIRST","fr-CH","Veuillez d'abord selectionner une entree de traduction.",1,"MSG","255",11.06.2026 12:42:47,"SYSTEM",11.06.2026 12:42:47,"SYSTEM"
2145,"FORM.FRMFWTRANSLATIONEDIT.FORM_TITLE","de-CH","Uebersetzung bearbeiten",1,"FORM","256",11.06.2026 12:42:47,"SYSTEM",11.06.2026 12:42:47,"SYSTEM"
2146,"FORM.FRMFWTRANSLATIONEDIT.FORM_TITLE","en-US","Edit translation",1,"FORM","256",11.06.2026 12:42:47,"SYSTEM",11.06.2026 12:42:47,"SYSTEM"
2147,"FORM.FRMFWTRANSLATIONEDIT.FORM_TITLE","fr-CH","Modifier la traduction",1,"FORM","256",11.06.2026 12:42:47,"SYSTEM",11.06.2026 12:42:47,"SYSTEM"
2148,"FORM.FRMFWTRANSLATIONEDIT.TRANSLATION_KEY","de-CH","Uebersetzungsschluessel",1,"FORM","257",11.06.2026 12:42:47,"SYSTEM",11.06.2026 12:42:47,"SYSTEM"
2149,"FORM.FRMFWTRANSLATIONEDIT.TRANSLATION_KEY","en-US","Translation key",1,"FORM","257",11.06.2026 12:42:47,"SYSTEM",11.06.2026 12:42:47,"SYSTEM"
2150,"FORM.FRMFWTRANSLATIONEDIT.TRANSLATION_KEY","fr-CH","Cle de traduction",1,"FORM","257",11.06.2026 12:42:47,"SYSTEM",11.06.2026 12:42:47,"SYSTEM"
2151,"FORM.FRMFWTRANSLATIONEDIT.SCOPE_CODE","de-CH","Bereich",1,"FORM","258",11.06.2026 12:42:47,"SYSTEM",11.06.2026 12:42:47,"SYSTEM"
2152,"FORM.FRMFWTRANSLATIONEDIT.SCOPE_CODE","en-US","Scope",1,"FORM","258",11.06.2026 12:42:47,"SYSTEM",11.06.2026 12:42:47,"SYSTEM"
2153,"FORM.FRMFWTRANSLATIONEDIT.SCOPE_CODE","fr-CH","Portee",1,"FORM","258",11.06.2026 12:42:47,"SYSTEM",11.06.2026 12:42:47,"SYSTEM"
2154,"FORM.FRMFWTRANSLATIONEDIT.AUDIT_STATUS","de-CH","Audit-Status",1,"FORM","259",11.06.2026 12:42:47,"SYSTEM",11.06.2026 12:42:47,"SYSTEM"
2155,"FORM.FRMFWTRANSLATIONEDIT.AUDIT_STATUS","en-US","Audit status",1,"FORM","259",11.06.2026 12:42:47,"SYSTEM",11.06.2026 12:42:47,"SYSTEM"
2156,"FORM.FRMFWTRANSLATIONEDIT.AUDIT_STATUS","fr-CH","Statut d'audit",1,"FORM","259",11.06.2026 12:42:47,"SYSTEM",11.06.2026 12:42:47,"SYSTEM"
2157,"FORM.FRMFWTRANSLATIONEDIT.SOURCE_TYPE","de-CH","Quelltyp",1,"FORM","260",11.06.2026 12:42:47,"SYSTEM",11.06.2026 12:42:47,"SYSTEM"
2158,"FORM.FRMFWTRANSLATIONEDIT.SOURCE_TYPE","en-US","Source type",1,"FORM","260",11.06.2026 12:42:47,"SYSTEM",11.06.2026 12:42:47,"SYSTEM"
2159,"FORM.FRMFWTRANSLATIONEDIT.SOURCE_TYPE","fr-CH","Type de source",1,"FORM","260",11.06.2026 12:42:47,"SYSTEM",11.06.2026 12:42:47,"SYSTEM"
2160,"FORM.FRMFWTRANSLATIONEDIT.SOURCE_OBJECT","de-CH","Quellobjekt",1,"FORM","261",11.06.2026 12:42:47,"SYSTEM",11.06.2026 12:42:47,"SYSTEM"
2161,"FORM.FRMFWTRANSLATIONEDIT.SOURCE_OBJECT","en-US","Source object",1,"FORM","261",11.06.2026 12:42:47,"SYSTEM",11.06.2026 12:42:47,"SYSTEM"
2162,"FORM.FRMFWTRANSLATIONEDIT.SOURCE_OBJECT","fr-CH","Objet source",1,"FORM","261",11.06.2026 12:42:47,"SYSTEM",11.06.2026 12:42:47,"SYSTEM"
2163,"FORM.FRMFWTRANSLATIONEDIT.SOURCE_CONTROL","de-CH","Quellsteuerelement",1,"FORM","262",11.06.2026 12:42:47,"SYSTEM",11.06.2026 12:42:47,"SYSTEM"
2164,"FORM.FRMFWTRANSLATIONEDIT.SOURCE_CONTROL","en-US","Source control",1,"FORM","262",11.06.2026 12:42:47,"SYSTEM",11.06.2026 12:42:47,"SYSTEM"
2165,"FORM.FRMFWTRANSLATIONEDIT.SOURCE_CONTROL","fr-CH","Controle source",1,"FORM","262",11.06.2026 12:42:47,"SYSTEM",11.06.2026 12:42:47,"SYSTEM"
2166,"FORM.FRMFWTRANSLATIONEDIT.FALLBACK_TEXT","de-CH","Fallback-Text",1,"FORM","263",11.06.2026 12:42:47,"SYSTEM",11.06.2026 12:42:47,"SYSTEM"
2167,"FORM.FRMFWTRANSLATIONEDIT.FALLBACK_TEXT","en-US","Fallback text",1,"FORM","263",11.06.2026 12:42:47,"SYSTEM",11.06.2026 12:42:47,"SYSTEM"
2168,"FORM.FRMFWTRANSLATIONEDIT.FALLBACK_TEXT","fr-CH","Texte de secours",1,"FORM","263",11.06.2026 12:42:48,"SYSTEM",11.06.2026 12:42:48,"SYSTEM"
2169,"FORM.FRMFWTRANSLATIONEDIT.DE_CH","de-CH","Deutsch (CH)",1,"FORM","264",11.06.2026 12:42:48,"SYSTEM",11.06.2026 12:42:48,"SYSTEM"
2170,"FORM.FRMFWTRANSLATIONEDIT.DE_CH","en-US","German (CH)",1,"FORM","264",11.06.2026 12:42:48,"SYSTEM",11.06.2026 12:42:48,"SYSTEM"
2171,"FORM.FRMFWTRANSLATIONEDIT.DE_CH","fr-CH","Allemand (CH)",1,"FORM","264",11.06.2026 12:42:48,"SYSTEM",11.06.2026 12:42:48,"SYSTEM"
2172,"FORM.FRMFWTRANSLATIONEDIT.EN_US","de-CH","Englisch (US)",1,"FORM","265",11.06.2026 12:42:48,"SYSTEM",11.06.2026 12:42:48,"SYSTEM"
2173,"FORM.FRMFWTRANSLATIONEDIT.EN_US","en-US","English (US)",1,"FORM","265",11.06.2026 12:42:48,"SYSTEM",11.06.2026 12:42:48,"SYSTEM"
2174,"FORM.FRMFWTRANSLATIONEDIT.EN_US","fr-CH","Anglais (US)",1,"FORM","265",11.06.2026 12:42:48,"SYSTEM",11.06.2026 12:42:48,"SYSTEM"
2175,"FORM.FRMFWTRANSLATIONEDIT.FR_FR","de-CH","Französisch (CH)",1,"FORM","266",11.06.2026 12:42:48,"SYSTEM",11.06.2026 12:42:48,"SYSTEM"
2176,"FORM.FRMFWTRANSLATIONEDIT.FR_FR","en-US","French (CH)",1,"FORM","266",11.06.2026 12:42:48,"SYSTEM",11.06.2026 12:42:48,"SYSTEM"
2177,"FORM.FRMFWTRANSLATIONEDIT.FR_FR","fr-CH","Francais (CH)",1,"FORM","266",11.06.2026 12:42:48,"SYSTEM",11.06.2026 12:42:48,"SYSTEM"
2178,"FORM.FRMFWTRANSLATIONEDIT.SAVE","de-CH","Speichern",1,"FORM","267",11.06.2026 12:42:48,"SYSTEM",11.06.2026 12:42:48,"SYSTEM"
2179,"FORM.FRMFWTRANSLATIONEDIT.SAVE","en-US","Save",1,"FORM","267",11.06.2026 12:42:48,"SYSTEM",11.06.2026 12:42:48,"SYSTEM"
2180,"FORM.FRMFWTRANSLATIONEDIT.SAVE","fr-CH","Enregistrer",1,"FORM","267",11.06.2026 12:42:48,"SYSTEM",11.06.2026 12:42:48,"SYSTEM"
2181,"FORM.FRMFWTRANSLATIONEDIT.CANCEL","de-CH","Abbrechen",1,"FORM","268",11.06.2026 12:42:48,"SYSTEM",11.06.2026 12:42:48,"SYSTEM"
2182,"FORM.FRMFWTRANSLATIONEDIT.CANCEL","en-US","Cancel",1,"FORM","268",11.06.2026 12:42:48,"SYSTEM",11.06.2026 12:42:48,"SYSTEM"
2183,"FORM.FRMFWTRANSLATIONEDIT.CANCEL","fr-CH","Annuler",1,"FORM","268",11.06.2026 12:42:48,"SYSTEM",11.06.2026 12:42:48,"SYSTEM"
2184,"FORM.FRMFWTRANSLATIONEDIT.DEEPL_SUGGESTION","de-CH","DeepL Vorschlag",1,"FORM","269",11.06.2026 12:42:48,"SYSTEM",11.06.2026 12:42:48,"SYSTEM"
2185,"FORM.FRMFWTRANSLATIONEDIT.DEEPL_SUGGESTION","en-US","DeepL suggestion",1,"FORM","269",11.06.2026 12:42:48,"SYSTEM",11.06.2026 12:42:48,"SYSTEM"
2186,"FORM.FRMFWTRANSLATIONEDIT.DEEPL_SUGGESTION","fr-CH","Suggestion DeepL",1,"FORM","269",11.06.2026 12:42:48,"SYSTEM",11.06.2026 12:42:48,"SYSTEM"
2187,"FORM.FRMFWTRANSLATIONEDIT.SOURCE_LANGUAGE","de-CH","Ausgangssprache",1,"FORM","270",11.06.2026 12:42:48,"SYSTEM",11.06.2026 12:42:48,"SYSTEM"
2188,"FORM.FRMFWTRANSLATIONEDIT.SOURCE_LANGUAGE","en-US","Source language",1,"FORM","270",11.06.2026 12:42:48,"SYSTEM",11.06.2026 12:42:48,"SYSTEM"
2189,"FORM.FRMFWTRANSLATIONEDIT.SOURCE_LANGUAGE","fr-CH","Langue source",1,"FORM","270",11.06.2026 12:42:48,"SYSTEM",11.06.2026 12:42:48,"SYSTEM"
2190,"MSG.TRANSLATION_KEY_REQUIRED","de-CH","Uebersetzungsschluessel ist erforderlich.",1,"MSG","270",11.06.2026 12:42:48,"SYSTEM",11.06.2026 12:42:48,"SYSTEM"
2191,"MSG.TRANSLATION_KEY_REQUIRED","en-US","Translation key is required.",1,"MSG","270",11.06.2026 12:42:48,"SYSTEM",11.06.2026 12:42:48,"SYSTEM"
2192,"MSG.TRANSLATION_KEY_REQUIRED","fr-CH","La cle de traduction est obligatoire.",1,"MSG","270",11.06.2026 12:42:48,"SYSTEM",11.06.2026 12:42:48,"SYSTEM"
2193,"MSG.TRANSLATION_EDIT_LOAD_ERROR","de-CH","Fehler beim Laden der Uebersetzung.",1,"MSG","271",11.06.2026 12:42:48,"SYSTEM",11.06.2026 12:42:48,"SYSTEM"
2194,"MSG.TRANSLATION_EDIT_LOAD_ERROR","en-US","Error loading the translation.",1,"MSG","271",11.06.2026 12:42:48,"SYSTEM",11.06.2026 12:42:48,"SYSTEM"
2195,"MSG.TRANSLATION_EDIT_LOAD_ERROR","fr-CH","Erreur lors du chargement de la traduction.",1,"MSG","271",11.06.2026 12:42:48,"SYSTEM",11.06.2026 12:42:48,"SYSTEM"
2196,"MSG.TRANSLATION_EDIT_SAVE_ERROR","de-CH","Fehler beim Speichern der Uebersetzung.",1,"MSG","272",11.06.2026 12:42:48,"SYSTEM",11.06.2026 12:42:48,"SYSTEM"
2197,"MSG.TRANSLATION_EDIT_SAVE_ERROR","en-US","Error saving the translation.",1,"MSG","272",11.06.2026 12:42:48,"SYSTEM",11.06.2026 12:42:48,"SYSTEM"
2198,"MSG.TRANSLATION_EDIT_SAVE_ERROR","fr-CH","Erreur lors de l'enregistrement de la traduction.",1,"MSG","272",11.06.2026 12:42:48,"SYSTEM",11.06.2026 12:42:48,"SYSTEM"
2199,"MSG.TRANSLATION_EDIT_CANCEL_CONFIRM","de-CH","Ungespeicherte Aenderungen verwerfen?",1,"MSG","273",11.06.2026 12:42:48,"SYSTEM",11.06.2026 12:42:48,"SYSTEM"
2200,"MSG.TRANSLATION_EDIT_CANCEL_CONFIRM","en-US","Discard unsaved changes?",1,"MSG","273",11.06.2026 12:42:48,"SYSTEM",11.06.2026 12:42:48,"SYSTEM"
2201,"MSG.TRANSLATION_EDIT_CANCEL_CONFIRM","fr-CH","Ignorer les modifications non enregistrees ?",1,"MSG","273",11.06.2026 12:42:48,"SYSTEM",11.06.2026 12:42:48,"SYSTEM"
2202,"MSG.DEEPL_API_KEY_MISSING","de-CH","DeepL API-Schluessel ist nicht konfiguriert.",1,"MSG","274",11.06.2026 12:42:48,"SYSTEM",11.06.2026 12:42:48,"SYSTEM"
2203,"MSG.DEEPL_API_KEY_MISSING","en-US","DeepL API key is not configured.",1,"MSG","274",11.06.2026 12:42:48,"SYSTEM",11.06.2026 12:42:48,"SYSTEM"
2204,"MSG.DEEPL_API_KEY_MISSING","fr-CH","La cle API DeepL n'est pas configuree.",1,"MSG","274",11.06.2026 12:42:48,"SYSTEM",11.06.2026 12:42:48,"SYSTEM"
2205,"MSG.TRANSLATION_EDIT_DEEPL_ERROR","de-CH","Fehler beim Abrufen der DeepL-Vorschlaege.",1,"MSG","275",11.06.2026 12:42:48,"SYSTEM",11.06.2026 12:42:48,"SYSTEM"
2206,"MSG.TRANSLATION_EDIT_DEEPL_ERROR","en-US","Error retrieving DeepL suggestions.",1,"MSG","275",11.06.2026 12:42:48,"SYSTEM",11.06.2026 12:42:48,"SYSTEM"
2207,"MSG.TRANSLATION_EDIT_DEEPL_ERROR","fr-CH","Erreur lors de la recuperation des suggestions DeepL.",1,"MSG","275",11.06.2026 12:42:48,"SYSTEM",11.06.2026 12:42:48,"SYSTEM"
2208,"MSG.TRANSLATION_EDIT_DEEPL_SOURCE_REQUIRED","de-CH","Bitte zuerst einen Text in der Ausgangssprache erfassen.",1,"MSG","276",11.06.2026 12:42:48,"SYSTEM",11.06.2026 12:42:48,"SYSTEM"
2209,"MSG.TRANSLATION_EDIT_DEEPL_SOURCE_REQUIRED","en-US","Please enter a text in the source language first.",1,"MSG","276",11.06.2026 12:42:48,"SYSTEM",11.06.2026 12:42:48,"SYSTEM"
2210,"MSG.TRANSLATION_EDIT_DEEPL_SOURCE_REQUIRED","fr-CH","Veuillez d'abord saisir un texte dans la langue source.",1,"MSG","276",11.06.2026 12:42:48,"SYSTEM",11.06.2026 12:42:48,"SYSTEM"
2211,"MSG.TRANSLATION_EDIT_DEEPL_OVERWRITE_CONFIRM","de-CH","Bestehende Zieltexte mit DeepL-Vorschlaegen ersetzen?",1,"MSG","277",11.06.2026 12:42:48,"SYSTEM",11.06.2026 12:42:48,"SYSTEM"
2212,"MSG.TRANSLATION_EDIT_DEEPL_OVERWRITE_CONFIRM","en-US","Replace existing target texts with DeepL suggestions?",1,"MSG","277",11.06.2026 12:42:48,"SYSTEM",11.06.2026 12:42:48,"SYSTEM"
2213,"MSG.TRANSLATION_EDIT_DEEPL_OVERWRITE_CONFIRM","fr-CH","Remplacer les textes cibles existants par des suggestions DeepL ?",1,"MSG","277",11.06.2026 12:42:48,"SYSTEM",11.06.2026 12:42:48,"SYSTEM"
2214,"NAV.ADDRESS_COCKPIT","de-CH","Cockpit",1,"NAVIGATION","21",11.06.2026 12:42:48,"SYSTEM",11.06.2026 12:42:48,"SYSTEM"
2215,"NAV.ADDRESS_COCKPIT","en-US","Cockpit",1,"NAVIGATION","21",11.06.2026 12:42:48,"SYSTEM",11.06.2026 12:42:48,"SYSTEM"
2216,"NAV.ADDRESS_COCKPIT","fr-CH","Cockpit",1,"NAVIGATION","21",11.06.2026 12:42:48,"SYSTEM",11.06.2026 12:42:48,"SYSTEM"
2217,"FORM.FRMADDRESSCOCKPIT.ADDRESS","de-CH","Adresse",1,"FORM","321",11.06.2026 12:42:48,"SYSTEM",11.06.2026 12:42:48,"SYSTEM"
2218,"FORM.FRMADDRESSCOCKPIT.ADDRESS","en-US","Address",1,"FORM","321",11.06.2026 12:42:48,"SYSTEM",11.06.2026 12:42:48,"SYSTEM"
2219,"FORM.FRMADDRESSCOCKPIT.ADDRESS","fr-CH","Adresse",1,"FORM","321",11.06.2026 12:42:48,"SYSTEM",11.06.2026 12:42:48,"SYSTEM"
2220,"FORM.FRMADDRESSCOCKPIT.CONTACT","de-CH","Kontakt",1,"FORM","322",11.06.2026 12:42:48,"SYSTEM",11.06.2026 12:42:48,"SYSTEM"
2221,"FORM.FRMADDRESSCOCKPIT.CONTACT","en-US","Contact",1,"FORM","322",11.06.2026 12:42:48,"SYSTEM",11.06.2026 12:42:48,"SYSTEM"
2222,"FORM.FRMADDRESSCOCKPIT.CONTACT","fr-CH","Contact",1,"FORM","322",11.06.2026 12:42:48,"SYSTEM",11.06.2026 12:42:48,"SYSTEM"
2223,"FORM.FRMADDRESSCOCKPIT.STATUS","de-CH","Status",1,"FORM","323",11.06.2026 12:42:48,"SYSTEM",11.06.2026 12:42:48,"SYSTEM"
2224,"FORM.FRMADDRESSCOCKPIT.STATUS","en-US","Status",1,"FORM","323",11.06.2026 12:42:48,"SYSTEM",11.06.2026 12:42:48,"SYSTEM"
2225,"FORM.FRMADDRESSCOCKPIT.STATUS","fr-CH","Statut",1,"FORM","323",11.06.2026 12:42:49,"SYSTEM",11.06.2026 12:42:49,"SYSTEM"
2226,"FORM.FRMADDRESSCOCKPIT.LOCK_HINT","de-CH","Adresse ist gesperrt",1,"FORM","324",11.06.2026 12:42:49,"SYSTEM",11.06.2026 12:42:49,"SYSTEM"
2227,"FORM.FRMADDRESSCOCKPIT.LOCK_HINT","en-US","Address is locked",1,"FORM","324",11.06.2026 12:42:49,"SYSTEM",11.06.2026 12:42:49,"SYSTEM"
2228,"FORM.FRMADDRESSCOCKPIT.LOCK_HINT","fr-CH","L'adresse est bloquee",1,"FORM","324",11.06.2026 12:42:49,"SYSTEM",11.06.2026 12:42:49,"SYSTEM"
2229,"FORM.FRMADDRESSCOCKPIT.OPEN_INVOICES","de-CH","Offene Rechnungen",1,"FORM","325",11.06.2026 12:42:49,"SYSTEM",11.06.2026 12:42:49,"SYSTEM"
2230,"FORM.FRMADDRESSCOCKPIT.OPEN_INVOICES","en-US","Open invoices",1,"FORM","325",11.06.2026 12:42:49,"SYSTEM",11.06.2026 12:42:49,"SYSTEM"
2231,"FORM.FRMADDRESSCOCKPIT.OPEN_INVOICES","fr-CH","Factures ouvertes",1,"FORM","325",11.06.2026 12:42:49,"SYSTEM",11.06.2026 12:42:49,"SYSTEM"
2232,"FORM.FRMADDRESSCOCKPIT.OVERDUE_ITEMS","de-CH","Ueberfaellige Posten",1,"FORM","326",11.06.2026 12:42:49,"SYSTEM",11.06.2026 12:42:49,"SYSTEM"
2233,"FORM.FRMADDRESSCOCKPIT.OVERDUE_ITEMS","en-US","Overdue items",1,"FORM","326",11.06.2026 12:42:49,"SYSTEM",11.06.2026 12:42:49,"SYSTEM"
2234,"FORM.FRMADDRESSCOCKPIT.OVERDUE_ITEMS","fr-CH","Postes echus",1,"FORM","326",11.06.2026 12:42:49,"SYSTEM",11.06.2026 12:42:49,"SYSTEM"
2235,"FORM.FRMADDRESSCOCKPIT.DUNNINGS","de-CH","Mahnungen",1,"FORM","327",11.06.2026 12:42:49,"SYSTEM",11.06.2026 12:42:49,"SYSTEM"
2236,"FORM.FRMADDRESSCOCKPIT.DUNNINGS","en-US","Dunnings",1,"FORM","327",11.06.2026 12:42:49,"SYSTEM",11.06.2026 12:42:49,"SYSTEM"
2237,"FORM.FRMADDRESSCOCKPIT.DUNNINGS","fr-CH","Rappels",1,"FORM","327",11.06.2026 12:42:49,"SYSTEM",11.06.2026 12:42:49,"SYSTEM"
2238,"FORM.FRMADDRESSCOCKPIT.SALES_CURRENT_YEAR","de-CH","Umsatz laufendes Jahr",1,"FORM","328",11.06.2026 12:42:49,"SYSTEM",11.06.2026 12:42:49,"SYSTEM"
2239,"FORM.FRMADDRESSCOCKPIT.SALES_CURRENT_YEAR","en-US","Sales current year",1,"FORM","328",11.06.2026 12:42:49,"SYSTEM",11.06.2026 12:42:49,"SYSTEM"
2240,"FORM.FRMADDRESSCOCKPIT.SALES_CURRENT_YEAR","fr-CH","Chiffre d'affaires annee en cours",1,"FORM","328",11.06.2026 12:42:49,"SYSTEM",11.06.2026 12:42:49,"SYSTEM"
2241,"FORM.FRMADDRESSCOCKPIT.OPEN_ORDERS","de-CH","Offene Auftraege",1,"FORM","329",11.06.2026 12:42:49,"SYSTEM",11.06.2026 12:42:49,"SYSTEM"
2242,"FORM.FRMADDRESSCOCKPIT.OPEN_ORDERS","en-US","Open orders",1,"FORM","329",11.06.2026 12:42:49,"SYSTEM",11.06.2026 12:42:49,"SYSTEM"
2243,"FORM.FRMADDRESSCOCKPIT.OPEN_ORDERS","fr-CH","Commandes ouvertes",1,"FORM","329",11.06.2026 12:42:49,"SYSTEM",11.06.2026 12:42:49,"SYSTEM"
2244,"FORM.FRMADDRESSCOCKPIT.ACTIVE_SUBSCRIPTIONS","de-CH","Aktive Abos",1,"FORM","330",11.06.2026 12:42:49,"SYSTEM",11.06.2026 12:42:49,"SYSTEM"
2245,"FORM.FRMADDRESSCOCKPIT.ACTIVE_SUBSCRIPTIONS","en-US","Active subscriptions",1,"FORM","330",11.06.2026 12:42:49,"SYSTEM",11.06.2026 12:42:49,"SYSTEM"
2246,"FORM.FRMADDRESSCOCKPIT.ACTIVE_SUBSCRIPTIONS","fr-CH","Abonnements actifs",1,"FORM","330",11.06.2026 12:42:49,"SYSTEM",11.06.2026 12:42:49,"SYSTEM"
2247,"FORM.FRMADDRESSCOCKPIT.LAST_ACTIVITY","de-CH","Letzte Aktivitaet",1,"FORM","331",11.06.2026 12:42:49,"SYSTEM",11.06.2026 12:42:49,"SYSTEM"
2248,"FORM.FRMADDRESSCOCKPIT.LAST_ACTIVITY","en-US","Last activity",1,"FORM","331",11.06.2026 12:42:49,"SYSTEM",11.06.2026 12:42:49,"SYSTEM"
2249,"FORM.FRMADDRESSCOCKPIT.LAST_ACTIVITY","fr-CH","Derniere activite",1,"FORM","331",11.06.2026 12:42:49,"SYSTEM",11.06.2026 12:42:49,"SYSTEM"
2250,"FORM.FRMADDRESSCOCKPIT.NEW_ORDER","de-CH","Neue Bestellung",1,"FORM","332",11.06.2026 12:42:49,"SYSTEM",11.06.2026 12:42:49,"SYSTEM"
2251,"FORM.FRMADDRESSCOCKPIT.NEW_ORDER","en-US","New order",1,"FORM","332",11.06.2026 12:42:49,"SYSTEM",11.06.2026 12:42:49,"SYSTEM"
2252,"FORM.FRMADDRESSCOCKPIT.NEW_ORDER","fr-CH","Nouvelle commande",1,"FORM","332",11.06.2026 12:42:49,"SYSTEM",11.06.2026 12:42:49,"SYSTEM"
2253,"FORM.FRMADDRESSCOCKPIT.MANAGE_ORDERS","de-CH","Bestellungen verwalten",1,"FORM","333",11.06.2026 12:42:49,"SYSTEM",11.06.2026 12:42:49,"SYSTEM"
2254,"FORM.FRMADDRESSCOCKPIT.MANAGE_ORDERS","en-US","Manage orders",1,"FORM","333",11.06.2026 12:42:49,"SYSTEM",11.06.2026 12:42:49,"SYSTEM"
2255,"FORM.FRMADDRESSCOCKPIT.MANAGE_ORDERS","fr-CH","Gerer les commandes",1,"FORM","333",11.06.2026 12:42:49,"SYSTEM",11.06.2026 12:42:49,"SYSTEM"
2256,"FORM.FRMADDRESSCOCKPIT.NEW_SUBSCRIPTION","de-CH","Neues Abo",1,"FORM","334",11.06.2026 12:42:49,"SYSTEM",11.06.2026 12:42:49,"SYSTEM"
2257,"FORM.FRMADDRESSCOCKPIT.NEW_SUBSCRIPTION","en-US","New subscription",1,"FORM","334",11.06.2026 12:42:49,"SYSTEM",11.06.2026 12:42:49,"SYSTEM"
2258,"FORM.FRMADDRESSCOCKPIT.NEW_SUBSCRIPTION","fr-CH","Nouvel abonnement",1,"FORM","334",11.06.2026 12:42:49,"SYSTEM",11.06.2026 12:42:49,"SYSTEM"
2259,"FORM.FRMADDRESSCOCKPIT.MANAGE_SUBSCRIPTIONS","de-CH","Abos verwalten",1,"FORM","335",11.06.2026 12:42:49,"SYSTEM",11.06.2026 12:42:49,"SYSTEM"
2260,"FORM.FRMADDRESSCOCKPIT.MANAGE_SUBSCRIPTIONS","en-US","Manage subscriptions",1,"FORM","335",11.06.2026 12:42:49,"SYSTEM",11.06.2026 12:42:49,"SYSTEM"
2261,"FORM.FRMADDRESSCOCKPIT.MANAGE_SUBSCRIPTIONS","fr-CH","Gerer les abonnements",1,"FORM","335",11.06.2026 12:42:49,"SYSTEM",11.06.2026 12:42:49,"SYSTEM"
2262,"FORM.FRMADDRESSCOCKPIT.ACCOUNT_STATEMENT","de-CH","Kontoauszug",1,"FORM","336",11.06.2026 12:42:49,"SYSTEM",11.06.2026 12:42:49,"SYSTEM"
2263,"FORM.FRMADDRESSCOCKPIT.ACCOUNT_STATEMENT","en-US","Account statement",1,"FORM","336",11.06.2026 12:42:49,"SYSTEM",11.06.2026 12:42:49,"SYSTEM"
2264,"FORM.FRMADDRESSCOCKPIT.ACCOUNT_STATEMENT","fr-CH","Releve de compte",1,"FORM","336",11.06.2026 12:42:49,"SYSTEM",11.06.2026 12:42:49,"SYSTEM"
2265,"FORM.FRMADDRESSCOCKPIT.CAPTURE_PAYMENT","de-CH","Zahlungseingang erfassen",1,"FORM","337",11.06.2026 12:42:49,"SYSTEM",11.06.2026 12:42:49,"SYSTEM"
2266,"FORM.FRMADDRESSCOCKPIT.CAPTURE_PAYMENT","en-US","Capture payment",1,"FORM","337",11.06.2026 12:42:49,"SYSTEM",11.06.2026 12:42:49,"SYSTEM"
2267,"FORM.FRMADDRESSCOCKPIT.CAPTURE_PAYMENT","fr-CH","Saisir un paiement",1,"FORM","337",11.06.2026 12:42:49,"SYSTEM",11.06.2026 12:42:49,"SYSTEM"
2268,"FORM.FRMADDRESSCOCKPIT.DUNNINGS_ACTION","de-CH","Mahnungen",1,"FORM","338",11.06.2026 12:42:49,"SYSTEM",11.06.2026 12:42:49,"SYSTEM"
2269,"FORM.FRMADDRESSCOCKPIT.DUNNINGS_ACTION","en-US","Dunnings",1,"FORM","338",11.06.2026 12:42:49,"SYSTEM",11.06.2026 12:42:49,"SYSTEM"
2270,"FORM.FRMADDRESSCOCKPIT.DUNNINGS_ACTION","fr-CH","Rappels",1,"FORM","338",11.06.2026 12:42:49,"SYSTEM",11.06.2026 12:42:49,"SYSTEM"
2271,"FORM.FRMADDRESSCOCKPIT.NOTES","de-CH","Notizen",1,"FORM","339",11.06.2026 12:42:49,"SYSTEM",11.06.2026 12:42:49,"SYSTEM"
2272,"FORM.FRMADDRESSCOCKPIT.NOTES","en-US","Notes",1,"FORM","339",11.06.2026 12:42:49,"SYSTEM",11.06.2026 12:42:49,"SYSTEM"
2273,"FORM.FRMADDRESSCOCKPIT.NOTES","fr-CH","Notes",1,"FORM","339",11.06.2026 12:42:49,"SYSTEM",11.06.2026 12:42:49,"SYSTEM"
2274,"FORM.FRMADDRESSCOCKPIT.EMAILS","de-CH","E-Mails",1,"FORM","340",11.06.2026 12:42:49,"SYSTEM",11.06.2026 12:42:49,"SYSTEM"
2275,"FORM.FRMADDRESSCOCKPIT.EMAILS","en-US","Emails",1,"FORM","340",11.06.2026 12:42:49,"SYSTEM",11.06.2026 12:42:49,"SYSTEM"
2276,"FORM.FRMADDRESSCOCKPIT.EMAILS","fr-CH","E-mails",1,"FORM","340",11.06.2026 12:42:49,"SYSTEM",11.06.2026 12:42:49,"SYSTEM"
2277,"FORM.FRMADDRESSCOCKPIT.REPORTS","de-CH","Reports",1,"FORM","341",11.06.2026 12:42:49,"SYSTEM",11.06.2026 12:42:49,"SYSTEM"
2278,"FORM.FRMADDRESSCOCKPIT.REPORTS","en-US","Reports",1,"FORM","341",11.06.2026 12:42:49,"SYSTEM",11.06.2026 12:42:49,"SYSTEM"
2279,"FORM.FRMADDRESSCOCKPIT.REPORTS","fr-CH","Rapports",1,"FORM","341",11.06.2026 12:42:49,"SYSTEM",11.06.2026 12:42:49,"SYSTEM"
2280,"FORM.FRMADDRESSCOCKPIT.N_A","de-CH","n/a",1,"FORM","342",11.06.2026 12:42:49,"SYSTEM",11.06.2026 12:42:49,"SYSTEM"
2281,"FORM.FRMADDRESSCOCKPIT.N_A","en-US","n/a",1,"FORM","342",11.06.2026 12:42:49,"SYSTEM",11.06.2026 12:42:49,"SYSTEM"
2282,"FORM.FRMADDRESSCOCKPIT.N_A","fr-CH","n/a",1,"FORM","342",11.06.2026 12:42:49,"SYSTEM",11.06.2026 12:42:49,"SYSTEM"
2283,"FORM.FRMADDRESSCOCKPIT.STATUS_ACTIVE","de-CH","Aktiv",1,"FORM","343",11.06.2026 12:42:49,"SYSTEM",11.06.2026 12:42:49,"SYSTEM"
2284,"FORM.FRMADDRESSCOCKPIT.STATUS_ACTIVE","en-US","Active",1,"FORM","343",11.06.2026 12:42:49,"SYSTEM",11.06.2026 12:42:49,"SYSTEM"
2285,"FORM.FRMADDRESSCOCKPIT.STATUS_ACTIVE","fr-CH","Actif",1,"FORM","343",11.06.2026 12:42:49,"SYSTEM",11.06.2026 12:42:49,"SYSTEM"
2286,"FORM.FRMADDRESSCOCKPIT.STATUS_INACTIVE","de-CH","Inaktiv",1,"FORM","344",11.06.2026 12:42:49,"SYSTEM",11.06.2026 12:42:49,"SYSTEM"
2287,"FORM.FRMADDRESSCOCKPIT.STATUS_INACTIVE","en-US","Inactive",1,"FORM","344",11.06.2026 12:42:49,"SYSTEM",11.06.2026 12:42:49,"SYSTEM"
2288,"FORM.FRMADDRESSCOCKPIT.STATUS_INACTIVE","fr-CH","Inactif",1,"FORM","344",11.06.2026 12:42:49,"SYSTEM",11.06.2026 12:42:49,"SYSTEM"
2289,"MSG.ADDRESS_COCKPIT_SELECT_ADDRESS_FIRST","de-CH","Bitte zuerst eine Adresse auswaehlen.",1,"MSG","345",11.06.2026 12:42:49,"SYSTEM",11.06.2026 12:42:49,"SYSTEM"
2290,"MSG.ADDRESS_COCKPIT_SELECT_ADDRESS_FIRST","en-US","Please select an address first.",1,"MSG","345",11.06.2026 12:42:49,"SYSTEM",11.06.2026 12:42:49,"SYSTEM"
2291,"MSG.ADDRESS_COCKPIT_SELECT_ADDRESS_FIRST","fr-CH","Veuillez d'abord selectionner une adresse.",1,"MSG","345",11.06.2026 12:42:49,"SYSTEM",11.06.2026 12:42:49,"SYSTEM"
2292,"MSG.ADDRESS_COCKPIT_ORDER_CREATE_FAILED","de-CH","Die Bestellung konnte nicht erstellt werden.",1,"MSG","346",11.06.2026 12:42:49,"SYSTEM",11.06.2026 12:42:49,"SYSTEM"
2293,"MSG.ADDRESS_COCKPIT_ORDER_CREATE_FAILED","en-US","The order could not be created.",1,"MSG","346",11.06.2026 12:42:49,"SYSTEM",11.06.2026 12:42:49,"SYSTEM"
2294,"MSG.ADDRESS_COCKPIT_ORDER_CREATE_FAILED","fr-CH","La commande n'a pas pu etre creee.",1,"MSG","346",11.06.2026 12:42:49,"SYSTEM",11.06.2026 12:42:49,"SYSTEM"
2295,"MSG.ADDRESS_COCKPIT_ORDER_DETAIL_MISSING","de-CH","Die Bestellung wurde erstellt, aber frmOrderDetail ist nicht verfuegbar.",1,"MSG","347",11.06.2026 12:42:49,"SYSTEM",11.06.2026 12:42:49,"SYSTEM"
2296,"MSG.ADDRESS_COCKPIT_ORDER_DETAIL_MISSING","en-US","The order was created, but frmOrderDetail is not available.",1,"MSG","347",11.06.2026 12:42:50,"SYSTEM",11.06.2026 12:42:50,"SYSTEM"
2297,"MSG.ADDRESS_COCKPIT_ORDER_DETAIL_MISSING","fr-CH","La commande a ete creee, mais frmOrderDetail n'est pas disponible.",1,"MSG","347",11.06.2026 12:42:50,"SYSTEM",11.06.2026 12:42:50,"SYSTEM"
2298,"FORM.FRMADDRESSCOCKPIT.LBLFORMTITLE","de-CH",,1,"FORM","0",12.06.2026 12:25:55,"SYSTEM",12.06.2026 12:25:55,"SYSTEM"
2299,"FORM.FRMADDRESSCOCKPIT.LBLFORMTITLE","en-US",,1,"FORM","0",12.06.2026 12:25:55,"SYSTEM",12.06.2026 12:25:55,"SYSTEM"
2300,"FORM.FRMADDRESSCOCKPIT.LBLFORMTITLE","fr-CH",,1,"FORM","0",12.06.2026 12:25:55,"SYSTEM",12.06.2026 12:25:55,"SYSTEM"
2301,"FORM.FRMADDRESSCOCKPIT.RECHTECK24","de-CH",,1,"FORM","0",12.06.2026 12:25:55,"SYSTEM",12.06.2026 12:25:55,"SYSTEM"
2302,"FORM.FRMADDRESSCOCKPIT.RECHTECK24","en-US",,1,"FORM","0",12.06.2026 12:25:55,"SYSTEM",12.06.2026 12:25:55,"SYSTEM"
2303,"FORM.FRMADDRESSCOCKPIT.RECHTECK24","fr-CH",,1,"FORM","0",12.06.2026 12:25:55,"SYSTEM",12.06.2026 12:25:55,"SYSTEM"
2304,"FORM.FRMADDRESSCOCKPIT.TXTACTIVESUBSCRIPTIONSCOUNT","de-CH",,1,"FORM","0",12.06.2026 12:25:55,"SYSTEM",12.06.2026 12:25:55,"SYSTEM"
2305,"FORM.FRMADDRESSCOCKPIT.TXTACTIVESUBSCRIPTIONSCOUNT","en-US",,1,"FORM","0",12.06.2026 12:25:55,"SYSTEM",12.06.2026 12:25:55,"SYSTEM"
2306,"FORM.FRMADDRESSCOCKPIT.TXTACTIVESUBSCRIPTIONSCOUNT","fr-CH",,1,"FORM","0",12.06.2026 12:25:56,"SYSTEM",12.06.2026 12:25:56,"SYSTEM"
2307,"FORM.FRMADDRESSCOCKPIT.TXTADDRESSCOMPACT","de-CH",,1,"FORM","0",12.06.2026 12:25:56,"SYSTEM",12.06.2026 12:25:56,"SYSTEM"
2308,"FORM.FRMADDRESSCOCKPIT.TXTADDRESSCOMPACT","en-US",,1,"FORM","0",12.06.2026 12:25:56,"SYSTEM",12.06.2026 12:25:56,"SYSTEM"
2309,"FORM.FRMADDRESSCOCKPIT.TXTADDRESSCOMPACT","fr-CH",,1,"FORM","0",12.06.2026 12:25:56,"SYSTEM",12.06.2026 12:25:56,"SYSTEM"
2310,"FORM.FRMADDRESSCOCKPIT.TXTADDRESSID","de-CH",,1,"FORM","0",12.06.2026 12:25:56,"SYSTEM",12.06.2026 12:25:56,"SYSTEM"
2311,"FORM.FRMADDRESSCOCKPIT.TXTADDRESSID","en-US",,1,"FORM","0",12.06.2026 12:25:56,"SYSTEM",12.06.2026 12:25:56,"SYSTEM"
2312,"FORM.FRMADDRESSCOCKPIT.TXTADDRESSID","fr-CH",,1,"FORM","0",12.06.2026 12:25:56,"SYSTEM",12.06.2026 12:25:56,"SYSTEM"
2313,"FORM.FRMADDRESSCOCKPIT.TXTCONTACTINFO","de-CH",,1,"FORM","0",12.06.2026 12:25:56,"SYSTEM",12.06.2026 12:25:56,"SYSTEM"
2314,"FORM.FRMADDRESSCOCKPIT.TXTCONTACTINFO","en-US",,1,"FORM","0",12.06.2026 12:25:56,"SYSTEM",12.06.2026 12:25:56,"SYSTEM"
2315,"FORM.FRMADDRESSCOCKPIT.TXTCONTACTINFO","fr-CH",,1,"FORM","0",12.06.2026 12:25:56,"SYSTEM",12.06.2026 12:25:56,"SYSTEM"
2316,"FORM.FRMADDRESSCOCKPIT.TXTCURRENCYCODE","de-CH",,1,"FORM","0",12.06.2026 12:25:56,"SYSTEM",12.06.2026 12:25:56,"SYSTEM"
2317,"FORM.FRMADDRESSCOCKPIT.TXTCURRENCYCODE","en-US",,1,"FORM","0",12.06.2026 12:25:56,"SYSTEM",12.06.2026 12:25:56,"SYSTEM"
2318,"FORM.FRMADDRESSCOCKPIT.TXTCURRENCYCODE","fr-CH",,1,"FORM","0",12.06.2026 12:25:56,"SYSTEM",12.06.2026 12:25:56,"SYSTEM"
2319,"FORM.FRMADDRESSCOCKPIT.TXTDISPLAYNAME","de-CH",,1,"FORM","0",12.06.2026 12:25:56,"SYSTEM",12.06.2026 12:25:56,"SYSTEM"
2320,"FORM.FRMADDRESSCOCKPIT.TXTDISPLAYNAME","en-US",,1,"FORM","0",12.06.2026 12:25:56,"SYSTEM",12.06.2026 12:25:56,"SYSTEM"
2321,"FORM.FRMADDRESSCOCKPIT.TXTDISPLAYNAME","fr-CH",,1,"FORM","0",12.06.2026 12:25:56,"SYSTEM",12.06.2026 12:25:56,"SYSTEM"
2322,"FORM.FRMADDRESSCOCKPIT.TXTDUNNINGCOUNT","de-CH",,1,"FORM","0",12.06.2026 12:25:56,"SYSTEM",12.06.2026 12:25:56,"SYSTEM"
2323,"FORM.FRMADDRESSCOCKPIT.TXTDUNNINGCOUNT","en-US",,1,"FORM","0",12.06.2026 12:25:56,"SYSTEM",12.06.2026 12:25:56,"SYSTEM"
2324,"FORM.FRMADDRESSCOCKPIT.TXTDUNNINGCOUNT","fr-CH",,1,"FORM","0",12.06.2026 12:25:56,"SYSTEM",12.06.2026 12:25:56,"SYSTEM"
2325,"FORM.FRMADDRESSCOCKPIT.TXTLANGUAGECODE","de-CH",,1,"FORM","0",12.06.2026 12:25:56,"SYSTEM",12.06.2026 12:25:56,"SYSTEM"
2326,"FORM.FRMADDRESSCOCKPIT.TXTLANGUAGECODE","en-US",,1,"FORM","0",12.06.2026 12:25:56,"SYSTEM",12.06.2026 12:25:56,"SYSTEM"
2327,"FORM.FRMADDRESSCOCKPIT.TXTLANGUAGECODE","fr-CH",,1,"FORM","0",12.06.2026 12:25:56,"SYSTEM",12.06.2026 12:25:56,"SYSTEM"
2328,"FORM.FRMADDRESSCOCKPIT.TXTLASTACTIVITYTEXT","de-CH",,1,"FORM","0",12.06.2026 12:25:56,"SYSTEM",12.06.2026 12:25:56,"SYSTEM"
2329,"FORM.FRMADDRESSCOCKPIT.TXTLASTACTIVITYTEXT","en-US",,1,"FORM","0",12.06.2026 12:25:56,"SYSTEM",12.06.2026 12:25:56,"SYSTEM"
2330,"FORM.FRMADDRESSCOCKPIT.TXTLASTACTIVITYTEXT","fr-CH",,1,"FORM","0",12.06.2026 12:25:56,"SYSTEM",12.06.2026 12:25:56,"SYSTEM"
2331,"FORM.FRMADDRESSCOCKPIT.TXTLOCKREASON","de-CH",,1,"FORM","0",12.06.2026 12:25:56,"SYSTEM",12.06.2026 12:25:56,"SYSTEM"
2332,"FORM.FRMADDRESSCOCKPIT.TXTLOCKREASON","en-US",,1,"FORM","0",12.06.2026 12:25:56,"SYSTEM",12.06.2026 12:25:56,"SYSTEM"
2333,"FORM.FRMADDRESSCOCKPIT.TXTLOCKREASON","fr-CH",,1,"FORM","0",12.06.2026 12:25:56,"SYSTEM",12.06.2026 12:25:56,"SYSTEM"
2334,"FORM.FRMADDRESSCOCKPIT.TXTOPENINVOICESCOUNT","de-CH",,1,"FORM","0",12.06.2026 12:25:56,"SYSTEM",12.06.2026 12:25:56,"SYSTEM"
2335,"FORM.FRMADDRESSCOCKPIT.TXTOPENINVOICESCOUNT","en-US",,1,"FORM","0",12.06.2026 12:25:56,"SYSTEM",12.06.2026 12:25:56,"SYSTEM"
2336,"FORM.FRMADDRESSCOCKPIT.TXTOPENINVOICESCOUNT","fr-CH",,1,"FORM","0",12.06.2026 12:25:56,"SYSTEM",12.06.2026 12:25:56,"SYSTEM"
2337,"FORM.FRMADDRESSCOCKPIT.TXTOPENORDERSCOUNT","de-CH",,1,"FORM","0",12.06.2026 12:25:56,"SYSTEM",12.06.2026 12:25:56,"SYSTEM"
2338,"FORM.FRMADDRESSCOCKPIT.TXTOPENORDERSCOUNT","en-US",,1,"FORM","0",12.06.2026 12:25:56,"SYSTEM",12.06.2026 12:25:56,"SYSTEM"
2339,"FORM.FRMADDRESSCOCKPIT.TXTOPENORDERSCOUNT","fr-CH",,1,"FORM","0",12.06.2026 12:25:56,"SYSTEM",12.06.2026 12:25:56,"SYSTEM"
2340,"FORM.FRMADDRESSCOCKPIT.TXTOVERDUEITEMSCOUNT","de-CH",,1,"FORM","0",12.06.2026 12:25:56,"SYSTEM",12.06.2026 12:25:56,"SYSTEM"
2341,"FORM.FRMADDRESSCOCKPIT.TXTOVERDUEITEMSCOUNT","en-US",,1,"FORM","0",12.06.2026 12:25:56,"SYSTEM",12.06.2026 12:25:56,"SYSTEM"
2342,"FORM.FRMADDRESSCOCKPIT.TXTOVERDUEITEMSCOUNT","fr-CH",,1,"FORM","0",12.06.2026 12:25:56,"SYSTEM",12.06.2026 12:25:56,"SYSTEM"
2343,"FORM.FRMADDRESSCOCKPIT.TXTSALESCURRENTYEARAMOUNT","de-CH",,1,"FORM","0",12.06.2026 12:25:56,"SYSTEM",12.06.2026 12:25:56,"SYSTEM"
2344,"FORM.FRMADDRESSCOCKPIT.TXTSALESCURRENTYEARAMOUNT","en-US",,1,"FORM","0",12.06.2026 12:25:56,"SYSTEM",12.06.2026 12:25:56,"SYSTEM"
2345,"FORM.FRMADDRESSCOCKPIT.TXTSALESCURRENTYEARAMOUNT","fr-CH",,1,"FORM","0",12.06.2026 12:25:56,"SYSTEM",12.06.2026 12:25:56,"SYSTEM"
2346,"FORM.FRMADDRESSCOCKPIT.TXTSTATUSTEXT","de-CH",,1,"FORM","0",12.06.2026 12:25:56,"SYSTEM",12.06.2026 12:25:56,"SYSTEM"
2347,"FORM.FRMADDRESSCOCKPIT.TXTSTATUSTEXT","en-US",,1,"FORM","0",12.06.2026 12:25:56,"SYSTEM",12.06.2026 12:25:56,"SYSTEM"
2348,"FORM.FRMADDRESSCOCKPIT.TXTSTATUSTEXT","fr-CH",,1,"FORM","0",12.06.2026 12:25:56,"SYSTEM",12.06.2026 12:25:56,"SYSTEM"
2349,"FORM.FRMFWTRANSLATIONTAGGENERATOR.CHKISDIRTY","de-CH",,1,"FORM","0",12.06.2026 12:25:56,"SYSTEM",12.06.2026 12:25:56,"SYSTEM"
2350,"FORM.FRMFWTRANSLATIONTAGGENERATOR.CHKISDIRTY","en-US",,1,"FORM","0",12.06.2026 12:25:56,"SYSTEM",12.06.2026 12:25:56,"SYSTEM"
2351,"FORM.FRMFWTRANSLATIONTAGGENERATOR.CHKISDIRTY","fr-CH",,1,"FORM","0",12.06.2026 12:25:56,"SYSTEM",12.06.2026 12:25:56,"SYSTEM"
2352,"FORM.FRMFWTRANSLATIONTAGGENERATOR.CHKISRELEVANT","de-CH",,1,"FORM","0",12.06.2026 12:25:56,"SYSTEM",12.06.2026 12:25:56,"SYSTEM"
2353,"FORM.FRMFWTRANSLATIONTAGGENERATOR.CHKISRELEVANT","en-US",,1,"FORM","0",12.06.2026 12:25:56,"SYSTEM",12.06.2026 12:25:56,"SYSTEM"
2354,"FORM.FRMFWTRANSLATIONTAGGENERATOR.CHKISRELEVANT","fr-CH",,1,"FORM","0",12.06.2026 12:25:56,"SYSTEM",12.06.2026 12:25:56,"SYSTEM"
2355,"FORM.FRMFWTRANSLATIONTAGGENERATOR.CHLISVISIBLE","de-CH",,1,"FORM","0",12.06.2026 12:25:56,"SYSTEM",12.06.2026 12:25:56,"SYSTEM"
2356,"FORM.FRMFWTRANSLATIONTAGGENERATOR.CHLISVISIBLE","en-US",,1,"FORM","0",12.06.2026 12:25:56,"SYSTEM",12.06.2026 12:25:56,"SYSTEM"
2357,"FORM.FRMFWTRANSLATIONTAGGENERATOR.CHLISVISIBLE","fr-CH",,1,"FORM","0",12.06.2026 12:25:56,"SYSTEM",12.06.2026 12:25:56,"SYSTEM"
2358,"FORM.FRMFWTRANSLATIONTAGGENERATOR.LBLRELEVANT","de-CH",,1,"FORM","0",12.06.2026 12:25:56,"SYSTEM",12.06.2026 12:25:56,"SYSTEM"
2359,"FORM.FRMFWTRANSLATIONTAGGENERATOR.LBLRELEVANT","en-US",,1,"FORM","0",12.06.2026 12:25:56,"SYSTEM",12.06.2026 12:25:56,"SYSTEM"
2360,"FORM.FRMFWTRANSLATIONTAGGENERATOR.LBLRELEVANT","fr-CH",,1,"FORM","0",12.06.2026 12:25:56,"SYSTEM",12.06.2026 12:25:56,"SYSTEM"
2361,"FORM.FRMFWTRANSLATIONTAGGENERATOR.LBLTAGSTATUS","de-CH",,1,"FORM","0",12.06.2026 12:25:56,"SYSTEM",12.06.2026 12:25:56,"SYSTEM"
2362,"FORM.FRMFWTRANSLATIONTAGGENERATOR.LBLTAGSTATUS","en-US",,1,"FORM","0",12.06.2026 12:25:56,"SYSTEM",12.06.2026 12:25:56,"SYSTEM"
2363,"FORM.FRMFWTRANSLATIONTAGGENERATOR.LBLTAGSTATUS","fr-CH",,1,"FORM","0",12.06.2026 12:25:56,"SYSTEM",12.06.2026 12:25:56,"SYSTEM"
2364,"FORM.FRMFWTRANSLATIONTAGGENERATOR.LBLVISIBLE","de-CH",,1,"FORM","0",12.06.2026 12:25:56,"SYSTEM",12.06.2026 12:25:56,"SYSTEM"
2365,"FORM.FRMFWTRANSLATIONTAGGENERATOR.LBLVISIBLE","en-US",,1,"FORM","0",12.06.2026 12:25:56,"SYSTEM",12.06.2026 12:25:56,"SYSTEM"
2366,"FORM.FRMFWTRANSLATIONTAGGENERATOR.LBLVISIBLE","fr-CH",,1,"FORM","0",12.06.2026 12:25:56,"SYSTEM",12.06.2026 12:25:56,"SYSTEM"
2367,"FORM.FRMORDERDETAIL.LBLCUSTOMERADDRESSID","de-CH","Adress-ID",1,"FORM",,12.06.2026 12:26:36,"System User",12.06.2026 12:26:48,"System User"
2368,"FORM.FRMORDERDETAIL.LBLCUSTOMERADDRESSID","en-US","Address ID",1,"FORM",,12.06.2026 12:26:36,"System User",12.06.2026 12:26:48,"System User"
2369,"FORM.FRMORDERDETAIL.LBLCUSTOMERADDRESSID","fr-CH","ID d'adresse",1,"FORM",,12.06.2026 12:26:36,"System User",12.06.2026 12:26:48,"System User"
2370,"FORM.FRMORDERDETAIL.LBLCURRENCYCODE","de-CH","Währung",1,"FORM",,12.06.2026 12:26:56,"System User",12.06.2026 12:27:03,"System User"
2371,"FORM.FRMORDERDETAIL.LBLCURRENCYCODE","en-US","Currency",1,"FORM",,12.06.2026 12:26:56,"System User",12.06.2026 12:27:03,"System User"
2372,"FORM.FRMORDERDETAIL.LBLCURRENCYCODE","fr-CH","Devise",1,"FORM",,12.06.2026 12:26:56,"System User",12.06.2026 12:27:04,"System User"
2373,"FORM.FRMORDERDETAIL.LBLCUSTOMERNAME","de-CH","Kunde",1,"FORM",,12.06.2026 12:27:08,"System User",12.06.2026 12:27:18,"System User"
2374,"FORM.FRMORDERDETAIL.LBLCUSTOMERNAME","en-US","Customer",1,"FORM",,12.06.2026 12:27:08,"System User",12.06.2026 12:27:18,"System User"
2375,"FORM.FRMORDERDETAIL.LBLCUSTOMERNAME","fr-CH","Client",1,"FORM",,12.06.2026 12:27:08,"System User",12.06.2026 12:27:18,"System User"
2376,"FORM.FRMORDERDETAIL.LBLDELIVERYDATE","de-CH","Lieferdatum",1,"FORM",,12.06.2026 12:27:23,"System User",12.06.2026 12:27:33,"System User"
2377,"FORM.FRMORDERDETAIL.LBLDELIVERYDATE","en-US","Delivery Date",1,"FORM",,12.06.2026 12:27:23,"System User",12.06.2026 12:27:33,"System User"
2378,"FORM.FRMORDERDETAIL.LBLDELIVERYDATE","fr-CH","Date de livraison",1,"FORM",,12.06.2026 12:27:23,"System User",12.06.2026 12:27:33,"System User"
2379,"FORM.FRMORDERDETAIL.LBLEXTERNALREFERENCE","de-CH","Externe Referenz",1,"FORM",,12.06.2026 12:27:40,"System User",12.06.2026 12:27:48,"System User"
2380,"FORM.FRMORDERDETAIL.LBLEXTERNALREFERENCE","en-US","External Reference",1,"FORM",,12.06.2026 12:27:40,"System User",12.06.2026 12:27:49,"System User"
2381,"FORM.FRMORDERDETAIL.LBLEXTERNALREFERENCE","fr-CH","Référence externe",1,"FORM",,12.06.2026 12:27:40,"System User",12.06.2026 12:27:49,"System User"
2382,"FORM.FRMORDERDETAIL.LBLFORMTITLE","de-CH","Bestellung",1,"FORM",,12.06.2026 12:28:05,"System User",12.06.2026 12:28:14,"System User"
2383,"FORM.FRMORDERDETAIL.LBLFORMTITLE","en-US","Order",1,"FORM",,12.06.2026 12:28:05,"System User",12.06.2026 12:28:14,"System User"
2384,"FORM.FRMORDERDETAIL.LBLFORMTITLE","fr-CH","Commande",1,"FORM",,12.06.2026 12:28:05,"System User",12.06.2026 12:28:14,"System User"
2385,"FORM.FRMORDERDETAIL.LBLGROSSAMOUNT","de-CH","Brutto",1,"FORM",,12.06.2026 12:28:18,"System User",12.06.2026 12:28:26,"System User"
2386,"FORM.FRMORDERDETAIL.LBLGROSSAMOUNT","en-US","Gross",1,"FORM",,12.06.2026 12:28:18,"System User",12.06.2026 12:28:26,"System User"
2387,"FORM.FRMORDERDETAIL.LBLGROSSAMOUNT","fr-CH","Brut",1,"FORM",,12.06.2026 12:28:18,"System User",12.06.2026 12:28:26,"System User"
2388,"FORM.FRMORDERDETAIL.LBLINTERNALNOTESTEXT","de-CH","Interne Notizen",1,"FORM",,12.06.2026 12:28:33,"System User",12.06.2026 12:28:41,"System User"
2389,"FORM.FRMORDERDETAIL.LBLINTERNALNOTESTEXT","en-US","Internal Notes",1,"FORM",,12.06.2026 12:28:34,"System User",12.06.2026 12:28:41,"System User"
2390,"FORM.FRMORDERDETAIL.LBLINTERNALNOTESTEXT","fr-CH","Notes internes",1,"FORM",,12.06.2026 12:28:34,"System User",12.06.2026 12:28:41,"System User"
2391,"FORM.FRMORDERDETAIL.LBLLANGUAGECODE","de-CH","Sprache",1,"FORM",,12.06.2026 12:28:46,"System User",12.06.2026 12:28:53,"System User"
2392,"FORM.FRMORDERDETAIL.LBLLANGUAGECODE","en-US","Language",1,"FORM",,12.06.2026 12:28:46,"System User",12.06.2026 12:28:53,"System User"
2393,"FORM.FRMORDERDETAIL.LBLLANGUAGECODE","fr-CH","Langue",1,"FORM",,12.06.2026 12:28:46,"System User",12.06.2026 12:28:53,"System User"
2394,"FORM.FRMORDERDETAIL.LBLNETAMOUNT","de-CH","Netto",1,"FORM",,12.06.2026 12:28:58,"System User",12.06.2026 12:29:06,"System User"
2395,"FORM.FRMORDERDETAIL.LBLNETAMOUNT","en-US","Net",1,"FORM",,12.06.2026 12:28:58,"System User",12.06.2026 12:29:06,"System User"
2396,"FORM.FRMORDERDETAIL.LBLNETAMOUNT","fr-CH","Net",1,"FORM",,12.06.2026 12:28:58,"System User",12.06.2026 12:29:06,"System User"
2397,"FORM.FRMORDERDETAIL.LBLNOTESTEXT","de-CH","Notizen",1,"FORM",,12.06.2026 12:29:11,"System User",12.06.2026 12:29:19,"System User"
2398,"FORM.FRMORDERDETAIL.LBLNOTESTEXT","en-US","Notes",1,"FORM",,12.06.2026 12:29:11,"System User",12.06.2026 12:29:19,"System User"
2399,"FORM.FRMORDERDETAIL.LBLNOTESTEXT","fr-CH","Notes",1,"FORM",,12.06.2026 12:29:11,"System User",12.06.2026 12:29:19,"System User"
2400,"FORM.FRMORDERDETAIL.LBLORDERDATE","de-CH","Bestelldatum",1,"FORM",,12.06.2026 12:29:29,"System User",12.06.2026 12:29:41,"System User"
2401,"FORM.FRMORDERDETAIL.LBLORDERDATE","en-US","Order Date",1,"FORM",,12.06.2026 12:29:29,"System User",12.06.2026 12:29:41,"System User"
2402,"FORM.FRMORDERDETAIL.LBLORDERDATE","fr-CH","Date de commande",1,"FORM",,12.06.2026 12:29:29,"System User",12.06.2026 12:29:41,"System User"
2403,"FORM.FRMORDERDETAIL.LBLORDERNO","de-CH","Bestell-Nr.",1,"FORM",,12.06.2026 12:29:46,"System User",12.06.2026 12:29:54,"System User"
2404,"FORM.FRMORDERDETAIL.LBLORDERNO","en-US","Order No.",1,"FORM",,12.06.2026 12:29:46,"System User",12.06.2026 12:29:54,"System User"
2405,"FORM.FRMORDERDETAIL.LBLORDERNO","fr-CH","Référence de commande",1,"FORM",,12.06.2026 12:29:46,"System User",12.06.2026 12:29:54,"System User"
2406,"FORM.FRMORDERDETAIL.LBLORDERSTATUSCODE","de-CH","Status",1,"FORM",,12.06.2026 12:30:20,"System User",12.06.2026 12:30:29,"System User"
2407,"FORM.FRMORDERDETAIL.LBLORDERSTATUSCODE","en-US","Status",1,"FORM",,12.06.2026 12:30:20,"System User",12.06.2026 12:30:29,"System User"
2408,"FORM.FRMORDERDETAIL.LBLORDERSTATUSCODE","fr-CH","Statut",1,"FORM",,12.06.2026 12:30:20,"System User",12.06.2026 12:30:29,"System User"
2409,"FORM.FRMORDERDETAIL.LBLORDERTYPECODE","de-CH","Typ",1,"FORM",,12.06.2026 12:30:35,"System User",12.06.2026 12:30:43,"System User"
2410,"FORM.FRMORDERDETAIL.LBLORDERTYPECODE","en-US","Type",1,"FORM",,12.06.2026 12:30:35,"System User",12.06.2026 12:30:43,"System User"
2411,"FORM.FRMORDERDETAIL.LBLORDERTYPECODE","fr-CH","Type",1,"FORM",,12.06.2026 12:30:35,"System User",12.06.2026 12:30:43,"System User"
2412,"FORM.FRMORDERDETAIL.LBLPAYMENTTERMCODE","de-CH","Zahlungsbedingung",1,"FORM",,12.06.2026 12:30:48,"System User",12.06.2026 12:30:59,"System User"
2413,"FORM.FRMORDERDETAIL.LBLPAYMENTTERMCODE","en-US","Payment Terms",1,"FORM",,12.06.2026 12:30:48,"System User",12.06.2026 12:30:59,"System User"
2414,"FORM.FRMORDERDETAIL.LBLPAYMENTTERMCODE","fr-CH","Conditions de paiement",1,"FORM",,12.06.2026 12:30:48,"System User",12.06.2026 12:30:59,"System User"
2415,"FORM.FRMORDERDETAIL.LBLREFERENCETEXT","de-CH","Referenz",1,"FORM",,12.06.2026 12:31:06,"System User",12.06.2026 12:31:14,"System User"
2416,"FORM.FRMORDERDETAIL.LBLREFERENCETEXT","en-US","Reference",1,"FORM",,12.06.2026 12:31:06,"System User",12.06.2026 12:31:14,"System User"
2417,"FORM.FRMORDERDETAIL.LBLREFERENCETEXT","fr-CH","Référence",1,"FORM",,12.06.2026 12:31:06,"System User",12.06.2026 12:31:14,"System User"
2418,"FORM.FRMORDERDETAIL.LBLSUBTOTALNETAMOUNT","de-CH","Zwischentotal netto",1,"FORM",,12.06.2026 12:31:19,"System User",12.06.2026 12:31:28,"System User"
2419,"FORM.FRMORDERDETAIL.LBLSUBTOTALNETAMOUNT","en-US","Subtotal (net)",1,"FORM",,12.06.2026 12:31:19,"System User",12.06.2026 12:31:28,"System User"
2420,"FORM.FRMORDERDETAIL.LBLSUBTOTALNETAMOUNT","fr-CH","Sous-total net",1,"FORM",,12.06.2026 12:31:19,"System User",12.06.2026 12:31:28,"System User"
2421,"FORM.FRMORDERDETAIL.LBLVALIDUNTIL","de-CH","Gültig bis",1,"FORM",,12.06.2026 12:31:35,"System User",12.06.2026 12:31:43,"System User"
2422,"FORM.FRMORDERDETAIL.LBLVALIDUNTIL","en-US","Valid until",1,"FORM",,12.06.2026 12:31:35,"System User",12.06.2026 12:31:43,"System User"
2423,"FORM.FRMORDERDETAIL.LBLVALIDUNTIL","fr-CH","Valable jusqu'au",1,"FORM",,12.06.2026 12:31:35,"System User",12.06.2026 12:31:43,"System User"
2424,"FORM.FRMORDERDETAIL.LBLVATAMOUNT","de-CH","MWST",1,"FORM",,12.06.2026 12:31:49,"System User",12.06.2026 12:31:57,"System User"
2425,"FORM.FRMORDERDETAIL.LBLVATAMOUNT","en-US","VAT",1,"FORM",,12.06.2026 12:31:49,"System User",12.06.2026 12:31:57,"System User"
2426,"FORM.FRMORDERDETAIL.LBLVATAMOUNT","fr-CH","TVA",1,"FORM",,12.06.2026 12:31:49,"System User",12.06.2026 12:31:57,"System User"
2427,"FORM.FRMORDERDETAIL.LBLVATMODE","de-CH","MWST-Modus",1,"FORM",,12.06.2026 12:32:06,"System User",12.06.2026 12:32:16,"System User"
2428,"FORM.FRMORDERDETAIL.LBLVATMODE","en-US","VAT Mode",1,"FORM",,12.06.2026 12:32:06,"System User",12.06.2026 12:32:16,"System User"
2429,"FORM.FRMORDERDETAIL.LBLVATMODE","fr-CH","Mode TVA",1,"FORM",,12.06.2026 12:32:06,"System User",12.06.2026 12:32:16,"System User"
2430,"FORM.SFRMORDERLINES.LBLARTICLEID","de-CH","Art-ID",1,"FORM",,13.06.2026 09:05:25,"System User",13.06.2026 09:06:41,"System User"
2431,"FORM.SFRMORDERLINES.LBLARTICLEID","en-US","Itm-ID",1,"FORM",,13.06.2026 09:05:25,"System User",13.06.2026 09:06:41,"System User"
2432,"FORM.SFRMORDERLINES.LBLARTICLEID","fr-CH","ID-art",1,"FORM",,13.06.2026 09:05:25,"System User",13.06.2026 09:06:41,"System User"
2433,"FORM.SFRMORDERLINES.LBLDESCRIPTIONTEXT","de-CH","Bezeichnung",1,"FORM",,13.06.2026 09:06:46,"System User",13.06.2026 09:07:10,"System User"
2434,"FORM.SFRMORDERLINES.LBLDESCRIPTIONTEXT","en-US","Description",1,"FORM",,13.06.2026 09:06:46,"System User",13.06.2026 09:07:10,"System User"
2435,"FORM.SFRMORDERLINES.LBLDESCRIPTIONTEXT","fr-CH","Désignation",1,"FORM",,13.06.2026 09:06:46,"System User",13.06.2026 09:07:10,"System User"
2436,"FORM.SFRMORDERLINES.LBLDISCOUNTTYPE","de-CH","Typ",1,"FORM",,13.06.2026 09:07:15,"System User",13.06.2026 09:08:02,"System User"
2437,"FORM.SFRMORDERLINES.LBLDISCOUNTTYPE","en-US","Type",1,"FORM",,13.06.2026 09:07:15,"System User",13.06.2026 09:08:02,"System User"
2438,"FORM.SFRMORDERLINES.LBLDISCOUNTTYPE","fr-CH","Type",1,"FORM",,13.06.2026 09:07:15,"System User",13.06.2026 09:08:02,"System User"
2439,"FORM.SFRMORDERLINES.LBLDISCOUNTVALUE","de-CH","Rabatt",1,"FORM",,13.06.2026 09:08:09,"System User",13.06.2026 09:08:19,"System User"
2440,"FORM.SFRMORDERLINES.LBLDISCOUNTVALUE","en-US","Discount",1,"FORM",,13.06.2026 09:08:09,"System User",13.06.2026 09:08:19,"System User"
2441,"FORM.SFRMORDERLINES.LBLDISCOUNTVALUE","fr-CH","Remise",1,"FORM",,13.06.2026 09:08:09,"System User",13.06.2026 09:08:19,"System User"
2442,"FORM.SFRMORDERLINES.LBLLINEGROSSAMOUNT","de-CH","Total",1,"FORM",,13.06.2026 09:08:26,"System User",13.06.2026 09:09:21,"System User"
2443,"FORM.SFRMORDERLINES.LBLLINEGROSSAMOUNT","en-US","Total",1,"FORM",,13.06.2026 09:08:26,"System User",13.06.2026 09:09:21,"System User"
2444,"FORM.SFRMORDERLINES.LBLLINEGROSSAMOUNT","fr-CH","Total",1,"FORM",,13.06.2026 09:08:26,"System User",13.06.2026 09:09:21,"System User"
2445,"FORM.SFRMORDERLINES.LBLLINENETAMOUNT","de-CH","Netto",1,"FORM",,13.06.2026 09:09:30,"System User",13.06.2026 09:09:37,"System User"
2446,"FORM.SFRMORDERLINES.LBLLINENETAMOUNT","en-US","Net",1,"FORM",,13.06.2026 09:09:30,"System User",13.06.2026 09:09:38,"System User"
2447,"FORM.SFRMORDERLINES.LBLLINENETAMOUNT","fr-CH","Net",1,"FORM",,13.06.2026 09:09:30,"System User",13.06.2026 09:09:38,"System User"
2448,"FORM.SFRMORDERLINES.LBLLINENO","de-CH","Sort",1,"FORM",,13.06.2026 09:09:46,"System User",13.06.2026 09:09:55,"System User"
2449,"FORM.SFRMORDERLINES.LBLLINENO","en-US","Sort",1,"FORM",,13.06.2026 09:09:46,"System User",13.06.2026 09:09:55,"System User"
2450,"FORM.SFRMORDERLINES.LBLLINENO","fr-CH","Trier",1,"FORM",,13.06.2026 09:09:46,"System User",13.06.2026 09:09:55,"System User"
2451,"FORM.SFRMORDERLINES.LBLLINEVATAMOUNT","de-CH","MwSt.",1,"FORM",,13.06.2026 09:10:02,"System User",13.06.2026 09:27:53,"System User"
2452,"FORM.SFRMORDERLINES.LBLLINEVATAMOUNT","en-US","VAT",1,"FORM",,13.06.2026 09:10:02,"System User",13.06.2026 09:27:53,"System User"
2453,"FORM.SFRMORDERLINES.LBLLINEVATAMOUNT","fr-CH","TVA",1,"FORM",,13.06.2026 09:10:02,"System User",13.06.2026 09:27:53,"System User"
2454,"FORM.SFRMORDERLINES.LBLQUANTITY","de-CH","Anz.",1,"FORM",,13.06.2026 09:10:26,"System User",13.06.2026 09:28:09,"System User"
2455,"FORM.SFRMORDERLINES.LBLQUANTITY","en-US","Qty.",1,"FORM",,13.06.2026 09:10:26,"System User",13.06.2026 09:28:09,"System User"
2456,"FORM.SFRMORDERLINES.LBLQUANTITY","fr-CH","Qté.",1,"FORM",,13.06.2026 09:10:26,"System User",13.06.2026 09:28:09,"System User"
2457,"FORM.SFRMORDERLINES.LBLSURCHARGETYPE","de-CH","Typ",1,"FORM",,13.06.2026 09:10:47,"System User",13.06.2026 09:10:58,"System User"
2458,"FORM.SFRMORDERLINES.LBLSURCHARGETYPE","en-US","Type",1,"FORM",,13.06.2026 09:10:47,"System User",13.06.2026 09:10:58,"System User"
2459,"FORM.SFRMORDERLINES.LBLSURCHARGETYPE","fr-CH","Type",1,"FORM",,13.06.2026 09:10:47,"System User",13.06.2026 09:10:58,"System User"
2460,"FORM.SFRMORDERLINES.LBLSURCHARGEVALUE","de-CH","Aufschlag",1,"FORM",,13.06.2026 09:11:05,"System User",13.06.2026 09:11:14,"System User"
2461,"FORM.SFRMORDERLINES.LBLSURCHARGEVALUE","en-US","Surcharge",1,"FORM",,13.06.2026 09:11:05,"System User",13.06.2026 09:11:14,"System User"
2462,"FORM.SFRMORDERLINES.LBLSURCHARGEVALUE","fr-CH","Supplément",1,"FORM",,13.06.2026 09:11:05,"System User",13.06.2026 09:11:14,"System User"
2463,"FORM.SFRMORDERLINES.LBLUNITCODE","de-CH","Einheit",1,"FORM",,13.06.2026 09:11:21,"System User",13.06.2026 09:11:31,"System User"
2464,"FORM.SFRMORDERLINES.LBLUNITCODE","en-US","Unit",1,"FORM",,13.06.2026 09:11:21,"System User",13.06.2026 09:11:31,"System User"
2465,"FORM.SFRMORDERLINES.LBLUNITCODE","fr-CH","Unité",1,"FORM",,13.06.2026 09:11:21,"System User",13.06.2026 09:11:31,"System User"
2466,"FORM.SFRMORDERLINES.LBLUNITPRICE","de-CH","Preis",1,"FORM",,13.06.2026 09:11:37,"System User",13.06.2026 09:11:44,"System User"
2467,"FORM.SFRMORDERLINES.LBLUNITPRICE","en-US","Price",1,"FORM",,13.06.2026 09:11:37,"System User",13.06.2026 09:11:44,"System User"
2468,"FORM.SFRMORDERLINES.LBLUNITPRICE","fr-CH","Prix",1,"FORM",,13.06.2026 09:11:37,"System User",13.06.2026 09:11:44,"System User"
2469,"FORM.SFRMORDERLINES.LBLVATCODE","de-CH","MwSt.",1,"FORM",,13.06.2026 09:11:51,"System User",13.06.2026 09:15:40,"System User"
2470,"FORM.SFRMORDERLINES.LBLVATCODE","en-US","VAT",1,"FORM",,13.06.2026 09:11:51,"System User",13.06.2026 09:15:40,"System User"
2471,"FORM.SFRMORDERLINES.LBLVATCODE","fr-CH","TVA",1,"FORM",,13.06.2026 09:11:51,"System User",13.06.2026 09:15:40,"System User"
2472,"FORM.SFRMORDERLINES.LBLVATRATE","de-CH","Satz",1,"FORM",,13.06.2026 09:12:23,"System User",13.06.2026 09:12:58,"System User"
2473,"FORM.SFRMORDERLINES.LBLVATRATE","en-US","Rate",1,"FORM",,13.06.2026 09:12:23,"System User",13.06.2026 09:12:58,"System User"
2474,"FORM.SFRMORDERLINES.LBLVATRATE","fr-CH","Taux",1,"FORM",,13.06.2026 09:12:23,"System User",13.06.2026 09:12:58,"System User"
2475,"NAV.ORDER_DETAIL","de-CH","Bestellung",1,"NAVIGATION","348",31.07.2026 11:44:01,"SYSTEM",31.07.2026 11:44:01,"SYSTEM"
2476,"NAV.ORDER_DETAIL","en-US","Order",1,"NAVIGATION","348",31.07.2026 11:44:01,"SYSTEM",31.07.2026 11:44:01,"SYSTEM"
2477,"NAV.ORDER_DETAIL","fr-CH","Commande",1,"NAVIGATION","348",31.07.2026 11:44:01,"SYSTEM",31.07.2026 11:44:01,"SYSTEM"
2478,"FORM.FRMORDERDETAIL.FORM_TITLE","de-CH","Bestellung",1,"FORM","349",31.07.2026 11:44:01,"SYSTEM",31.07.2026 11:44:01,"SYSTEM"
2479,"FORM.FRMORDERDETAIL.FORM_TITLE","en-US","Order",1,"FORM","349",31.07.2026 11:44:01,"SYSTEM",31.07.2026 11:44:01,"SYSTEM"
2480,"FORM.FRMORDERDETAIL.FORM_TITLE","fr-CH","Commande",1,"FORM","349",31.07.2026 11:44:01,"SYSTEM",31.07.2026 11:44:01,"SYSTEM"
2481,"FORM.FRMORDERDETAIL.ORDER_NO","de-CH","Bestell-Nr.",1,"FORM","350",31.07.2026 11:44:01,"SYSTEM",31.07.2026 11:44:01,"SYSTEM"
2482,"FORM.FRMORDERDETAIL.ORDER_NO","en-US","Order no.",1,"FORM","350",31.07.2026 11:44:01,"SYSTEM",31.07.2026 11:44:01,"SYSTEM"
2483,"FORM.FRMORDERDETAIL.ORDER_NO","fr-CH","No de commande",1,"FORM","350",31.07.2026 11:44:01,"SYSTEM",31.07.2026 11:44:01,"SYSTEM"
2484,"FORM.FRMORDERDETAIL.CUSTOMER_NAME","de-CH","Kunde",1,"FORM","351",31.07.2026 11:44:01,"SYSTEM",31.07.2026 11:44:01,"SYSTEM"
2485,"FORM.FRMORDERDETAIL.CUSTOMER_NAME","en-US","Customer",1,"FORM","351",31.07.2026 11:44:01,"SYSTEM",31.07.2026 11:44:01,"SYSTEM"
2486,"FORM.FRMORDERDETAIL.CUSTOMER_NAME","fr-CH","Client",1,"FORM","351",31.07.2026 11:44:01,"SYSTEM",31.07.2026 11:44:01,"SYSTEM"
2487,"FORM.FRMORDERDETAIL.ORDER_DATE","de-CH","Bestelldatum",1,"FORM","352",31.07.2026 11:44:01,"SYSTEM",31.07.2026 11:44:01,"SYSTEM"
2488,"FORM.FRMORDERDETAIL.ORDER_DATE","en-US","Order date",1,"FORM","352",31.07.2026 11:44:01,"SYSTEM",31.07.2026 11:44:01,"SYSTEM"
2489,"FORM.FRMORDERDETAIL.ORDER_DATE","fr-CH","Date de commande",1,"FORM","352",31.07.2026 11:44:01,"SYSTEM",31.07.2026 11:44:01,"SYSTEM"
2490,"FORM.FRMORDERDETAIL.DELIVERY_DATE","de-CH","Lieferdatum",1,"FORM","353",31.07.2026 11:44:01,"SYSTEM",31.07.2026 11:44:01,"SYSTEM"
2491,"FORM.FRMORDERDETAIL.DELIVERY_DATE","en-US","Delivery date",1,"FORM","353",31.07.2026 11:44:01,"SYSTEM",31.07.2026 11:44:01,"SYSTEM"
2492,"FORM.FRMORDERDETAIL.DELIVERY_DATE","fr-CH","Date de livraison",1,"FORM","353",31.07.2026 11:44:01,"SYSTEM",31.07.2026 11:44:01,"SYSTEM"
2493,"FORM.FRMORDERDETAIL.VALID_UNTIL","de-CH","Gueltig bis",1,"FORM","354",31.07.2026 11:44:01,"SYSTEM",31.07.2026 11:44:01,"SYSTEM"
2494,"FORM.FRMORDERDETAIL.VALID_UNTIL","en-US","Valid until",1,"FORM","354",31.07.2026 11:44:01,"SYSTEM",31.07.2026 11:44:01,"SYSTEM"
2495,"FORM.FRMORDERDETAIL.VALID_UNTIL","fr-CH","Valable jusqu'au",1,"FORM","354",31.07.2026 11:44:01,"SYSTEM",31.07.2026 11:44:01,"SYSTEM"
2496,"FORM.FRMORDERDETAIL.REFERENCE_TEXT","de-CH","Referenz",1,"FORM","355",31.07.2026 11:44:01,"SYSTEM",31.07.2026 11:44:01,"SYSTEM"
2497,"FORM.FRMORDERDETAIL.REFERENCE_TEXT","en-US","Reference",1,"FORM","355",31.07.2026 11:44:01,"SYSTEM",31.07.2026 11:44:01,"SYSTEM"
2498,"FORM.FRMORDERDETAIL.REFERENCE_TEXT","fr-CH","Reference",1,"FORM","355",31.07.2026 11:44:01,"SYSTEM",31.07.2026 11:44:01,"SYSTEM"
2499,"FORM.FRMORDERDETAIL.EXTERNAL_REFERENCE","de-CH","Externe Referenz",1,"FORM","356",31.07.2026 11:44:01,"SYSTEM",31.07.2026 11:44:01,"SYSTEM"
2500,"FORM.FRMORDERDETAIL.EXTERNAL_REFERENCE","en-US","External reference",1,"FORM","356",31.07.2026 11:44:01,"SYSTEM",31.07.2026 11:44:01,"SYSTEM"
2501,"FORM.FRMORDERDETAIL.EXTERNAL_REFERENCE","fr-CH","Reference externe",1,"FORM","356",31.07.2026 11:44:01,"SYSTEM",31.07.2026 11:44:01,"SYSTEM"
2502,"FORM.FRMORDERDETAIL.LANGUAGE_CODE","de-CH","Sprache",1,"FORM","357",31.07.2026 11:44:01,"SYSTEM",31.07.2026 11:44:01,"SYSTEM"
2503,"FORM.FRMORDERDETAIL.LANGUAGE_CODE","en-US","Language",1,"FORM","357",31.07.2026 11:44:01,"SYSTEM",31.07.2026 11:44:01,"SYSTEM"
2504,"FORM.FRMORDERDETAIL.LANGUAGE_CODE","fr-CH","Langue",1,"FORM","357",31.07.2026 11:44:01,"SYSTEM",31.07.2026 11:44:01,"SYSTEM"
2505,"FORM.FRMORDERDETAIL.CURRENCY_CODE","de-CH","Waehrung",1,"FORM","358",31.07.2026 11:44:01,"SYSTEM",31.07.2026 11:44:01,"SYSTEM"
2506,"FORM.FRMORDERDETAIL.CURRENCY_CODE","en-US","Currency",1,"FORM","358",31.07.2026 11:44:01,"SYSTEM",31.07.2026 11:44:01,"SYSTEM"
2507,"FORM.FRMORDERDETAIL.CURRENCY_CODE","fr-CH","Devise",1,"FORM","358",31.07.2026 11:44:01,"SYSTEM",31.07.2026 11:44:01,"SYSTEM"
2508,"FORM.FRMORDERDETAIL.PAYMENT_TERM_CODE","de-CH","Zahlungsbedingung",1,"FORM","359",31.07.2026 11:44:01,"SYSTEM",31.07.2026 11:44:01,"SYSTEM"
2509,"FORM.FRMORDERDETAIL.PAYMENT_TERM_CODE","en-US","Payment term",1,"FORM","359",31.07.2026 11:44:01,"SYSTEM",31.07.2026 11:44:01,"SYSTEM"
2510,"FORM.FRMORDERDETAIL.PAYMENT_TERM_CODE","fr-CH","Condition de paiement",1,"FORM","359",31.07.2026 11:44:01,"SYSTEM",31.07.2026 11:44:01,"SYSTEM"
2511,"FORM.FRMORDERDETAIL.VAT_MODE","de-CH","MWST-Modus",1,"FORM","360",31.07.2026 11:44:01,"SYSTEM",31.07.2026 11:44:01,"SYSTEM"
2512,"FORM.FRMORDERDETAIL.VAT_MODE","en-US","VAT mode",1,"FORM","360",31.07.2026 11:44:01,"SYSTEM",31.07.2026 11:44:01,"SYSTEM"
2513,"FORM.FRMORDERDETAIL.VAT_MODE","fr-CH","Mode TVA",1,"FORM","360",31.07.2026 11:44:01,"SYSTEM",31.07.2026 11:44:01,"SYSTEM"
2514,"FORM.FRMORDERDETAIL.VAT_MODE_EXCLUSIVE","de-CH","Exklusive",1,"FORM","3601",31.07.2026 11:44:01,"SYSTEM",31.07.2026 11:47:07,"System User"
2515,"FORM.FRMORDERDETAIL.VAT_MODE_EXCLUSIVE","en-US","Exclusive",1,"FORM","3601",31.07.2026 11:44:01,"SYSTEM",31.07.2026 11:47:07,"System User"
2516,"FORM.FRMORDERDETAIL.VAT_MODE_EXCLUSIVE","fr-CH","Exclusif",1,"FORM","3601",31.07.2026 11:44:01,"SYSTEM",31.07.2026 11:47:07,"System User"
2517,"FORM.FRMORDERDETAIL.VAT_MODE_INCLUSIVE","de-CH","Inklusive",1,"FORM","3602",31.07.2026 11:44:01,"SYSTEM",31.07.2026 11:47:50,"System User"
2518,"FORM.FRMORDERDETAIL.VAT_MODE_INCLUSIVE","en-US","Inclusive",1,"FORM","3602",31.07.2026 11:44:02,"SYSTEM",31.07.2026 11:47:50,"System User"
2519,"FORM.FRMORDERDETAIL.VAT_MODE_INCLUSIVE","fr-CH","Inclus",1,"FORM","3602",31.07.2026 11:44:02,"SYSTEM",31.07.2026 11:47:50,"System User"
2520,"FORM.FRMORDERDETAIL.VAT_MODE_NONE","de-CH","Keine",1,"FORM","3603",31.07.2026 11:44:02,"SYSTEM",31.07.2026 11:49:36,"System User"
2521,"FORM.FRMORDERDETAIL.VAT_MODE_NONE","en-US","None",1,"FORM","3603",31.07.2026 11:44:02,"SYSTEM",31.07.2026 11:49:36,"System User"
2522,"FORM.FRMORDERDETAIL.VAT_MODE_NONE","fr-CH","Aucune",1,"FORM","3603",31.07.2026 11:44:02,"SYSTEM",31.07.2026 11:49:36,"System User"
2523,"FORM.FRMORDERDETAIL.ORDER_STATUS_CODE","de-CH","Status",1,"FORM","361",31.07.2026 11:44:02,"SYSTEM",31.07.2026 11:44:02,"SYSTEM"
2524,"FORM.FRMORDERDETAIL.ORDER_STATUS_CODE","en-US","Status",1,"FORM","361",31.07.2026 11:44:02,"SYSTEM",31.07.2026 11:44:02,"SYSTEM"
2525,"FORM.FRMORDERDETAIL.ORDER_STATUS_CODE","fr-CH","Statut",1,"FORM","361",31.07.2026 11:44:02,"SYSTEM",31.07.2026 11:44:02,"SYSTEM"
2526,"FORM.FRMORDERDETAIL.NOTES_TEXT","de-CH","Notizen",1,"FORM","362",31.07.2026 11:44:02,"SYSTEM",31.07.2026 11:44:02,"SYSTEM"
2527,"FORM.FRMORDERDETAIL.NOTES_TEXT","en-US","Notes",1,"FORM","362",31.07.2026 11:44:02,"SYSTEM",31.07.2026 11:44:02,"SYSTEM"
2528,"FORM.FRMORDERDETAIL.NOTES_TEXT","fr-CH","Notes",1,"FORM","362",31.07.2026 11:44:02,"SYSTEM",31.07.2026 11:44:02,"SYSTEM"
2529,"FORM.FRMORDERDETAIL.INTERNAL_NOTES_TEXT","de-CH","Interne Notizen",1,"FORM","363",31.07.2026 11:44:02,"SYSTEM",31.07.2026 11:44:02,"SYSTEM"
2530,"FORM.FRMORDERDETAIL.INTERNAL_NOTES_TEXT","en-US","Internal notes",1,"FORM","363",31.07.2026 11:44:02,"SYSTEM",31.07.2026 11:44:02,"SYSTEM"
2531,"FORM.FRMORDERDETAIL.INTERNAL_NOTES_TEXT","fr-CH","Notes internes",1,"FORM","363",31.07.2026 11:44:02,"SYSTEM",31.07.2026 11:44:02,"SYSTEM"
2532,"FORM.FRMORDERDETAIL.SUBTOTAL_NET_AMOUNT","de-CH","Zwischentotal netto",1,"FORM","364",31.07.2026 11:44:02,"SYSTEM",31.07.2026 11:44:02,"SYSTEM"
2533,"FORM.FRMORDERDETAIL.SUBTOTAL_NET_AMOUNT","en-US","Subtotal net",1,"FORM","364",31.07.2026 11:44:02,"SYSTEM",31.07.2026 11:44:02,"SYSTEM"
2534,"FORM.FRMORDERDETAIL.SUBTOTAL_NET_AMOUNT","fr-CH","Sous-total net",1,"FORM","364",31.07.2026 11:44:02,"SYSTEM",31.07.2026 11:44:02,"SYSTEM"
2535,"FORM.FRMORDERDETAIL.NET_AMOUNT","de-CH","Netto",1,"FORM","365",31.07.2026 11:44:02,"SYSTEM",31.07.2026 11:44:02,"SYSTEM"
2536,"FORM.FRMORDERDETAIL.NET_AMOUNT","en-US","Net",1,"FORM","365",31.07.2026 11:44:02,"SYSTEM",31.07.2026 11:44:02,"SYSTEM"
2537,"FORM.FRMORDERDETAIL.NET_AMOUNT","fr-CH","Net",1,"FORM","365",31.07.2026 11:44:02,"SYSTEM",31.07.2026 11:44:02,"SYSTEM"
2538,"FORM.FRMORDERDETAIL.VAT_AMOUNT","de-CH","MWST",1,"FORM","366",31.07.2026 11:44:02,"SYSTEM",31.07.2026 11:44:02,"SYSTEM"
2539,"FORM.FRMORDERDETAIL.VAT_AMOUNT","en-US","VAT",1,"FORM","366",31.07.2026 11:44:02,"SYSTEM",31.07.2026 11:44:02,"SYSTEM"
2540,"FORM.FRMORDERDETAIL.VAT_AMOUNT","fr-CH","TVA",1,"FORM","366",31.07.2026 11:44:02,"SYSTEM",31.07.2026 11:44:02,"SYSTEM"
2541,"FORM.FRMORDERDETAIL.GROSS_AMOUNT","de-CH","Brutto",1,"FORM","367",31.07.2026 11:44:02,"SYSTEM",31.07.2026 11:44:02,"SYSTEM"
2542,"FORM.FRMORDERDETAIL.GROSS_AMOUNT","en-US","Gross",1,"FORM","367",31.07.2026 11:44:02,"SYSTEM",31.07.2026 11:44:02,"SYSTEM"
2543,"FORM.FRMORDERDETAIL.GROSS_AMOUNT","fr-CH","Brut",1,"FORM","367",31.07.2026 11:44:02,"SYSTEM",31.07.2026 11:44:02,"SYSTEM"
2544,"MSG.ORDER_DETAIL_MISSING_ID","de-CH","Keine Bestellung uebergeben.",1,"MSG","368",31.07.2026 11:44:02,"SYSTEM",31.07.2026 11:44:02,"SYSTEM"
2545,"MSG.ORDER_DETAIL_MISSING_ID","en-US","No order was provided.",1,"MSG","368",31.07.2026 11:44:02,"SYSTEM",31.07.2026 11:44:02,"SYSTEM"
2546,"MSG.ORDER_DETAIL_MISSING_ID","fr-CH","Aucune commande n'a ete transmise.",1,"MSG","368",31.07.2026 11:44:02,"SYSTEM",31.07.2026 11:44:02,"SYSTEM"
2547,"MSG.ORDER_DETAIL_INVALID_ID","de-CH","Die uebergebene Bestell-ID ist ungueltig.",1,"MSG","369",31.07.2026 11:44:02,"SYSTEM",31.07.2026 11:44:02,"SYSTEM"
2548,"MSG.ORDER_DETAIL_INVALID_ID","en-US","The provided order id is invalid.",1,"MSG","369",31.07.2026 11:44:02,"SYSTEM",31.07.2026 11:44:02,"SYSTEM"
2549,"MSG.ORDER_DETAIL_INVALID_ID","fr-CH","L'identifiant de commande transmis est invalide.",1,"MSG","369",31.07.2026 11:44:02,"SYSTEM",31.07.2026 11:44:02,"SYSTEM"
2550,"MSG.ORDER_DETAIL_NOT_FOUND","de-CH","Die Bestellung konnte nicht gefunden werden.",1,"MSG","370",31.07.2026 11:44:02,"SYSTEM",31.07.2026 11:44:02,"SYSTEM"
2551,"MSG.ORDER_DETAIL_NOT_FOUND","en-US","The order could not be found.",1,"MSG","370",31.07.2026 11:44:02,"SYSTEM",31.07.2026 11:44:02,"SYSTEM"
2552,"MSG.ORDER_DETAIL_NOT_FOUND","fr-CH","La commande n'a pas pu etre trouvee.",1,"MSG","370",31.07.2026 11:44:02,"SYSTEM",31.07.2026 11:44:02,"SYSTEM"
2553,"MSG.ORDER_DETAIL_SAVE_ERROR","de-CH","Fehler beim Speichern der Bestellung.",1,"MSG","371",31.07.2026 11:44:02,"SYSTEM",31.07.2026 11:44:02,"SYSTEM"
2554,"MSG.ORDER_DETAIL_SAVE_ERROR","en-US","Error saving the order.",1,"MSG","371",31.07.2026 11:44:02,"SYSTEM",31.07.2026 11:44:02,"SYSTEM"
2555,"MSG.ORDER_DETAIL_SAVE_ERROR","fr-CH","Erreur lors de l'enregistrement de la commande.",1,"MSG","371",31.07.2026 11:44:02,"SYSTEM",31.07.2026 11:44:02,"SYSTEM"
2556,"MSG.ORDER_DETAIL_CANCEL_CONFIRM","de-CH","Aenderungen verwerfen?",1,"MSG","372",31.07.2026 11:44:02,"SYSTEM",31.07.2026 11:44:02,"SYSTEM"
2557,"MSG.ORDER_DETAIL_CANCEL_CONFIRM","en-US","Discard changes?",1,"MSG","372",31.07.2026 11:44:02,"SYSTEM",31.07.2026 11:44:02,"SYSTEM"
2558,"MSG.ORDER_DETAIL_CANCEL_CONFIRM","fr-CH","Abandonner les modifications ?",1,"MSG","372",31.07.2026 11:44:02,"SYSTEM",31.07.2026 11:44:02,"SYSTEM"
2559,"COMMON.SAVE","de-CH","Speichern",1,"COMMON","373",31.07.2026 11:44:02,"SYSTEM",31.07.2026 11:44:02,"SYSTEM"
2560,"COMMON.SAVE","en-US","Save",1,"COMMON","373",31.07.2026 11:44:02,"SYSTEM",31.07.2026 11:44:02,"SYSTEM"
2561,"COMMON.SAVE","fr-CH","Enregistrer",1,"COMMON","373",31.07.2026 11:44:02,"SYSTEM",31.07.2026 11:44:02,"SYSTEM"
2562,"COMMON.CANCEL","de-CH","Abbrechen",1,"COMMON","374",31.07.2026 11:44:02,"SYSTEM",31.07.2026 11:44:02,"SYSTEM"
2563,"COMMON.CANCEL","en-US","Cancel",1,"COMMON","374",31.07.2026 11:44:02,"SYSTEM",31.07.2026 11:44:02,"SYSTEM"
2564,"COMMON.CANCEL","fr-CH","Annuler",1,"COMMON","374",31.07.2026 11:44:02,"SYSTEM",31.07.2026 11:44:02,"SYSTEM"
2565,"FORM.SFRMORDERLINES.LINE_NO","de-CH","Pos.",1,"FORM","375",31.07.2026 11:44:02,"SYSTEM",31.07.2026 11:44:02,"SYSTEM"
2566,"FORM.SFRMORDERLINES.LINE_NO","en-US","Line",1,"FORM","375",31.07.2026 11:44:02,"SYSTEM",31.07.2026 11:44:02,"SYSTEM"
2567,"FORM.SFRMORDERLINES.LINE_NO","fr-CH","Pos.",1,"FORM","375",31.07.2026 11:44:02,"SYSTEM",31.07.2026 11:44:02,"SYSTEM"
2568,"FORM.SFRMORDERLINES.ARTICLE_ID","de-CH","Artikel-ID",1,"FORM","376",31.07.2026 11:44:02,"SYSTEM",31.07.2026 11:44:02,"SYSTEM"
2569,"FORM.SFRMORDERLINES.ARTICLE_ID","en-US","Article id",1,"FORM","376",31.07.2026 11:44:02,"SYSTEM",31.07.2026 11:44:02,"SYSTEM"
2570,"FORM.SFRMORDERLINES.ARTICLE_ID","fr-CH","Id article",1,"FORM","376",31.07.2026 11:44:02,"SYSTEM",31.07.2026 11:44:02,"SYSTEM"
2571,"FORM.SFRMORDERLINES.ARTICLE_NO","de-CH","Artikel-Nr.",1,"FORM","377",31.07.2026 11:44:02,"SYSTEM",31.07.2026 11:44:02,"SYSTEM"
2572,"FORM.SFRMORDERLINES.ARTICLE_NO","en-US","Article no.",1,"FORM","377",31.07.2026 11:44:02,"SYSTEM",31.07.2026 11:44:02,"SYSTEM"
2573,"FORM.SFRMORDERLINES.ARTICLE_NO","fr-CH","No article",1,"FORM","377",31.07.2026 11:44:03,"SYSTEM",31.07.2026 11:44:03,"SYSTEM"
2574,"FORM.SFRMORDERLINES.DESCRIPTION_TEXT","de-CH","Beschreibung",1,"FORM","378",31.07.2026 11:44:03,"SYSTEM",31.07.2026 11:44:03,"SYSTEM"
2575,"FORM.SFRMORDERLINES.DESCRIPTION_TEXT","en-US","Description",1,"FORM","378",31.07.2026 11:44:03,"SYSTEM",31.07.2026 11:44:03,"SYSTEM"
2576,"FORM.SFRMORDERLINES.DESCRIPTION_TEXT","fr-CH","Description",1,"FORM","378",31.07.2026 11:44:03,"SYSTEM",31.07.2026 11:44:03,"SYSTEM"
2577,"FORM.SFRMORDERLINES.QUANTITY","de-CH","Menge",1,"FORM","379",31.07.2026 11:44:03,"SYSTEM",31.07.2026 11:44:03,"SYSTEM"
2578,"FORM.SFRMORDERLINES.QUANTITY","en-US","Quantity",1,"FORM","379",31.07.2026 11:44:03,"SYSTEM",31.07.2026 11:44:03,"SYSTEM"
2579,"FORM.SFRMORDERLINES.QUANTITY","fr-CH","Quantite",1,"FORM","379",31.07.2026 11:44:03,"SYSTEM",31.07.2026 11:44:03,"SYSTEM"
2580,"FORM.SFRMORDERLINES.UNIT_CODE","de-CH","Einheit",1,"FORM","380",31.07.2026 11:44:03,"SYSTEM",31.07.2026 11:44:03,"SYSTEM"
2581,"FORM.SFRMORDERLINES.UNIT_CODE","en-US","Unit",1,"FORM","380",31.07.2026 11:44:03,"SYSTEM",31.07.2026 11:44:03,"SYSTEM"
2582,"FORM.SFRMORDERLINES.UNIT_CODE","fr-CH","Unite",1,"FORM","380",31.07.2026 11:44:03,"SYSTEM",31.07.2026 11:44:03,"SYSTEM"
2583,"FORM.SFRMORDERLINES.UNIT_PRICE","de-CH","Preis",1,"FORM","381",31.07.2026 11:44:03,"SYSTEM",31.07.2026 11:44:03,"SYSTEM"
2584,"FORM.SFRMORDERLINES.UNIT_PRICE","en-US","Price",1,"FORM","381",31.07.2026 11:44:03,"SYSTEM",31.07.2026 11:44:03,"SYSTEM"
2585,"FORM.SFRMORDERLINES.UNIT_PRICE","fr-CH","Prix",1,"FORM","381",31.07.2026 11:44:03,"SYSTEM",31.07.2026 11:44:03,"SYSTEM"
2586,"FORM.SFRMORDERLINES.DISCOUNT_TYPE","de-CH","Rabattart",1,"FORM","382",31.07.2026 11:44:03,"SYSTEM",31.07.2026 11:44:03,"SYSTEM"
2587,"FORM.SFRMORDERLINES.DISCOUNT_TYPE","en-US","Discount type",1,"FORM","382",31.07.2026 11:44:03,"SYSTEM",31.07.2026 11:44:03,"SYSTEM"
2588,"FORM.SFRMORDERLINES.DISCOUNT_TYPE","fr-CH","Type de rabais",1,"FORM","382",31.07.2026 11:44:03,"SYSTEM",31.07.2026 11:44:03,"SYSTEM"
2589,"FORM.SFRMORDERLINES.DISCOUNT_VALUE","de-CH","Rabatt",1,"FORM","383",31.07.2026 11:44:03,"SYSTEM",31.07.2026 11:44:03,"SYSTEM"
2590,"FORM.SFRMORDERLINES.DISCOUNT_VALUE","en-US","Discount",1,"FORM","383",31.07.2026 11:44:03,"SYSTEM",31.07.2026 11:44:03,"SYSTEM"
2591,"FORM.SFRMORDERLINES.DISCOUNT_VALUE","fr-CH","Rabais",1,"FORM","383",31.07.2026 11:44:03,"SYSTEM",31.07.2026 11:44:03,"SYSTEM"
2592,"FORM.SFRMORDERLINES.SURCHARGE_TYPE","de-CH","Zuschlagsart",1,"FORM","384",31.07.2026 11:44:03,"SYSTEM",31.07.2026 11:44:03,"SYSTEM"
2593,"FORM.SFRMORDERLINES.SURCHARGE_TYPE","en-US","Surcharge type",1,"FORM","384",31.07.2026 11:44:03,"SYSTEM",31.07.2026 11:44:03,"SYSTEM"
2594,"FORM.SFRMORDERLINES.SURCHARGE_TYPE","fr-CH","Type de supplement",1,"FORM","384",31.07.2026 11:44:03,"SYSTEM",31.07.2026 11:44:03,"SYSTEM"
2595,"FORM.SFRMORDERLINES.SURCHARGE_VALUE","de-CH","Zuschlag",1,"FORM","385",31.07.2026 11:44:03,"SYSTEM",31.07.2026 11:44:03,"SYSTEM"
2596,"FORM.SFRMORDERLINES.SURCHARGE_VALUE","en-US","Surcharge",1,"FORM","385",31.07.2026 11:44:03,"SYSTEM",31.07.2026 11:44:03,"SYSTEM"
2597,"FORM.SFRMORDERLINES.SURCHARGE_VALUE","fr-CH","Supplement",1,"FORM","385",31.07.2026 11:44:03,"SYSTEM",31.07.2026 11:44:03,"SYSTEM"
2598,"FORM.SFRMORDERLINES.VAT_CODE","de-CH","MWST-Code",1,"FORM","386",31.07.2026 11:44:03,"SYSTEM",31.07.2026 11:44:03,"SYSTEM"
2599,"FORM.SFRMORDERLINES.VAT_CODE","en-US","VAT code",1,"FORM","386",31.07.2026 11:44:03,"SYSTEM",31.07.2026 11:44:03,"SYSTEM"
2600,"FORM.SFRMORDERLINES.VAT_CODE","fr-CH","Code TVA",1,"FORM","386",31.07.2026 11:44:03,"SYSTEM",31.07.2026 11:44:03,"SYSTEM"
2601,"FORM.SFRMORDERLINES.VAT_RATE","de-CH","MWST-Satz",1,"FORM","387",31.07.2026 11:44:03,"SYSTEM",31.07.2026 11:44:03,"SYSTEM"
2602,"FORM.SFRMORDERLINES.VAT_RATE","en-US","VAT rate",1,"FORM","387",31.07.2026 11:44:03,"SYSTEM",31.07.2026 11:44:03,"SYSTEM"
2603,"FORM.SFRMORDERLINES.VAT_RATE","fr-CH","Taux TVA",1,"FORM","387",31.07.2026 11:44:03,"SYSTEM",31.07.2026 11:44:03,"SYSTEM"
2604,"FORM.SFRMORDERLINES.LINE_NET_AMOUNT","de-CH","Netto",1,"FORM","388",31.07.2026 11:44:03,"SYSTEM",31.07.2026 11:44:03,"SYSTEM"
2605,"FORM.SFRMORDERLINES.LINE_NET_AMOUNT","en-US","Net",1,"FORM","388",31.07.2026 11:44:03,"SYSTEM",31.07.2026 11:44:03,"SYSTEM"
2606,"FORM.SFRMORDERLINES.LINE_NET_AMOUNT","fr-CH","Net",1,"FORM","388",31.07.2026 11:44:03,"SYSTEM",31.07.2026 11:44:03,"SYSTEM"
2607,"FORM.SFRMORDERLINES.LINE_VAT_AMOUNT","de-CH","MWST",1,"FORM","389",31.07.2026 11:44:03,"SYSTEM",31.07.2026 11:44:03,"SYSTEM"
2608,"FORM.SFRMORDERLINES.LINE_VAT_AMOUNT","en-US","VAT",1,"FORM","389",31.07.2026 11:44:03,"SYSTEM",31.07.2026 11:44:03,"SYSTEM"
2609,"FORM.SFRMORDERLINES.LINE_VAT_AMOUNT","fr-CH","TVA",1,"FORM","389",31.07.2026 11:44:03,"SYSTEM",31.07.2026 11:44:03,"SYSTEM"
2610,"FORM.SFRMORDERLINES.LINE_GROSS_AMOUNT","de-CH","Brutto",1,"FORM","390",31.07.2026 11:44:03,"SYSTEM",31.07.2026 11:44:03,"SYSTEM"
2611,"FORM.SFRMORDERLINES.LINE_GROSS_AMOUNT","en-US","Gross",1,"FORM","390",31.07.2026 11:44:03,"SYSTEM",31.07.2026 11:44:03,"SYSTEM"
2612,"FORM.SFRMORDERLINES.LINE_GROSS_AMOUNT","fr-CH","Brut",1,"FORM","390",31.07.2026 11:44:03,"SYSTEM",31.07.2026 11:44:03,"SYSTEM"
